video_id,t_start,t_end,score
23_38,693.4,732.94,0.9986
23_38,949.54,952.68,0.9983
23_38,823.74,836.91,0.9975
23_38,890.37,903.56,0.9969
23_38,957.0,979.99,0.9962
23_38,921.25,943.82,0.9947
23_38,620.45,648.28,0.9938
23_38,738.65,745.05,0.9915
23_38,682.13,690.13,0.9897
23_38,840.67,848.21,0.9896
23_38,1000.28,1176.44,0.9887
23_38,749.19,752.2,0.987
23_38,879.47,883.51,0.9805
23_38,652.07,672.77,0.979
23_38,857.62,874.94,0.9784
23_38,1167.38,1174.46,0.9746
23_38,944.2,949.49,0.9682
23_38,757.47,761.24,0.9655
23_38,878.43,879.01,0.9603
23_38,1145.26,1165.23,0.9597
23_38,771.7,823.5,0.9581
23_38,693.39,732.94,0.135
23_38,749.19,752.2,0.1341
23_38,949.54,952.67,0.1338
23_38,682.13,690.13,0.1337
23_38,921.23,943.81,0.1336
23_38,890.37,903.55,0.1334
23_38,620.46,648.28,0.1334
23_38,879.48,883.51,0.1326
23_38,823.74,836.9,0.1321
23_38,738.65,745.05,0.1295
23_38,944.2,949.49,0.1292
23_38,771.75,823.48,0.1271
23_38,949.54,952.68,0.018
23_38,682.13,690.14,0.0178
23_38,620.45,648.28,0.0178
23_38,879.48,883.51,0.0176
23_38,733.93,736.82,0.0122
23_38,921.76,923.63,0.0068
23_38,911.06,916.49,0.0061
23_38,882.19,913.92,0.0056
23_38,756.48,761.3,0.0053
23_38,745.04,755.72,0.0043
23_38,688.78,699.54,0.0039
23_38,1164.53,1179.42,0.0037
23_38,934.44,936.55,0.0036
23_38,956.06,1001.26,0.0036
23_38,1176.7,1179.01,0.0035
23_38,1046.67,1052.31,0.0035
23_38,1082.94,1085.65,0.0034
23_38,839.15,848.09,0.0032
23_38,620.18,625.38,0.0027
23_38,919.72,921.91,0.0025
23_38,742.84,828.34,0.0025
23_38,1123.6,1125.99,0.0024
23_38,810.86,823.48,0.0023
23_38,980.84,983.72,0.0022
23_38,1038.74,1078.5,0.0022
23_38,737.35,750.98,0.0021
23_38,1103.38,1105.58,0.002
23_38,1073.59,1076.0,0.002
23_38,990.75,994.15,0.002
23_38,986.46,989.23,0.002
23_38,960.73,963.39,0.002
23_38,1181.75,1228.8,0.0019
23_38,641.28,644.2,0.0019
23_38,770.32,798.85,0.0019
23_38,922.97,936.3,0.0015
23_38,848.76,854.04,0.0015
23_38,858.12,871.05,0.0015
23_38,700.11,725.08,0.0014
23_38,986.78,1030.47,0.0014
23_38,907.12,918.92,0.0013
23_38,1184.08,1228.8,0.0012
23_38,875.08,879.9,0.0012
23_38,915.8,918.72,0.0011
23_38,675.04,681.57,0.0011
23_38,952.08,954.48,0.0011
23_38,1001.32,1004.06,0.0011
23_38,984.34,994.98,0.001
23_38,841.89,845.51,0.001
22_2,1133.46,1144.93,0.9988
22_2,692.62,699.48,0.9984
22_2,814.69,851.49,0.9976
22_2,853.39,1036.63,0.9976
22_2,780.63,812.43,0.9974
22_2,1073.32,1130.38,0.9952
22_2,701.45,721.52,0.9946
22_2,1144.94,1150.43,0.9941
22_2,654.05,688.9,0.994
22_2,614.36,652.36,0.9932
22_2,1063.64,1071.12,0.9881
22_2,1038.4,1041.65,0.9868
22_2,755.93,772.48,0.968
22_2,727.78,736.33,0.9662
22_2,780.67,812.4,0.1358
22_2,1063.64,1071.12,0.1345
22_2,654.05,688.88,0.1344
22_2,853.71,1036.35,0.1344
22_2,1073.31,1130.43,0.1344
22_2,814.66,851.45,0.1341
22_2,692.62,699.48,0.1333
22_2,1063.64,1071.12,0.0181
22_2,1073.23,1130.38,0.018
22_2,864.5,867.69,0.0147
22_2,614.42,620.49,0.0078
22_2,731.49,754.45,0.0069
22_2,875.2,886.74,0.0065
22_2,652.62,659.34,0.0064
22_2,691.11,726.66,0.0059
22_2,902.97,915.07,0.0051
22_2,1050.13,1062.6,0.005
22_2,1125.8,1131.59,0.0047
22_2,1071.03,1080.47,0.0043
22_2,1136.08,1228.8,0.004
22_2,677.88,683.42,0.0035
22_2,1148.7,1151.02,0.0035
22_2,778.29,867.15,0.0033
22_2,769.2,771.95,0.0032
22_2,923.85,929.6,0.0031
22_2,695.67,698.61,0.0031
22_2,890.01,901.68,0.0028
22_2,1119.95,1126.5,0.0028
22_2,979.7,985.2,0.0026
22_2,1135.12,1140.82,0.0024
22_2,1145.31,1147.93,0.0024
22_2,1153.68,1156.76,0.0023
22_2,826.77,833.11,0.0022
22_2,671.42,677.36,0.0022
22_2,892.16,934.76,0.0022
22_2,801.09,812.36,0.0021
22_2,1050.83,1057.08,0.0021
22_2,770.3,776.24,0.0019
22_2,728.44,773.85,0.0019
22_2,988.19,990.65,0.0018
22_2,878.94,885.34,0.0018
22_2,779.22,802.15,0.0017
22_2,1056.61,1062.11,0.0017
22_2,908.99,969.05,0.0015
22_2,1097.94,1103.45,0.0015
22_2,1142.99,1145.94,0.0015
22_2,1039.36,1051.54,0.0015
22_2,691.8,702.15,0.0015
22_2,977.13,980.31,0.0014
22_2,1157.91,1171.27,0.0014
22_2,676.01,686.16,0.0013
22_2,1109.05,1111.98,0.0013
22_2,1079.39,1081.64,0.0012
22_2,780.07,785.85,0.0012
22_2,992.19,995.06,0.0011
22_2,846.14,848.99,0.0011
22_2,614.46,619.04,0.0011
22_2,699.25,719.73,0.0011
22_2,868.79,874.24,0.001
22_2,1125.38,1146.34,0.001
4_35,659.33,665.03,0.9995
4_35,814.81,878.4,0.9985
4_35,890.36,906.02,0.9965
4_35,881.8,886.08,0.995
4_35,757.37,760.05,0.9923
4_35,725.64,731.88,0.991
4_35,746.14,755.22,0.9889
4_35,709.24,715.83,0.9868
4_35,762.0,765.93,0.9841
4_35,624.38,651.83,0.9817
4_35,838.66,841.87,0.9764
4_35,772.38,813.66,0.9704
4_35,686.08,705.12,0.9449
4_35,890.36,906.02,0.1346
4_35,814.75,878.41,0.1341
4_35,881.8,886.09,0.1336
4_35,725.64,731.88,0.1319
4_35,624.39,651.83,0.1317
4_35,757.37,760.05,0.1316
4_35,838.66,841.87,0.1286
4_35,716.26,726.2,0.0238
4_35,890.35,906.01,0.0179
4_35,814.76,878.44,0.0174
4_35,905.43,917.02,0.0132
4_35,931.52,934.07,0.0106
4_35,930.91,1012.55,0.01
4_35,694.4,771.2,0.0096
4_35,798.24,803.63,0.0066
4_35,970.94,983.46,0.0058
4_35,1051.46,1054.21,0.0057
4_35,765.08,775.83,0.0056
4_35,1156.09,1158.71,0.005
4_35,658.73,664.72,0.0044
4_35,1063.75,1103.94,0.0041
4_35,1039.21,1059.7,0.004
4_35,636.52,717.28,0.004
4_35,999.43,1010.61,0.0039
4_35,1122.67,1162.15,0.0037
4_35,680.06,683.04,0.0035
4_35,883.47,885.79,0.0035
4_35,915.21,918.13,0.0034
4_35,1089.02,1093.98,0.0032
4_35,843.64,864.57,0.0032
4_35,774.43,777.57,0.0032
4_35,1012.51,1015.17,0.0032
4_35,702.53,723.19,0.0031
4_35,954.92,960.89,0.003
4_35,1026.92,1033.51,0.0029
4_35,759.89,763.12,0.0029
4_35,962.31,974.29,0.0028
4_35,879.75,882.21,0.0027
4_35,741.83,745.1,0.0026
4_35,698.15,700.87,0.0025
4_35,837.93,842.65,0.0024
4_35,789.75,795.28,0.0023
4_35,720.18,726.0,0.0022
4_35,874.98,880.76,0.0022
4_35,631.05,633.94,0.0021
4_35,936.61,948.23,0.002
4_35,649.71,652.7,0.002
4_35,1022.35,1042.81,0.0019
4_35,885.34,891.48,0.0019
4_35,780.89,783.93,0.0018
4_35,1107.44,1128.33,0.0018
4_35,610.97,617.71,0.0017
4_35,1134.41,1140.08,0.0016
4_35,892.76,895.37,0.0015
4_35,751.18,753.79,0.0015
4_35,860.49,863.23,0.0014
4_35,734.58,737.54,0.0014
4_35,893.98,899.87,0.0013
4_35,689.13,701.57,0.0013
4_35,1124.24,1136.71,0.0013
4_35,620.54,660.55,0.0012
4_35,807.04,818.68,0.0012
4_35,720.15,723.09,0.0011
4_35,805.05,807.82,0.0011
4_35,670.14,672.99,0.0011
4_35,756.69,762.2,0.001
4_35,723.97,738.56,0.001
12_48,664.61,668.0,0.9955
12_48,714.65,771.93,0.9927
12_48,632.43,638.68,0.9853
12_48,677.01,680.45,0.9848
12_48,687.38,688.69,0.9716
12_48,619.26,620.7,0.9651
12_48,650.26,658.98,0.9644
12_48,621.77,624.04,0.9608
12_48,699.11,701.38,0.9552
12_48,714.61,771.92,0.1345
12_48,664.6,667.99,0.1331
12_48,677.01,680.45,0.1317
12_48,619.26,620.7,0.1298
12_48,868.8,880.4,0.0202
12_48,627.18,668.81,0.019
12_48,714.59,771.96,0.018
12_48,664.61,667.99,0.0178
12_48,677.01,680.45,0.0175
12_48,957.94,961.07,0.0145
12_48,769.35,771.83,0.0132
12_48,692.37,695.38,0.0114
12_48,913.23,925.79,0.01
12_48,796.79,840.75,0.0088
12_48,953.59,956.89,0.0086
12_48,714.55,737.03,0.0066
12_48,911.41,913.62,0.0065
12_48,907.74,910.88,0.0055
12_48,793.61,799.55,0.0049
12_48,768.28,777.38,0.0049
12_48,923.8,927.0,0.0048
12_48,985.3,990.33,0.0045
12_48,980.63,986.89,0.0042
12_48,888.97,894.54,0.0042
12_48,664.03,670.68,0.0041
12_48,864.62,867.44,0.0041
12_48,898.73,901.86,0.004
12_48,737.28,743.17,0.004
12_48,836.94,839.92,0.0036
12_48,674.03,681.1,0.0035
12_48,869.65,872.25,0.0034
12_48,765.43,768.52,0.0031
12_48,778.82,800.25,0.0029
12_48,826.45,832.87,0.0029
12_48,659.69,664.81,0.0028
12_48,818.43,820.99,0.0028
12_48,692.76,702.69,0.0028
12_48,733.03,738.63,0.0027
12_48,716.81,722.86,0.0027
12_48,629.75,709.67,0.0026
12_48,752.11,754.93,0.0026
12_48,995.93,998.67,0.0024
12_48,943.69,946.66,0.0024
12_48,704.31,710.07,0.0023
12_48,846.49,867.94,0.0022
12_48,879.84,890.81,0.0022
12_48,629.1,639.64,0.0022
12_48,800.31,805.95,0.0022
12_48,619.23,624.66,0.002
12_48,760.23,770.54,0.002
12_48,857.91,860.56,0.0019
12_48,740.7,743.04,0.0018
12_48,641.53,644.85,0.0017
12_48,962.22,983.26,0.0016
12_48,991.58,994.23,0.0016
12_48,644.16,646.81,0.0015
12_48,998.11,1000.99,0.0015
12_48,616.17,619.2,0.0015
12_48,1009.06,1015.08,0.0015
12_48,724.52,727.07,0.0014
12_48,657.01,666.85,0.0014
12_48,927.01,929.93,0.0013
12_48,777.25,861.2,0.0013
12_48,688.68,691.75,0.0013
12_48,741.02,772.6,0.0013
12_48,931.84,934.79,0.0013
12_48,684.89,705.94,0.0013
12_48,903.3,905.81,0.0012
12_48,862.32,865.59,0.0012
12_48,709.02,711.93,0.0011
12_48,610.77,618.12,0.0011
12_48,1005.18,1010.75,0.0011
12_48,638.1,643.92,0.0011
12_48,630.78,633.62,0.0011
12_48,776.74,782.77,0.0011
10_26,739.97,747.12,0.9985
10_26,752.55,754.69,0.9984
10_26,747.2,750.01,0.9982
10_26,705.63,725.14,0.9974
10_26,614.41,627.98,0.9974
10_26,653.95,666.24,0.9952
10_26,762.77,765.99,0.9931
10_26,750.4,752.0,0.9921
10_26,670.02,672.76,0.9893
10_26,642.97,653.51,0.9873
10_26,679.12,692.95,0.985
10_26,632.84,640.29,0.9793
10_26,728.61,734.29,0.9711
10_26,614.42,627.96,0.1354
10_26,653.97,666.25,0.1351
10_26,747.2,750.0,0.1349
10_26,750.4,752.0,0.1346
10_26,679.11,692.95,0.1338
10_26,705.62,725.15,0.1333
10_26,632.83,640.3,0.133
10_26,762.77,765.99,0.1323
10_26,739.97,747.13,0.1323
10_26,939.32,944.28,0.0303
10_26,896.01,899.09,0.0213
10_26,813.88,816.92,0.0207
10_26,1027.43,1030.42,0.0195
10_26,624.89,627.34,0.0185
10_26,739.97,747.13,0.0177
10_26,632.83,640.29,0.0175
10_26,614.41,627.97,0.0172
10_26,766.3,768.65,0.0161
10_26,842.0,844.42,0.0142
10_26,895.05,905.41,0.0139
10_26,920.7,931.19,0.0097
10_26,795.99,798.81,0.0089
10_26,857.57,859.94,0.0084
10_26,744.36,746.85,0.0068
10_26,740.96,743.89,0.0065
10_26,867.62,873.3,0.0061
10_26,819.19,825.43,0.0061
10_26,826.93,836.96,0.0061
10_26,837.46,847.6,0.0059
10_26,661.48,664.36,0.0058
10_26,773.25,813.07,0.0052
10_26,752.54,755.25,0.0051
10_26,933.06,938.05,0.005
10_26,683.94,706.17,0.0047
10_26,835.99,838.56,0.0044
10_26,881.3,883.85,0.0043
10_26,988.03,1008.63,0.0037
10_26,711.81,714.59,0.0037
10_26,803.84,809.03,0.0033
10_26,665.65,675.47,0.0032
10_26,960.88,963.26,0.0031
10_26,807.23,812.45,0.0029
10_26,860.81,863.91,0.0029
10_26,963.76,969.13,0.0028
10_26,885.5,891.78,0.0027
10_26,988.6,991.21,0.0025
10_26,697.61,736.64,0.0025
10_26,601.46,625.78,0.0024
10_26,734.16,736.84,0.0023
10_26,614.44,616.85,0.0023
10_26,645.49,651.64,0.0022
10_26,844.37,846.52,0.0022
10_26,1025.91,1049.37,0.0022
10_26,837.71,840.29,0.0022
10_26,940.64,943.27,0.0021
10_26,746.81,788.64,0.0021
10_26,891.39,894.27,0.0021
10_26,833.17,836.05,0.0021
10_26,851.29,872.42,0.002
10_26,756.5,762.41,0.0019
10_26,714.43,716.95,0.0018
10_26,944.71,947.59,0.0018
10_26,789.81,795.52,0.0018
10_26,816.34,818.86,0.0017
10_26,684.09,690.37,0.0017
10_26,748.39,753.53,0.0017
10_26,727.54,740.39,0.0016
10_26,699.29,702.22,0.0015
10_26,639.45,641.74,0.0015
10_26,703.66,706.46,0.0015
10_26,707.88,712.82,0.0015
10_26,947.83,950.8,0.0014
10_26,810.24,819.69,0.0014
10_26,927.09,929.82,0.0014
10_26,771.89,777.54,0.0013
10_26,667.24,672.96,0.0013
10_26,894.27,899.94,0.0013
10_26,631.71,668.04,0.0012
10_26,838.59,844.56,0.0012
10_26,864.43,867.77,0.0012
10_26,797.3,802.87,0.0012
10_26,937.18,940.26,0.0012
10_26,965.66,975.74,0.0012
10_26,950.72,953.18,0.0012
10_26,761.32,841.77,0.0011
10_26,986.69,988.83,0.0011
10_26,623.45,628.75,0.001
10_26,877.49,897.74,0.001
10_26,790.07,792.86,0.001
10_26,718.7,721.58,0.001
4_17,636.39,668.09,0.999
4_17,705.46,712.95,0.9975
4_17,937.33,991.61,0.9968
4_17,1001.65,1017.35,0.9967
4_17,783.34,786.85,0.9959
4_17,787.9,919.24,0.9957
4_17,921.04,930.27,0.9955
4_17,721.75,736.6,0.9947
4_17,993.62,998.9,0.9945
4_17,742.86,752.1,0.9942
4_17,753.42,758.7,0.9878
4_17,931.15,935.99,0.9871
4_17,619.7,630.67,0.984
4_17,761.34,769.69,0.9826
4_17,683.03,701.62,0.9738
4_17,636.39,668.08,0.135
4_17,705.47,712.94,0.1348
4_17,1001.64,1017.37,0.1348
4_17,742.85,752.1,0.1338
4_17,937.34,991.55,0.1327
4_17,705.46,712.95,0.0183
4_17,636.37,668.09,0.0182
4_17,1001.64,1017.37,0.018
4_17,937.31,991.61,0.018
4_17,667.23,673.01,0.0098
4_17,711.99,722.68,0.0084
4_17,784.9,786.98,0.0068
4_17,987.34,990.1,0.0063
4_17,660.36,666.3,0.0063
4_17,847.72,858.66,0.006
4_17,920.33,938.82,0.0053
4_17,1030.39,1036.85,0.0052
4_17,780.82,787.62,0.005
4_17,743.89,747.18,0.0049
4_17,856.37,858.98,0.0045
4_17,936.97,948.8,0.0041
4_17,730.6,737.02,0.0038
4_17,983.2,985.9,0.0032
4_17,795.97,817.08,0.0029
4_17,916.17,920.69,0.0027
4_17,1044.01,1055.46,0.0025
4_17,989.9,992.98,0.0024
4_17,687.73,698.65,0.0024
4_17,763.75,769.77,0.0024
4_17,770.06,790.7,0.0022
4_17,880.21,886.6,0.0022
4_17,1052.29,1131.12,0.0021
4_17,859.75,862.78,0.0021
4_17,867.31,877.96,0.0021
4_17,820.12,831.5,0.0019
4_17,1077.65,1082.93,0.0019
4_17,614.35,616.74,0.0019
4_17,1038.32,1043.75,0.0018
4_17,1125.17,1136.43,0.0017
4_17,819.65,822.25,0.0016
4_17,1073.98,1076.53,0.0016
4_17,701.01,703.94,0.0016
4_17,862.34,864.8,0.0015
4_17,919.56,929.72,0.0015
4_17,850.17,856.56,0.0014
4_17,1044.61,1050.6,0.0014
4_17,984.92,1001.85,0.0014
4_17,673.55,679.12,0.0013
4_17,638.47,641.41,0.0013
4_17,1009.33,1015.56,0.0013
4_17,679.84,682.3,0.0013
4_17,768.0,771.09,0.0012
4_17,636.67,639.06,0.0012
4_17,789.35,792.43,0.0012
4_17,799.08,805.1,0.0011
4_17,931.32,936.82,0.0011
4_17,1125.08,1127.86,0.0011
4_17,690.61,696.1,0.0011
4_17,723.71,729.38,0.0011
4_17,934.98,940.54,0.001
4_17,1002.75,1008.84,0.001
13_44,682.13,727.77,0.9992
13_44,944.0,1012.24,0.9976
13_44,661.33,680.8,0.996
13_44,751.21,822.31,0.9902
13_44,922.86,935.23,0.9902
13_44,834.24,839.02,0.9896
13_44,887.59,898.94,0.9885
13_44,869.59,877.12,0.9883
13_44,738.4,745.47,0.9702
13_44,909.82,913.65,0.9507
13_44,682.1,727.75,0.1345
13_44,834.24,839.02,0.1341
13_44,869.59,877.11,0.1335
13_44,943.99,1012.21,0.1332
13_44,922.86,935.23,0.1306
13_44,738.4,745.47,0.1306
13_44,682.09,727.73,0.0182
13_44,869.58,877.12,0.018
13_44,1086.39,1089.52,0.0109
13_44,961.72,964.61,0.0078
13_44,754.38,757.03,0.0064
13_44,677.73,688.54,0.006
13_44,870.09,872.81,0.0056
13_44,933.63,936.38,0.0049
13_44,1056.91,1059.61,0.0046
13_44,943.31,987.41,0.0045
13_44,886.58,898.39,0.0045
13_44,861.23,870.12,0.0045
13_44,910.08,912.88,0.0043
13_44,1068.37,1073.79,0.0041
13_44,814.5,817.53,0.0039
13_44,913.55,919.0,0.0036
13_44,1143.45,1155.72,0.0036
13_44,793.08,795.36,0.0035
13_44,1159.88,1162.47,0.0035
13_44,1005.28,1026.32,0.0034
13_44,709.5,720.15,0.0033
13_44,988.07,1008.5,0.0033
13_44,1147.04,1149.62,0.0031
13_44,648.51,661.49,0.003
13_44,877.15,888.97,0.0029
13_44,1098.65,1104.82,0.0028
13_44,915.14,937.84,0.0028
13_44,667.11,672.88,0.0028
13_44,714.18,717.21,0.0028
13_44,994.79,1000.16,0.0027
13_44,585.09,639.33,0.0024
13_44,758.89,764.08,0.0023
13_44,782.25,784.76,0.002
13_44,831.56,834.26,0.002
13_44,1131.98,1134.64,0.002
13_44,1027.38,1033.95,0.002
13_44,707.5,710.03,0.0019
13_44,821.87,833.92,0.0018
13_44,834.34,854.64,0.0018
13_44,951.01,961.42,0.0018
13_44,1109.51,1112.2,0.0018
13_44,903.74,906.32,0.0018
13_44,1006.07,1011.64,0.0017
13_44,852.78,855.78,0.0017
13_44,1143.52,1223.89,0.0016
13_44,876.75,949.41,0.0016
13_44,834.9,837.73,0.0015
13_44,725.51,728.38,0.0014
13_44,896.87,907.85,0.0014
13_44,1134.13,1136.9,0.0013
13_44,987.84,990.8,0.0012
13_44,931.71,942.37,0.0012
13_44,869.64,872.51,0.0012
13_44,1095.49,1098.65,0.0011
13_44,1080.62,1126.37,0.0011
13_44,615.04,626.81,0.0011
13_44,908.7,913.89,0.0011
13_44,766.21,768.92,0.001
12_17,638.4,647.53,0.9984
12_17,700.8,705.94,0.9964
12_17,622.97,625.11,0.9934
12_17,678.68,690.22,0.9931
12_17,719.5,733.08,0.9906
12_17,694.12,697.51,0.9894
12_17,626.68,634.11,0.9893
12_17,739.21,743.49,0.9854
12_17,655.53,661.92,0.9816
12_17,638.39,647.52,0.1352
12_17,700.8,705.94,0.1334
12_17,626.68,634.1,0.1334
12_17,719.5,733.07,0.1315
12_17,655.53,661.92,0.1314
12_17,694.12,697.51,0.1304
12_17,692.03,694.1,0.0219
12_17,664.84,670.93,0.0189
12_17,626.68,634.11,0.018
12_17,694.12,697.51,0.0177
12_17,841.83,847.71,0.0116
12_17,682.87,688.79,0.0093
12_17,859.96,872.38,0.0089
12_17,933.76,939.24,0.0083
12_17,614.97,626.79,0.007
12_17,991.99,998.23,0.0069
12_17,771.16,782.04,0.0053
12_17,661.62,667.09,0.005
12_17,825.92,831.48,0.005
12_17,631.71,633.95,0.0048
12_17,649.23,652.05,0.0047
12_17,620.51,623.1,0.0043
12_17,688.31,694.39,0.0042
12_17,653.18,655.66,0.0041
12_17,898.15,901.15,0.0038
12_17,879.81,891.41,0.0038
12_17,646.31,648.59,0.0034
12_17,792.66,795.57,0.0034
12_17,907.54,918.59,0.0034
12_17,799.94,821.5,0.0031
12_17,634.97,637.37,0.0031
12_17,956.69,979.83,0.0028
12_17,923.03,933.08,0.0027
12_17,646.7,655.89,0.0027
12_17,811.06,817.16,0.0024
12_17,697.44,700.26,0.0024
12_17,928.42,930.77,0.0024
12_17,740.48,743.23,0.0022
12_17,691.41,694.21,0.0021
12_17,984.68,990.69,0.002
12_17,674.52,677.08,0.002
12_17,877.45,882.97,0.0018
12_17,787.89,792.91,0.0017
12_17,717.15,719.71,0.0017
12_17,743.06,826.53,0.0015
12_17,633.96,639.81,0.0015
12_17,697.16,707.05,0.0014
12_17,979.23,1001.04,0.0014
12_17,894.07,897.01,0.0014
12_17,743.39,749.63,0.0013
12_17,830.98,833.69,0.0013
12_17,834.42,836.99,0.0013
12_17,715.16,736.74,0.0013
12_17,766.26,771.53,0.0012
12_17,897.97,982.04,0.0012
12_17,706.16,712.48,0.0012
12_17,859.35,862.22,0.0012
12_17,891.98,894.74,0.0012
12_17,966.11,968.74,0.0012
12_17,974.04,976.79,0.0011
12_17,815.95,819.28,0.0011
12_17,822.19,866.65,0.001
12_41,773.45,779.06,0.9989
12_41,719.14,743.3,0.9987
12_41,652.04,657.35,0.9905
12_41,803.51,807.75,0.9895
12_41,665.09,681.57,0.9886
12_41,817.17,825.07,0.9867
12_41,639.14,640.8,0.9846
12_41,750.69,758.43,0.9807
12_41,842.67,856.58,0.9498
12_41,719.11,743.35,0.1365
12_41,750.69,758.42,0.133
12_41,719.15,743.33,0.0185
12_41,685.22,722.4,0.0115
12_41,929.19,935.32,0.0096
12_41,742.75,752.75,0.0086
12_41,791.74,804.25,0.0084
12_41,1043.61,1049.26,0.0072
12_41,874.46,876.88,0.0066
12_41,881.42,884.14,0.0061
12_41,745.98,786.69,0.006
12_41,994.77,1000.19,0.0055
12_41,683.0,685.55,0.0045
12_41,1010.07,1054.73,0.0045
12_41,1006.42,1009.63,0.0042
12_41,779.17,781.58,0.004
12_41,745.53,764.88,0.0038
12_41,1049.37,1051.93,0.0033
12_41,642.76,648.05,0.0032
12_41,744.93,750.02,0.0032
12_41,828.23,833.7,0.0029
12_41,1065.97,1068.65,0.0029
12_41,723.59,735.79,0.0026
12_41,1001.34,1003.96,0.0024
12_41,1026.57,1032.03,0.0024
12_41,858.34,869.16,0.002
12_41,768.09,774.06,0.0019
12_41,1052.03,1057.79,0.0018
12_41,916.34,926.68,0.0018
12_41,681.7,687.39,0.0017
12_41,939.81,942.85,0.0017
12_41,650.66,670.77,0.0016
12_41,983.17,989.97,0.0015
12_41,1037.92,1044.47,0.0015
12_41,667.32,670.4,0.0015
12_41,801.86,812.34,0.0014
12_41,1019.85,1026.0,0.0014
12_41,712.1,715.23,0.0014
12_41,1033.52,1040.04,0.0014
12_41,839.05,841.96,0.0013
12_41,970.26,973.09,0.0013
12_41,650.98,657.37,0.0012
12_41,948.29,950.69,0.0012
12_41,914.94,937.18,0.0011
12_41,702.54,713.59,0.0011
12_41,828.56,840.07,0.0011
12_41,670.04,676.18,0.0011
12_41,640.94,652.15,0.0011
12_41,848.21,854.55,0.0011
12_41,758.41,768.84,0.001
12_41,729.45,732.09,0.001
12_41,918.68,921.47,0.001
7_1,853.89,864.04,0.9989
7_1,892.22,902.89,0.9982
7_1,654.36,670.97,0.9978
7_1,872.71,890.95,0.9974
7_1,615.67,633.74,0.9965
7_1,840.34,854.26,0.9956
7_1,817.39,833.65,0.9947
7_1,793.18,815.56,0.9946
7_1,637.35,652.17,0.9902
7_1,674.09,792.3,0.9809
7_1,865.29,872.16,0.9758
7_1,817.38,833.69,0.136
7_1,793.21,815.56,0.1354
7_1,872.72,890.94,0.1352
7_1,654.34,670.98,0.1351
7_1,840.34,854.25,0.135
7_1,853.89,864.03,0.1347
7_1,615.67,633.74,0.1345
7_1,865.29,872.16,0.1301
7_1,1095.99,1099.05,0.0239
7_1,817.37,833.66,0.0185
7_1,840.35,854.24,0.0181
7_1,1041.81,1053.63,0.0153
7_1,1000.32,1022.55,0.015
7_1,971.89,982.45,0.0109
7_1,706.5,712.11,0.0108
7_1,813.35,816.48,0.0087
7_1,1073.12,1079.14,0.0079
7_1,918.25,996.59,0.0054
7_1,672.63,683.98,0.005
7_1,824.92,832.92,0.005
7_1,760.49,766.58,0.0048
7_1,874.8,877.7,0.0048
7_1,793.63,796.79,0.0047
7_1,883.55,888.96,0.0045
7_1,929.7,949.13,0.0042
7_1,684.3,707.69,0.0037
7_1,1012.63,1015.14,0.0037
7_1,706.75,726.61,0.0035
7_1,765.92,769.08,0.0033
7_1,987.28,990.24,0.0032
7_1,1057.58,1063.3,0.003
7_1,614.39,616.93,0.003
7_1,657.41,669.43,0.0025
7_1,683.05,694.49,0.0024
7_1,1092.08,1099.03,0.0023
7_1,836.51,839.33,0.0021
7_1,876.97,889.46,0.0021
7_1,1042.8,1048.16,0.002
7_1,948.47,951.18,0.0019
7_1,1023.63,1029.17,0.0019
7_1,846.03,854.4,0.0019
7_1,935.21,946.67,0.0016
7_1,755.24,761.52,0.0015
7_1,794.41,806.24,0.0015
7_1,1116.45,1127.91,0.0015
7_1,744.04,749.7,0.0014
7_1,1051.93,1073.2,0.0014
7_1,1031.14,1033.9,0.0013
7_1,862.19,871.88,0.0013
7_1,833.42,839.41,0.0013
7_1,818.0,828.89,0.0013
7_1,960.58,972.18,0.0013
7_1,637.24,656.53,0.0012
7_1,686.78,729.08,0.0012
7_1,729.96,735.97,0.0012
7_1,1049.26,1052.05,0.0012
7_1,777.19,788.38,0.0011
7_1,1100.9,1107.18,0.0011
22_10,680.99,776.53,0.9996
22_10,791.1,796.29,0.9995
22_10,829.48,1059.84,0.9989
22_10,1078.14,1104.39,0.9983
22_10,814.86,824.73,0.9978
22_10,1060.66,1069.7,0.9942
22_10,784.42,791.09,0.9936
22_10,1166.22,1228.8,0.9883
22_10,1142.12,1155.0,0.9877
22_10,1110.16,1139.45,0.9719
22_10,644.12,672.7,0.9642
22_10,1063.96,1069.59,0.4572
22_10,1142.12,1154.99,0.1341
22_10,829.82,1059.98,0.1327
22_10,784.42,791.09,0.1318
22_10,1060.66,1069.69,0.0622
22_10,830.09,840.11,0.0192
22_10,1027.58,1053.31,0.0158
22_10,1154.44,1167.17,0.0111
22_10,767.43,777.14,0.0095
22_10,1144.47,1151.09,0.0088
22_10,681.13,692.81,0.006
22_10,1066.99,1069.34,0.0058
22_10,1164.65,1208.93,0.0056
22_10,621.61,676.99,0.0055
22_10,1052.95,1071.58,0.0052
22_10,970.91,982.58,0.005
22_10,875.66,886.87,0.0049
22_10,680.57,721.87,0.0048
22_10,904.1,989.75,0.0033
22_10,1110.84,1134.52,0.0031
22_10,624.02,627.15,0.003
22_10,793.05,796.2,0.0028
22_10,1170.89,1184.14,0.0028
22_10,886.27,897.54,0.0028
22_10,1196.66,1198.96,0.0027
22_10,785.23,788.33,0.0022
22_10,1156.43,1168.37,0.0022
22_10,774.22,776.71,0.0022
22_10,911.67,923.17,0.0022
22_10,981.68,993.68,0.0021
22_10,728.51,775.92,0.0019
22_10,783.61,795.27,0.0019
22_10,724.76,727.89,0.0019
22_10,810.28,828.43,0.0016
22_10,1144.0,1149.87,0.0016
22_10,1204.93,1228.8,0.0015
22_10,1049.83,1052.51,0.0014
22_10,1035.92,1076.17,0.0013
22_10,616.17,638.91,0.0013
22_10,841.07,844.15,0.0013
22_10,665.53,672.22,0.0013
22_10,868.03,870.61,0.0013
22_10,920.3,956.64,0.0012
22_10,1183.12,1185.79,0.0012
22_10,796.14,801.49,0.0012
22_10,843.81,854.58,0.0012
22_10,911.07,914.04,0.0011
22_10,1099.55,1102.12,0.0011
22_10,634.73,645.1,0.001
22_10,791.5,796.51,0.001
22_10,875.25,877.57,0.001
29_15,661.92,707.01,0.9987
29_15,936.99,1121.44,0.9971
29_15,615.45,659.64,0.9964
29_15,844.93,915.65,0.9951
29_15,917.74,934.98,0.9941
29_15,833.52,843.89,0.992
29_15,1122.51,1140.59,0.9918
29_15,758.5,771.36,0.9913
29_15,708.58,754.47,0.9836
29_15,1101.34,1117.31,0.965
29_15,774.69,830.54,0.9585
29_15,844.93,915.67,0.1339
29_15,936.81,1121.33,0.1332
29_15,758.51,771.36,0.1312
29_15,950.23,956.51,0.0069
29_15,995.99,1050.84,0.0058
29_15,721.84,724.8,0.0056
29_15,940.07,945.93,0.0055
29_15,689.94,701.37,0.0052
29_15,734.24,746.37,0.005
29_15,785.14,810.43,0.0048
29_15,834.59,845.08,0.0048
29_15,824.7,827.72,0.0046
29_15,709.76,732.26,0.0044
29_15,908.85,911.98,0.0041
29_15,843.69,865.09,0.0037
29_15,982.41,988.28,0.0035
29_15,882.86,885.75,0.0034
29_15,1108.6,1114.67,0.0034
29_15,658.7,681.59,0.0034
29_15,762.44,765.15,0.003
29_15,653.69,660.09,0.003
29_15,953.89,975.1,0.003
29_15,847.71,895.28,0.0029
29_15,912.3,950.56,0.0028
29_15,1009.41,1012.24,0.0027
29_15,778.95,799.49,0.0024
29_15,804.6,810.23,0.0023
29_15,1035.48,1047.1,0.0023
29_15,690.52,696.35,0.0022
29_15,1090.23,1096.44,0.0021
29_15,1079.7,1085.69,0.002
29_15,974.06,977.08,0.002
29_15,1072.68,1075.56,0.0019
29_15,799.5,822.17,0.0018
29_15,774.8,778.21,0.0018
29_15,659.87,671.23,0.0016
29_15,702.14,707.86,0.0016
29_15,1029.65,1032.11,0.0014
29_15,918.53,937.91,0.0013
29_15,632.64,655.5,0.0012
29_15,641.23,644.01,0.0011
29_15,760.22,762.92,0.0011
29_15,885.32,891.68,0.0011
29_15,718.2,728.91,0.0011
29_15,1126.01,1138.74,0.0011
29_15,905.76,916.01,0.001
7_135,1014.53,1027.87,0.9992
7_135,1007.47,1013.86,0.9991
7_135,1030.35,1052.39,0.9945
7_135,707.23,732.96,0.9945
7_135,618.43,650.74,0.9934
7_135,837.98,900.86,0.9915
7_135,653.22,676.49,0.9873
7_135,1054.31,1081.23,0.9837
7_135,678.05,703.8,0.9817
7_135,962.08,1004.8,0.9773
7_135,1014.51,1027.88,0.1355
7_135,707.23,732.97,0.1345
7_135,1007.47,1013.87,0.134
7_135,618.45,650.7,0.1324
7_135,732.92,771.34,0.0183
7_135,1014.52,1027.87,0.0181
7_135,899.4,944.28,0.0132
7_135,761.31,784.0,0.0071
7_135,881.11,901.69,0.005
7_135,977.97,1001.24,0.0044
7_135,844.07,870.8,0.004
7_135,827.71,840.19,0.004
7_135,1087.03,1090.13,0.0033
7_135,864.58,867.54,0.0033
7_135,717.93,720.92,0.0032
7_135,996.1,998.46,0.0031
7_135,841.96,844.54,0.003
7_135,656.16,662.41,0.0026
7_135,747.77,753.89,0.0025
7_135,1102.18,1125.72,0.0025
7_135,791.97,803.77,0.0024
7_135,737.62,748.47,0.0022
7_135,1066.0,1076.95,0.0018
7_135,702.2,735.99,0.0018
7_135,894.95,974.22,0.0016
7_135,830.72,906.87,0.0016
7_135,895.09,900.87,0.0015
7_135,921.27,926.33,0.0014
7_135,948.18,954.63,0.0014
7_135,647.64,729.87,0.0014
7_135,618.33,621.38,0.0013
7_135,1070.57,1073.41,0.0013
7_135,772.24,784.8,0.0012
7_135,637.79,650.11,0.0012
7_135,1128.42,1141.01,0.0011
7_135,958.54,963.35,0.001
5_3,616.3,628.15,0.9999
5_3,635.24,642.33,0.9991
5_3,829.34,834.92,0.9984
5_3,798.53,820.0,0.9975
5_3,672.25,688.21,0.9965
5_3,691.96,769.14,0.9959
5_3,819.98,829.25,0.9956
5_3,904.57,911.96,0.9955
5_3,835.07,845.83,0.9949
5_3,657.45,660.41,0.9926
5_3,628.62,635.19,0.9924
5_3,648.0,657.19,0.9897
5_3,769.1,798.3,0.9871
5_3,846.09,883.76,0.9822
5_3,887.56,904.36,0.9607
5_3,798.55,820.03,0.1356
5_3,657.45,660.41,0.1353
5_3,672.27,688.2,0.1351
5_3,628.61,635.2,0.134
5_3,819.98,829.24,0.1338
5_3,904.57,911.96,0.1338
5_3,616.29,628.14,0.1334
5_3,846.06,883.77,0.1324
5_3,635.25,642.33,0.1319
5_3,1046.95,1052.18,0.0248
5_3,672.25,688.2,0.018
5_3,635.24,642.33,0.0175
5_3,874.17,879.62,0.0121
5_3,616.62,637.48,0.0083
5_3,681.07,686.79,0.0074
5_3,687.59,706.19,0.0069
5_3,1020.88,1026.98,0.0065
5_3,1106.66,1148.11,0.0063
5_3,627.33,696.86,0.0059
5_3,657.87,668.8,0.0054
5_3,900.79,904.04,0.0053
5_3,842.82,845.48,0.0046
5_3,824.86,892.59,0.0038
5_3,854.77,857.58,0.0036
5_3,666.92,669.62,0.0036
5_3,961.59,967.12,0.0032
5_3,774.35,786.78,0.0032
5_3,958.7,961.38,0.0029
5_3,627.45,637.97,0.0028
5_3,823.62,829.51,0.0021
5_3,858.08,880.39,0.0021
5_3,618.45,625.35,0.0021
5_3,901.79,924.09,0.0021
5_3,793.28,829.15,0.002
5_3,612.83,615.62,0.0019
5_3,1085.62,1088.39,0.0019
5_3,644.78,648.01,0.0019
5_3,1039.44,1044.8,0.0018
5_3,906.29,908.99,0.0016
5_3,785.79,796.95,0.0016
5_3,869.06,871.59,0.0016
5_3,719.55,722.62,0.0015
5_3,809.77,820.16,0.0015
5_3,924.7,936.47,0.0015
5_3,655.98,660.92,0.0015
5_3,702.24,704.75,0.0014
5_3,860.33,863.51,0.0014
5_3,747.36,758.76,0.0013
5_3,797.87,801.0,0.0013
5_3,1017.05,1020.16,0.0012
5_3,794.7,797.73,0.0012
5_3,728.71,734.69,0.0012
5_3,655.72,673.24,0.0011
5_3,1044.99,1047.78,0.0011
5_3,885.58,888.2,0.0011
5_3,888.33,910.69,0.0011
5_3,921.28,923.87,0.0011
5_3,836.73,842.55,0.0011
5_3,704.53,747.81,0.0011
5_3,754.31,757.16,0.001
5_3,1055.02,1065.67,0.001
29_19,861.19,893.28,0.9987
29_19,853.47,855.9,0.9984
29_19,893.39,908.78,0.9976
29_19,955.03,1113.28,0.9968
29_19,784.17,850.57,0.9964
29_19,727.61,779.31,0.9957
29_19,644.57,683.0,0.9955
29_19,1116.28,1130.35,0.9925
29_19,618.63,641.8,0.9923
29_19,1135.28,1165.85,0.9919
29_19,914.29,944.64,0.9867
29_19,853.47,855.91,0.1353
29_19,954.83,1113.26,0.135
29_19,1116.27,1130.34,0.1349
29_19,832.53,855.96,0.0199
29_19,732.69,759.81,0.018
29_19,611.18,641.19,0.0144
29_19,1112.8,1115.53,0.0109
29_19,632.82,642.26,0.0081
29_19,709.72,731.95,0.0071
29_19,852.23,862.93,0.0065
29_19,821.37,842.4,0.006
29_19,641.13,652.41,0.006
29_19,1107.8,1130.6,0.0053
29_19,990.98,1058.25,0.0052
29_19,870.34,893.1,0.0051
29_19,725.36,730.02,0.0048
29_19,682.52,721.92,0.0047
29_19,616.88,625.76,0.0042
29_19,608.71,617.36,0.0042
29_19,1099.55,1113.85,0.004
29_19,974.7,996.03,0.0039
29_19,829.66,852.05,0.0038
29_19,894.05,906.76,0.0033
29_19,756.8,779.36,0.0033
29_19,644.55,670.02,0.0032
29_19,1005.69,1012.25,0.0032
29_19,906.54,942.9,0.003
29_19,841.99,862.01,0.003
29_19,698.97,775.64,0.0024
29_19,1111.46,1117.53,0.0023
29_19,730.22,735.47,0.0023
29_19,1164.98,1170.96,0.0022
29_19,713.14,725.0,0.0022
29_19,1137.07,1160.65,0.0022
29_19,1028.72,1087.56,0.0022
29_19,643.61,649.31,0.002
29_19,623.03,684.56,0.002
29_19,840.72,849.95,0.002
29_19,1091.33,1130.42,0.0019
29_19,795.71,841.37,0.0017
29_19,854.22,865.12,0.0017
29_19,1090.18,1093.34,0.0017
29_19,997.9,1024.88,0.0016
29_19,968.28,973.17,0.0016
29_19,1024.79,1051.56,0.0015
29_19,1099.54,1102.24,0.0014
29_19,1070.77,1077.64,0.0014
29_19,601.34,627.07,0.0014
29_19,862.22,887.51,0.0014
29_19,1165.05,1167.84,0.0014
29_19,722.0,732.88,0.0013
29_19,1131.93,1133.96,0.0013
29_19,635.26,640.8,0.0013
29_19,1075.95,1100.55,0.0012
29_19,719.71,722.43,0.0012
29_19,1136.74,1143.83,0.0012
29_19,953.76,974.69,0.0012
29_19,1123.08,1129.45,0.0012
29_19,1111.47,1113.63,0.0012
29_19,1056.05,1062.42,0.0011
29_19,1168.98,1189.29,0.001
10_42,614.57,714.56,0.9999
10_42,781.31,819.18,0.9992
10_42,895.57,905.51,0.9984
10_42,821.41,834.79,0.9978
10_42,930.66,933.34,0.9955
10_42,941.07,942.93,0.9942
10_42,908.76,915.99,0.994
10_42,916.29,928.79,0.992
10_42,929.07,930.67,0.9858
10_42,774.0,778.67,0.9842
10_42,942.93,944.0,0.9817
10_42,936.53,937.6,0.9792
10_42,944.0,945.07,0.9773
10_42,978.67,979.73,0.9764
10_42,733.31,773.35,0.9757
10_42,961.59,975.04,0.9744
10_42,717.4,733.08,0.9721
10_42,841.84,845.48,0.9648
10_42,803.74,818.67,0.7067
10_42,930.67,933.34,0.135
10_42,908.76,915.99,0.1346
10_42,929.07,930.67,0.1338
10_42,916.28,928.79,0.1337
10_42,908.75,915.98,0.0179
10_42,940.81,943.88,0.0146
10_42,938.19,941.02,0.0136
10_42,819.75,843.91,0.013
10_42,933.27,936.71,0.0122
10_42,893.83,896.2,0.0097
10_42,886.45,892.57,0.0091
10_42,941.94,961.81,0.0067
10_42,803.96,806.49,0.0063
10_42,1037.32,1049.04,0.0062
10_42,848.32,854.15,0.006
10_42,948.87,951.1,0.0056
10_42,701.09,703.79,0.0054
10_42,946.94,949.49,0.0053
10_42,860.96,871.43,0.0052
10_42,929.41,935.29,0.005
10_42,840.03,845.65,0.0043
10_42,977.9,1018.8,0.0039
10_42,1125.39,1131.57,0.0038
10_42,810.87,816.76,0.0036
10_42,945.22,948.2,0.0035
10_42,926.8,929.1,0.0035
10_42,975.14,981.21,0.0032
10_42,827.83,910.13,0.0032
10_42,989.09,995.08,0.0032
10_42,1003.84,1006.89,0.0032
10_42,1110.04,1133.79,0.003
10_42,1101.14,1107.08,0.0029
10_42,619.91,643.06,0.0027
10_42,877.32,880.43,0.0027
10_42,693.37,699.71,0.0024
10_42,1027.14,1038.04,0.0023
10_42,1041.36,1047.25,0.0023
10_42,884.28,895.28,0.0021
10_42,683.62,690.06,0.0021
10_42,615.41,700.42,0.0019
10_42,1133.18,1154.21,0.0018
10_42,827.84,830.88,0.0017
10_42,782.91,789.21,0.0017
10_42,726.04,728.77,0.0016
10_42,757.71,769.23,0.0016
10_42,875.37,878.19,0.0015
10_42,949.3,952.35,0.0015
10_42,1046.88,1052.68,0.0015
10_42,789.6,792.26,0.0015
10_42,1153.1,1156.28,0.0015
10_42,1142.76,1148.66,0.0015
10_42,1008.78,1011.52,0.0014
10_42,849.69,852.57,0.0013
10_42,921.91,927.9,0.0013
10_42,850.52,873.21,0.0012
10_42,736.51,777.89,0.0012
10_42,934.66,937.28,0.0011
10_42,917.48,923.95,0.0011
10_42,735.17,741.12,0.0011
10_42,838.5,841.38,0.0011
10_42,1019.79,1032.06,0.001
23_9,761.21,799.97,0.9986
23_9,1111.84,1148.37,0.9951
23_9,1017.6,1035.85,0.995
23_9,900.76,944.54,0.994
23_9,980.34,1015.42,0.9937
23_9,1035.85,1108.9,0.9877
23_9,618.81,661.13,0.9771
23_9,666.25,715.91,0.9757
23_9,948.93,973.76,0.9735
23_9,1149.83,1228.8,0.9687
23_9,721.81,758.35,0.9622
23_9,802.16,897.03,0.9466
23_9,761.21,799.95,0.135
23_9,1017.61,1035.86,0.1348
23_9,948.95,973.76,0.132
23_9,1111.86,1148.33,0.1308
23_9,948.92,973.77,0.0178
23_9,897.86,972.63,0.0048
23_9,1039.57,1081.59,0.0043
23_9,837.74,843.6,0.0043
23_9,671.8,760.34,0.0037
23_9,874.99,898.48,0.0034
23_9,939.68,942.91,0.0031
23_9,740.66,752.61,0.003
23_9,643.18,662.89,0.0029
23_9,989.67,1014.72,0.0028
23_9,1145.51,1151.93,0.0026
23_9,828.17,851.67,0.0026
23_9,1084.62,1107.51,0.0014
23_9,1149.5,1172.59,0.0014
23_9,791.49,803.2,0.0013
23_9,801.02,826.69,0.0013
23_9,719.49,755.41,0.0013
23_9,874.55,886.69,0.0012
23_9,772.46,795.88,0.0011
23_9,977.25,1012.21,0.0011
23_9,886.32,897.45,0.001
7_26,774.36,783.38,0.9999
7_26,615.8,646.24,0.9989
7_26,702.18,712.21,0.9984
7_26,646.59,701.16,0.9887
7_26,804.93,816.86,0.9875
7_26,712.6,729.97,0.9842
7_26,783.89,804.03,0.9837
7_26,745.97,773.61,0.9756
7_26,729.97,745.7,0.9667
7_26,702.18,712.21,0.1353
7_26,646.62,701.06,0.1341
7_26,646.64,701.11,0.0179
7_26,993.23,1003.82,0.0148
7_26,699.98,702.35,0.011
7_26,836.91,839.84,0.0106
7_26,694.24,699.63,0.0079
7_26,932.17,938.54,0.0069
7_26,974.75,981.47,0.0065
7_26,911.02,914.15,0.0042
7_26,654.33,660.1,0.0042
7_26,998.06,1090.49,0.0037
7_26,823.74,826.54,0.0036
7_26,949.34,961.9,0.0036
7_26,640.37,645.96,0.0032
7_26,743.87,754.97,0.0032
7_26,699.28,716.42,0.0031
7_26,900.86,906.23,0.003
7_26,785.29,791.3,0.0028
7_26,807.5,813.52,0.0027
7_26,868.58,874.39,0.0026
7_26,851.25,854.36,0.0024
7_26,889.97,895.91,0.0023
7_26,880.28,883.04,0.0023
7_26,919.9,925.73,0.0022
7_26,729.33,753.32,0.002
7_26,773.11,782.57,0.002
7_26,711.72,722.49,0.0019
7_26,764.8,774.73,0.0018
7_26,1018.11,1040.12,0.0018
7_26,973.98,976.99,0.0017
7_26,962.99,983.9,0.0016
7_26,1003.9,1009.99,0.0016
7_26,614.6,617.32,0.0016
7_26,626.68,629.75,0.0015
7_26,990.32,992.74,0.0015
7_26,962.22,965.19,0.0015
7_26,1000.19,1002.97,0.0015
7_26,824.6,865.92,0.0014
7_26,919.27,921.89,0.0013
7_26,718.7,721.48,0.0013
7_26,653.19,655.66,0.0013
7_26,694.69,700.33,0.0012
7_26,804.43,824.23,0.0012
7_26,975.56,978.65,0.0012
7_26,653.13,677.52,0.0012
7_26,899.3,943.73,0.0012
7_26,591.97,629.12,0.0012
7_26,967.85,973.97,0.0012
7_26,618.9,624.93,0.0011
7_26,792.32,795.12,0.0011
7_26,630.46,641.29,0.0011
25_41,1029.12,1031.11,0.9985
25_41,675.91,680.45,0.9976
25_41,631.44,642.5,0.9974
25_41,705.86,904.79,0.9973
25_41,693.34,696.0,0.9954
25_41,907.26,933.09,0.9948
25_41,936.75,983.91,0.9939
25_41,647.17,665.44,0.9938
25_41,1141.81,1149.55,0.9911
25_41,998.98,1005.53,0.9902
25_41,1030.39,1054.92,0.9841
25_41,685.16,693.26,0.9831
25_41,984.81,986.64,0.9794
25_41,933.54,934.42,0.976
25_41,1009.48,1022.65,0.9703
25_41,1054.68,1069.17,0.9676
25_41,1047.1,1048.92,0.9676
25_41,1070.35,1138.91,0.965
25_41,693.33,696.0,0.135
25_41,1029.12,1031.11,0.1349
25_41,907.25,933.09,0.134
25_41,998.98,1005.53,0.1336
25_41,631.44,642.5,0.1331
25_41,936.78,983.89,0.132
25_41,1030.41,1054.93,0.1317
25_41,765.62,788.03,0.0123
25_41,934.15,939.09,0.0117
25_41,666.31,677.33,0.0096
25_41,806.53,819.13,0.0095
25_41,700.18,705.49,0.009
25_41,1067.47,1078.71,0.0077
25_41,984.66,987.08,0.0072
25_41,993.48,999.5,0.0062
25_41,614.63,639.76,0.0062
25_41,901.39,907.63,0.0056
25_41,1096.62,1102.7,0.0051
25_41,627.38,630.17,0.0051
25_41,1078.05,1124.42,0.0047
25_41,969.09,981.02,0.0037
25_41,662.11,680.02,0.0037
25_41,621.8,631.87,0.0037
25_41,752.84,755.24,0.0036
25_41,1140.54,1223.56,0.0036
25_41,747.5,770.63,0.0035
25_41,868.29,889.56,0.0034
25_41,695.73,698.4,0.0033
25_41,684.03,694.73,0.0033
25_41,805.98,852.14,0.0032
25_41,775.64,781.4,0.0032
25_41,843.49,848.65,0.0031
25_41,675.24,680.26,0.003
25_41,996.04,1006.41,0.003
25_41,930.78,933.1,0.0027
25_41,691.43,703.77,0.0026
25_41,719.82,740.08,0.0025
25_41,587.28,637.67,0.0023
25_41,754.58,757.02,0.0023
25_41,928.86,940.76,0.0022
25_41,796.24,807.84,0.0021
25_41,772.42,775.39,0.002
25_41,698.19,701.1,0.0019
25_41,750.29,752.82,0.0019
25_41,762.92,769.09,0.0019
25_41,977.74,980.55,0.0018
25_41,1054.17,1077.82,0.0018
25_41,850.09,856.21,0.0018
25_41,703.97,710.04,0.0017
25_41,989.72,992.2,0.0017
25_41,692.82,697.94,0.0017
25_41,1074.46,1084.66,0.0016
25_41,679.68,685.78,0.0016
25_41,1031.37,1037.58,0.0016
25_41,1145.76,1157.82,0.0016
25_41,876.05,881.91,0.0015
25_41,885.04,907.82,0.0015
25_41,1006.64,1009.4,0.0015
25_41,808.16,810.93,0.0015
25_41,1135.92,1142.59,0.0015
25_41,1158.21,1163.49,0.0014
25_41,903.04,937.29,0.0014
25_41,989.9,1082.37,0.0014
25_41,979.67,985.3,0.0014
25_41,739.12,745.69,0.0014
25_41,1020.72,1031.34,0.0013
25_41,931.32,933.87,0.0012
25_41,724.34,735.36,0.0012
25_41,1153.23,1159.25,0.0012
25_41,687.55,692.69,0.0012
25_41,1084.84,1131.72,0.0012
25_41,884.36,890.16,0.0011
25_41,921.66,927.98,0.0011
25_41,853.86,865.91,0.0011
25_41,1018.9,1021.79,0.0011
25_41,684.92,689.3,0.001
25_41,956.97,980.01,0.001
25_41,703.6,716.73,0.001
25_41,1149.32,1191.48,0.001
25_41,1129.84,1132.72,0.001
5_15,968.04,974.94,0.9991
5_15,821.27,824.41,0.9985
5_15,848.78,949.86,0.9983
5_15,760.39,795.22,0.9966
5_15,655.68,685.57,0.9965
5_15,616.09,653.75,0.9952
5_15,949.91,964.38,0.9948
5_15,795.75,806.08,0.9926
5_15,1068.69,1078.31,0.9925
5_15,1002.1,1026.39,0.9786
5_15,975.02,997.43,0.9757
5_15,751.18,760.06,0.9749
5_15,1026.66,1068.48,0.9671
5_15,619.78,749.1,0.7809
5_15,817.41,824.52,0.6655
5_15,848.81,949.8,0.1349
5_15,968.03,974.93,0.1349
5_15,795.75,806.09,0.1338
5_15,949.92,964.37,0.1319
5_15,655.72,685.56,0.1216
5_15,616.08,653.78,0.1185
5_15,817.41,824.53,0.0904
5_15,821.27,824.42,0.0593
5_15,968.03,974.94,0.0179
5_15,949.91,964.38,0.0179
5_15,655.71,685.54,0.016
5_15,683.17,688.9,0.0121
5_15,1068.9,1075.12,0.01
5_15,730.73,733.63,0.0098
5_15,938.68,941.64,0.0095
5_15,1024.13,1026.83,0.0093
5_15,1089.1,1128.38,0.0072
5_15,936.79,948.93,0.0064
5_15,1079.81,1085.41,0.0063
5_15,619.2,643.96,0.0062
5_15,659.66,665.58,0.0057
5_15,894.18,900.06,0.0046
5_15,1078.25,1098.35,0.0044
5_15,751.35,762.0,0.0044
5_15,1028.45,1031.33,0.0041
5_15,656.18,659.0,0.0037
5_15,1120.25,1123.06,0.0036
5_15,1015.99,1019.05,0.0035
5_15,885.39,907.59,0.0033
5_15,817.45,827.6,0.0031
5_15,710.99,716.34,0.0031
5_15,1142.8,1148.77,0.003
5_15,686.47,731.59,0.0028
5_15,1009.37,1015.29,0.0028
5_15,846.75,849.5,0.0027
5_15,1085.41,1088.26,0.0024
5_15,838.51,844.82,0.0023
5_15,1105.89,1117.27,0.0023
5_15,1100.12,1103.39,0.0021
5_15,911.27,917.11,0.002
5_15,974.42,984.33,0.002
5_15,941.06,943.61,0.002
5_15,617.07,629.03,0.0019
5_15,902.55,905.44,0.0019
5_15,693.6,696.19,0.0019
5_15,677.03,679.61,0.0019
5_15,927.11,929.95,0.0018
5_15,1066.73,1102.57,0.0018
5_15,730.98,740.8,0.0018
5_15,1159.32,1164.66,0.0017
5_15,870.37,876.64,0.0017
5_15,773.56,779.44,0.0016
5_15,1071.59,1074.54,0.0016
5_15,743.75,746.55,0.0016
5_15,838.49,859.99,0.0016
5_15,670.1,673.02,0.0015
5_15,1014.48,1017.73,0.0014
5_15,1141.95,1224.83,0.0014
5_15,1107.62,1126.94,0.0013
5_15,924.84,935.63,0.0013
5_15,943.72,964.55,0.0013
5_15,753.12,759.34,0.0013
5_15,999.34,1010.22,0.0012
5_15,736.25,738.75,0.0012
5_15,645.97,649.11,0.0012
5_15,783.3,795.33,0.0012
5_15,800.02,806.12,0.0012
5_15,1149.71,1156.24,0.0011
5_15,647.43,657.96,0.001
5_15,871.02,873.99,0.001
5_15,875.17,878.26,0.001
21_28,802.05,819.69,0.9999
21_28,953.21,960.86,0.9982
21_28,820.88,879.11,0.9978
21_28,730.8,792.57,0.9975
21_28,877.92,904.41,0.9972
21_28,677.92,689.11,0.997
21_28,618.54,646.74,0.9955
21_28,657.34,677.91,0.9947
21_28,932.02,953.8,0.9939
21_28,690.31,726.14,0.9925
21_28,903.2,916.75,0.9882
21_28,917.32,932.63,0.981
21_28,960.26,971.44,0.9792
21_28,730.93,792.57,0.1356
21_28,953.22,960.85,0.1353
21_28,677.91,689.11,0.1345
21_28,657.35,677.91,0.1336
21_28,903.21,916.74,0.1329
21_28,877.91,904.42,0.1319
21_28,730.86,792.55,0.0181
21_28,953.21,960.85,0.018
21_28,779.88,782.85,0.0177
21_28,760.95,764.36,0.0125
21_28,1014.04,1019.26,0.0101
21_28,1133.34,1144.6,0.01
21_28,919.76,931.45,0.0092
21_28,826.3,867.24,0.0086
21_28,688.66,691.66,0.0086
21_28,876.37,879.3,0.0081
21_28,730.94,733.33,0.0066
21_28,703.19,705.89,0.0063
21_28,656.67,661.49,0.0061
21_28,930.71,950.84,0.0058
21_28,788.73,822.6,0.0055
21_28,834.88,837.77,0.0049
21_28,1011.43,1054.25,0.0046
21_28,868.21,880.92,0.0046
21_28,618.24,657.65,0.0044
21_28,1108.83,1114.58,0.0042
21_28,1097.85,1100.17,0.0039
21_28,900.77,903.21,0.0038
21_28,866.19,872.42,0.0038
21_28,779.28,784.53,0.0036
21_28,688.7,698.16,0.0034
21_28,622.13,628.07,0.0032
21_28,813.95,816.92,0.0032
21_28,798.59,801.36,0.0029
21_28,850.74,873.49,0.0028
21_28,970.83,976.74,0.0025
21_28,725.87,731.15,0.0023
21_28,757.26,779.56,0.0021
21_28,832.91,856.47,0.002
21_28,970.31,991.8,0.0019
21_28,653.31,692.47,0.0019
21_28,1079.73,1091.64,0.0017
21_28,1111.49,1132.02,0.0016
21_28,968.83,971.39,0.0016
21_28,1030.08,1033.05,0.0015
21_28,1057.56,1060.03,0.0015
21_28,926.0,928.81,0.0015
21_28,953.52,955.98,0.0014
21_28,965.76,969.01,0.0014
21_28,665.38,677.99,0.0014
21_28,1094.42,1115.71,0.0014
21_28,907.15,951.45,0.0014
21_28,989.31,995.03,0.0013
21_28,1059.84,1069.76,0.0013
21_28,821.85,842.89,0.0013
21_28,798.34,803.51,0.0013
21_28,1006.14,1008.92,0.0012
21_28,810.72,816.69,0.0011
21_28,640.53,643.77,0.0011
21_28,614.41,617.41,0.0011
21_28,696.23,707.98,0.0011
21_28,756.32,759.26,0.0011
21_28,782.17,787.68,0.0011
21_28,717.91,723.96,0.001
21_28,1032.64,1038.94,0.001
21_28,1144.31,1155.5,0.001
7_32,632.51,647.42,0.9988
7_32,648.83,703.85,0.9977
7_32,764.4,773.8,0.9967
7_32,729.37,763.59,0.9962
7_32,792.27,801.91,0.9961
7_32,714.33,728.07,0.9888
7_32,784.74,789.79,0.9871
7_32,616.53,631.09,0.9682
7_32,775.1,782.86,0.9668
7_32,729.34,763.6,0.1353
7_32,764.4,773.81,0.1352
7_32,792.26,801.9,0.1344
7_32,648.89,703.84,0.1319
7_32,706.46,728.63,0.0146
7_32,673.66,676.7,0.0104
7_32,881.85,884.16,0.0086
7_32,736.69,748.22,0.0084
7_32,948.98,951.57,0.0082
7_32,663.7,669.43,0.0076
7_32,785.73,788.85,0.007
7_32,773.15,782.07,0.0068
7_32,828.28,839.72,0.0064
7_32,1021.4,1024.22,0.005
7_32,959.22,961.78,0.0048
7_32,966.48,988.33,0.0048
7_32,748.81,751.94,0.0046
7_32,919.44,922.56,0.0046
7_32,939.05,950.98,0.0041
7_32,901.87,907.18,0.0033
7_32,650.22,733.93,0.0033
7_32,841.81,847.71,0.0033
7_32,995.16,1001.26,0.0033
7_32,765.42,771.1,0.0031
7_32,760.76,763.49,0.0031
7_32,775.28,793.77,0.0028
7_32,801.42,811.29,0.0028
7_32,824.01,829.58,0.0027
7_32,975.64,978.41,0.0027
7_32,855.76,877.01,0.0027
7_32,893.6,898.83,0.0026
7_32,847.23,849.88,0.0026
7_32,986.02,988.16,0.0025
7_32,830.99,837.17,0.0025
7_32,965.51,971.12,0.0024
7_32,684.02,705.29,0.0024
7_32,952.65,955.69,0.0022
7_32,590.96,630.23,0.0021
7_32,864.8,867.43,0.0018
7_32,646.35,648.63,0.0018
7_32,656.2,658.82,0.0018
7_32,672.97,693.69,0.0017
7_32,937.62,939.98,0.0015
7_32,797.97,801.04,0.0015
7_32,678.37,681.41,0.0015
7_32,867.42,870.06,0.0014
7_32,838.33,841.55,0.0013
7_32,950.95,953.16,0.0013
7_32,958.71,961.54,0.0012
7_32,744.39,762.88,0.0012
7_32,770.11,815.91,0.0012
7_32,1023.47,1026.4,0.0012
7_32,898.62,901.98,0.0012
7_32,1011.61,1017.2,0.0011
7_32,686.48,691.8,0.0011
7_32,1002.51,1088.22,0.0011
7_32,792.98,798.47,0.0011
3_18,729.9,747.59,0.9997
3_18,842.47,870.45,0.9997
3_18,891.63,927.44,0.9979
3_18,1036.12,1059.18,0.9977
3_18,972.71,995.8,0.9974
3_18,750.59,789.37,0.9973
3_18,811.48,826.73,0.9966
3_18,792.32,801.65,0.9965
3_18,872.43,890.12,0.9964
3_18,618.34,683.15,0.9953
3_18,1059.18,1116.72,0.9941
3_18,707.29,729.4,0.9937
3_18,1003.15,1031.66,0.9927
3_18,948.6,970.72,0.937
3_18,972.71,995.81,0.1353
3_18,707.32,729.42,0.1353
3_18,792.33,801.66,0.1352
3_18,1059.21,1116.7,0.1347
3_18,872.45,890.12,0.1342
3_18,842.44,870.46,0.134
3_18,891.6,927.45,0.1326
3_18,1003.2,1031.67,0.1317
3_18,1036.1,1059.19,0.1308
3_18,1090.07,1092.53,0.0247
3_18,972.68,995.79,0.0184
3_18,842.45,870.43,0.0182
3_18,681.07,686.82,0.0148
3_18,684.64,706.41,0.0132
3_18,1145.32,1150.35,0.0119
3_18,998.66,1003.92,0.0106
3_18,1069.99,1076.37,0.0078
3_18,791.79,794.25,0.0076
3_18,808.1,811.09,0.0073
3_18,928.99,968.72,0.0059
3_18,845.43,857.44,0.0057
3_18,801.4,812.64,0.0055
3_18,654.93,658.07,0.0054
3_18,786.48,792.09,0.0054
3_18,945.87,950.82,0.0038
3_18,1128.64,1140.39,0.0037
3_18,1062.58,1065.41,0.0037
3_18,1124.19,1130.34,0.0036
3_18,1057.49,1149.98,0.0034
3_18,731.83,744.45,0.0033
3_18,882.07,892.39,0.0033
3_18,821.29,841.61,0.003
3_18,757.67,769.66,0.003
3_18,1146.43,1149.31,0.003
3_18,953.87,959.42,0.0029
3_18,636.88,676.96,0.0028
3_18,890.38,912.13,0.0026
3_18,836.82,841.85,0.0025
3_18,996.11,998.44,0.0024
3_18,1027.56,1033.14,0.0023
3_18,934.08,947.29,0.0022
3_18,791.26,813.27,0.0022
3_18,887.63,890.61,0.0022
3_18,1007.24,1019.43,0.0022
3_18,911.2,913.99,0.0021
3_18,644.46,656.24,0.0021
3_18,698.84,701.67,0.002
3_18,1067.32,1070.29,0.002
3_18,963.01,969.57,0.0019
3_18,928.5,930.95,0.0019
3_18,971.45,974.29,0.0018
3_18,665.14,670.5,0.0018
3_18,918.32,929.65,0.0017
3_18,990.45,993.54,0.0015
3_18,1035.99,1038.46,0.0015
3_18,1120.93,1123.51,0.0015
3_18,876.59,888.46,0.0014
3_18,615.25,633.46,0.0014
3_18,727.75,772.3,0.0014
3_18,931.21,937.46,0.0013
3_18,969.99,972.5,0.0013
3_18,794.74,800.66,0.0013
3_18,1048.62,1051.79,0.0012
3_18,1134.33,1144.66,0.0012
3_18,769.0,779.89,0.0012
3_18,738.44,743.89,0.0012
3_18,833.35,836.17,0.0012
3_18,1059.19,1070.29,0.0012
3_18,848.09,854.23,0.0011
3_18,690.22,696.51,0.0011
3_18,1055.53,1057.71,0.0011
3_18,796.48,841.97,0.0011
3_18,710.19,723.33,0.0011
3_18,918.83,921.25,0.0011
3_18,981.48,993.67,0.0011
3_18,1157.7,1160.2,0.0011
3_18,820.89,823.66,0.001
3_18,838.1,840.71,0.001
3_18,654.34,659.48,0.001
16_1,931.75,955.85,0.9968
16_1,893.41,915.19,0.9948
16_1,794.35,839.17,0.9946
16_1,1103.23,1136.87,0.9937
16_1,841.06,873.25,0.9921
16_1,710.13,722.03,0.9914
16_1,1033.24,1036.07,0.9892
16_1,652.49,690.59,0.9886
16_1,1137.29,1144.52,0.9883
16_1,915.45,931.61,0.9876
16_1,1094.67,1102.78,0.9866
16_1,614.87,652.23,0.9866
16_1,1036.79,1069.02,0.9862
16_1,1027.85,1032.63,0.9861
16_1,1177.31,1190.59,0.9853
16_1,723.42,794.05,0.9832
16_1,956.51,970.39,0.9786
16_1,1145.18,1176.3,0.9743
16_1,987.81,1027.58,0.974
16_1,874.76,893.3,0.9727
16_1,970.69,983.37,0.9702
16_1,690.84,709.82,0.9561
16_1,1069.57,1093.67,0.9442
16_1,915.41,931.63,0.1349
16_1,652.5,690.52,0.1341
16_1,710.13,722.04,0.134
16_1,841.06,873.23,0.1339
16_1,1036.82,1069.02,0.1335
16_1,1137.29,1144.52,0.1332
16_1,723.4,794.02,0.1332
16_1,956.49,970.39,0.1329
16_1,1177.31,1190.6,0.1327
16_1,931.76,955.85,0.1321
16_1,1069.54,1093.66,0.127
16_1,835.44,840.97,0.0331
16_1,725.13,750.77,0.0227
16_1,915.44,931.62,0.0183
16_1,841.06,873.24,0.0179
16_1,1177.32,1190.61,0.0178
16_1,1036.82,1069.05,0.0178
16_1,781.48,792.88,0.0108
16_1,850.31,856.34,0.0095
16_1,1032.48,1037.33,0.0082
16_1,876.74,889.53,0.0079
16_1,867.4,873.4,0.0073
16_1,1060.42,1066.83,0.007
16_1,908.84,914.65,0.0068
16_1,1096.04,1099.18,0.0067
16_1,861.94,868.29,0.0059
16_1,950.18,952.68,0.005
16_1,1014.67,1028.03,0.0049
16_1,888.3,890.97,0.0045
16_1,692.67,710.25,0.0044
16_1,1130.76,1137.17,0.0044
16_1,1143.87,1155.65,0.0043
16_1,977.08,983.06,0.004
16_1,615.03,634.34,0.0038
16_1,927.78,959.53,0.0036
16_1,962.13,968.45,0.0033
16_1,1134.47,1136.55,0.0033
16_1,1028.73,1031.96,0.0024
16_1,614.67,620.74,0.0024
16_1,985.84,1004.49,0.0024
16_1,793.21,838.78,0.0023
16_1,935.64,937.75,0.0023
16_1,1110.71,1113.18,0.0023
16_1,1112.83,1118.28,0.0022
16_1,1001.0,1003.57,0.0022
16_1,1162.45,1176.53,0.002
16_1,971.49,987.36,0.002
16_1,759.59,762.7,0.0019
16_1,885.31,888.45,0.0018
16_1,1005.06,1027.46,0.0018
16_1,840.36,842.99,0.0017
16_1,724.78,775.57,0.0017
16_1,1111.56,1134.51,0.0016
16_1,874.56,877.09,0.0016
16_1,908.99,977.83,0.0015
16_1,1068.13,1102.29,0.0015
16_1,844.8,850.83,0.0015
16_1,652.15,662.89,0.0015
16_1,690.66,693.85,0.0014
16_1,617.18,624.14,0.0013
16_1,713.07,716.23,0.0013
16_1,930.59,932.89,0.0012
16_1,1179.06,1182.51,0.0012
16_1,942.74,949.76,0.0012
16_1,1056.82,1067.54,0.0012
16_1,1027.08,1029.33,0.0011
16_1,1091.93,1102.24,0.0011
16_1,659.73,670.95,0.0011
16_1,688.3,707.64,0.0011
16_1,874.71,880.82,0.0011
16_1,851.83,872.16,0.001
16_1,1123.99,1130.58,0.001
16_1,708.01,710.8,0.001
16_1,935.24,940.53,0.001
27_15,801.58,892.0,0.9996
27_15,785.73,795.33,0.9988
27_15,945.18,951.96,0.9975
27_15,898.25,912.95,0.997
27_15,620.62,627.97,0.994
27_15,669.8,746.21,0.9922
27_15,920.86,932.74,0.9911
27_15,635.9,655.11,0.9852
27_15,753.51,782.33,0.9763
27_15,935.57,941.22,0.9741
27_15,956.49,968.36,0.9708
27_15,785.72,795.34,0.1355
27_15,898.25,912.95,0.135
27_15,801.56,891.99,0.1347
27_15,620.62,627.97,0.1347
27_15,669.78,746.2,0.1345
27_15,920.86,932.74,0.1342
27_15,945.18,951.96,0.1339
27_15,620.62,627.97,0.0177
27_15,728.21,731.12,0.0141
27_15,754.18,764.88,0.0111
27_15,742.78,745.37,0.0076
27_15,890.8,896.83,0.007
27_15,753.53,795.32,0.0064
27_15,1063.77,1069.36,0.006
27_15,796.88,816.06,0.0057
27_15,657.66,669.54,0.0055
27_15,947.5,1030.61,0.0054
27_15,766.52,769.47,0.0053
27_15,1069.22,1089.99,0.0051
27_15,1007.92,1018.98,0.0046
27_15,796.99,802.83,0.0046
27_15,968.84,980.24,0.0041
27_15,926.01,931.88,0.0041
27_15,741.39,751.37,0.0041
27_15,1139.32,1142.24,0.004
27_15,1081.67,1102.96,0.0034
27_15,944.82,957.63,0.0034
27_15,828.27,833.63,0.0032
27_15,987.86,994.04,0.0032
27_15,716.39,721.92,0.0028
27_15,631.78,634.4,0.0028
27_15,1121.01,1140.22,0.0026
27_15,750.1,753.02,0.0025
27_15,1020.12,1025.76,0.0025
27_15,731.17,734.16,0.0024
27_15,815.01,857.47,0.002
27_15,689.16,711.36,0.002
27_15,906.06,909.38,0.002
27_15,1076.09,1081.1,0.002
27_15,883.12,889.42,0.0019
27_15,651.17,654.44,0.0018
27_15,1019.66,1059.25,0.0018
27_15,893.0,895.76,0.0017
27_15,922.32,945.69,0.0017
27_15,735.59,738.52,0.0017
27_15,844.05,854.25,0.0017
27_15,1105.72,1108.66,0.0015
27_15,671.56,674.75,0.0015
27_15,762.42,782.32,0.0015
27_15,795.39,797.92,0.0014
27_15,1094.83,1100.52,0.0014
27_15,1062.96,1074.62,0.0014
27_15,1003.26,1006.24,0.0014
27_15,725.53,728.32,0.0013
27_15,673.55,694.45,0.0012
27_15,852.17,863.9,0.0012
27_15,866.84,869.84,0.0012
27_15,912.14,921.71,0.0012
27_15,1140.48,1146.49,0.0011
27_15,652.99,659.19,0.0011
27_15,745.6,748.53,0.0011
27_15,975.79,986.37,0.0011
27_15,811.06,816.73,0.001
5_19,910.73,924.4,0.9998
5_19,749.0,777.29,0.9998
5_19,1032.27,1046.25,0.9983
5_19,615.17,628.0,0.9977
5_19,943.04,997.89,0.9972
5_19,1002.78,1032.01,0.997
5_19,666.38,710.29,0.9968
5_19,874.43,877.92,0.9965
5_19,810.64,874.25,0.9954
5_19,790.44,793.64,0.9942
5_19,924.28,942.7,0.9919
5_19,631.5,663.71,0.9913
5_19,725.72,740.03,0.9904
5_19,878.19,910.49,0.9902
5_19,740.82,746.56,0.9798
5_19,615.19,627.99,0.1354
5_19,1032.26,1046.25,0.1353
5_19,810.58,874.29,0.1352
5_19,748.96,777.29,0.1349
5_19,874.42,877.92,0.1348
5_19,1002.81,1032.0,0.1347
5_19,666.4,710.3,0.1346
5_19,790.44,793.64,0.1346
5_19,725.72,740.03,0.1337
5_19,615.18,628.0,0.0184
5_19,1032.25,1046.26,0.0182
5_19,810.59,874.15,0.0181
5_19,748.96,777.28,0.0181
5_19,874.42,877.92,0.0177
5_19,633.95,645.73,0.0103
5_19,776.11,811.29,0.0099
5_19,647.97,658.76,0.0081
5_19,879.22,881.77,0.0079
5_19,741.37,752.08,0.0069
5_19,1059.56,1062.25,0.0061
5_19,1068.63,1075.31,0.0061
5_19,928.47,940.6,0.006
5_19,1106.21,1112.71,0.0052
5_19,1134.88,1137.49,0.0045
5_19,675.84,681.44,0.0044
5_19,1045.99,1057.82,0.0043
5_19,838.04,840.92,0.0039
5_19,910.13,912.98,0.0038
5_19,948.73,971.32,0.0035
5_19,988.2,999.44,0.0032
5_19,870.87,943.83,0.0031
5_19,700.11,740.37,0.0028
5_19,998.39,1037.23,0.0024
5_19,911.21,917.12,0.0022
5_19,979.25,985.38,0.0021
5_19,1116.01,1136.21,0.002
5_19,715.1,726.77,0.002
5_19,689.27,709.97,0.002
5_19,789.99,794.3,0.0019
5_19,1075.69,1078.91,0.0018
5_19,970.84,976.43,0.0018
5_19,1112.96,1116.26,0.0018
5_19,1005.37,1016.45,0.0018
5_19,746.51,810.58,0.0017
5_19,865.88,870.9,0.0016
5_19,1058.14,1061.18,0.0016
5_19,1084.2,1089.89,0.0015
5_19,815.78,860.64,0.0015
5_19,884.31,906.9,0.0014
5_19,722.72,725.81,0.0014
5_19,942.08,952.77,0.0013
5_19,1033.41,1036.11,0.0013
5_19,1051.66,1098.25,0.0012
5_19,761.56,774.33,0.0012
5_19,990.12,1059.94,0.0012
5_19,617.48,624.16,0.0011
5_19,632.11,649.72,0.0011
5_19,663.65,669.69,0.0011
5_19,925.88,995.91,0.0011
5_19,1145.66,1148.59,0.0011
5_19,673.16,675.89,0.001
5_19,1016.83,1019.7,0.001
5_19,1132.44,1135.16,0.001
5_19,996.0,998.69,0.001
22_30,779.31,790.62,0.9998
22_30,691.19,703.5,0.9994
22_30,619.81,625.22,0.9971
22_30,705.77,774.53,0.9935
22_30,645.66,658.7,0.9934
22_30,631.14,638.02,0.9924
22_30,812.29,819.17,0.9911
22_30,800.22,811.3,0.9905
22_30,846.4,854.4,0.9902
22_30,821.88,824.53,0.9897
22_30,663.65,689.94,0.9888
22_30,856.0,861.01,0.985
22_30,824.54,839.46,0.9714
22_30,854.4,856.0,0.9706
22_30,839.47,855.12,0.5846
22_30,619.82,625.23,0.1352
22_30,821.88,824.53,0.1344
22_30,663.63,689.93,0.1343
22_30,691.2,703.5,0.1342
22_30,631.14,638.02,0.1337
22_30,812.28,819.17,0.1329
22_30,705.75,774.51,0.1309
22_30,854.4,856.0,0.128
22_30,839.47,855.1,0.0791
22_30,846.4,854.4,0.0467
22_30,854.59,871.86,0.0186
22_30,631.14,638.02,0.018
22_30,663.64,689.94,0.0177
22_30,716.2,719.56,0.015
22_30,1017.0,1019.26,0.011
22_30,642.78,663.42,0.0108
22_30,752.44,758.05,0.01
22_30,898.93,918.41,0.0094
22_30,998.29,1017.37,0.0078
22_30,795.23,800.56,0.0067
22_30,614.56,620.61,0.0064
22_30,846.4,854.4,0.0063
22_30,910.91,917.16,0.0056
22_30,660.83,663.87,0.0052
22_30,1041.35,1052.94,0.0049
22_30,639.13,645.03,0.0042
22_30,958.27,979.51,0.0041
22_30,839.49,855.1,0.0037
22_30,898.1,901.36,0.0035
22_30,676.57,688.43,0.0034
22_30,819.37,831.83,0.0033
22_30,942.61,961.47,0.0032
22_30,730.61,767.97,0.0031
22_30,855.63,860.48,0.0031
22_30,860.75,870.87,0.0031
22_30,933.58,943.31,0.0029
22_30,775.11,794.7,0.0029
22_30,758.36,769.06,0.0027
22_30,831.58,836.7,0.0025
22_30,991.62,994.34,0.0024
22_30,624.85,627.51,0.0024
22_30,757.13,759.8,0.0024
22_30,691.24,695.88,0.0024
22_30,1031.74,1037.73,0.0023
22_30,969.98,975.62,0.0022
22_30,806.67,809.37,0.0022
22_30,644.52,647.16,0.002
22_30,895.43,901.08,0.002
22_30,1060.62,1066.37,0.002
22_30,1007.47,1018.82,0.002
22_30,984.16,987.0,0.0019
22_30,830.23,832.68,0.0019
22_30,982.8,1060.82,0.0018
22_30,625.36,631.67,0.0018
22_30,940.47,943.41,0.0018
22_30,873.58,885.03,0.0016
22_30,782.4,785.5,0.0015
22_30,851.6,854.18,0.0014
22_30,809.45,812.73,0.0014
22_30,792.79,795.39,0.0014
22_30,1026.18,1047.68,0.0014
22_30,901.9,904.99,0.0012
22_30,920.72,923.23,0.0012
22_30,614.5,616.96,0.0012
22_30,632.31,635.0,0.0011
22_30,633.78,656.0,0.0011
22_30,824.15,826.98,0.001
22_30,773.52,776.23,0.001
22_30,1052.41,1057.48,0.001
22_30,799.72,802.52,0.001
12_13,750.49,776.28,0.9992
12_13,875.63,886.87,0.9962
12_13,630.5,635.8,0.9959
12_13,659.97,680.65,0.9942
12_13,814.27,825.81,0.9926
12_13,834.32,852.87,0.9923
12_13,701.89,710.69,0.9859
12_13,636.26,640.15,0.9842
12_13,717.38,732.85,0.9717
12_13,750.48,776.32,0.1349
12_13,630.5,635.8,0.1348
12_13,814.27,825.82,0.1341
12_13,636.26,640.15,0.1323
12_13,950.2,961.39,0.0106
12_13,909.95,921.31,0.0092
12_13,807.91,813.54,0.0079
12_13,887.25,896.88,0.0077
12_13,898.51,900.82,0.0062
12_13,830.18,851.91,0.0058
12_13,772.12,774.83,0.0051
12_13,896.39,908.14,0.005
12_13,937.2,939.25,0.005
12_13,1029.6,1040.01,0.0048
12_13,825.94,831.57,0.0041
12_13,614.27,620.65,0.0039
12_13,640.67,643.38,0.0032
12_13,1102.01,1112.72,0.0032
12_13,620.3,641.39,0.003
12_13,890.9,893.61,0.003
12_13,775.87,786.18,0.0028
12_13,854.62,876.36,0.0027
12_13,646.68,649.29,0.0027
12_13,960.06,1000.58,0.0027
12_13,803.7,809.47,0.0026
12_13,1034.7,1046.85,0.0025
12_13,734.36,746.74,0.0025
12_13,832.5,837.89,0.0025
12_13,704.22,709.95,0.0024
12_13,898.91,983.39,0.0023
12_13,824.32,864.56,0.0023
12_13,787.52,793.51,0.0022
12_13,896.42,898.95,0.0022
12_13,635.38,679.35,0.002
12_13,671.23,711.71,0.0019
12_13,698.07,773.89,0.0018
12_13,673.08,676.25,0.0018
12_13,838.85,850.63,0.0018
12_13,790.15,801.29,0.0018
12_13,976.31,982.14,0.0017
12_13,954.43,957.18,0.0017
12_13,746.67,756.06,0.0016
12_13,614.09,633.88,0.0016
12_13,1085.35,1088.38,0.0016
12_13,719.61,724.66,0.0015
12_13,770.69,776.46,0.0015
12_13,884.61,920.84,0.0014
12_13,1038.72,1059.94,0.0014
12_13,962.75,973.94,0.0013
12_13,997.24,1003.53,0.0013
12_13,676.76,682.04,0.0013
12_13,785.59,790.86,0.0013
12_13,920.94,931.1,0.0013
12_13,945.05,948.29,0.0013
12_13,881.39,887.11,0.0013
12_13,767.77,772.75,0.0012
12_13,805.29,815.74,0.0012
12_13,941.81,1037.3,0.0011
12_13,1089.36,1095.53,0.0011
12_13,955.01,961.02,0.0011
12_13,993.4,999.41,0.001
12_13,1062.42,1106.22,0.001
12_13,1045.67,1051.45,0.001
12_13,984.13,986.87,0.001
7_50,799.59,817.96,0.9983
7_50,897.01,910.33,0.9978
7_50,863.71,893.08,0.9965
7_50,618.32,654.54,0.9956
7_50,948.48,976.96,0.9955
7_50,936.53,943.42,0.995
7_50,914.04,935.59,0.9911
7_50,681.27,705.84,0.9863
7_50,708.65,798.9,0.9836
7_50,658.29,678.98,0.9833
7_50,820.98,855.38,0.9679
7_50,799.59,817.97,0.1354
7_50,936.52,943.42,0.1349
7_50,618.32,654.57,0.1345
7_50,681.26,705.85,0.1322
7_50,948.5,976.93,0.1312
7_50,897.01,910.33,0.1301
7_50,936.53,943.42,0.0181
7_50,866.52,869.03,0.0166
7_50,960.19,972.42,0.0112
7_50,830.05,842.7,0.0076
7_50,910.9,923.12,0.0075
7_50,704.37,716.53,0.0073
7_50,846.61,849.24,0.0072
7_50,1102.29,1108.0,0.0072
7_50,970.44,973.02,0.0062
7_50,978.4,984.55,0.0061
7_50,994.81,1000.4,0.0057
7_50,655.72,678.35,0.0057
7_50,1086.83,1098.57,0.0055
7_50,859.89,943.67,0.0054
7_50,734.82,781.25,0.0051
7_50,1134.9,1147.14,0.005
7_50,882.55,888.07,0.005
7_50,642.47,653.66,0.0042
7_50,856.54,859.77,0.0037
7_50,627.72,630.83,0.0037
7_50,1115.92,1128.34,0.0035
7_50,1074.69,1100.3,0.0032
7_50,681.12,684.1,0.0032
7_50,1039.25,1044.96,0.0028
7_50,1110.63,1113.35,0.0027
7_50,1107.52,1144.26,0.0024
7_50,936.25,938.25,0.0023
7_50,1025.31,1031.23,0.0023
7_50,818.07,829.12,0.0023
7_50,635.82,642.08,0.0022
7_50,789.25,820.83,0.0022
7_50,964.43,970.46,0.0022
7_50,902.41,905.46,0.0021
7_50,614.15,624.13,0.002
7_50,1150.57,1228.8,0.0019
7_50,924.79,935.93,0.0019
7_50,951.13,954.08,0.0018
7_50,827.43,830.06,0.0018
7_50,766.66,769.55,0.0017
7_50,954.64,960.63,0.0016
7_50,1080.33,1091.5,0.0016
7_50,986.08,1027.16,0.0016
7_50,1001.61,1004.72,0.0014
7_50,812.04,896.14,0.0013
7_50,693.96,697.02,0.0012
7_50,1104.24,1107.06,0.0012
7_50,813.23,819.14,0.0012
7_50,1056.76,1059.55,0.0012
7_50,834.31,840.44,0.0012
7_50,988.01,1000.33,0.0012
7_50,672.87,683.76,0.0012
7_50,818.85,824.3,0.0011
7_50,922.99,928.8,0.0011
7_50,1051.52,1054.35,0.0011
7_50,1127.12,1130.18,0.0011
7_50,747.26,758.91,0.0011
7_50,825.1,828.16,0.0011
7_50,1011.65,1014.14,0.0011
7_50,789.56,795.47,0.0011
7_50,647.84,658.4,0.0011
7_50,876.1,881.97,0.001
7_50,718.23,723.8,0.001
12_5,674.51,690.48,0.9967
12_5,694.34,710.62,0.9964
12_5,728.54,737.36,0.9931
12_5,632.05,638.93,0.9879
12_5,774.86,783.68,0.9867
12_5,740.12,747.01,0.9837
12_5,712.83,721.1,0.9726
12_5,627.08,631.49,0.9662
12_5,649.41,666.49,0.9648
12_5,728.54,737.36,0.1345
12_5,740.12,747.01,0.133
12_5,694.36,710.62,0.1319
12_5,740.12,747.02,0.0178
12_5,1065.37,1070.15,0.0169
12_5,816.75,854.46,0.014
12_5,851.03,853.74,0.0099
12_5,947.83,953.35,0.0099
12_5,845.99,929.32,0.0097
12_5,842.32,845.2,0.0075
12_5,893.97,899.99,0.0071
12_5,1057.77,1060.74,0.006
12_5,713.78,719.77,0.0054
12_5,755.94,779.07,0.0053
12_5,890.02,910.0,0.0047
12_5,736.71,739.36,0.0046
12_5,651.31,663.04,0.0045
12_5,952.97,958.32,0.0043
12_5,1073.7,1076.49,0.0043
12_5,762.47,768.92,0.0037
12_5,1000.32,1082.1,0.0037
12_5,707.75,713.0,0.0032
12_5,958.19,963.74,0.0032
12_5,760.66,763.71,0.0032
12_5,633.83,652.34,0.0029
12_5,1003.09,1005.36,0.0028
12_5,848.9,851.37,0.0027
12_5,740.57,743.27,0.0026
12_5,718.86,725.55,0.0025
12_5,622.26,627.41,0.0024
12_5,841.33,852.16,0.0023
12_5,929.74,934.61,0.0023
12_5,909.9,920.32,0.0022
12_5,902.71,908.7,0.0021
12_5,1076.63,1082.55,0.0021
12_5,1054.42,1065.83,0.0021
12_5,746.49,755.51,0.002
12_5,873.4,885.03,0.002
12_5,849.26,861.24,0.002
12_5,653.33,656.44,0.0019
12_5,1031.21,1037.67,0.0018
12_5,977.23,983.17,0.0018
12_5,765.36,775.28,0.0018
12_5,818.7,821.73,0.0018
12_5,792.95,798.66,0.0016
12_5,1021.86,1028.58,0.0015
12_5,945.96,957.31,0.0015
12_5,781.96,821.98,0.0015
12_5,683.67,690.0,0.0015
12_5,695.56,707.74,0.0014
12_5,824.44,836.33,0.0013
12_5,880.96,887.41,0.0013
12_5,667.8,673.84,0.0012
12_5,872.48,874.84,0.0012
12_5,800.17,812.83,0.0012
12_5,819.3,825.46,0.0012
12_5,753.78,759.19,0.0012
12_5,965.98,971.19,0.0012
12_5,715.55,718.3,0.0011
12_5,968.38,1011.17,0.0011
12_5,952.03,955.25,0.0011
12_5,663.2,665.87,0.0011
12_5,992.27,998.34,0.001
12_5,887.87,893.58,0.001
12_5,936.89,948.15,0.001
12_5,653.32,664.55,0.001
17_36,659.95,675.78,0.9974
17_36,773.21,798.78,0.9974
17_36,716.81,758.55,0.9972
17_36,683.84,709.21,0.997
17_36,616.98,658.18,0.9969
17_36,761.95,768.97,0.9925
17_36,808.83,834.38,0.968
17_36,716.87,758.54,0.1353
17_36,683.87,709.21,0.1351
17_36,659.95,675.77,0.135
17_36,761.95,768.97,0.1341
17_36,808.85,834.35,0.1319
17_36,659.95,675.77,0.0183
17_36,868.27,887.89,0.0115
17_36,667.31,670.33,0.0066
17_36,659.84,662.75,0.0066
17_36,761.98,844.64,0.0058
17_36,770.37,773.24,0.0047
17_36,614.27,627.62,0.0046
17_36,975.36,986.49,0.0045
17_36,883.34,923.16,0.0045
17_36,710.88,713.22,0.0038
17_36,715.6,718.16,0.0036
17_36,961.46,983.92,0.0033
17_36,655.92,658.27,0.0031
17_36,831.31,852.37,0.0031
17_36,770.49,811.69,0.0029
17_36,911.65,932.71,0.0028
17_36,947.92,958.75,0.0028
17_36,584.44,637.5,0.0025
17_36,783.76,794.8,0.0025
17_36,977.2,980.19,0.0024
17_36,708.09,710.57,0.0024
17_36,996.41,1018.27,0.0022
17_36,732.9,758.94,0.0021
17_36,805.78,842.8,0.0019
17_36,956.91,967.29,0.0018
17_36,648.94,659.5,0.0018
17_36,874.31,877.19,0.0017
17_36,627.77,650.25,0.0016
17_36,927.49,967.45,0.0016
17_36,922.31,925.25,0.0015
17_36,888.11,900.16,0.0014
17_36,698.79,705.05,0.0014
17_36,960.79,963.58,0.0014
17_36,879.29,884.78,0.0014
17_36,717.58,742.0,0.0013
17_36,672.38,677.85,0.0013
17_36,641.88,648.43,0.0013
17_36,759.92,769.21,0.0013
17_36,1024.9,1035.84,0.0013
17_36,771.35,774.15,0.0013
17_36,726.29,728.83,0.0013
17_36,848.32,927.27,0.0013
17_36,838.56,851.1,0.0012
17_36,899.52,902.32,0.0011
17_36,835.74,838.82,0.0011
17_36,988.55,991.09,0.0011
17_36,614.46,620.4,0.0011
17_36,797.43,800.47,0.001
17_36,690.5,693.04,0.001
4_20,986.72,1001.02,0.9982
4_20,660.36,669.22,0.9979
4_20,675.12,691.54,0.9969
4_20,775.15,910.34,0.9964
4_20,719.82,730.77,0.9961
4_20,770.41,772.56,0.9961
4_20,745.11,753.13,0.9951
4_20,753.47,756.24,0.9941
4_20,697.04,703.36,0.9936
4_20,974.48,977.01,0.9931
4_20,921.35,924.3,0.9896
4_20,624.54,649.36,0.9883
4_20,911.0,920.08,0.987
4_20,759.02,767.88,0.9865
4_20,977.85,982.9,0.9654
4_20,974.48,977.0,0.1346
4_20,921.35,924.3,0.1344
4_20,770.41,772.56,0.134
4_20,753.47,756.24,0.1336
4_20,775.39,910.35,0.1331
4_20,660.35,669.21,0.1328
4_20,624.53,649.38,0.1325
4_20,697.04,703.36,0.1315
4_20,901.76,904.8,0.0149
4_20,1007.18,1013.35,0.0119
4_20,824.4,835.4,0.0117
4_20,1078.19,1080.79,0.0114
4_20,897.72,900.58,0.0104
4_20,972.72,977.88,0.0102
4_20,1091.62,1101.9,0.0086
4_20,660.62,666.41,0.0072
4_20,933.27,944.47,0.0068
4_20,706.55,712.18,0.0064
4_20,924.31,929.63,0.0058
4_20,1048.47,1051.53,0.0056
4_20,1006.35,1016.69,0.0053
4_20,1146.21,1149.0,0.0052
4_20,794.07,805.78,0.005
4_20,668.93,678.34,0.0048
4_20,736.53,746.86,0.0046
4_20,717.01,722.35,0.0044
4_20,1151.77,1154.45,0.004
4_20,747.17,752.48,0.0036
4_20,1130.34,1135.35,0.0035
4_20,982.67,985.24,0.0034
4_20,1103.83,1114.59,0.0034
4_20,1116.4,1127.4,0.0033
4_20,620.67,671.72,0.0031
4_20,1061.46,1067.55,0.0031
4_20,614.21,623.86,0.0029
4_20,1125.88,1131.29,0.0029
4_20,1096.06,1098.93,0.0029
4_20,717.78,740.15,0.0027
4_20,802.26,808.31,0.0026
4_20,687.12,693.18,0.0026
4_20,1040.3,1043.01,0.0026
4_20,649.48,660.79,0.0025
4_20,1153.41,1159.18,0.0024
4_20,1098.64,1104.83,0.0023
4_20,634.73,645.94,0.0023
4_20,992.5,997.97,0.0023
4_20,960.37,963.03,0.0022
4_20,824.96,847.26,0.0021
4_20,1055.39,1057.52,0.0019
4_20,953.94,975.04,0.0019
4_20,985.71,988.69,0.0018
4_20,791.72,794.49,0.0017
4_20,882.68,885.72,0.0016
4_20,1022.78,1025.53,0.0016
4_20,932.7,935.24,0.0016
4_20,663.63,669.07,0.0016
4_20,739.35,744.96,0.0016
4_20,1090.22,1093.09,0.0016
4_20,951.36,1028.87,0.0015
4_20,849.4,855.09,0.0015
4_20,1147.24,1152.78,0.0014
4_20,973.6,978.5,0.0014
4_20,682.98,685.75,0.0014
4_20,1025.41,1027.94,0.0014
4_20,1081.22,1083.88,0.0014
4_20,971.39,974.28,0.0014
4_20,910.33,952.64,0.0013
4_20,880.71,883.35,0.0013
4_20,1003.03,1008.39,0.0013
4_20,703.57,748.16,0.0013
4_20,1102.74,1105.3,0.0013
4_20,756.98,767.11,0.0012
4_20,865.29,868.07,0.0012
4_20,1029.56,1035.64,0.0011
4_20,691.64,704.11,0.0011
4_20,948.11,950.67,0.0011
4_20,834.81,846.43,0.0011
4_20,999.68,1002.57,0.0011
4_20,1042.38,1048.36,0.001
4_20,751.14,753.54,0.001
21_37,1165.77,1178.22,0.9997
21_37,618.99,644.92,0.9984
21_37,644.92,664.33,0.9984
21_37,715.24,734.64,0.9922
21_37,1154.96,1161.36,0.9918
21_37,900.23,915.02,0.9892
21_37,669.02,717.07,0.989
21_37,777.26,901.08,0.9853
21_37,748.51,776.29,0.9851
21_37,1130.58,1155.51,0.9788
21_37,914.12,1104.72,0.9742
21_37,1103.69,1131.51,0.9687
21_37,1165.77,1178.23,0.1353
21_37,644.94,664.35,0.1347
21_37,900.23,915.01,0.1339
21_37,669.02,717.1,0.1336
21_37,748.52,776.28,0.1335
21_37,1165.78,1178.22,0.0181
21_37,748.5,776.29,0.0175
21_37,1095.6,1140.01,0.0113
21_37,846.38,867.91,0.0102
21_37,784.69,797.71,0.0073
21_37,1148.14,1164.5,0.0058
21_37,791.56,814.23,0.0047
21_37,721.2,733.61,0.0044
21_37,708.19,710.69,0.0038
21_37,1178.12,1183.8,0.0033
21_37,716.82,723.03,0.0032
21_37,642.25,648.15,0.0032
21_37,1086.53,1135.31,0.003
21_37,914.93,939.03,0.0024
21_37,668.8,674.68,0.0024
21_37,1083.88,1086.76,0.0023
21_37,831.89,838.82,0.0021
21_37,857.64,864.27,0.002
21_37,899.45,902.24,0.002
21_37,736.96,743.48,0.0017
21_37,954.46,1008.21,0.0016
21_37,601.8,666.27,0.0016
21_37,785.91,788.44,0.0016
21_37,644.91,646.96,0.0015
21_37,954.07,956.34,0.0015
21_37,881.6,893.86,0.0015
21_37,779.86,782.04,0.0014
21_37,708.83,714.17,0.0014
21_37,902.64,913.91,0.0013
21_37,1060.39,1157.86,0.0013
21_37,1190.64,1196.32,0.0013
21_37,1117.86,1121.04,0.0013
21_37,1139.89,1142.69,0.0013
21_37,888.57,891.82,0.0011
21_37,1170.98,1177.53,0.0011
21_37,1184.26,1190.18,0.0011
21_37,896.09,948.8,0.0011
21_37,1166.44,1168.75,0.0011
21_37,931.18,1058.3,0.001
13_36,974.15,989.34,0.9995
13_36,755.48,881.25,0.9992
13_36,944.94,948.62,0.9936
13_36,748.84,751.73,0.9855
13_36,715.01,734.83,0.9845
13_36,687.25,702.96,0.9812
13_36,928.18,933.79,0.979
13_36,959.31,962.67,0.9614
13_36,914.81,924.04,0.9423
13_36,944.94,948.62,0.1328
13_36,705.18,711.41,0.0325
13_36,967.85,1013.76,0.0217
13_36,944.94,948.62,0.0179
13_36,898.76,910.18,0.0164
13_36,649.14,661.1,0.0104
13_36,1032.69,1039.07,0.0099
13_36,1072.64,1075.57,0.008
13_36,1000.2,1003.02,0.0073
13_36,951.79,957.45,0.0073
13_36,1102.68,1109.62,0.0061
13_36,616.85,622.71,0.0054
13_36,926.25,937.75,0.005
13_36,780.8,783.96,0.0048
13_36,743.69,754.23,0.0041
13_36,711.78,755.98,0.0036
13_36,958.63,963.76,0.0036
13_36,690.11,696.36,0.0035
13_36,823.38,863.87,0.0027
13_36,917.57,923.58,0.0026
13_36,1003.85,1014.57,0.0026
13_36,991.08,994.21,0.0025
13_36,821.68,824.24,0.0024
13_36,882.37,885.13,0.0023
13_36,912.0,914.79,0.0022
13_36,948.55,954.02,0.0022
13_36,1141.22,1162.01,0.0021
13_36,662.33,674.03,0.002
13_36,945.3,966.74,0.0019
13_36,891.7,894.71,0.0019
13_36,632.64,643.92,0.0019
13_36,855.18,857.9,0.0018
13_36,757.16,759.71,0.0017
13_36,857.93,860.63,0.0016
13_36,753.92,765.06,0.0015
13_36,908.15,910.58,0.0014
13_36,845.57,848.35,0.0014
13_36,1012.79,1017.96,0.0014
13_36,1031.83,1122.66,0.0013
13_36,982.74,988.25,0.0012
13_36,1082.98,1088.6,0.0012
13_36,649.24,652.06,0.0012
13_36,617.27,636.09,0.0012
13_36,876.08,967.98,0.0011
13_36,917.86,920.97,0.001
13_36,808.75,829.94,0.001
13_36,622.05,624.88,0.001
13_36,766.31,786.98,0.001
13_36,718.86,731.77,0.001
25_13,762.18,940.57,0.9985
25_13,1146.41,1182.41,0.9977
25_13,689.38,729.26,0.9969
25_13,940.43,942.8,0.9965
25_13,1037.42,1047.24,0.9959
25_13,1069.35,1070.96,0.9921
25_13,1182.63,1228.8,0.9915
25_13,1053.12,1063.83,0.9904
25_13,680.22,682.45,0.9868
25_13,942.92,979.18,0.9865
25_13,980.27,981.87,0.984
25_13,733.18,739.24,0.9834
25_13,1029.06,1030.51,0.9746
25_13,983.93,1028.12,0.974
25_13,752.08,758.5,0.9705
25_13,1078.32,1146.15,0.97
25_13,652.21,669.31,0.9555
25_13,1037.42,1047.23,0.1354
25_13,940.42,942.8,0.1349
25_13,680.22,682.45,0.1339
25_13,980.27,981.87,0.1334
25_13,942.94,979.17,0.1331
25_13,1182.69,1228.8,0.1327
25_13,1069.35,1070.96,0.1319
25_13,1146.44,1182.42,0.1311
25_13,768.04,792.08,0.0248
25_13,846.4,861.16,0.0208
25_13,779.98,782.97,0.0198
25_13,819.42,842.88,0.019
25_13,1066.96,1069.5,0.0179
25_13,838.53,840.75,0.0154
25_13,900.74,926.95,0.0134
25_13,743.76,749.25,0.0123
25_13,1119.47,1121.64,0.0111
25_13,731.56,740.8,0.0107
25_13,822.38,828.49,0.0104
25_13,1144.77,1147.43,0.0101
25_13,685.19,687.84,0.009
25_13,751.68,754.45,0.0088
25_13,929.26,932.09,0.0081
25_13,1029.5,1069.23,0.0072
25_13,1081.55,1102.99,0.0064
25_13,1028.05,1037.76,0.0059
25_13,672.6,742.49,0.0058
25_13,928.24,940.38,0.0056
25_13,1071.23,1077.23,0.0054
25_13,1027.45,1028.96,0.0052
25_13,623.72,646.32,0.0043
25_13,938.03,940.05,0.0042
25_13,969.31,1045.36,0.0041
25_13,801.75,804.42,0.0041
25_13,760.72,807.48,0.0036
25_13,634.6,637.02,0.0035
25_13,1030.63,1032.6,0.0034
25_13,836.58,838.75,0.0032
25_13,940.69,964.83,0.0032
25_13,1054.19,1064.57,0.0032
25_13,1103.03,1108.92,0.0031
25_13,1146.09,1173.14,0.003
25_13,1064.73,1067.06,0.0028
25_13,777.15,863.48,0.0028
25_13,1084.82,1131.48,0.0028
25_13,1073.12,1076.32,0.0027
25_13,648.7,655.13,0.0026
25_13,691.16,696.05,0.0025
25_13,984.1,1005.62,0.0024
25_13,727.23,732.51,0.0021
25_13,1143.21,1148.43,0.002
25_13,772.77,785.04,0.0019
25_13,821.15,823.64,0.0019
25_13,1094.51,1100.89,0.0018
25_13,891.4,939.51,0.0017
25_13,1183.22,1192.81,0.0017
25_13,784.42,786.81,0.0017
25_13,777.33,779.88,0.0016
25_13,791.06,813.07,0.0015
25_13,1028.01,1030.89,0.0015
25_13,1000.85,1006.49,0.0015
25_13,682.15,687.55,0.0013
25_13,615.25,651.47,0.0013
25_13,1207.59,1228.8,0.0012
25_13,863.65,877.26,0.0012
25_13,632.16,637.78,0.0011
25_13,1078.32,1089.82,0.0011
25_13,1190.15,1199.68,0.0011
25_13,782.17,788.51,0.0011
25_13,803.87,810.88,0.001
25_13,960.2,966.21,0.001
25_13,754.85,757.76,0.001
9_8,652.72,665.49,0.9976
9_8,900.13,911.03,0.9961
9_8,739.76,752.07,0.996
9_8,709.98,732.66,0.9958
9_8,813.08,833.46,0.9938
9_8,753.95,767.67,0.9923
9_8,617.72,653.19,0.9916
9_8,891.63,900.61,0.9911
9_8,833.94,891.58,0.9821
9_8,673.02,707.1,0.9731
9_8,776.19,812.11,0.9708
9_8,652.72,665.48,0.1346
9_8,739.76,752.08,0.1341
9_8,900.13,911.03,0.1338
9_8,833.88,891.6,0.1328
9_8,753.97,767.66,0.1322
9_8,617.71,653.2,0.1297
9_8,753.96,767.67,0.0179
9_8,833.92,891.57,0.0174
9_8,620.92,632.98,0.0166
9_8,1112.6,1115.52,0.0155
9_8,833.95,836.76,0.0136
9_8,1063.73,1074.63,0.0083
9_8,879.29,891.15,0.0072
9_8,614.47,616.61,0.0071
9_8,817.39,830.31,0.007
9_8,967.62,973.72,0.0056
9_8,676.39,682.33,0.0052
9_8,983.98,989.38,0.005
9_8,1001.52,1008.29,0.005
9_8,1093.84,1099.33,0.0049
9_8,843.41,846.26,0.0049
9_8,616.59,622.53,0.0048
9_8,1036.89,1080.52,0.0047
9_8,1129.0,1134.45,0.0043
9_8,867.3,889.19,0.0043
9_8,989.33,994.67,0.0036
9_8,1107.9,1119.7,0.0032
9_8,1102.19,1104.76,0.0031
9_8,828.26,834.09,0.0031
9_8,652.03,657.9,0.0029
9_8,745.78,748.66,0.0029
9_8,848.38,854.4,0.0029
9_8,696.63,707.0,0.0028
9_8,1146.84,1152.72,0.0027
9_8,1034.65,1056.56,0.0024
9_8,840.21,859.47,0.0023
9_8,1107.4,1110.3,0.0022
9_8,899.23,979.81,0.0022
9_8,1116.38,1127.86,0.0022
9_8,769.5,775.46,0.0022
9_8,881.03,887.08,0.0021
9_8,667.78,680.32,0.002
9_8,863.6,866.38,0.0019
9_8,679.81,685.63,0.0019
9_8,901.5,907.59,0.0019
9_8,1040.12,1046.23,0.0017
9_8,898.54,901.0,0.0016
9_8,619.2,644.32,0.0015
9_8,729.08,734.81,0.0015
9_8,721.82,724.61,0.0014
9_8,684.96,696.97,0.0014
9_8,974.48,977.22,0.0013
9_8,951.5,956.32,0.0013
9_8,1127.52,1151.41,0.0013
9_8,782.98,804.98,0.0012
9_8,746.58,749.74,0.0012
9_8,735.64,738.48,0.0012
9_8,896.42,899.14,0.0012
9_8,1094.96,1106.92,0.0012
9_8,771.94,774.69,0.0011
9_8,803.0,805.7,0.0011
9_8,1013.4,1019.64,0.0011
9_8,853.25,855.66,0.001
9_8,689.56,692.75,0.001
9_8,621.6,628.36,0.001
28_24,619.18,670.71,0.9989
28_24,731.4,803.39,0.9977
28_24,901.77,988.54,0.9947
28_24,1108.19,1131.52,0.9939
28_24,1033.52,1056.44,0.9924
28_24,670.79,722.54,0.9923
28_24,803.52,842.25,0.9917
28_24,1153.3,1179.47,0.989
28_24,722.58,731.46,0.989
28_24,847.48,901.49,0.989
28_24,1028.73,1033.54,0.9881
28_24,1020.77,1028.73,0.9838
28_24,1056.46,1095.87,0.9756
28_24,1131.53,1153.33,0.9752
28_24,1095.88,1108.18,0.9644
28_24,995.32,1020.77,0.9623
28_24,1158.46,1179.46,0.2707
28_24,901.61,988.6,0.1357
28_24,670.71,722.53,0.1352
28_24,1108.16,1131.5,0.1349
28_24,847.5,901.55,0.1345
28_24,619.13,670.72,0.1343
28_24,1028.74,1033.54,0.1339
28_24,803.47,842.18,0.1337
28_24,1020.77,1028.75,0.1273
28_24,1095.88,1108.18,0.1266
28_24,1153.32,1179.44,0.0371
28_24,1180.71,1183.11,0.0215
28_24,948.7,972.45,0.0071
28_24,1057.09,1078.44,0.0068
28_24,1031.39,1054.96,0.0044
28_24,645.89,728.48,0.0041
28_24,1007.23,1020.1,0.0036
28_24,669.85,674.54,0.0034
28_24,832.23,844.59,0.0031
28_24,1145.88,1151.73,0.003
28_24,857.52,881.6,0.0028
28_24,976.08,989.3,0.0027
28_24,734.76,784.04,0.0025
28_24,644.89,648.09,0.0021
28_24,721.48,731.05,0.002
28_24,778.8,801.54,0.0019
28_24,1131.74,1143.32,0.0018
28_24,980.52,1019.25,0.0018
28_24,672.53,684.44,0.0018
28_24,855.84,858.32,0.0017
28_24,654.17,668.88,0.0016
28_24,1152.94,1158.85,0.0015
28_24,890.81,897.18,0.0014
28_24,836.39,842.65,0.0014
28_24,1142.02,1152.49,0.0013
28_24,953.93,973.51,0.0012
28_24,845.9,857.34,0.0012
28_24,1029.85,1032.91,0.0012
28_24,1033.02,1038.83,0.0011
13_24,857.6,868.8,0.9986
13_24,725.72,794.85,0.9981
13_24,811.01,820.21,0.998
13_24,904.89,914.64,0.9975
13_24,708.64,719.35,0.9975
13_24,821.73,838.36,0.9969
13_24,845.35,853.72,0.9946
13_24,681.3,704.94,0.9923
13_24,644.71,656.89,0.9786
13_24,893.06,902.68,0.972
13_24,863.87,869.04,0.6788
13_24,904.89,914.63,0.1355
13_24,821.73,838.36,0.1349
13_24,708.64,719.36,0.1347
13_24,811.02,820.21,0.1334
13_24,681.31,704.93,0.1332
13_24,725.68,794.87,0.1328
13_24,857.6,868.79,0.0929
13_24,863.87,869.04,0.0629
13_24,993.79,996.25,0.0263
13_24,821.73,838.37,0.018
13_24,949.57,961.45,0.0141
13_24,777.88,788.28,0.0118
13_24,857.6,868.8,0.0087
13_24,1134.0,1136.94,0.0085
13_24,868.53,877.82,0.0081
13_24,1064.25,1074.15,0.008
13_24,738.68,750.33,0.0079
13_24,1136.01,1139.1,0.0074
13_24,977.22,982.92,0.0065
13_24,903.82,906.4,0.0057
13_24,784.16,787.01,0.0057
13_24,623.14,634.95,0.0056
13_24,840.38,857.59,0.0054
13_24,1024.77,1036.22,0.0053
13_24,916.38,919.26,0.005
13_24,1046.27,1087.94,0.0045
13_24,1117.91,1124.41,0.0045
13_24,900.85,918.42,0.0045
13_24,719.76,738.3,0.0042
13_24,813.03,818.74,0.0042
13_24,869.37,889.52,0.0042
13_24,1008.56,1011.82,0.004
13_24,822.85,828.69,0.004
13_24,971.61,974.11,0.0039
13_24,989.81,992.4,0.0036
13_24,800.72,811.8,0.0036
13_24,1004.12,1009.61,0.0032
13_24,762.92,773.2,0.0028
13_24,1102.61,1105.19,0.0028
13_24,664.19,683.13,0.0028
13_24,882.87,887.98,0.0027
13_24,972.41,977.59,0.0027
13_24,899.79,944.31,0.0027
13_24,1054.59,1065.94,0.0026
13_24,906.4,911.95,0.0023
13_24,732.14,770.93,0.0023
13_24,865.88,868.38,0.0021
13_24,1021.16,1098.66,0.0021
13_24,672.3,678.2,0.0019
13_24,1079.82,1085.6,0.0017
13_24,669.25,671.84,0.0017
13_24,927.85,931.2,0.0014
13_24,1117.26,1155.51,0.0014
13_24,761.79,767.61,0.0014
13_24,739.6,741.85,0.0014
13_24,1088.7,1091.49,0.0013
13_24,977.58,989.4,0.0013
13_24,969.13,972.25,0.0013
13_24,841.59,844.55,0.0012
13_24,1062.67,1065.63,0.0012
13_24,794.86,797.55,0.0012
13_24,631.93,634.28,0.0011
13_24,909.48,912.33,0.0011
13_24,831.72,834.47,0.0011
13_24,1092.38,1095.3,0.0011
13_24,1149.31,1154.71,0.0011
13_24,1122.69,1127.94,0.0011
13_24,920.56,931.54,0.0011
13_24,1016.71,1027.29,0.001
13_24,803.28,806.26,0.001
21_25,714.86,737.11,0.9996
21_25,1004.55,1021.81,0.9984
21_25,1025.01,1038.1,0.9977
21_25,745.34,754.53,0.9934
21_25,1048.68,1057.29,0.9916
21_25,634.7,645.3,0.9908
21_25,797.11,874.29,0.9908
21_25,650.3,666.44,0.9895
21_25,1038.51,1043.56,0.988
21_25,896.67,974.62,0.9871
21_25,876.4,889.74,0.9865
21_25,976.9,1001.87,0.9832
21_25,681.18,693.44,0.9822
21_25,768.86,784.44,0.9545
21_25,1004.56,1021.82,0.1353
21_25,1048.67,1057.28,0.1348
21_25,745.34,754.52,0.134
21_25,650.31,666.44,0.134
21_25,1025.01,1038.09,0.1294
21_25,857.04,867.4,0.0162
21_25,897.14,903.29,0.0102
21_25,910.05,912.97,0.0094
21_25,906.74,909.63,0.0069
21_25,1051.2,1141.92,0.0064
21_25,754.15,765.21,0.0064
21_25,693.16,714.53,0.0057
21_25,1137.21,1222.32,0.0056
21_25,1145.16,1155.65,0.0053
21_25,908.39,913.81,0.0044
21_25,666.24,677.67,0.0042
21_25,652.03,654.56,0.0042
21_25,745.53,748.11,0.0035
21_25,882.65,888.16,0.0033
21_25,768.85,790.99,0.0031
21_25,968.16,973.52,0.0026
21_25,1056.74,1059.57,0.0025
21_25,959.46,962.72,0.0024
21_25,989.75,996.36,0.0024
21_25,630.14,635.22,0.002
21_25,1029.32,1031.61,0.002
21_25,1006.65,1019.42,0.0019
21_25,706.35,793.49,0.0017
21_25,864.8,876.26,0.0016
21_25,794.79,800.68,0.0016
21_25,1097.71,1103.03,0.0016
21_25,1138.14,1141.45,0.0016
21_25,633.98,651.11,0.0015
21_25,1021.63,1038.23,0.0015
21_25,916.55,961.82,0.0014
21_25,679.22,702.4,0.0014
21_25,1113.09,1119.01,0.0013
21_25,1058.57,1063.69,0.0013
21_25,623.21,635.23,0.0013
21_25,719.66,730.99,0.0012
21_25,807.95,829.99,0.0012
21_25,843.24,863.89,0.0012
21_25,649.55,661.83,0.0012
21_25,1038.08,1043.2,0.0011
21_25,1127.95,1133.89,0.0011
21_25,1139.8,1142.74,0.0011
21_25,738.69,757.05,0.001
21_25,655.29,657.78,0.001
4_44,933.0,936.64,0.9994
4_44,664.62,668.53,0.9993
4_44,625.38,630.4,0.9983
4_44,698.26,704.77,0.9972
4_44,644.22,652.32,0.9945
4_44,689.07,698.66,0.9944
4_44,672.08,684.65,0.9939
4_44,926.72,929.29,0.9936
4_44,885.91,903.18,0.9933
4_44,630.4,632.67,0.9924
4_44,749.01,850.79,0.9881
4_44,915.34,920.19,0.988
4_44,733.29,735.29,0.9782
4_44,857.66,859.82,0.9724
4_44,710.53,718.77,0.9606
4_44,743.88,746.82,0.9515
4_44,885.91,903.16,0.1347
4_44,933.0,936.64,0.1347
4_44,698.26,704.77,0.1346
4_44,625.39,630.4,0.1344
4_44,915.35,920.19,0.1307
4_44,743.88,746.82,0.1279
4_44,910.27,915.9,0.0191
4_44,933.0,936.64,0.018
4_44,936.3,939.18,0.0178
4_44,684.31,687.34,0.0116
4_44,707.86,711.03,0.0107
4_44,718.03,724.1,0.0102
4_44,734.78,737.5,0.0102
4_44,806.67,811.93,0.0076
4_44,991.93,1036.77,0.0071
4_44,1133.53,1145.04,0.0065
4_44,880.15,883.21,0.0061
4_44,1020.51,1095.37,0.0057
4_44,616.02,621.44,0.0047
4_44,951.8,963.62,0.004
4_44,1113.7,1120.15,0.004
4_44,683.66,753.41,0.0039
4_44,936.56,942.57,0.0037
4_44,641.7,664.07,0.0036
4_44,919.63,925.71,0.0035
4_44,884.77,890.28,0.0034
4_44,945.18,951.26,0.0034
4_44,927.0,929.72,0.003
4_44,797.18,802.58,0.0028
4_44,690.1,698.95,0.0028
4_44,673.38,675.86,0.0028
4_44,630.33,636.44,0.0023
4_44,732.86,735.28,0.0023
4_44,666.55,668.45,0.0022
4_44,697.77,709.44,0.0021
4_44,1086.67,1097.96,0.0021
4_44,615.22,625.66,0.002
4_44,635.23,640.5,0.002
4_44,701.71,704.41,0.0018
4_44,988.03,993.57,0.0018
4_44,741.53,744.3,0.0018
4_44,754.66,797.65,0.0017
4_44,688.41,693.97,0.0016
4_44,859.47,862.3,0.0016
4_44,772.59,775.22,0.0016
4_44,735.09,737.93,0.0016
4_44,658.12,668.67,0.0016
4_44,708.47,733.3,0.0016
4_44,644.42,650.8,0.0015
4_44,668.32,673.72,0.0014
4_44,826.46,837.17,0.0013
4_44,652.34,657.68,0.0013
4_44,673.17,679.22,0.0013
4_44,720.16,723.22,0.0012
4_44,1125.93,1129.03,0.0012
4_44,961.8,964.7,0.0012
4_44,900.69,903.36,0.0012
4_44,938.71,945.13,0.0012
4_44,782.29,787.76,0.0012
4_44,951.5,957.55,0.0012
4_44,929.23,932.09,0.0012
4_44,742.92,754.27,0.0011
4_44,876.92,882.97,0.0011
4_44,912.76,915.54,0.0011
4_44,1011.72,1016.96,0.001
5_42,847.27,858.33,0.9998
5_42,617.3,655.14,0.9988
5_42,691.95,699.69,0.9985
5_42,871.72,881.4,0.9961
5_42,858.77,871.26,0.9961
5_42,714.62,755.31,0.9954
5_42,825.81,846.23,0.9926
5_42,881.63,947.49,0.9926
5_42,758.38,789.04,0.9893
5_42,659.32,682.88,0.988
5_42,963.74,972.97,0.9868
5_42,807.64,824.85,0.986
5_42,701.07,711.15,0.9852
5_42,682.99,691.17,0.9831
5_42,912.4,962.57,0.659
5_42,617.3,655.19,0.1357
5_42,758.4,789.03,0.1343
5_42,858.77,871.26,0.134
5_42,807.65,824.85,0.1335
5_42,659.32,682.92,0.133
5_42,881.7,947.42,0.0928
5_42,758.38,789.06,0.0179
5_42,815.2,885.0,0.0116
5_42,738.61,751.0,0.0114
5_42,964.4,970.82,0.008
5_42,788.17,808.19,0.0074
5_42,826.94,829.7,0.0074
5_42,714.34,737.09,0.0059
5_42,1006.13,1008.97,0.005
5_42,880.31,890.42,0.0047
5_42,918.52,924.43,0.0042
5_42,1039.24,1045.16,0.0037
5_42,658.63,663.88,0.0036
5_42,820.54,823.37,0.0034
5_42,684.01,686.47,0.0033
5_42,644.69,650.44,0.0032
5_42,670.75,675.9,0.0029
5_42,775.45,786.23,0.0025
5_42,1016.64,1101.06,0.0024
5_42,1104.29,1114.61,0.0023
5_42,790.05,801.22,0.0022
5_42,648.98,654.78,0.0022
5_42,923.48,926.43,0.002
5_42,751.28,756.47,0.0019
5_42,1022.9,1033.82,0.0018
5_42,1128.24,1150.39,0.0017
5_42,951.81,957.81,0.0017
5_42,940.97,947.05,0.0016
5_42,962.14,972.13,0.0016
5_42,925.83,928.34,0.0016
5_42,1122.28,1128.17,0.0015
5_42,979.61,991.29,0.0015
5_42,719.85,758.81,0.0015
5_42,944.54,953.45,0.0015
5_42,1012.48,1018.33,0.0014
5_42,643.99,646.84,0.0014
5_42,848.17,851.2,0.0014
5_42,812.98,824.69,0.0014
5_42,667.29,672.55,0.0014
5_42,672.19,674.91,0.0014
5_42,1071.41,1083.28,0.0014
5_42,614.63,617.43,0.0013
5_42,757.94,769.46,0.0013
5_42,684.4,707.27,0.0013
5_42,988.56,1009.87,0.0012
5_42,839.8,845.15,0.0011
5_42,660.49,663.32,0.0011
5_42,1063.58,1069.7,0.0011
5_42,1115.73,1121.76,0.0011
5_42,1150.16,1152.78,0.0011
5_42,1136.15,1146.78,0.001
5_42,824.31,843.21,0.001
5_42,654.34,657.54,0.001
18_27,934.41,947.04,0.9984
18_27,868.52,886.49,0.9979
18_27,677.23,692.37,0.9967
18_27,617.11,626.76,0.9953
18_27,850.25,858.79,0.9947
18_27,694.46,716.41,0.9917
18_27,960.53,962.67,0.9913
18_27,718.77,846.95,0.9904
18_27,627.35,639.18,0.9897
18_27,891.18,897.62,0.9886
18_27,643.25,674.17,0.9786
18_27,898.16,961.08,0.9037
18_27,677.24,692.36,0.1357
18_27,617.12,626.76,0.1352
18_27,868.53,886.48,0.134
18_27,850.24,858.79,0.134
18_27,891.18,897.62,0.1332
18_27,694.47,716.4,0.1327
18_27,934.4,947.05,0.1242
18_27,898.11,961.02,0.1134
18_27,677.23,692.36,0.0184
18_27,898.15,961.06,0.0153
18_27,679.97,683.0,0.0083
18_27,711.83,731.52,0.0053
18_27,860.3,896.88,0.005
18_27,699.64,712.52,0.0047
18_27,944.47,961.76,0.0045
18_27,1050.85,1061.05,0.0042
18_27,962.62,965.06,0.0042
18_27,901.41,924.17,0.0042
18_27,1072.7,1094.51,0.0041
18_27,859.96,865.44,0.0039
18_27,958.98,1029.53,0.0038
18_27,1077.93,1121.65,0.0032
18_27,1019.55,1022.18,0.0032
18_27,850.6,856.31,0.0032
18_27,887.17,897.83,0.0026
18_27,1147.75,1153.98,0.0025
18_27,821.95,833.51,0.0023
18_27,983.74,1005.77,0.0022
18_27,728.23,748.16,0.0021
18_27,1062.9,1068.47,0.0019
18_27,1115.69,1117.99,0.0019
18_27,1091.67,1097.05,0.0019
18_27,857.69,867.35,0.0019
18_27,897.05,901.64,0.0019
18_27,1118.95,1124.7,0.0019
18_27,905.11,910.24,0.0018
18_27,677.75,683.38,0.0017
18_27,839.06,850.23,0.0017
18_27,615.6,638.47,0.0016
18_27,773.36,840.88,0.0014
18_27,869.84,880.68,0.0013
18_27,791.95,794.32,0.0013
18_27,770.6,782.42,0.0013
18_27,972.68,1070.64,0.0012
18_27,958.36,960.54,0.0012
18_27,864.68,869.75,0.0012
18_27,882.25,884.98,0.0011
18_27,1071.48,1077.39,0.0011
18_27,849.38,852.01,0.0011
18_27,921.42,923.81,0.001
18_27,743.94,767.79,0.001
8_44,679.06,700.08,0.9995
8_44,713.95,797.34,0.9994
8_44,703.68,713.9,0.9921
8_44,650.16,676.75,0.9785
8_44,618.25,647.01,0.9664
8_44,679.08,700.09,0.135
8_44,650.16,676.75,0.1312
8_44,814.79,821.02,0.0293
8_44,589.87,638.8,0.0142
8_44,741.21,747.78,0.0133
8_44,700.88,723.74,0.0121
8_44,833.28,836.08,0.0116
8_44,875.0,880.47,0.0093
8_44,818.78,831.6,0.0093
8_44,767.19,772.85,0.0083
8_44,825.47,828.01,0.0072
8_44,859.23,861.71,0.0067
8_44,875.3,916.23,0.0057
8_44,787.82,798.92,0.0057
8_44,856.62,859.59,0.005
8_44,800.34,812.09,0.0049
8_44,748.88,751.84,0.0048
8_44,1001.26,1012.76,0.0044
8_44,961.02,972.51,0.0038
8_44,685.22,697.31,0.0034
8_44,640.77,677.74,0.0033
8_44,759.06,769.09,0.0033
8_44,773.02,775.93,0.0031
8_44,821.35,824.38,0.0029
8_44,615.01,617.82,0.0028
8_44,799.68,876.02,0.0027
8_44,804.06,806.7,0.0025
8_44,720.05,804.88,0.0025
8_44,843.19,855.27,0.0022
8_44,774.68,780.58,0.002
8_44,730.87,733.44,0.002
8_44,901.36,904.29,0.0018
8_44,674.31,707.68,0.0016
8_44,936.42,957.0,0.0016
8_44,837.18,848.02,0.0015
8_44,610.85,617.82,0.0015
8_44,895.5,905.63,0.0015
8_44,664.59,667.43,0.0015
8_44,1005.39,1008.46,0.0013
8_44,851.65,854.19,0.0013
8_44,628.02,640.28,0.0012
8_44,713.54,719.83,0.0012
8_44,1011.72,1014.08,0.0011
8_44,881.35,884.06,0.001
8_44,858.84,864.84,0.001
8_44,733.54,738.68,0.001
16_3,618.0,661.53,0.5892
16_3,1113.72,1206.12,0.4357
16_3,943.01,1034.01,0.4242
16_3,685.62,778.69,0.4057
16_3,775.13,862.43,0.3984
16_3,866.28,937.65,0.3856
16_3,1041.49,1077.44,0.3059
16_3,1208.11,1228.8,0.2993
16_3,642.83,682.76,0.2597
16_3,1018.97,1044.61,0.2512
16_3,1081.69,1120.07,0.2482
16_3,1064.18,1085.61,0.2035
16_3,677.74,688.13,0.1889
16_3,667.64,679.65,0.1724
16_3,1031.82,1057.45,0.1501
16_3,1077.59,1101.11,0.1349
16_3,865.29,911.76,0.1187
16_3,673.15,765.7,0.1165
16_3,791.02,870.93,0.1158
16_3,932.53,1019.58,0.1126
16_3,1101.02,1196.6,0.111
16_3,641.46,662.0,0.101
16_3,687.16,692.75,0.0998
16_3,1093.76,1117.5,0.0989
16_3,655.09,676.42,0.0927
16_3,1228.0,1228.8,0.0924
16_3,898.85,942.28,0.0807
16_3,1043.56,1064.8,0.0803
16_3,945.05,966.38,0.079
16_3,681.45,687.83,0.0717
16_3,1200.17,1228.8,0.0631
16_3,1055.22,1078.27,0.0594
16_3,859.74,881.94,0.0571
16_3,616.27,653.68,0.0542
16_3,933.06,952.48,0.0534
16_3,1088.03,1097.56,0.053
16_3,764.35,849.33,0.0509
16_3,1014.95,1050.7,0.048
16_3,1104.87,1130.47,0.0472
16_3,1067.7,1090.47,0.0457
16_3,735.67,757.59,0.0433
16_3,674.4,680.04,0.0426
16_3,1001.0,1020.63,0.0421
16_3,915.89,935.57,0.0419
16_3,1126.2,1217.33,0.038
16_3,1092.33,1105.17,0.0378
16_3,849.7,872.66,0.036
16_3,1119.4,1142.9,0.0354
16_3,680.58,692.92,0.0346
16_3,669.93,676.18,0.0335
16_3,1223.92,1228.8,0.0331
16_3,695.03,790.59,0.0325
16_3,881.46,926.93,0.0316
16_3,943.05,949.31,0.0285
16_3,683.89,686.7,0.0276
16_3,1057.59,1067.94,0.0275
16_3,662.93,683.63,0.027
16_3,1168.98,1193.98,0.0267
16_3,686.03,688.92,0.0266
16_3,952.15,976.78,0.0259
16_3,623.37,669.6,0.0255
16_3,688.6,691.57,0.0252
16_3,868.55,889.67,0.025
16_3,967.98,1011.47,0.0246
16_3,1023.04,1028.92,0.0245
16_3,762.35,807.44,0.0241
16_3,1076.11,1087.17,0.0231
16_3,1042.16,1052.92,0.0225
16_3,747.67,772.12,0.0217
16_3,1100.72,1114.24,0.0209
16_3,845.18,862.79,0.0203
16_3,690.29,693.11,0.0197
16_3,1050.16,1133.36,0.0196
16_3,1025.64,1047.81,0.0191
16_3,950.5,961.57,0.0185
16_3,663.73,746.7,0.0179
16_3,1005.39,1025.01,0.0173
16_3,897.26,918.99,0.0169
16_3,675.35,678.32,0.0162
16_3,1193.47,1213.65,0.0159
16_3,926.71,968.73,0.0158
16_3,1221.07,1228.8,0.0153
16_3,825.89,846.72,0.0147
16_3,650.54,673.38,0.0145
16_3,1069.34,1080.74,0.0143
16_3,940.99,946.67,0.0133
16_3,639.02,658.22,0.013
16_3,1079.89,1085.62,0.0129
16_3,676.27,682.41,0.0128
16_3,1135.59,1183.59,0.0126
16_3,618.17,643.03,0.0125
16_3,1120.5,1126.3,0.0123
16_3,804.66,891.88,0.0122
16_3,868.19,877.47,0.0117
16_3,1175.94,1187.53,0.0117
16_3,1095.5,1106.84,0.0115
16_3,1109.36,1112.64,0.0115
16_3,1063.11,1075.18,0.0113
16_3,672.75,675.62,0.0113
16_3,957.68,1045.3,0.0112
16_3,666.69,672.99,0.0109
16_3,679.81,685.7,0.0107
16_3,962.55,967.9,0.0106
16_3,945.4,950.86,0.0104
16_3,756.4,759.23,0.0103
16_3,904.29,930.1,0.0102
16_3,1052.01,1064.46,0.0102
16_3,1203.96,1227.23,0.0097
16_3,1105.02,1108.26,0.0094
16_3,773.6,795.84,0.0094
16_3,1089.14,1099.9,0.0094
16_3,685.51,688.34,0.0093
16_3,950.05,955.02,0.0093
16_3,1015.68,1028.37,0.0091
16_3,922.08,946.5,0.0087
16_3,1029.46,1035.52,0.0085
16_3,1104.13,1150.51,0.0084
16_3,737.72,779.16,0.0083
16_3,687.57,690.64,0.0082
16_3,1227.18,1228.8,0.0081
16_3,991.06,1013.17,0.0079
16_3,1079.71,1091.27,0.0075
16_3,676.7,697.49,0.0075
16_3,1059.47,1065.39,0.0074
16_3,1039.27,1060.84,0.0071
16_3,1226.73,1228.8,0.0069
16_3,1198.18,1208.35,0.0068
16_3,854.46,865.03,0.0067
16_3,1137.21,1150.21,0.0067
16_3,746.68,758.72,0.0066
16_3,1106.63,1120.64,0.0065
16_3,953.93,959.72,0.0064
16_3,1126.08,1133.13,0.0062
16_3,1032.29,1044.77,0.0061
16_3,861.39,900.86,0.0061
16_3,673.68,676.56,0.0061
16_3,942.3,945.59,0.006
16_3,958.24,964.14,0.006
16_3,832.97,856.6,0.006
16_3,658.18,668.89,0.0059
16_3,963.21,984.29,0.0058
16_3,1121.33,1124.17,0.0057
16_3,843.43,846.23,0.0057
16_3,1176.76,1228.8,0.0055
16_3,1107.79,1110.87,0.0052
16_3,902.0,914.97,0.0052
16_3,964.94,970.34,0.005
16_3,1115.7,1122.29,0.0049
16_3,1144.36,1170.0,0.0049
16_3,670.58,673.54,0.0048
16_3,759.54,784.95,0.0048
16_3,625.26,646.68,0.0048
16_3,916.42,927.3,0.0047
16_3,1094.88,1100.61,0.0047
16_3,1014.05,1019.44,0.0047
16_3,1020.05,1032.26,0.0046
16_3,689.91,692.52,0.0046
16_3,1100.75,1107.05,0.0046
16_3,1063.85,1069.75,0.0045
16_3,718.05,763.13,0.0045
16_3,1222.96,1228.38,0.0044
16_3,1026.0,1093.4,0.0044
16_3,874.06,953.21,0.0044
16_3,1161.38,1185.45,0.0044
16_3,1198.69,1201.56,0.0044
16_3,676.43,679.3,0.0043
16_3,587.99,635.71,0.0043
16_3,755.35,761.42,0.004
16_3,684.34,687.25,0.004
16_3,954.0,956.49,0.0039
16_3,862.2,873.32,0.0039
16_3,1184.96,1195.32,0.0039
16_3,1044.15,1050.8,0.0038
16_3,933.02,935.8,0.0038
16_3,1010.35,1016.23,0.0038
16_3,687.27,699.5,0.0037
16_3,733.56,738.63,0.0036
16_3,964.4,967.23,0.0036
16_3,641.95,648.44,0.0035
16_3,1116.39,1138.68,0.0035
16_3,1051.53,1054.02,0.0034
16_3,943.71,946.43,0.0034
16_3,1074.62,1079.98,0.0034
16_3,1106.31,1109.27,0.0034
16_3,939.93,942.65,0.0034
16_3,770.79,817.76,0.0033
16_3,1083.44,1096.69,0.0033
16_3,996.76,1007.77,0.0033
16_3,1212.79,1228.8,0.0031
16_3,1079.4,1084.39,0.0031
16_3,668.28,671.45,0.0031
16_3,943.33,955.48,0.003
16_3,678.45,681.38,0.003
16_3,1041.15,1047.08,0.003
16_3,639.49,730.87,0.0029
16_3,911.8,922.85,0.0029
16_3,893.79,907.19,0.0029
16_3,1022.13,1028.0,0.0029
16_3,1111.66,1117.98,0.0029
16_3,1131.48,1156.77,0.0028
16_3,919.87,1006.37,0.0028
16_3,738.06,744.53,0.0027
16_3,1122.21,1125.32,0.0027
16_3,1094.55,1097.4,0.0026
16_3,848.61,858.73,0.0026
16_3,1065.73,1068.58,0.0026
16_3,871.5,877.36,0.0026
16_3,1028.56,1041.24,0.0025
16_3,1100.02,1103.05,0.0025
16_3,933.66,943.99,0.0024
16_3,1004.51,1007.03,0.0024
16_3,979.28,992.48,0.0024
16_3,840.2,845.11,0.0023
16_3,946.8,949.72,0.0023
16_3,671.43,674.64,0.0023
16_3,1124.38,1130.64,0.0023
16_3,757.36,760.44,0.0023
16_3,1061.24,1110.25,0.0023
16_3,916.86,919.95,0.0023
16_3,956.16,967.49,0.0023
16_3,686.46,689.23,0.0023
16_3,690.74,693.68,0.0023
16_3,927.51,934.51,0.0023
16_3,1187.49,1190.39,0.0023
16_3,952.13,954.94,0.0022
16_3,1171.35,1183.98,0.0022
16_3,1050.92,1061.01,0.0022
16_3,751.91,758.35,0.0022
16_3,822.13,864.39,0.0021
16_3,740.67,752.74,0.0021
16_3,674.82,677.68,0.0021
16_3,1139.27,1145.64,0.0021
16_3,1184.9,1224.07,0.002
16_3,1026.93,1029.61,0.002
16_3,1108.13,1114.87,0.002
16_3,959.18,961.87,0.002
16_3,1181.76,1188.17,0.002
16_3,1003.99,1014.62,0.002
16_3,666.7,689.41,0.002
16_3,643.89,656.73,0.0019
16_3,787.93,836.38,0.0019
16_3,887.07,900.35,0.0019
16_3,966.44,979.67,0.0019
16_3,944.64,947.66,0.0019
16_3,869.22,874.07,0.0018
16_3,758.97,775.73,0.0018
16_3,1192.66,1198.39,0.0017
16_3,682.55,685.85,0.0017
16_3,1018.1,1023.58,0.0017
16_3,1084.24,1179.51,0.0017
16_3,1104.03,1110.64,0.0016
16_3,1089.05,1091.5,0.0016
16_3,1215.35,1228.8,0.0016
16_3,733.71,736.33,0.0016
16_3,839.29,912.89,0.0016
16_3,1011.92,1014.72,0.0016
16_3,1050.02,1055.42,0.0016
16_3,950.11,953.05,0.0015
16_3,900.51,906.67,0.0015
16_3,975.8,982.46,0.0015
16_3,1096.42,1103.52,0.0015
16_3,982.26,1058.56,0.0015
16_3,1119.9,1123.27,0.0015
16_3,955.31,958.35,0.0015
16_3,961.65,964.43,0.0015
16_3,608.0,618.52,0.0014
16_3,1066.67,1078.95,0.0014
16_3,905.22,916.09,0.0014
16_3,701.2,749.3,0.0014
16_3,1009.87,1012.55,0.0014
16_3,688.02,691.12,0.0014
16_3,1128.92,1141.25,0.0014
16_3,919.53,932.16,0.0014
16_3,942.05,944.94,0.0014
16_3,985.46,998.67,0.0014
16_3,1148.71,1155.54,0.0014
16_3,656.41,666.82,0.0014
16_3,1064.7,1067.74,0.0013
16_3,841.62,847.84,0.0013
16_3,755.18,758.37,0.0013
16_3,1161.45,1168.33,0.0013
16_3,1046.31,1052.56,0.0013
16_3,856.04,859.1,0.0013
16_3,1079.65,1082.46,0.0013
16_3,1113.24,1116.16,0.0013
16_3,957.55,960.37,0.0013
16_3,897.01,903.4,0.0012
16_3,827.83,834.1,0.0012
16_3,1109.93,1112.92,0.0012
16_3,690.41,696.35,0.0012
16_3,865.6,885.7,0.0012
16_3,637.68,647.11,0.0012
16_3,1179.85,1182.74,0.0012
16_3,965.54,968.42,0.0012
16_3,1102.89,1106.13,0.0012
16_3,1013.28,1018.16,0.0012
16_3,677.23,683.33,0.0011
16_3,1153.07,1199.4,0.0011
16_3,979.18,985.77,0.0011
16_3,831.9,844.69,0.0011
16_3,1023.14,1026.11,0.0011
16_3,936.66,942.58,0.001
16_3,963.62,966.12,0.001
16_3,1227.35,1228.8,0.001
16_3,931.74,934.91,0.001
10_18,793.6,827.66,0.9998
10_18,841.07,850.14,0.9995
10_18,853.34,863.99,0.9993
10_18,616.79,635.45,0.9987
10_18,660.89,682.07,0.9982
10_18,735.53,754.28,0.9982
10_18,831.15,839.33,0.9981
10_18,771.56,780.05,0.998
10_18,866.34,876.47,0.9979
10_18,641.21,659.98,0.9977
10_18,783.25,785.34,0.9963
10_18,700.75,713.75,0.9954
10_18,714.04,717.31,0.9911
10_18,829.24,831.46,0.99
10_18,827.33,829.33,0.9881
10_18,689.93,700.4,0.9873
10_18,720.77,729.13,0.9871
10_18,682.52,687.0,0.9775
10_18,884.03,890.82,0.9749
10_18,660.93,682.08,0.1356
10_18,700.77,713.75,0.1353
10_18,783.25,785.33,0.1353
10_18,866.34,876.47,0.1352
10_18,641.21,659.98,0.1351
10_18,735.53,754.29,0.1349
10_18,841.06,850.14,0.1348
10_18,771.56,780.05,0.1346
10_18,853.34,863.99,0.1344
10_18,831.15,839.33,0.1343
10_18,1132.94,1145.5,0.0343
10_18,1009.54,1021.6,0.0204
10_18,831.15,839.32,0.0181
10_18,659.03,661.48,0.0167
10_18,763.19,772.35,0.0104
10_18,779.33,782.3,0.0093
10_18,823.31,825.79,0.0086
10_18,1155.15,1177.45,0.0081
10_18,912.75,922.18,0.0075
10_18,850.96,853.71,0.0056
10_18,738.02,744.1,0.0054
10_18,987.47,1009.09,0.0054
10_18,1078.34,1080.9,0.0052
10_18,616.73,629.54,0.0052
10_18,1123.58,1126.07,0.0049
10_18,1158.85,1164.89,0.0047
10_18,1091.45,1094.26,0.0045
10_18,944.48,955.43,0.0045
10_18,909.84,950.41,0.0042
10_18,1022.76,1025.19,0.0041
10_18,1145.34,1148.08,0.0038
10_18,984.84,987.83,0.0037
10_18,980.54,983.21,0.0036
10_18,867.14,873.63,0.0035
10_18,713.59,719.66,0.0034
10_18,1153.48,1159.05,0.0033
10_18,786.5,788.82,0.0033
10_18,880.45,902.96,0.0033
10_18,817.35,823.47,0.0032
10_18,788.49,791.21,0.0028
10_18,1141.48,1160.81,0.0027
10_18,1041.67,1046.72,0.0027
10_18,639.32,641.96,0.0026
10_18,622.3,628.16,0.0026
10_18,644.83,647.99,0.0026
10_18,811.35,816.89,0.0025
10_18,665.68,672.23,0.0025
10_18,901.33,912.34,0.0023
10_18,765.03,770.95,0.0022
10_18,1064.83,1070.66,0.0022
10_18,788.46,831.14,0.0021
10_18,614.76,617.34,0.0021
10_18,1130.02,1135.35,0.0021
10_18,798.1,800.73,0.0021
10_18,1024.31,1029.95,0.002
10_18,727.97,730.26,0.002
10_18,773.41,779.22,0.002
10_18,687.26,690.01,0.002
10_18,1047.99,1050.23,0.002
10_18,897.73,900.85,0.0019
10_18,913.65,919.32,0.0019
10_18,725.19,727.85,0.0019
10_18,922.84,945.32,0.0018
10_18,1112.65,1123.29,0.0018
10_18,736.51,738.66,0.0018
10_18,986.37,998.29,0.0017
10_18,1158.67,1170.67,0.0017
10_18,737.47,747.88,0.0017
10_18,878.07,884.25,0.0017
10_18,974.19,984.34,0.0017
10_18,627.54,630.28,0.0016
10_18,823.92,829.59,0.0016
10_18,695.59,701.57,0.0016
10_18,700.4,722.24,0.0016
10_18,856.49,859.74,0.0016
10_18,876.61,879.16,0.0013
10_18,985.7,1060.66,0.0013
10_18,788.99,794.05,0.0013
10_18,666.21,678.09,0.0013
10_18,1129.8,1132.52,0.0012
10_18,911.38,913.72,0.0012
10_18,835.37,838.36,0.0012
10_18,1093.43,1103.74,0.0011
10_18,1106.28,1128.22,0.0011
10_18,1137.38,1143.1,0.0011
10_18,690.62,696.04,0.0011
10_18,869.86,875.05,0.0011
10_18,819.72,822.74,0.0011
10_18,745.46,747.84,0.0011
10_18,1076.1,1078.66,0.0011
10_18,831.54,836.58,0.001
26_4,733.69,760.19,0.9996
26_4,676.34,686.66,0.9993
26_4,842.28,871.75,0.9992
26_4,990.28,1012.24,0.9988
26_4,1013.15,1018.35,0.9986
26_4,658.21,673.19,0.9985
26_4,877.64,912.99,0.9985
26_4,793.14,813.29,0.9982
26_4,814.94,837.61,0.9981
26_4,615.92,657.98,0.9973
26_4,940.06,989.72,0.9971
26_4,913.16,938.83,0.9962
26_4,766.21,791.04,0.9948
26_4,1043.3,1079.57,0.9945
26_4,1096.52,1105.21,0.9919
26_4,1079.42,1095.73,0.9902
26_4,729.26,730.36,0.9882
26_4,1105.82,1128.26,0.9768
26_4,1012.27,1013.1,0.9649
26_4,690.55,728.83,0.9643
26_4,814.93,837.59,0.1358
26_4,842.26,871.76,0.135
26_4,766.2,791.02,0.1345
26_4,913.14,938.81,0.1345
26_4,676.36,686.67,0.1344
26_4,1043.26,1079.56,0.1344
26_4,990.26,1012.22,0.1343
26_4,733.66,760.18,0.1335
26_4,615.91,657.99,0.1321
26_4,729.26,730.36,0.1314
26_4,871.72,877.47,0.0279
26_4,842.27,871.77,0.0181
26_4,733.68,760.19,0.018
26_4,793.36,796.12,0.0171
26_4,964.67,970.4,0.014
26_4,833.78,836.85,0.0082
26_4,986.83,989.5,0.0074
26_4,709.83,715.21,0.0061
26_4,733.48,739.13,0.0056
26_4,721.34,724.09,0.0052
26_4,813.97,825.58,0.0048
26_4,797.64,811.0,0.0038
26_4,977.26,980.2,0.0038
26_4,764.96,767.82,0.0037
26_4,723.93,734.42,0.0035
26_4,1126.12,1128.61,0.0032
26_4,789.59,795.4,0.0032
26_4,940.45,943.46,0.0032
26_4,963.75,969.46,0.003
26_4,1013.53,1018.8,0.003
26_4,1098.86,1133.4,0.0029
26_4,825.76,831.76,0.0028
26_4,715.28,726.81,0.0028
26_4,1043.87,1066.66,0.0028
26_4,958.22,963.95,0.0027
26_4,1106.18,1112.46,0.0027
26_4,933.62,936.18,0.0027
26_4,696.91,718.74,0.0025
26_4,881.17,887.28,0.0023
26_4,1020.63,1043.51,0.0022
26_4,876.63,879.27,0.0022
26_4,969.1,972.21,0.0019
26_4,853.88,865.73,0.0019
26_4,761.74,804.06,0.0019
26_4,1135.79,1228.8,0.0019
26_4,685.88,697.15,0.0019
26_4,903.99,909.72,0.0018
26_4,1009.69,1012.32,0.0018
26_4,846.39,849.73,0.0018
26_4,1094.38,1104.59,0.0017
26_4,824.32,827.06,0.0016
26_4,1086.16,1092.14,0.0016
26_4,815.2,817.79,0.0015
26_4,916.46,922.15,0.0015
26_4,999.75,1010.08,0.0015
26_4,773.31,776.35,0.0015
26_4,663.52,666.51,0.0014
26_4,931.55,1008.68,0.0014
26_4,743.02,754.6,0.0014
26_4,863.97,938.97,0.0014
26_4,1071.52,1081.56,0.0014
26_4,978.49,983.86,0.0013
26_4,940.36,953.06,0.0013
26_4,878.58,881.55,0.0012
26_4,899.86,904.96,0.0012
26_4,891.13,896.86,0.0012
26_4,726.95,732.08,0.0012
26_4,1130.77,1137.03,0.0011
26_4,618.98,630.9,0.0011
26_4,1068.0,1074.13,0.0011
26_4,617.67,620.67,0.0011
26_4,935.62,938.58,0.001
25_40,1075.2,1078.92,0.9983
25_40,874.67,881.07,0.9976
25_40,898.69,934.35,0.9974
25_40,989.54,1030.5,0.9972
25_40,896.0,898.13,0.9967
25_40,783.01,787.73,0.9946
25_40,698.73,726.64,0.9938
25_40,776.78,781.88,0.9937
25_40,981.04,985.53,0.9935
25_40,793.07,794.67,0.9923
25_40,886.39,893.87,0.9918
25_40,793.78,849.17,0.9913
25_40,966.89,977.08,0.9906
25_40,932.95,937.33,0.989
25_40,1033.1,1038.4,0.9873
25_40,1038.95,1074.69,0.9838
25_40,753.02,755.61,0.9777
25_40,763.77,769.96,0.9665
25_40,987.73,988.8,0.9499
25_40,1075.2,1078.92,0.1355
25_40,898.7,934.37,0.135
25_40,698.73,726.61,0.135
25_40,874.66,881.07,0.1348
25_40,793.07,794.67,0.1348
25_40,966.89,977.08,0.1346
25_40,776.79,781.88,0.1346
25_40,886.4,893.87,0.1346
25_40,989.54,1030.51,0.1343
25_40,932.95,937.33,0.1329
25_40,753.02,755.61,0.1326
25_40,820.27,831.76,0.0306
25_40,893.73,896.18,0.0238
25_40,726.32,737.55,0.0194
25_40,1075.2,1078.92,0.0183
25_40,886.39,893.87,0.0182
25_40,698.71,726.63,0.018
25_40,874.66,881.07,0.0175
25_40,900.6,903.26,0.0164
25_40,1072.11,1113.88,0.0144
25_40,784.04,787.03,0.0106
25_40,850.18,860.38,0.0103
25_40,883.61,886.21,0.0094
25_40,1038.94,1045.21,0.0084
25_40,730.52,754.41,0.0081
25_40,722.89,725.54,0.0077
25_40,868.42,874.56,0.0071
25_40,660.7,671.19,0.0064
25_40,893.36,898.77,0.0063
25_40,1109.97,1112.78,0.0061
25_40,1098.01,1100.53,0.006
25_40,754.79,775.21,0.0058
25_40,992.78,995.63,0.0057
25_40,921.37,924.23,0.0056
25_40,737.94,740.57,0.0054
25_40,664.18,698.77,0.0053
25_40,697.6,704.07,0.005
25_40,823.22,830.13,0.0044
25_40,956.51,967.95,0.0043
25_40,796.56,799.08,0.0043
25_40,843.79,880.29,0.0043
25_40,1067.29,1070.07,0.0042
25_40,807.26,818.34,0.004
25_40,1012.91,1015.96,0.0039
25_40,881.77,886.73,0.0039
25_40,936.88,942.58,0.0039
25_40,677.06,679.72,0.0036
25_40,712.82,718.88,0.0035
25_40,1070.08,1075.65,0.0035
25_40,642.22,645.14,0.0033
25_40,944.13,950.39,0.0033
25_40,1016.58,1023.04,0.0032
25_40,935.57,976.18,0.003
25_40,1126.62,1129.5,0.0028
25_40,777.76,780.8,0.0027
25_40,750.19,752.77,0.0026
25_40,1137.26,1143.18,0.0025
25_40,1062.33,1074.83,0.0025
25_40,1081.03,1084.05,0.0024
25_40,888.53,891.71,0.0024
25_40,994.36,996.81,0.0023
25_40,728.58,731.73,0.0022
25_40,614.56,634.21,0.0022
25_40,792.87,803.5,0.0021
25_40,1071.58,1145.22,0.002
25_40,1000.08,1023.07,0.002
25_40,1089.98,1092.48,0.0019
25_40,1085.04,1087.81,0.0018
25_40,804.15,810.44,0.0018
25_40,787.44,790.11,0.0018
25_40,712.01,715.19,0.0017
25_40,673.57,683.98,0.0017
25_40,726.42,761.76,0.0016
25_40,854.13,856.99,0.0016
25_40,614.76,620.25,0.0015
25_40,958.15,964.08,0.0015
25_40,929.24,932.26,0.0015
25_40,950.17,953.09,0.0014
25_40,980.13,990.2,0.0013
25_40,1154.32,1157.24,0.0013
25_40,1095.87,1098.24,0.0013
25_40,1063.66,1069.64,0.0013
25_40,1043.79,1046.87,0.0012
25_40,1119.25,1121.83,0.0012
25_40,969.94,972.7,0.0012
25_40,780.19,790.57,0.0012
25_40,882.23,887.75,0.0012
25_40,1133.61,1136.26,0.0011
25_40,1072.96,1075.29,0.0011
25_40,1097.66,1104.24,0.0011
25_40,807.37,809.88,0.0011
25_40,1080.38,1086.91,0.0011
25_40,824.93,846.42,0.0011
25_40,1129.69,1132.85,0.0011
25_40,1031.14,1052.54,0.0011
25_40,932.51,953.9,0.0011
25_40,690.35,693.15,0.001
2_13,1189.66,1228.8,0.9961
2_13,937.36,1016.15,0.9949
2_13,1028.63,1057.89,0.9921
2_13,922.81,934.08,0.9917
2_13,1176.01,1192.54,0.9908
2_13,1096.16,1115.3,0.9892
2_13,858.64,892.4,0.9878
2_13,623.36,687.52,0.9832
2_13,890.19,925.07,0.9808
2_13,1016.25,1027.5,0.9766
2_13,698.89,838.29,0.9707
2_13,842.9,851.9,0.9685
2_13,1114.16,1176.05,0.9537
2_13,1055.6,1096.2,0.9431
2_13,1028.64,1057.9,0.1342
2_13,1176.0,1192.53,0.1336
2_13,623.39,687.58,0.1331
2_13,1189.56,1228.8,0.133
2_13,890.15,925.06,0.1323
2_13,858.66,892.42,0.1301
2_13,663.13,684.92,0.0184
2_13,1189.62,1228.8,0.0182
2_13,1176.0,1192.54,0.0177
2_13,623.38,687.54,0.0142
2_13,935.86,979.99,0.0103
2_13,1226.18,1228.8,0.0102
2_13,765.56,768.4,0.0098
2_13,937.64,944.48,0.0093
2_13,833.7,843.36,0.0078
2_13,1001.41,1013.23,0.0074
2_13,893.01,903.92,0.0062
2_13,705.18,789.87,0.0049
2_13,918.97,921.87,0.0041
2_13,858.39,884.23,0.0037
2_13,1030.47,1041.97,0.0036
2_13,1119.07,1121.75,0.0033
2_13,1058.82,1063.94,0.0032
2_13,1195.19,1206.69,0.003
2_13,1073.34,1078.83,0.003
2_13,685.6,696.9,0.0029
2_13,933.48,935.59,0.0029
2_13,921.28,938.92,0.0028
2_13,890.85,912.04,0.0025
2_13,1227.37,1228.8,0.0024
2_13,1113.29,1115.8,0.0023
2_13,1203.08,1227.43,0.0023
2_13,842.96,845.7,0.0022
2_13,1111.39,1113.58,0.0022
2_13,813.11,834.66,0.002
2_13,1018.22,1021.32,0.0019
2_13,780.61,787.13,0.0017
2_13,1130.93,1141.73,0.0016
2_13,850.5,856.11,0.0015
2_13,1093.83,1096.14,0.0015
2_13,802.37,814.92,0.0015
2_13,1175.24,1178.05,0.0014
2_13,1144.08,1156.14,0.0014
2_13,616.82,628.79,0.0014
2_13,1172.66,1175.17,0.0013
2_13,1226.54,1228.8,0.0013
2_13,929.93,936.53,0.0013
2_13,1059.74,1061.96,0.0012
2_13,1097.65,1116.26,0.0012
2_13,765.1,778.29,0.0012
2_13,839.36,857.93,0.0012
2_13,1116.01,1118.49,0.0011
2_13,866.12,890.7,0.0011
2_13,723.07,735.8,0.001
2_13,902.19,922.41,0.001
21_32,641.87,664.34,0.9993
21_32,905.74,911.08,0.9983
21_32,618.27,640.81,0.9983
21_32,881.78,905.41,0.998
21_32,747.84,778.7,0.9954
21_32,867.79,881.46,0.9952
21_32,731.89,746.38,0.9951
21_32,707.87,730.03,0.9948
21_32,671.07,697.79,0.9944
21_32,911.58,921.22,0.9937
21_32,855.99,864.69,0.9926
21_32,788.56,827.16,0.9906
21_32,817.14,855.92,0.9341
21_32,881.81,905.4,0.1349
21_32,671.09,697.79,0.1346
21_32,911.59,921.22,0.1346
21_32,731.89,746.38,0.1346
21_32,747.82,778.69,0.1339
21_32,905.74,911.08,0.1338
21_32,707.87,730.03,0.1314
21_32,618.28,640.82,0.1304
21_32,788.53,827.15,0.1266
21_32,1118.9,1130.14,0.0188
21_32,893.57,896.48,0.0184
21_32,747.82,778.69,0.018
21_32,1001.46,1003.97,0.0171
21_32,1041.76,1052.79,0.0152
21_32,920.59,931.49,0.012
21_32,902.47,905.43,0.0116
21_32,1159.09,1164.52,0.0085
21_32,824.16,848.06,0.0076
21_32,777.51,787.48,0.0067
21_32,1155.04,1177.04,0.0063
21_32,841.47,847.64,0.0053
21_32,639.98,646.02,0.0049
21_32,704.49,747.25,0.0047
21_32,909.18,954.11,0.0047
21_32,738.15,744.67,0.0044
21_32,622.22,625.58,0.0043
21_32,987.21,1064.58,0.0041
21_32,975.96,986.82,0.004
21_32,1086.92,1093.18,0.0039
21_32,882.43,892.82,0.0038
21_32,1139.88,1228.8,0.0034
21_32,876.08,881.67,0.0032
21_32,1002.82,1005.84,0.0032
21_32,633.87,636.61,0.0028
21_32,774.94,843.81,0.0025
21_32,948.73,954.6,0.0024
21_32,786.1,789.38,0.0023
21_32,827.57,830.12,0.0022
21_32,1024.72,1036.75,0.0022
21_32,809.72,812.81,0.0021
21_32,624.37,630.33,0.002
21_32,854.2,878.75,0.0019
21_32,637.98,722.56,0.0018
21_32,803.25,809.04,0.0018
21_32,645.06,647.59,0.0017
21_32,614.47,623.2,0.0017
21_32,744.25,749.19,0.0016
21_32,1072.47,1075.51,0.0016
21_32,1012.5,1018.38,0.0016
21_32,899.46,905.93,0.0015
21_32,1151.53,1193.56,0.0014
21_32,856.3,861.36,0.0014
21_32,739.27,742.44,0.0014
21_32,749.48,752.29,0.0014
21_32,1099.36,1119.46,0.0013
21_32,878.15,880.73,0.0013
21_32,832.1,910.52,0.0012
21_32,1003.23,1008.42,0.0012
21_32,935.62,938.62,0.0012
21_32,998.25,1000.93,0.0012
21_32,727.0,745.73,0.0012
21_32,905.88,908.76,0.0012
21_32,864.38,869.93,0.0012
21_32,813.95,816.97,0.0011
21_32,1160.0,1163.08,0.0011
21_32,1054.08,1056.76,0.0011
21_32,921.63,927.76,0.0011
21_32,799.08,821.12,0.0011
21_32,666.85,672.91,0.0011
21_32,749.35,770.03,0.0011
21_32,1040.43,1043.58,0.0011
21_32,620.06,631.4,0.001
21_32,970.58,973.24,0.001
21_32,647.77,653.71,0.001
7_18,639.11,656.75,1.0
7_18,874.67,890.66,0.999
7_18,854.63,873.84,0.9981
7_18,906.27,920.45,0.9981
7_18,616.03,639.12,0.9967
7_18,806.65,832.53,0.9962
7_18,690.03,805.66,0.9939
7_18,833.77,852.98,0.9932
7_18,925.3,937.05,0.9929
7_18,657.77,689.93,0.9749
7_18,905.65,924.91,0.3369
7_18,854.63,873.84,0.1351
7_18,833.77,852.98,0.1345
7_18,925.31,937.05,0.1342
7_18,905.66,924.9,0.0456
7_18,764.6,787.9,0.0157
7_18,889.89,895.53,0.0156
7_18,705.94,718.63,0.0145
7_18,617.87,623.79,0.0105
7_18,587.57,632.35,0.0094
7_18,1122.72,1133.66,0.0088
7_18,659.49,678.81,0.0083
7_18,880.51,903.85,0.0081
7_18,1108.96,1111.92,0.0075
7_18,802.93,805.86,0.007
7_18,850.2,853.26,0.0052
7_18,1135.24,1140.91,0.0044
7_18,1002.14,1007.48,0.0039
7_18,923.24,944.45,0.0039
7_18,796.72,807.89,0.0038
7_18,956.03,967.8,0.0037
7_18,1032.76,1035.66,0.0035
7_18,1093.53,1115.51,0.0034
7_18,639.82,652.75,0.0032
7_18,864.57,949.29,0.0027
7_18,807.07,818.83,0.0027
7_18,1120.58,1123.66,0.0026
7_18,1142.11,1225.23,0.0024
7_18,1005.4,1008.63,0.0023
7_18,659.7,671.77,0.0021
7_18,650.87,653.75,0.002
7_18,778.75,781.64,0.002
7_18,1137.27,1143.28,0.0018
7_18,728.23,773.2,0.0018
7_18,760.82,763.55,0.0017
7_18,804.08,849.71,0.0015
7_18,875.77,878.84,0.0015
7_18,672.75,684.84,0.0015
7_18,999.44,1010.26,0.0014
7_18,806.18,808.64,0.0014
7_18,645.39,655.9,0.0014
7_18,1108.29,1119.27,0.0014
7_18,1155.33,1176.52,0.0014
7_18,1061.89,1067.74,0.0013
7_18,1013.38,1019.68,0.0013
7_18,716.66,720.06,0.0013
7_18,1027.41,1033.81,0.0013
7_18,791.3,798.06,0.0012
7_18,690.48,696.32,0.0012
7_18,614.0,650.48,0.0012
7_18,1132.97,1135.67,0.0011
7_18,766.1,768.82,0.0011
7_18,633.3,636.1,0.0011
9_45,772.36,782.28,0.9998
9_45,762.16,771.01,0.9996
9_45,659.46,666.16,0.9979
9_45,671.25,681.97,0.9944
9_45,633.45,658.64,0.9941
9_45,743.66,761.36,0.9928
9_45,715.51,727.57,0.9911
9_45,727.57,735.62,0.9893
9_45,620.03,632.64,0.9861
9_45,682.5,714.17,0.9658
9_45,736.42,750.91,0.8367
9_45,659.45,666.16,0.1345
9_45,633.47,658.64,0.1341
9_45,772.36,782.28,0.1336
9_45,762.17,771.01,0.1332
9_45,620.04,632.63,0.133
9_45,743.66,761.36,0.1136
9_45,736.42,750.9,0.0957
9_45,659.45,666.16,0.0181
9_45,731.65,734.81,0.0095
9_45,781.6,792.2,0.0054
9_45,666.3,669.19,0.0052
9_45,978.81,981.57,0.0052
9_45,865.37,871.37,0.0048
9_45,982.45,988.6,0.0047
9_45,820.55,822.92,0.0045
9_45,967.56,978.1,0.0042
9_45,862.68,947.76,0.0035
9_45,944.81,947.52,0.0035
9_45,989.57,994.64,0.0033
9_45,1003.08,1009.04,0.0031
9_45,924.14,929.96,0.0029
9_45,775.34,781.46,0.0028
9_45,938.85,941.65,0.0028
9_45,822.42,825.28,0.0022
9_45,663.02,666.03,0.0021
9_45,832.17,835.22,0.0021
9_45,621.45,661.57,0.002
9_45,693.85,705.04,0.0019
9_45,622.03,627.87,0.0018
9_45,684.92,688.02,0.0018
9_45,728.05,738.43,0.0018
9_45,924.72,935.76,0.0017
9_45,864.58,867.66,0.0017
9_45,748.27,758.64,0.0016
9_45,740.07,747.25,0.0016
9_45,707.83,713.17,0.0016
9_45,919.55,925.63,0.0015
9_45,1000.22,1003.04,0.0015
9_45,989.65,992.34,0.0015
9_45,880.07,883.3,0.0014
9_45,814.03,820.1,0.0014
9_45,834.09,840.37,0.0014
9_45,1001.15,1089.37,0.0013
9_45,775.48,860.47,0.0013
9_45,643.86,646.92,0.0013
9_45,931.96,934.68,0.0013
9_45,658.99,671.35,0.0012
9_45,630.56,633.42,0.0012
9_45,840.6,843.78,0.0011
9_45,762.66,769.21,0.0011
9_45,966.69,972.61,0.001
15_29,956.27,958.08,0.9959
15_29,637.32,668.26,0.9953
15_29,1139.07,1152.0,0.9952
15_29,961.21,994.25,0.9941
15_29,943.92,955.73,0.9939
15_29,721.67,806.35,0.9939
15_29,1029.32,1083.19,0.9935
15_29,618.66,629.34,0.9924
15_29,1113.07,1118.93,0.9921
15_29,812.05,872.62,0.9913
15_29,1083.87,1094.4,0.9892
15_29,707.74,719.46,0.9889
15_29,1134.68,1137.04,0.9872
15_29,995.43,1022.94,0.985
15_29,1096.91,1112.89,0.9768
15_29,876.29,935.63,0.9676
15_29,671.99,707.16,0.9671
15_29,1121.55,1131.22,0.9637
15_29,812.08,872.5,0.1348
15_29,707.73,719.47,0.1344
15_29,637.36,668.27,0.1342
15_29,961.27,994.19,0.1336
15_29,995.41,1022.92,0.1326
15_29,1139.08,1151.99,0.1324
15_29,943.94,955.73,0.1318
15_29,1083.86,1094.4,0.1313
15_29,618.68,629.33,0.1288
15_29,637.31,668.25,0.0183
15_29,812.05,872.54,0.0183
15_29,1139.09,1151.99,0.0173
15_29,977.66,979.93,0.0162
15_29,876.94,898.7,0.0145
15_29,640.66,645.67,0.0102
15_29,960.14,966.91,0.0085
15_29,655.49,667.33,0.0083
15_29,955.69,959.57,0.0063
15_29,725.98,775.04,0.0061
15_29,1012.08,1081.83,0.0058
15_29,704.64,707.23,0.004
15_29,912.74,937.07,0.0035
15_29,682.64,689.08,0.0035
15_29,812.91,824.93,0.0031
15_29,774.77,787.28,0.003
15_29,1071.25,1076.8,0.003
15_29,1113.62,1119.03,0.0029
15_29,666.58,668.89,0.0026
15_29,1155.01,1199.78,0.0026
15_29,956.01,958.11,0.0025
15_29,641.76,644.67,0.0024
15_29,858.63,873.45,0.0024
15_29,984.52,994.24,0.0023
15_29,1134.45,1137.03,0.0022
15_29,1099.63,1105.78,0.0021
15_29,952.93,955.47,0.002
15_29,706.46,724.37,0.002
15_29,677.45,704.64,0.0019
15_29,1052.76,1055.92,0.0019
15_29,948.09,1010.45,0.0019
15_29,875.8,887.42,0.0017
15_29,797.45,807.26,0.0017
15_29,695.68,698.59,0.0015
15_29,971.76,974.2,0.0013
15_29,1213.61,1228.8,0.0013
15_29,721.45,724.02,0.0013
15_29,628.61,634.77,0.0012
15_29,811.13,838.11,0.0011
15_29,1175.55,1187.59,0.0011
15_29,1094.51,1111.05,0.0011
15_29,767.31,786.71,0.0011
15_29,790.03,797.59,0.0011
15_29,676.71,679.9,0.0011
26_46,747.43,749.63,0.9978
26_46,671.29,688.0,0.9967
26_46,763.7,780.03,0.9964
26_46,656.23,669.66,0.9964
26_46,726.43,744.93,0.9963
26_46,840.16,914.06,0.996
26_46,830.01,839.92,0.9958
26_46,614.46,655.91,0.9957
26_46,805.7,826.43,0.9949
26_46,1004.5,1031.55,0.9947
26_46,689.12,710.97,0.9932
26_46,781.4,799.62,0.9914
26_46,749.63,762.84,0.9909
26_46,936.71,997.08,0.9862
26_46,712.05,720.33,0.9819
26_46,922.74,932.99,0.9766
26_46,997.32,1001.14,0.9698
26_46,656.24,669.66,0.1353
26_46,614.42,655.93,0.1352
26_46,830.01,839.92,0.1351
26_46,1004.5,1031.53,0.1346
26_46,840.16,914.01,0.1345
26_46,936.69,997.12,0.134
26_46,726.4,744.94,0.1338
26_46,747.43,749.63,0.1333
26_46,749.63,762.84,0.132
26_46,917.96,922.89,0.0239
26_46,936.68,997.06,0.0181
26_46,640.17,652.82,0.0179
26_46,909.76,921.05,0.0152
26_46,850.22,856.66,0.0126
26_46,990.9,993.93,0.0119
26_46,946.01,952.09,0.0087
26_46,657.13,660.16,0.0087
26_46,1030.52,1051.65,0.0083
26_46,683.82,686.84,0.0077
26_46,667.28,670.28,0.0069
26_46,698.45,709.93,0.0059
26_46,1020.35,1023.42,0.0056
26_46,703.7,706.29,0.0052
26_46,659.41,665.36,0.005
26_46,813.48,816.41,0.005
26_46,1094.23,1115.68,0.0044
26_46,817.5,830.17,0.004
26_46,827.91,851.34,0.0039
26_46,1133.47,1144.73,0.0034
26_46,840.87,846.43,0.0034
26_46,1000.41,1006.6,0.0034
26_46,781.66,803.09,0.0033
26_46,916.78,936.5,0.0031
26_46,867.02,905.74,0.0031
26_46,983.82,989.51,0.003
26_46,795.77,799.0,0.003
26_46,739.78,780.99,0.0029
26_46,939.84,945.87,0.0029
26_46,916.12,918.73,0.0028
26_46,997.6,1000.48,0.0028
26_46,1114.92,1125.64,0.0027
26_46,799.92,806.24,0.0025
26_46,1059.36,1081.43,0.0025
26_46,1000.53,1043.61,0.0025
26_46,670.94,673.34,0.0025
26_46,765.91,778.44,0.0024
26_46,614.35,620.74,0.0024
26_46,1145.1,1147.33,0.0023
26_46,1006.49,1011.57,0.0022
26_46,779.33,784.34,0.0021
26_46,640.15,646.22,0.0021
26_46,727.88,732.99,0.002
26_46,809.42,821.08,0.002
26_46,629.45,635.8,0.0019
26_46,953.35,956.13,0.0018
26_46,1155.89,1176.81,0.0018
26_46,848.15,850.87,0.0018
26_46,871.15,874.07,0.0017
26_46,1077.06,1079.73,0.0017
26_46,1035.42,1038.29,0.0017
26_46,587.23,642.7,0.0016
26_46,1019.95,1025.94,0.0016
26_46,934.95,937.96,0.0015
26_46,1017.94,1020.45,0.0015
26_46,918.77,921.33,0.0015
26_46,896.51,907.93,0.0014
26_46,715.37,718.15,0.0014
26_46,789.3,795.43,0.0014
26_46,962.9,984.75,0.0014
26_46,887.62,894.24,0.0014
26_46,1052.07,1057.79,0.0013
26_46,1046.95,1052.37,0.0013
26_46,672.83,675.28,0.0012
26_46,873.24,876.24,0.0012
26_46,668.46,671.14,0.0012
26_46,831.11,837.07,0.0012
26_46,1148.57,1228.8,0.0012
26_46,785.76,788.64,0.0012
26_46,853.85,865.61,0.0011
26_46,1007.25,1018.41,0.0011
26_46,628.38,650.89,0.0011
26_46,740.57,746.0,0.0011
26_46,978.78,982.04,0.0011
26_46,799.17,808.83,0.001
26_46,700.98,706.99,0.001
4_9,748.11,757.55,0.9988
4_9,798.86,933.68,0.9954
4_9,738.66,747.57,0.995
4_9,666.55,693.3,0.9937
4_9,1030.69,1048.17,0.9934
4_9,773.64,785.91,0.9928
4_9,940.94,945.14,0.9882
4_9,946.44,1012.61,0.9852
4_9,770.32,772.09,0.9777
4_9,763.7,767.49,0.9737
4_9,794.89,798.67,0.9735
4_9,628.1,652.2,0.9615
4_9,710.32,724.01,0.9607
4_9,1016.01,1023.56,0.9602
4_9,1012.8,1014.94,0.946
4_9,1030.68,1048.19,0.1354
4_9,666.56,693.28,0.1347
4_9,773.64,785.9,0.1347
4_9,738.65,747.56,0.1344
4_9,946.49,1012.61,0.1334
4_9,666.55,693.3,0.0181
4_9,1123.39,1126.16,0.0159
4_9,691.2,710.13,0.0145
4_9,829.45,832.3,0.0106
4_9,813.25,824.6,0.0094
4_9,864.26,870.13,0.0079
4_9,764.46,805.83,0.0064
4_9,819.64,822.08,0.0063
4_9,667.11,677.67,0.0059
4_9,774.51,777.48,0.0058
4_9,762.98,767.7,0.0049
4_9,964.44,970.64,0.0047
4_9,812.44,834.38,0.0042
4_9,950.94,954.11,0.0041
4_9,765.02,774.5,0.0034
4_9,1017.72,1029.98,0.0032
4_9,686.42,691.76,0.0032
4_9,899.53,904.78,0.0031
4_9,948.32,951.57,0.003
4_9,694.1,705.5,0.0029
4_9,1154.57,1156.92,0.0027
4_9,904.67,917.2,0.0027
4_9,782.03,785.0,0.0026
4_9,1032.4,1035.01,0.0024
4_9,651.4,662.72,0.0024
4_9,759.09,761.98,0.0023
4_9,1118.61,1129.88,0.0023
4_9,728.18,739.23,0.0023
4_9,1116.44,1119.49,0.0022
4_9,906.49,909.15,0.0021
4_9,1046.71,1087.53,0.002
4_9,1143.3,1145.61,0.002
4_9,855.81,858.43,0.002
4_9,1002.86,1008.78,0.0019
4_9,874.38,877.11,0.0019
4_9,768.15,771.0,0.0019
4_9,942.02,944.87,0.0018
4_9,812.57,890.56,0.0017
4_9,1038.07,1044.0,0.0017
4_9,1047.65,1050.51,0.0016
4_9,727.61,730.34,0.0016
4_9,1131.66,1143.14,0.0015
4_9,678.11,680.75,0.0015
4_9,971.52,982.56,0.0015
4_9,630.2,636.73,0.0015
4_9,955.9,968.44,0.0014
4_9,790.95,801.2,0.0014
4_9,747.37,756.74,0.0014
4_9,1096.77,1138.33,0.0014
4_9,924.22,936.19,0.0014
4_9,777.31,779.99,0.0014
4_9,1014.9,1017.14,0.0013
4_9,669.91,676.3,0.0013
4_9,656.52,662.2,0.0013
4_9,1016.57,1100.5,0.0012
4_9,615.66,621.98,0.0012
4_9,986.18,997.75,0.0012
4_9,811.79,814.75,0.0012
4_9,724.18,762.9,0.0011
4_9,682.02,687.98,0.0011
4_9,798.2,804.08,0.0011
4_9,917.5,930.11,0.0011
4_9,1022.68,1025.45,0.0011
4_9,855.66,867.7,0.0011
4_9,696.86,702.82,0.0011
4_9,729.92,732.49,0.001
4_9,757.34,769.84,0.001
4_9,979.41,985.22,0.001
4_9,723.73,729.01,0.001
26_18,678.81,697.76,0.9997
26_18,746.0,766.45,0.9964
26_18,847.57,888.58,0.9963
26_18,889.12,914.07,0.9959
26_18,700.82,727.79,0.9939
26_18,1000.47,1048.44,0.9936
26_18,614.84,658.23,0.9934
26_18,658.67,675.68,0.9934
26_18,844.61,847.45,0.9926
26_18,989.54,991.2,0.9923
26_18,729.1,741.9,0.992
26_18,1068.68,1099.55,0.9915
26_18,792.22,816.91,0.9912
26_18,1060.25,1068.5,0.9901
26_18,1048.9,1059.09,0.9859
26_18,915.97,973.08,0.9854
26_18,974.46,989.52,0.9852
26_18,770.27,789.57,0.9768
26_18,827.6,843.4,0.9704
26_18,991.38,996.63,0.9657
26_18,792.2,816.93,0.1349
26_18,729.1,741.91,0.1345
26_18,658.66,675.69,0.1342
26_18,889.1,914.08,0.1337
26_18,678.82,697.77,0.1336
26_18,614.84,658.23,0.1335
26_18,915.9,973.11,0.133
26_18,700.82,727.78,0.1325
26_18,844.61,847.45,0.1311
26_18,915.92,973.05,0.0181
26_18,889.11,914.08,0.0181
26_18,937.87,940.54,0.0087
26_18,667.61,670.22,0.0062
26_18,746.61,770.17,0.0051
26_18,913.74,918.95,0.0049
26_18,674.79,677.6,0.0049
26_18,882.17,887.98,0.0045
26_18,743.81,749.72,0.0043
26_18,977.07,988.69,0.0041
26_18,935.08,937.89,0.0041
26_18,955.07,957.42,0.004
26_18,1073.4,1085.51,0.0039
26_18,843.53,885.93,0.0038
26_18,678.58,691.25,0.0037
26_18,974.72,1050.0,0.0035
26_18,769.35,772.06,0.0034
26_18,861.2,866.85,0.0033
26_18,763.64,769.9,0.0027
26_18,918.15,940.42,0.0025
26_18,1057.34,1060.03,0.0023
26_18,915.91,918.83,0.0023
26_18,1149.3,1152.49,0.0023
26_18,615.27,626.41,0.0021
26_18,1137.88,1159.1,0.002
26_18,1110.67,1116.29,0.002
26_18,1031.34,1037.31,0.002
26_18,788.07,829.36,0.002
26_18,1070.88,1074.01,0.002
26_18,1061.61,1067.5,0.0019
26_18,838.49,845.04,0.0019
26_18,1044.45,1064.21,0.0019
26_18,1099.03,1104.7,0.0017
26_18,659.46,665.27,0.0017
26_18,962.97,974.73,0.0017
26_18,1085.13,1096.24,0.0017
26_18,1124.94,1145.29,0.0016
26_18,872.85,878.81,0.0016
26_18,1020.48,1023.35,0.0016
26_18,1059.13,1061.36,0.0016
26_18,796.79,803.36,0.0016
26_18,683.59,695.14,0.0015
26_18,743.35,754.74,0.0015
26_18,738.05,743.93,0.0014
26_18,659.87,744.76,0.0014
26_18,993.19,996.03,0.0014
26_18,1131.95,1134.67,0.0014
26_18,987.53,992.45,0.0014
26_18,800.37,812.47,0.0013
26_18,974.63,979.92,0.0013
26_18,1002.87,1008.76,0.0013
26_18,913.18,916.34,0.0013
26_18,816.29,822.32,0.0012
26_18,741.39,781.18,0.0012
26_18,953.81,959.62,0.0012
26_18,695.77,698.34,0.0011
26_18,616.23,618.87,0.0011
26_18,894.25,906.22,0.001
26_18,945.3,948.01,0.001
15_37,866.05,880.75,0.9995
15_37,754.84,776.24,0.9983
15_37,721.59,754.45,0.998
15_37,804.34,815.66,0.9968
15_37,883.28,893.4,0.9959
15_37,616.16,680.52,0.9953
15_37,896.72,910.92,0.9928
15_37,912.71,936.77,0.992
15_37,939.9,957.0,0.9908
15_37,835.49,862.97,0.9865
15_37,682.16,720.7,0.9854
15_37,823.55,826.19,0.979
15_37,936.77,939.65,0.964
15_37,817.1,818.32,0.9632
15_37,778.33,807.75,0.9583
15_37,721.62,754.41,0.1359
15_37,866.06,880.76,0.1357
15_37,883.28,893.41,0.135
15_37,754.84,776.23,0.135
15_37,835.44,862.98,0.1342
15_37,912.66,936.77,0.1339
15_37,896.72,910.93,0.133
15_37,804.35,815.66,0.1319
15_37,823.55,826.19,0.131
15_37,1118.12,1123.98,0.0319
15_37,835.48,862.97,0.018
15_37,721.56,754.44,0.0179
15_37,653.63,677.53,0.017
15_37,756.3,767.99,0.0109
15_37,906.77,909.62,0.0084
15_37,619.32,622.38,0.0059
15_37,1031.71,1034.45,0.0058
15_37,881.84,899.36,0.0051
15_37,940.79,959.57,0.0045
15_37,1156.05,1158.78,0.0042
15_37,964.23,973.62,0.0042
15_37,783.26,788.93,0.0038
15_37,901.46,904.38,0.0036
15_37,1134.8,1137.32,0.0034
15_37,887.13,940.3,0.0033
15_37,720.4,725.6,0.0033
15_37,834.36,840.05,0.0033
15_37,623.83,647.04,0.003
15_37,1134.68,1147.06,0.003
15_37,1043.87,1055.7,0.0027
15_37,822.84,828.4,0.0027
15_37,692.33,714.44,0.0026
15_37,955.03,965.98,0.0026
15_37,668.3,680.22,0.0024
15_37,878.86,883.51,0.0024
15_37,724.12,743.95,0.0023
15_37,817.32,836.35,0.0021
15_37,696.61,702.87,0.002
15_37,911.82,918.32,0.002
15_37,984.11,995.0,0.0018
15_37,896.92,899.45,0.0018
15_37,909.57,912.09,0.0018
15_37,867.76,880.07,0.0017
15_37,1159.74,1162.56,0.0016
15_37,1121.53,1127.49,0.0016
15_37,760.24,763.12,0.0016
15_37,667.45,670.18,0.0016
15_37,1066.81,1069.8,0.0015
15_37,637.99,640.95,0.0015
15_37,1047.95,1053.52,0.0015
15_37,1127.29,1129.9,0.0015
15_37,773.54,776.21,0.0014
15_37,740.76,753.0,0.0014
15_37,1151.7,1154.57,0.0014
15_37,1096.14,1099.13,0.0014
15_37,1104.68,1148.6,0.0013
15_37,903.23,909.75,0.0013
15_37,814.24,816.93,0.0013
15_37,644.74,648.08,0.0013
15_37,843.33,846.32,0.0012
15_37,996.82,1008.24,0.0012
15_37,762.38,765.21,0.0012
15_37,788.0,790.7,0.0011
15_37,693.36,699.93,0.0011
15_37,1025.16,1047.45,0.001
15_37,1064.65,1086.77,0.001
15_37,1114.86,1117.65,0.001
15_37,700.2,712.37,0.001
15_37,852.66,858.48,0.001
15_37,1103.63,1115.41,0.001
17_20,829.39,847.19,0.9996
17_20,852.08,874.36,0.9968
17_20,780.03,792.75,0.9947
17_20,695.03,763.39,0.9934
17_20,947.05,984.93,0.9928
17_20,769.33,777.0,0.9914
17_20,930.02,941.28,0.9904
17_20,811.56,825.21,0.9881
17_20,614.42,695.05,0.9861
17_20,798.54,810.67,0.9853
17_20,884.29,925.37,0.9853
17_20,780.06,792.75,0.1354
17_20,769.32,777.01,0.1349
17_20,829.38,847.19,0.1347
17_20,930.02,941.28,0.1344
17_20,614.31,694.94,0.1333
17_20,798.54,810.69,0.1328
17_20,852.07,874.35,0.1322
17_20,811.56,825.22,0.1312
17_20,1063.03,1073.96,0.0276
17_20,780.04,792.75,0.0184
17_20,769.33,777.0,0.0181
17_20,831.82,834.31,0.0143
17_20,1080.54,1103.51,0.0113
17_20,838.26,841.74,0.0103
17_20,1028.62,1040.75,0.0097
17_20,819.27,822.36,0.0084
17_20,1009.58,1029.51,0.0072
17_20,856.21,861.92,0.0069
17_20,1070.11,1080.72,0.0068
17_20,695.43,740.8,0.0061
17_20,924.8,945.29,0.006
17_20,620.41,632.95,0.0057
17_20,730.35,733.27,0.0057
17_20,1128.57,1149.11,0.0054
17_20,689.64,700.85,0.005
17_20,948.9,951.95,0.0046
17_20,1023.0,1025.75,0.0038
17_20,796.08,824.67,0.0037
17_20,932.96,935.88,0.0035
17_20,1048.55,1054.63,0.0033
17_20,958.09,964.14,0.0031
17_20,848.41,850.97,0.0031
17_20,713.68,716.6,0.003
17_20,818.58,823.87,0.0027
17_20,912.8,915.51,0.0024
17_20,703.08,709.24,0.0022
17_20,811.88,829.48,0.0021
17_20,1026.38,1032.57,0.0021
17_20,725.06,727.92,0.002
17_20,1038.33,1080.5,0.0019
17_20,851.1,883.8,0.0018
17_20,689.41,695.11,0.0018
17_20,701.58,747.53,0.0017
17_20,819.36,853.13,0.0017
17_20,776.27,781.21,0.0017
17_20,830.98,834.07,0.0017
17_20,627.34,652.06,0.0017
17_20,715.26,720.35,0.0016
17_20,728.02,730.28,0.0016
17_20,709.16,711.66,0.0016
17_20,947.68,959.46,0.0016
17_20,900.31,913.11,0.0015
17_20,882.9,885.53,0.0014
17_20,676.57,679.09,0.0014
17_20,1147.02,1157.69,0.0013
17_20,915.31,917.92,0.0013
17_20,727.64,739.97,0.0013
17_20,641.41,647.11,0.0012
17_20,769.76,775.09,0.0012
17_20,985.57,988.78,0.0012
17_20,739.44,750.23,0.0012
17_20,1079.86,1120.72,0.0011
17_20,722.34,725.19,0.0011
17_20,889.95,895.75,0.0011
17_20,917.8,929.72,0.0011
17_20,756.68,779.08,0.001
17_20,1137.03,1140.13,0.001
12_16,668.4,689.86,0.9999
12_16,694.32,711.68,0.9989
12_16,736.63,752.84,0.9984
12_16,629.46,654.18,0.9982
12_16,656.86,665.39,0.9973
12_16,624.03,629.24,0.9961
12_16,615.75,623.81,0.9954
12_16,756.91,789.48,0.9916
12_16,720.13,732.55,0.985
12_16,736.62,752.85,0.1354
12_16,624.03,629.24,0.1349
12_16,615.74,623.81,0.1345
12_16,756.88,789.46,0.1341
12_16,629.45,654.18,0.1338
12_16,720.13,732.56,0.1327
12_16,736.63,752.84,0.0184
12_16,615.75,623.81,0.0178
12_16,696.3,702.67,0.0149
12_16,1010.44,1016.32,0.0138
12_16,629.02,631.13,0.0083
12_16,710.46,733.92,0.008
12_16,832.5,843.62,0.0076
12_16,847.64,859.21,0.0074
12_16,965.92,987.63,0.0072
12_16,937.84,943.75,0.0065
12_16,1007.31,1009.7,0.0059
12_16,733.38,738.55,0.0047
12_16,752.96,765.57,0.0046
12_16,812.61,815.24,0.0044
12_16,839.85,850.63,0.0044
12_16,1021.55,1024.3,0.0043
12_16,1016.13,1019.22,0.004
12_16,728.85,731.79,0.004
12_16,977.69,989.3,0.0037
12_16,709.05,720.94,0.0037
12_16,619.36,623.63,0.0036
12_16,896.5,898.77,0.0034
12_16,650.11,652.18,0.0034
12_16,603.78,618.91,0.0034
12_16,641.59,644.69,0.0033
12_16,660.31,662.56,0.0031
12_16,966.08,971.36,0.003
12_16,911.07,917.0,0.0028
12_16,958.26,960.84,0.0025
12_16,888.36,894.84,0.0025
12_16,985.78,988.63,0.0023
12_16,797.96,801.05,0.0021
12_16,652.34,655.45,0.0021
12_16,1004.45,1009.92,0.0021
12_16,745.0,750.92,0.0021
12_16,793.35,796.14,0.002
12_16,1019.12,1039.83,0.002
12_16,887.83,890.58,0.002
12_16,658.14,664.41,0.0018
12_16,1016.6,1022.61,0.0018
12_16,797.83,810.73,0.0016
12_16,655.48,658.72,0.0016
12_16,823.64,826.42,0.0015
12_16,999.58,1005.49,0.0015
12_16,623.47,634.21,0.0015
12_16,992.12,998.46,0.0015
12_16,820.61,823.31,0.0014
12_16,915.75,935.91,0.0014
12_16,708.41,711.45,0.0013
12_16,808.94,814.78,0.0013
12_16,663.16,700.57,0.0013
12_16,618.13,621.43,0.0012
12_16,826.29,829.27,0.0012
12_16,628.47,665.83,0.0012
12_16,631.51,637.88,0.0011
12_16,1023.5,1026.42,0.001
4_5,620.61,633.79,0.9988
4_5,731.58,737.78,0.9979
4_5,903.47,947.28,0.9976
4_5,753.69,756.42,0.9971
4_5,725.95,730.03,0.9958
4_5,664.44,683.47,0.9956
4_5,898.04,901.53,0.9932
4_5,948.09,954.3,0.9903
4_5,757.42,888.42,0.9889
4_5,642.73,650.49,0.9882
4_5,705.98,716.05,0.988
4_5,688.12,703.24,0.9879
4_5,959.35,970.61,0.9834
4_5,741.28,745.93,0.9809
4_5,892.22,897.26,0.9706
4_5,903.54,947.29,0.1345
4_5,725.95,730.03,0.1338
4_5,898.03,901.53,0.1328
4_5,959.35,970.6,0.1301
4_5,731.58,737.79,0.1298
4_5,1079.96,1083.08,0.0217
4_5,720.15,726.38,0.0197
4_5,725.95,730.03,0.018
4_5,898.04,901.53,0.0179
4_5,971.11,976.72,0.0146
4_5,820.16,867.63,0.0143
4_5,761.69,767.74,0.0129
4_5,828.16,833.67,0.012
4_5,930.95,933.59,0.0117
4_5,865.07,875.86,0.0105
4_5,1064.22,1101.2,0.01
4_5,1082.51,1085.18,0.0093
4_5,902.58,908.16,0.009
4_5,941.65,960.87,0.0081
4_5,669.62,711.58,0.0081
4_5,1050.41,1052.9,0.0079
4_5,786.87,808.85,0.007
4_5,939.96,942.85,0.0069
4_5,751.03,754.07,0.0065
4_5,889.58,969.91,0.006
4_5,912.56,915.34,0.0058
4_5,1119.2,1121.74,0.0057
4_5,879.99,891.24,0.0056
4_5,1018.43,1023.45,0.0055
4_5,1005.99,1016.64,0.0051
4_5,707.47,713.47,0.0049
4_5,1059.05,1070.12,0.0047
4_5,634.74,637.68,0.0046
4_5,735.62,738.27,0.0044
4_5,807.61,830.76,0.0043
4_5,853.42,859.76,0.004
4_5,762.46,765.17,0.0039
4_5,1138.57,1144.17,0.0034
4_5,644.12,656.94,0.0034
4_5,744.98,757.22,0.0034
4_5,942.53,947.76,0.0033
4_5,1006.05,1009.09,0.0031
4_5,1047.93,1059.83,0.0031
4_5,846.71,868.33,0.003
4_5,631.33,633.85,0.0029
4_5,1035.57,1046.79,0.0029
4_5,821.23,824.35,0.0029
4_5,1057.07,1063.43,0.0028
4_5,678.87,684.39,0.0027
4_5,1122.28,1124.96,0.0027
4_5,657.41,663.41,0.0027
4_5,1105.6,1110.62,0.0026
4_5,1126.66,1132.35,0.0025
4_5,885.18,890.31,0.0025
4_5,788.36,794.39,0.0023
4_5,707.93,710.92,0.0021
4_5,919.86,925.59,0.0021
4_5,738.73,741.57,0.0021
4_5,714.82,736.19,0.0019
4_5,634.21,639.58,0.0019
4_5,890.45,892.89,0.0018
4_5,1153.39,1156.24,0.0018
4_5,875.83,881.77,0.0018
4_5,1000.82,1003.63,0.0017
4_5,614.2,623.35,0.0017
4_5,891.37,897.02,0.0016
4_5,1156.95,1159.73,0.0016
4_5,1096.38,1108.93,0.0016
4_5,700.56,706.77,0.0016
4_5,1087.34,1097.28,0.0016
4_5,1072.58,1075.75,0.0016
4_5,1134.33,1139.65,0.0016
4_5,1027.8,1032.85,0.0016
4_5,680.17,682.9,0.0015
4_5,919.26,941.3,0.0014
4_5,1015.06,1017.9,0.0014
4_5,910.67,913.32,0.0014
4_5,1154.74,1176.76,0.0014
4_5,979.22,1001.04,0.0014
4_5,748.54,751.32,0.0014
4_5,714.07,716.7,0.0014
4_5,902.61,905.43,0.0014
4_5,1092.61,1095.08,0.0014
4_5,765.67,787.65,0.0013
4_5,818.89,821.66,0.0012
4_5,725.59,738.67,0.0012
4_5,746.43,749.03,0.0012
4_5,901.34,903.67,0.0012
4_5,929.4,935.35,0.0011
4_5,1091.38,1163.51,0.0011
4_5,783.74,786.28,0.0011
4_5,641.99,663.85,0.0011
4_5,814.06,816.85,0.001
4_5,1061.03,1071.73,0.001
26_29,952.79,988.02,0.9998
26_29,802.22,919.84,0.9983
26_29,635.52,661.25,0.9949
26_29,680.97,691.62,0.9944
26_29,713.9,741.71,0.9938
26_29,661.43,678.17,0.9938
26_29,614.72,635.03,0.9926
26_29,790.42,799.24,0.9918
26_29,780.91,788.11,0.9909
26_29,921.23,927.25,0.9868
26_29,927.65,943.95,0.9856
26_29,988.05,996.04,0.9845
26_29,764.22,779.75,0.9792
26_29,944.88,949.98,0.9734
26_29,702.29,710.42,0.9677
26_29,981.71,985.65,0.966
26_29,789.03,789.89,0.965
26_29,743.89,758.73,0.9612
26_29,694.41,700.21,0.9566
26_29,614.73,635.04,0.1348
26_29,790.42,799.24,0.1347
26_29,802.32,919.81,0.1344
26_29,713.91,741.71,0.134
26_29,927.65,943.95,0.1333
26_29,780.92,788.1,0.1324
26_29,921.23,927.25,0.1299
26_29,786.47,789.03,0.0082
26_29,966.33,986.19,0.0078
26_29,981.26,983.64,0.007
26_29,943.06,960.97,0.006
26_29,758.51,779.28,0.0057
26_29,1107.23,1119.04,0.0048
26_29,912.48,922.95,0.0044
26_29,788.86,791.91,0.004
26_29,1084.82,1095.03,0.0038
26_29,754.16,757.36,0.0036
26_29,900.31,906.65,0.0032
26_29,739.12,742.31,0.0031
26_29,700.92,704.05,0.0031
26_29,685.67,688.41,0.0031
26_29,1141.8,1153.97,0.003
26_29,802.98,809.38,0.0029
26_29,849.18,855.41,0.0028
26_29,666.7,670.01,0.0028
26_29,1074.21,1085.29,0.0028
26_29,956.23,968.03,0.0027
26_29,922.02,924.55,0.0025
26_29,748.81,787.31,0.0024
26_29,1041.05,1044.17,0.0024
26_29,731.12,733.4,0.0023
26_29,986.29,1065.25,0.0022
26_29,676.68,695.49,0.0021
26_29,951.82,957.51,0.002
26_29,1116.72,1127.76,0.002
26_29,934.14,1008.09,0.0019
26_29,1064.64,1070.64,0.0017
26_29,1128.59,1134.69,0.0017
26_29,791.8,797.87,0.0016
26_29,870.93,882.56,0.0016
26_29,668.07,670.69,0.0016
26_29,1082.4,1085.03,0.0016
26_29,977.53,980.82,0.0015
26_29,694.74,697.39,0.0015
26_29,775.75,778.56,0.0015
26_29,1108.16,1114.78,0.0015
26_29,682.15,685.29,0.0015
26_29,1008.53,1013.95,0.0015
26_29,852.37,855.26,0.0014
26_29,650.7,653.84,0.0013
26_29,910.73,928.82,0.0013
26_29,1002.85,1005.59,0.0013
26_29,1073.76,1094.99,0.0013
26_29,930.44,936.62,0.0013
26_29,1096.89,1102.57,0.0012
26_29,623.39,634.85,0.0012
26_29,1031.69,1034.32,0.0011
26_29,760.29,762.96,0.0011
26_29,860.44,865.82,0.001
26_29,587.0,635.65,0.001
26_29,997.72,1003.32,0.001
26_29,808.19,811.04,0.001
26_29,855.32,857.97,0.001
7_2,1041.2,1050.58,0.9992
7_2,616.18,661.52,0.9982
7_2,1030.46,1041.07,0.9976
7_2,710.43,928.6,0.9959
7_2,950.04,973.57,0.9949
7_2,663.04,706.35,0.9895
7_2,1105.31,1132.15,0.9788
7_2,1054.95,1098.15,0.9762
7_2,930.98,946.56,0.9728
7_2,1011.34,1029.35,0.9562
7_2,974.42,1006.46,0.9522
7_2,1030.46,1041.07,0.1352
7_2,950.04,973.59,0.1347
7_2,771.55,781.78,0.0159
7_2,721.0,723.29,0.0101
7_2,953.92,959.27,0.0071
7_2,620.39,633.72,0.007
7_2,890.95,896.8,0.0069
7_2,1022.45,1025.64,0.0068
7_2,739.75,869.75,0.0058
7_2,1131.37,1156.23,0.0055
7_2,776.7,779.63,0.0045
7_2,719.58,724.61,0.0044
7_2,802.4,805.19,0.0043
7_2,1064.08,1086.66,0.0041
7_2,768.87,814.49,0.0031
7_2,677.52,683.58,0.0029
7_2,970.55,1012.64,0.0028
7_2,1008.17,1011.24,0.0027
7_2,986.23,989.25,0.0027
7_2,620.41,623.24,0.0026
7_2,1125.62,1128.32,0.0025
7_2,625.33,628.21,0.0023
7_2,918.95,941.36,0.0023
7_2,1103.75,1148.34,0.0022
7_2,1025.2,1042.45,0.002
7_2,633.93,639.69,0.0019
7_2,767.15,785.98,0.0019
7_2,639.12,645.02,0.0018
7_2,613.5,615.18,0.0018
7_2,724.32,744.14,0.0018
7_2,674.02,699.43,0.0017
7_2,955.58,968.82,0.0017
7_2,1141.34,1147.41,0.0017
7_2,894.27,900.14,0.0016
7_2,898.58,981.85,0.0015
7_2,816.15,818.97,0.0015
7_2,916.4,922.28,0.0013
7_2,1042.84,1045.62,0.0012
7_2,1107.03,1119.73,0.0012
7_2,621.98,628.4,0.0012
7_2,860.11,871.61,0.0012
7_2,693.49,699.49,0.0011
7_2,662.76,668.62,0.0011
7_2,724.21,727.43,0.0011
7_2,934.38,940.3,0.001
7_2,875.91,881.95,0.001
7_2,698.76,704.75,0.001
12_6,705.67,723.82,0.9986
12_6,640.67,645.89,0.9972
12_6,760.43,773.15,0.9969
12_6,775.75,788.74,0.9963
12_6,798.93,811.73,0.9934
12_6,731.9,754.97,0.9934
12_6,620.21,640.1,0.9921
12_6,649.53,701.73,0.9802
12_6,791.7,815.17,0.547
12_6,775.76,788.74,0.1343
12_6,760.44,773.14,0.1341
12_6,620.22,640.11,0.134
12_6,705.66,723.82,0.1318
12_6,649.49,701.77,0.1302
12_6,791.7,815.17,0.0739
12_6,798.94,811.73,0.0404
12_6,964.68,970.22,0.02
12_6,775.77,788.73,0.0177
12_6,734.13,740.17,0.012
12_6,827.84,830.67,0.0109
12_6,857.44,864.09,0.0097
12_6,801.51,804.07,0.008
12_6,1003.12,1005.14,0.0072
12_6,737.39,739.88,0.0063
12_6,748.86,751.85,0.0058
12_6,889.15,892.23,0.0045
12_6,860.38,872.31,0.0044
12_6,973.52,976.54,0.0038
12_6,875.77,886.53,0.0037
12_6,820.15,831.49,0.0037
12_6,900.59,912.88,0.0036
12_6,651.04,653.69,0.0035
12_6,621.84,633.23,0.0034
12_6,756.0,774.62,0.0033
12_6,979.78,1000.85,0.0031
12_6,997.47,1008.59,0.003
12_6,705.94,710.93,0.003
12_6,645.52,650.15,0.0029
12_6,848.28,853.9,0.0028
12_6,975.05,981.25,0.0028
12_6,873.41,875.73,0.0028
12_6,883.96,925.64,0.0028
12_6,841.72,844.58,0.0024
12_6,811.9,814.53,0.0023
12_6,617.75,620.75,0.0021
12_6,710.45,716.57,0.002
12_6,724.95,728.01,0.0019
12_6,734.56,756.8,0.0019
12_6,953.71,956.5,0.0019
12_6,1005.94,1017.14,0.0018
12_6,887.07,889.99,0.0017
12_6,693.64,699.31,0.0016
12_6,591.28,631.55,0.0015
12_6,901.75,904.22,0.0015
12_6,907.87,910.65,0.0015
12_6,630.74,633.25,0.0014
12_6,844.1,846.74,0.0014
12_6,734.59,737.57,0.0014
12_6,968.18,973.67,0.0013
12_6,689.86,692.36,0.0013
12_6,657.98,703.2,0.0012
12_6,608.92,617.3,0.0012
12_6,878.62,881.28,0.0011
12_6,702.54,747.56,0.0011
12_6,816.48,838.3,0.0011
12_6,707.29,713.47,0.001
18_3,795.49,820.72,0.9982
18_3,864.15,888.29,0.9979
18_3,912.05,920.77,0.9975
18_3,619.09,696.33,0.9969
18_3,771.32,795.29,0.9959
18_3,822.13,843.87,0.9933
18_3,699.78,705.46,0.9933
18_3,847.71,856.79,0.9932
18_3,897.17,912.09,0.9822
18_3,990.11,991.3,0.9791
18_3,920.78,990.07,0.9737
18_3,705.08,768.86,0.9698
18_3,864.15,888.3,0.1351
18_3,619.05,696.36,0.1351
18_3,912.05,920.77,0.1344
18_3,771.31,795.3,0.1343
18_3,847.71,856.79,0.1341
18_3,990.11,991.3,0.1308
18_3,795.49,820.7,0.1273
18_3,822.67,828.61,0.0247
18_3,717.8,724.2,0.0244
18_3,977.41,989.9,0.0196
18_3,864.18,888.25,0.0179
18_3,1109.54,1112.28,0.0158
18_3,951.81,964.05,0.0141
18_3,713.32,716.12,0.0077
18_3,820.38,823.18,0.0075
18_3,793.33,840.5,0.0068
18_3,1136.1,1225.43,0.0063
18_3,1076.14,1120.28,0.0058
18_3,812.66,815.3,0.0056
18_3,679.77,682.52,0.0054
18_3,864.42,876.92,0.005
18_3,992.22,997.91,0.0049
18_3,757.53,763.4,0.0049
18_3,763.18,766.41,0.0048
18_3,662.92,668.54,0.0048
18_3,793.22,803.3,0.0044
18_3,621.09,632.71,0.0043
18_3,1060.5,1066.14,0.0043
18_3,1042.14,1053.2,0.0042
18_3,884.71,890.18,0.0035
18_3,727.8,730.46,0.0028
18_3,788.75,794.55,0.0023
18_3,1153.53,1177.24,0.0023
18_3,936.19,939.02,0.0023
18_3,823.91,835.98,0.0022
18_3,1001.79,1021.03,0.0022
18_3,975.37,978.8,0.0021
18_3,776.13,779.12,0.002
18_3,707.32,710.2,0.0019
18_3,834.66,839.93,0.0019
18_3,894.59,913.65,0.0018
18_3,779.42,825.74,0.0018
18_3,920.82,926.44,0.0018
18_3,1150.22,1155.61,0.0018
18_3,861.08,863.64,0.0018
18_3,849.23,855.18,0.0018
18_3,911.48,917.39,0.0017
18_3,746.41,749.02,0.0014
18_3,764.8,770.71,0.0014
18_3,915.99,918.45,0.0014
18_3,939.55,946.1,0.0014
18_3,865.88,872.36,0.0014
18_3,728.39,770.65,0.0013
18_3,1096.57,1102.52,0.0013
18_3,886.03,897.58,0.0013
18_3,842.37,847.06,0.0012
18_3,748.18,753.52,0.0012
18_3,990.54,995.64,0.0012
18_3,844.31,862.42,0.0011
18_3,702.15,707.96,0.0011
18_3,1100.19,1137.4,0.0011
18_3,1041.88,1044.33,0.0011
18_3,668.2,673.26,0.0011
18_3,1137.46,1158.82,0.001
16_40,684.97,738.16,0.9991
16_40,844.23,888.53,0.9988
16_40,616.53,683.96,0.998
16_40,1048.27,1135.53,0.9978
16_40,987.0,999.88,0.9966
16_40,1138.26,1159.53,0.994
16_40,954.61,975.91,0.9932
16_40,1011.85,1042.44,0.9903
16_40,999.88,1009.64,0.9883
16_40,772.6,840.95,0.9808
16_40,893.93,951.06,0.9779
16_40,740.39,772.73,0.9679
16_40,1165.34,1225.23,0.9612
16_40,1225.73,1228.8,0.9485
16_40,684.9,738.14,0.1349
16_40,844.18,888.51,0.1339
16_40,1011.84,1042.46,0.1338
16_40,987.01,999.88,0.1322
16_40,740.4,772.78,0.1317
16_40,685.0,738.14,0.0184
16_40,1011.85,1042.46,0.018
16_40,1197.45,1200.01,0.015
16_40,725.65,738.35,0.0141
16_40,988.73,995.3,0.0079
16_40,1078.56,1138.87,0.0077
16_40,615.83,638.29,0.0053
16_40,779.76,821.64,0.0051
16_40,1011.45,1024.27,0.0046
16_40,676.67,682.51,0.0042
16_40,1067.51,1091.01,0.0042
16_40,1200.48,1214.72,0.004
16_40,1132.01,1134.7,0.0039
16_40,1000.77,1010.52,0.0038
16_40,713.25,738.16,0.0038
16_40,1109.76,1135.21,0.0037
16_40,1167.37,1179.76,0.0034
16_40,955.53,977.84,0.0029
16_40,887.94,893.5,0.0029
16_40,870.08,882.24,0.0028
16_40,694.19,706.0,0.0027
16_40,893.5,906.1,0.0027
16_40,845.32,869.51,0.0025
16_40,993.08,999.37,0.0025
16_40,1048.81,1051.52,0.0024
16_40,1000.13,1003.18,0.0024
16_40,982.88,986.03,0.0023
16_40,765.07,767.81,0.0023
16_40,688.17,694.23,0.0023
16_40,816.4,839.66,0.0023
16_40,772.34,784.11,0.002
16_40,641.1,684.81,0.002
16_40,986.57,1009.35,0.0019
16_40,1160.86,1228.8,0.0018
16_40,883.99,889.03,0.0016
16_40,839.44,841.71,0.0016
16_40,784.06,790.43,0.0014
16_40,619.08,630.5,0.0014
16_40,961.53,975.49,0.0013
16_40,974.53,984.09,0.0013
16_40,896.27,967.58,0.0012
16_40,1138.94,1162.98,0.0012
16_40,617.69,663.84,0.001
12_15,766.0,774.82,0.9987
12_15,736.59,743.01,0.9977
12_15,643.8,680.44,0.9976
12_15,722.15,730.71,0.996
12_15,631.51,636.86,0.9956
12_15,794.61,802.36,0.9935
12_15,753.17,759.85,0.9923
12_15,695.96,709.04,0.9909
12_15,624.02,628.3,0.9855
12_15,643.86,680.45,0.1353
12_15,722.15,730.71,0.135
12_15,753.17,759.85,0.1333
12_15,736.59,743.01,0.1314
12_15,695.94,709.04,0.1296
12_15,631.51,636.86,0.1286
12_15,627.75,633.11,0.0159
12_15,709.41,721.1,0.0113
12_15,1021.93,1042.25,0.0112
12_15,743.09,753.62,0.0101
12_15,732.88,744.12,0.0096
12_15,641.37,647.4,0.0091
12_15,786.57,795.13,0.0083
12_15,966.5,972.4,0.0077
12_15,746.6,749.77,0.0074
12_15,624.36,626.95,0.0046
12_15,1054.45,1065.71,0.0041
12_15,628.83,631.8,0.0036
12_15,821.04,826.32,0.0035
12_15,1061.16,1063.6,0.0035
12_15,646.68,669.24,0.0034
12_15,671.12,676.78,0.0034
12_15,1029.51,1040.06,0.0034
12_15,931.66,953.77,0.0033
12_15,642.64,645.67,0.003
12_15,724.49,727.32,0.003
12_15,947.73,959.82,0.0029
12_15,617.42,638.49,0.0029
12_15,904.98,907.96,0.0028
12_15,979.47,982.14,0.0024
12_15,847.43,931.27,0.0024
12_15,1063.8,1074.41,0.0024
12_15,776.17,795.25,0.0023
12_15,856.61,859.55,0.0021
12_15,1043.63,1049.17,0.002
12_15,850.15,852.37,0.002
12_15,1039.46,1044.52,0.002
12_15,931.93,934.54,0.0019
12_15,760.7,766.5,0.0019
12_15,680.87,686.61,0.0018
12_15,893.42,916.29,0.0017
12_15,737.66,740.84,0.0017
12_15,983.54,986.37,0.0017
12_15,686.62,689.21,0.0016
12_15,722.51,728.47,0.0015
12_15,622.3,632.45,0.0015
12_15,952.79,958.92,0.0015
12_15,615.7,621.63,0.0014
12_15,750.42,753.37,0.0014
12_15,729.87,732.62,0.0013
12_15,709.96,715.38,0.0013
12_15,752.0,766.4,0.0013
12_15,816.85,821.95,0.0013
12_15,1004.19,1007.46,0.0012
12_15,719.69,722.62,0.0012
12_15,732.23,737.21,0.0012
12_15,679.52,682.51,0.0012
12_15,788.82,794.32,0.0011
12_15,926.22,928.7,0.0011
12_15,979.79,1063.11,0.001
12_15,898.84,904.07,0.001
12_15,920.67,926.82,0.001
28_25,1097.59,1104.62,0.9995
28_25,1104.64,1127.91,0.998
28_25,1134.29,1171.56,0.9979
28_25,1076.25,1088.11,0.9974
28_25,659.06,695.47,0.9968
28_25,755.61,802.47,0.9965
28_25,814.33,888.88,0.9961
28_25,1033.31,1074.98,0.9958
28_25,897.9,939.05,0.9947
28_25,973.76,981.97,0.9934
28_25,982.04,1029.09,0.9912
28_25,697.11,755.52,0.9878
28_25,617.75,650.95,0.9837
28_25,650.98,659.08,0.9726
28_25,1029.13,1033.35,0.9658
28_25,955.52,973.77,0.9649
28_25,1148.19,1171.59,0.4491
28_25,897.86,939.01,0.1346
28_25,1104.66,1127.9,0.1342
28_25,973.76,981.98,0.1339
28_25,1033.26,1075.04,0.1339
28_25,659.03,695.49,0.1337
28_25,617.71,650.95,0.1334
28_25,1076.26,1088.11,0.1328
28_25,697.11,755.55,0.1309
28_25,755.59,802.42,0.1276
28_25,697.13,755.52,0.0177
28_25,1088.73,1097.26,0.0121
28_25,982.84,988.32,0.0108
28_25,1099.88,1102.74,0.0074
28_25,1167.2,1172.56,0.0059
28_25,1104.5,1110.46,0.0053
28_25,1007.46,1029.76,0.0044
28_25,805.94,882.15,0.0043
28_25,1076.03,1085.87,0.0041
28_25,740.72,752.13,0.004
28_25,1028.9,1032.09,0.0038
28_25,675.23,695.54,0.0036
28_25,637.99,650.37,0.0035
28_25,955.29,969.26,0.0034
28_25,1133.03,1145.06,0.0032
28_25,699.27,704.67,0.0032
28_25,810.18,836.23,0.003
28_25,1088.28,1104.4,0.0029
28_25,760.71,767.25,0.0029
28_25,931.22,941.37,0.0028
28_25,1116.31,1128.35,0.0028
28_25,954.75,957.68,0.0026
28_25,857.54,863.73,0.0024
28_25,783.4,803.88,0.0024
28_25,1023.61,1026.62,0.0024
28_25,987.02,1008.18,0.0023
28_25,661.03,681.34,0.0023
28_25,1062.19,1075.5,0.0021
28_25,731.82,738.13,0.002
28_25,614.52,617.25,0.002
28_25,618.9,629.68,0.0019
28_25,980.58,983.27,0.0018
28_25,652.01,654.86,0.0017
28_25,973.93,979.08,0.0016
28_25,967.67,974.05,0.0016
28_25,760.78,775.15,0.0015
28_25,891.0,896.46,0.0014
28_25,852.22,891.28,0.0013
28_25,1006.77,1013.69,0.0013
28_25,946.35,980.07,0.0012
28_25,947.17,949.53,0.0011
28_25,1038.56,1051.44,0.0011
28_25,898.17,910.9,0.0011
28_25,754.82,757.7,0.0011
28_25,1173.13,1175.93,0.001
17_16,845.47,939.4,0.9997
17_16,1070.09,1078.36,0.9996
17_16,614.34,697.56,0.9972
17_16,1029.37,1063.73,0.9966
17_16,1101.36,1129.01,0.994
17_16,702.86,715.21,0.9928
17_16,772.84,822.91,0.9917
17_16,822.91,838.89,0.984
17_16,983.1,991.49,0.978
17_16,725.19,763.91,0.9697
17_16,999.5,1023.78,0.9683
17_16,1070.09,1078.37,0.1355
17_16,1029.4,1063.71,0.1352
17_16,614.37,697.39,0.1349
17_16,1101.34,1129.01,0.1346
17_16,702.88,715.22,0.1326
17_16,772.88,822.9,0.128
17_16,1070.08,1078.37,0.0182
17_16,1101.34,1128.99,0.0181
17_16,1097.91,1103.41,0.0099
17_16,1070.27,1105.86,0.0078
17_16,933.43,936.43,0.0065
17_16,1017.2,1020.16,0.0061
17_16,1158.78,1170.85,0.006
17_16,769.01,771.34,0.0057
17_16,995.75,1030.32,0.0055
17_16,1090.74,1103.1,0.0051
17_16,1066.33,1070.59,0.0051
17_16,1109.79,1112.29,0.005
17_16,751.86,763.14,0.0043
17_16,914.75,937.41,0.0039
17_16,641.36,643.99,0.0037
17_16,1103.65,1114.72,0.0036
17_16,744.42,746.98,0.0036
17_16,1159.44,1165.56,0.0033
17_16,743.28,754.19,0.0031
17_16,615.62,618.57,0.003
17_16,948.71,951.21,0.003
17_16,774.54,777.25,0.003
17_16,703.11,705.9,0.0028
17_16,717.51,728.62,0.0027
17_16,661.0,663.8,0.0025
17_16,850.75,856.1,0.0023
17_16,812.95,818.93,0.0023
17_16,1146.5,1228.8,0.002
17_16,705.98,712.57,0.0019
17_16,1137.76,1140.44,0.0019
17_16,800.73,803.57,0.0018
17_16,1104.48,1107.05,0.0017
17_16,773.08,775.96,0.0017
17_16,1120.28,1126.27,0.0017
17_16,1026.25,1032.49,0.0017
17_16,622.66,673.24,0.0017
17_16,674.23,680.58,0.0016
17_16,852.9,947.43,0.0016
17_16,1160.04,1163.06,0.0015
17_16,628.04,630.61,0.0014
17_16,727.19,729.95,0.0014
17_16,819.89,825.23,0.0013
17_16,666.68,690.17,0.0013
17_16,883.91,886.88,0.0013
17_16,888.55,899.11,0.0013
17_16,775.48,844.36,0.0013
17_16,951.56,958.0,0.0013
17_16,1060.22,1066.55,0.0013
17_16,1039.17,1045.31,0.0012
17_16,835.66,841.29,0.0011
17_16,728.18,768.38,0.0011
17_16,855.91,861.39,0.0011
17_16,625.27,628.28,0.001
17_16,630.13,632.74,0.001
17_16,838.69,851.06,0.001
17_16,909.93,913.1,0.001
17_16,1066.56,1084.6,0.001
17_16,936.8,957.2,0.001
17_16,769.72,780.21,0.001
17_23,729.12,810.99,1.0
17_23,906.99,949.21,0.9996
17_23,1091.81,1102.41,0.9995
17_23,953.45,978.93,0.9983
17_23,1106.64,1126.47,0.9968
17_23,840.54,857.06,0.9902
17_23,991.65,1057.31,0.9827
17_23,1070.84,1076.91,0.9826
17_23,614.28,725.28,0.9825
17_23,860.09,900.65,0.9825
17_23,825.21,835.59,0.9695
17_23,953.46,978.92,0.1346
17_23,1106.63,1126.48,0.1338
17_23,1070.83,1076.91,0.1303
17_23,1079.61,1104.41,0.0102
17_23,1105.36,1143.37,0.01
17_23,849.45,855.29,0.0083
17_23,1141.64,1144.09,0.0075
17_23,613.74,652.1,0.0057
17_23,874.46,877.12,0.0056
17_23,746.88,790.98,0.0052
17_23,843.6,850.15,0.0047
17_23,876.85,898.12,0.0043
17_23,1121.85,1124.85,0.0043
17_23,1129.09,1134.75,0.0039
17_23,892.95,903.25,0.0038
17_23,678.66,722.38,0.0037
17_23,1143.09,1146.02,0.0035
17_23,816.64,859.17,0.0035
17_23,732.78,739.08,0.0033
17_23,1064.68,1071.13,0.0032
17_23,634.32,637.19,0.003
17_23,910.82,923.45,0.003
17_23,740.62,746.32,0.0027
17_23,619.33,622.2,0.0027
17_23,982.95,985.98,0.0026
17_23,1111.97,1124.2,0.0025
17_23,965.72,971.33,0.0023
17_23,1020.83,1027.14,0.0023
17_23,955.86,961.98,0.0023
17_23,980.48,991.18,0.002
17_23,720.33,726.22,0.0019
17_23,921.82,927.61,0.0018
17_23,901.83,945.5,0.0017
17_23,1126.19,1128.53,0.0016
17_23,1053.03,1055.71,0.0016
17_23,688.16,690.87,0.0015
17_23,804.7,810.12,0.0015
17_23,784.03,794.97,0.0015
17_23,883.47,889.3,0.0015
17_23,617.01,620.17,0.0014
17_23,871.61,874.72,0.0014
17_23,827.96,908.9,0.0014
17_23,1015.53,1051.58,0.0012
17_23,1127.02,1150.17,0.0012
17_23,709.15,720.25,0.0012
17_23,946.9,952.06,0.0011
17_23,1090.92,1108.0,0.0011
17_23,948.9,983.28,0.001
17_23,978.36,980.98,0.001
17_23,860.42,863.15,0.001
18_41,870.47,926.78,0.9998
18_41,768.11,788.12,0.9981
18_41,926.96,930.15,0.9969
18_41,649.02,727.94,0.9947
18_41,789.23,794.85,0.9939
18_41,795.11,827.71,0.9898
18_41,828.53,832.31,0.9897
18_41,621.43,644.82,0.9856
18_41,730.85,766.47,0.9853
18_41,833.49,840.82,0.9796
18_41,931.34,934.15,0.9762
18_41,616.69,620.16,0.9575
18_41,870.38,926.81,0.1364
18_41,649.15,728.04,0.136
18_41,768.12,788.11,0.1337
18_41,621.41,644.79,0.1337
18_41,926.96,930.15,0.1329
18_41,828.53,832.31,0.1322
18_41,833.5,840.82,0.1321
18_41,789.23,794.85,0.1315
18_41,616.7,620.16,0.1294
18_41,642.1,654.84,0.0245
18_41,794.71,799.4,0.0233
18_41,870.4,926.81,0.0184
18_41,1097.71,1099.94,0.0181
18_41,833.5,840.82,0.0176
18_41,828.54,832.31,0.0176
18_41,859.05,864.5,0.0126
18_41,881.74,887.0,0.0126
18_41,919.91,922.43,0.0125
18_41,932.1,975.58,0.0088
18_41,1080.02,1121.04,0.0085
18_41,1005.48,1025.59,0.0082
18_41,770.45,772.93,0.0075
18_41,763.59,765.84,0.0069
18_41,774.16,776.92,0.0067
18_41,879.75,901.64,0.0065
18_41,922.95,927.74,0.0062
18_41,821.63,833.81,0.0052
18_41,798.91,802.06,0.0049
18_41,1107.71,1119.37,0.0043
18_41,642.76,645.7,0.004
18_41,1074.66,1080.22,0.0038
18_41,1053.07,1059.13,0.0033
18_41,866.15,869.17,0.003
18_41,965.16,975.85,0.0028
18_41,1104.05,1147.37,0.0028
18_41,1009.33,1012.02,0.0028
18_41,788.56,797.51,0.0027
18_41,914.42,920.45,0.0026
18_41,806.56,812.66,0.0026
18_41,1014.61,1024.65,0.0024
18_41,644.5,650.63,0.0024
18_41,868.59,874.62,0.0022
18_41,615.38,625.86,0.0022
18_41,668.74,711.23,0.0022
18_41,927.2,970.58,0.002
18_41,1040.52,1045.72,0.0018
18_41,588.29,631.8,0.0018
18_41,629.35,641.66,0.0018
18_41,996.13,999.42,0.0017
18_41,787.13,825.12,0.0017
18_41,740.63,761.63,0.0017
18_41,665.77,678.02,0.0017
18_41,1014.95,1017.96,0.0017
18_41,934.23,947.29,0.0016
18_41,903.21,905.98,0.0015
18_41,1012.09,1055.29,0.0015
18_41,1005.87,1012.48,0.0014
18_41,1063.58,1103.71,0.0014
18_41,623.86,635.28,0.0014
18_41,735.62,740.53,0.0012
18_41,697.23,719.35,0.0012
18_41,1018.68,1021.96,0.0011
18_41,796.37,807.64,0.0011
18_41,614.63,620.84,0.0011
18_41,886.32,897.39,0.0011
18_41,1102.25,1107.93,0.0011
18_41,1024.75,1036.35,0.0011
18_41,1003.56,1008.27,0.0011
18_41,1092.88,1098.41,0.0011
18_41,841.83,847.49,0.001
18_41,1036.95,1042.85,0.001
18_41,969.13,1009.76,0.001
18_41,1157.84,1159.97,0.001
27_29,830.65,845.31,0.9987
27_29,964.78,982.78,0.9985
27_29,846.01,888.01,0.9984
27_29,638.39,702.51,0.9974
27_29,914.72,948.09,0.9952
27_29,891.37,910.72,0.9951
27_29,989.49,1000.14,0.9931
27_29,1001.5,1031.5,0.9926
27_29,727.28,775.19,0.9921
27_29,776.67,823.21,0.9888
27_29,830.61,845.32,0.1368
27_29,989.47,1000.14,0.1353
27_29,845.99,887.95,0.1341
27_29,830.63,845.32,0.0178
27_29,844.98,854.19,0.0108
27_29,807.19,809.99,0.0079
27_29,1077.89,1082.95,0.0068
27_29,1061.12,1080.62,0.0064
27_29,856.15,859.0,0.0048
27_29,913.38,919.26,0.0043
27_29,1003.35,1014.46,0.0042
27_29,1079.59,1082.31,0.0037
27_29,921.85,924.32,0.0036
27_29,847.49,852.54,0.0034
27_29,705.38,727.48,0.0034
27_29,614.76,633.66,0.003
27_29,643.27,686.31,0.003
27_29,984.85,987.59,0.0029
27_29,906.31,911.91,0.0027
27_29,883.13,885.55,0.0025
27_29,931.15,942.33,0.0025
27_29,758.58,769.36,0.0024
27_29,682.09,701.42,0.0023
27_29,813.81,820.11,0.0022
27_29,846.84,869.27,0.0021
27_29,1137.37,1140.05,0.0021
27_29,1062.98,1105.96,0.002
27_29,734.1,746.65,0.002
27_29,885.14,888.05,0.0017
27_29,1099.96,1102.79,0.0017
27_29,1019.96,1026.09,0.0016
27_29,953.05,958.69,0.0016
27_29,835.6,909.2,0.0016
27_29,633.82,646.12,0.0015
27_29,774.54,818.26,0.0014
27_29,945.36,967.16,0.0014
27_29,630.26,632.62,0.0013
27_29,643.44,646.17,0.0013
27_29,748.89,771.23,0.0012
27_29,706.76,709.7,0.0012
27_29,901.26,911.99,0.0012
27_29,924.22,929.79,0.0011
27_29,1121.39,1124.0,0.0011
27_29,1159.29,1161.95,0.0011
27_29,621.89,632.05,0.0011
27_29,975.81,987.49,0.001
27_29,973.58,976.3,0.001
27_29,1062.7,1068.68,0.001
27_29,965.27,967.47,0.001
27_29,1132.9,1145.17,0.001
27_29,730.86,736.87,0.001
5_35,988.11,1003.99,0.9995
5_35,1039.53,1058.37,0.9995
5_35,811.77,836.44,0.9989
5_35,621.41,644.62,0.9984
5_35,798.93,806.4,0.9957
5_35,648.56,700.92,0.9956
5_35,842.46,932.32,0.9943
5_35,1003.98,1036.4,0.9939
5_35,968.06,971.44,0.9914
5_35,770.67,777.06,0.9868
5_35,761.07,770.66,0.9809
5_35,931.74,946.58,0.9778
5_35,979.55,988.16,0.965
5_35,788.34,798.93,0.9627
5_35,939.55,976.62,0.9249
5_35,648.64,700.89,0.1353
5_35,1004.01,1036.41,0.1347
5_35,798.93,806.41,0.1346
5_35,988.11,1003.98,0.1339
5_35,811.74,836.43,0.1336
5_35,621.44,644.63,0.1332
5_35,770.67,777.07,0.1316
5_35,798.93,806.4,0.0182
5_35,1003.99,1036.4,0.018
5_35,988.11,1003.99,0.0178
5_35,1156.41,1159.37,0.0098
5_35,848.13,851.07,0.0081
5_35,821.07,839.28,0.0074
5_35,699.74,737.84,0.0069
5_35,741.65,744.27,0.0065
5_35,1020.51,1032.22,0.0048
5_35,866.26,879.01,0.0046
5_35,799.22,801.79,0.0037
5_35,1037.64,1040.08,0.0036
5_35,1040.02,1050.58,0.0034
5_35,751.7,756.6,0.0032
5_35,866.9,869.71,0.0032
5_35,739.04,750.27,0.003
5_35,1109.42,1115.72,0.003
5_35,614.09,647.63,0.0028
5_35,894.75,906.04,0.0027
5_35,1047.56,1133.9,0.0023
5_35,1003.66,1015.34,0.0023
5_35,996.44,1002.95,0.0023
5_35,840.76,846.67,0.0022
5_35,1096.8,1102.28,0.0021
5_35,892.63,934.73,0.0021
5_35,735.43,741.1,0.0021
5_35,805.91,811.43,0.002
5_35,1140.96,1223.6,0.0018
5_35,961.57,967.0,0.0017
5_35,918.22,929.6,0.0016
5_35,1133.67,1136.47,0.0015
5_35,810.78,813.68,0.0015
5_35,1046.66,1049.57,0.0015
5_35,1014.56,1017.36,0.0014
5_35,945.18,967.38,0.0014
5_35,973.37,978.77,0.0014
5_35,901.57,904.55,0.0013
5_35,740.52,761.35,0.0013
5_35,1154.59,1160.32,0.0013
5_35,1111.79,1132.74,0.0013
5_35,1092.53,1095.27,0.0012
5_35,799.34,813.16,0.0012
5_35,638.18,644.02,0.0012
5_35,908.87,915.13,0.0012
5_35,783.26,802.95,0.0012
5_35,608.13,619.07,0.0012
5_35,1079.37,1121.98,0.0012
5_35,896.4,901.85,0.0011
5_35,658.82,661.72,0.001
5_35,726.14,728.77,0.001
5_35,858.01,869.62,0.001
12_119,731.36,748.96,0.9992
12_119,662.93,674.67,0.9977
12_119,822.27,836.57,0.9962
12_119,757.15,764.04,0.9892
12_119,633.55,641.98,0.985
12_119,772.98,786.26,0.9847
12_119,628.7,631.51,0.9801
12_119,681.06,692.03,0.9642
12_119,712.98,718.84,0.9625
12_119,662.92,674.65,0.1345
12_119,731.36,748.97,0.1343
12_119,822.27,836.56,0.1336
12_119,628.7,631.51,0.1322
12_119,757.15,764.05,0.1306
12_119,772.99,786.26,0.1299
12_119,984.77,1028.82,0.0261
12_119,757.15,764.05,0.0177
12_119,822.27,836.57,0.0177
12_119,729.45,734.05,0.0129
12_119,790.5,832.48,0.0077
12_119,866.33,872.68,0.0056
12_119,942.96,948.83,0.0056
12_119,848.47,853.84,0.0046
12_119,718.43,729.21,0.0034
12_119,621.2,632.9,0.0033
12_119,955.46,962.14,0.003
12_119,732.6,744.08,0.003
12_119,769.25,792.21,0.0029
12_119,838.42,851.2,0.0029
12_119,658.88,663.8,0.0027
12_119,1045.49,1048.35,0.0025
12_119,897.88,900.59,0.0024
12_119,699.28,704.75,0.0023
12_119,982.14,993.9,0.0022
12_119,705.8,728.1,0.0022
12_119,764.14,772.96,0.0021
12_119,634.2,637.3,0.002
12_119,925.29,930.92,0.0019
12_119,1000.09,1012.75,0.0019
12_119,974.21,980.02,0.0019
12_119,898.97,910.22,0.0019
12_119,620.7,708.24,0.0018
12_119,886.69,889.18,0.0018
12_119,941.26,947.02,0.0017
12_119,786.62,791.86,0.0016
12_119,883.95,925.89,0.0015
12_119,649.72,652.49,0.0014
12_119,796.34,799.49,0.0014
12_119,677.39,680.36,0.0013
12_119,674.24,677.37,0.0012
12_119,949.22,971.34,0.0012
12_119,681.69,721.21,0.0011
12_119,638.22,640.74,0.0011
12_119,977.27,980.17,0.0011
12_119,1037.49,1040.36,0.0011
12_119,857.64,863.57,0.0011
12_119,807.31,809.96,0.001
12_119,750.7,753.47,0.001
12_119,955.35,958.39,0.001
12_119,665.68,671.84,0.001
28_38,742.08,752.92,0.9989
28_38,756.44,778.08,0.9984
28_38,851.91,861.35,0.9983
28_38,873.6,887.23,0.9943
28_38,617.91,629.43,0.9936
28_38,900.53,907.88,0.9935
28_38,678.07,734.36,0.9927
28_38,862.42,873.94,0.9917
28_38,940.07,952.65,0.9897
28_38,735.43,741.72,0.9863
28_38,916.62,939.33,0.986
28_38,779.17,850.4,0.9762
28_38,644.48,672.11,0.9757
28_38,952.3,960.7,0.9725
28_38,851.92,861.35,0.1352
28_38,742.08,752.92,0.1342
28_38,873.59,887.24,0.134
28_38,677.98,734.42,0.1335
28_38,940.05,952.65,0.133
28_38,617.91,629.44,0.133
28_38,735.43,741.72,0.1329
28_38,952.3,960.7,0.1319
28_38,916.63,939.36,0.13
28_38,845.08,850.76,0.0268
28_38,678.02,734.41,0.0179
28_38,873.6,887.24,0.0179
28_38,713.71,735.68,0.0121
28_38,1036.79,1039.69,0.0112
28_38,992.09,1013.88,0.0076
28_38,848.3,866.19,0.0067
28_38,1067.96,1070.91,0.0063
28_38,886.99,897.96,0.0057
28_38,805.82,808.27,0.0054
28_38,630.46,636.22,0.0052
28_38,754.3,775.35,0.0051
28_38,821.51,824.22,0.0049
28_38,785.15,791.41,0.0047
28_38,892.39,916.67,0.0046
28_38,728.56,735.22,0.0043
28_38,844.07,850.38,0.0043
28_38,680.32,702.88,0.0042
28_38,615.15,637.65,0.004
28_38,680.91,686.51,0.0035
28_38,1035.46,1040.61,0.0034
28_38,753.44,758.87,0.0028
28_38,698.84,704.76,0.0026
28_38,1052.8,1096.36,0.0025
28_38,890.12,895.69,0.0025
28_38,897.65,908.53,0.0024
28_38,792.23,794.96,0.0024
28_38,877.07,879.87,0.0023
28_38,771.82,774.94,0.0019
28_38,996.27,999.23,0.0019
28_38,962.07,983.02,0.0018
28_38,835.28,845.34,0.0017
28_38,817.99,828.79,0.0017
28_38,666.26,669.39,0.0016
28_38,921.13,924.08,0.0014
28_38,767.29,769.97,0.0014
28_38,614.42,620.24,0.0014
28_38,829.85,836.47,0.0014
28_38,617.95,661.64,0.0014
28_38,841.86,852.32,0.0013
28_38,1090.19,1093.25,0.0013
28_38,945.26,951.16,0.0012
28_38,777.97,788.22,0.0012
28_38,1036.57,1039.48,0.0012
28_38,809.45,812.06,0.0012
28_38,1082.27,1093.93,0.0011
28_38,691.37,694.25,0.0011
28_38,796.24,807.77,0.0011
28_38,970.71,976.9,0.0011
28_38,862.81,888.63,0.001
28_38,949.79,959.99,0.001
8_16,614.41,648.09,0.9994
8_16,685.82,705.31,0.9987
8_16,651.98,686.12,0.9965
8_16,705.34,730.96,0.9963
8_16,772.59,815.39,0.996
8_16,815.68,855.43,0.9911
8_16,733.74,772.28,0.9685
8_16,651.96,686.11,0.1347
8_16,705.31,730.96,0.1347
8_16,671.37,674.57,0.0212
8_16,648.93,660.89,0.0201
8_16,841.74,852.35,0.0197
8_16,923.14,933.05,0.0093
8_16,774.99,778.03,0.0068
8_16,850.72,855.71,0.0065
8_16,948.92,951.89,0.0058
8_16,925.81,967.59,0.0054
8_16,617.12,654.06,0.0053
8_16,974.9,996.29,0.005
8_16,714.83,726.66,0.0049
8_16,725.43,728.22,0.0047
8_16,703.96,709.9,0.0046
8_16,842.1,845.43,0.0036
8_16,708.51,714.03,0.0034
8_16,730.46,736.81,0.0034
8_16,688.63,698.67,0.0032
8_16,811.27,851.16,0.0031
8_16,663.62,669.55,0.0028
8_16,885.05,887.88,0.0025
8_16,727.36,729.87,0.0025
8_16,771.91,774.8,0.0024
8_16,1035.45,1056.18,0.0021
8_16,686.53,732.2,0.0021
8_16,896.19,908.8,0.0021
8_16,852.23,854.66,0.002
8_16,591.69,629.63,0.0019
8_16,797.26,802.92,0.0019
8_16,634.22,639.79,0.0019
8_16,828.87,831.67,0.0018
8_16,733.94,736.97,0.0017
8_16,777.08,862.08,0.0017
8_16,902.63,923.78,0.0017
8_16,653.76,664.51,0.0016
8_16,723.99,726.8,0.0016
8_16,740.54,762.03,0.0015
8_16,976.08,981.75,0.0014
8_16,616.41,632.14,0.0014
8_16,854.96,857.9,0.0014
8_16,1006.08,1025.82,0.0014
8_16,1028.31,1031.47,0.0013
8_16,1047.67,1059.49,0.0013
8_16,934.91,946.42,0.0012
8_16,851.69,863.09,0.0012
8_16,863.0,866.02,0.0012
8_16,684.4,687.16,0.0011
8_16,989.54,994.82,0.0011
8_16,758.09,760.95,0.0011
8_16,1025.42,1047.07,0.001
8_16,887.24,889.63,0.001
8_16,779.52,782.43,0.001
8_16,707.44,713.5,0.001
16_42,1006.4,1070.68,0.9993
16_42,728.38,746.77,0.9973
16_42,884.36,921.55,0.9964
16_42,1104.95,1115.93,0.9953
16_42,842.8,879.63,0.9952
16_42,938.67,968.01,0.9947
16_42,684.79,728.32,0.9941
16_42,646.63,677.19,0.993
16_42,836.78,842.07,0.99
16_42,755.63,793.61,0.9875
16_42,805.51,821.65,0.9866
16_42,1073.36,1078.92,0.9831
16_42,981.02,1001.4,0.9825
16_42,971.2,972.8,0.9775
16_42,1062.09,1069.01,0.9743
16_42,625.0,645.16,0.9736
16_42,930.83,938.04,0.969
16_42,1038.4,1046.93,0.9588
16_42,1079.16,1103.2,0.9519
16_42,1048.08,1061.35,0.9132
16_42,1016.81,1036.19,0.8311
16_42,938.64,967.99,0.1349
16_42,1104.94,1115.92,0.1338
16_42,805.52,821.64,0.1337
16_42,646.67,677.19,0.1334
16_42,1062.08,1069.01,0.1326
16_42,981.02,1001.4,0.1326
16_42,971.2,972.8,0.1274
16_42,1048.07,1061.35,0.121
16_42,1016.82,1036.18,0.1122
16_42,938.69,967.99,0.0183
16_42,646.65,677.18,0.0181
16_42,1062.09,1069.01,0.0178
16_42,788.44,805.93,0.0148
16_42,831.38,837.22,0.01
16_42,701.55,723.78,0.008
16_42,674.87,685.98,0.007
16_42,1099.8,1102.86,0.007
16_42,877.51,880.3,0.006
16_42,931.19,933.67,0.0044
16_42,972.85,975.66,0.0044
16_42,1081.83,1159.09,0.0044
16_42,1032.43,1038.87,0.0041
16_42,1135.15,1137.75,0.0041
16_42,1143.77,1146.52,0.0038
16_42,1123.45,1129.23,0.0038
16_42,705.26,708.13,0.0036
16_42,1034.71,1054.38,0.0036
16_42,679.75,753.35,0.0035
16_42,842.51,865.76,0.0034
16_42,655.26,667.15,0.0034
16_42,926.68,938.16,0.0034
16_42,809.87,812.51,0.0032
16_42,822.58,828.04,0.003
16_42,871.95,877.77,0.003
16_42,908.5,911.17,0.0028
16_42,918.87,921.24,0.0027
16_42,745.74,756.65,0.0026
16_42,792.22,803.82,0.0026
16_42,1132.54,1154.27,0.0026
16_42,804.62,810.23,0.0025
16_42,913.49,919.17,0.0024
16_42,626.35,628.98,0.0024
16_42,929.18,931.93,0.0023
16_42,1150.48,1228.8,0.0022
16_42,1055.6,1058.54,0.0021
16_42,736.1,742.03,0.0021
16_42,682.92,685.69,0.0021
16_42,778.73,784.78,0.0021
16_42,716.8,722.92,0.0019
16_42,617.58,654.57,0.0019
16_42,883.67,908.42,0.0019
16_42,1087.71,1090.71,0.0018
16_42,1118.24,1124.15,0.0018
16_42,1051.81,1054.75,0.0018
16_42,631.05,636.41,0.0017
16_42,892.51,895.3,0.0015
16_42,1069.19,1103.6,0.0015
16_42,797.81,835.92,0.0015
16_42,1126.58,1129.15,0.0014
16_42,882.42,885.06,0.0014
16_42,748.31,770.76,0.0014
16_42,953.98,956.57,0.0014
16_42,1006.95,1013.16,0.0014
16_42,860.25,881.56,0.0014
16_42,966.86,1000.29,0.0013
16_42,837.38,840.64,0.0012
16_42,901.59,904.45,0.0012
16_42,747.07,753.34,0.0012
16_42,640.3,646.04,0.0012
16_42,762.11,783.67,0.0011
16_42,921.19,926.14,0.0011
16_42,674.77,680.38,0.0011
22_13,651.65,701.93,0.9988
22_13,989.36,997.1,0.9986
22_13,703.38,715.73,0.9985
22_13,819.59,977.7,0.9961
22_13,620.51,639.7,0.9943
22_13,785.23,797.6,0.993
22_13,978.33,985.4,0.9922
22_13,747.96,763.98,0.9909
22_13,639.71,647.87,0.9888
22_13,1040.14,1045.55,0.9854
22_13,717.07,725.59,0.9828
22_13,1018.41,1040.1,0.9806
22_13,997.49,1018.37,0.9674
22_13,729.13,745.11,0.9512
22_13,819.96,977.6,0.1361
22_13,703.39,715.74,0.1351
22_13,989.36,997.11,0.1347
22_13,620.49,639.69,0.1346
22_13,978.34,985.4,0.134
22_13,651.67,701.96,0.132
22_13,1040.14,1045.55,0.1315
22_13,651.65,702.04,0.0179
22_13,703.38,715.74,0.0176
22_13,989.37,997.1,0.0175
22_13,870.37,924.78,0.0169
22_13,763.66,775.99,0.0165
22_13,863.72,876.28,0.0151
22_13,639.59,641.71,0.0138
22_13,749.25,752.42,0.0128
22_13,665.89,671.46,0.0127
22_13,956.56,959.28,0.0112
22_13,743.86,779.21,0.0106
22_13,1006.04,1012.24,0.0095
22_13,939.96,942.67,0.0088
22_13,1067.86,1070.75,0.0086
22_13,1153.07,1156.12,0.0082
22_13,926.15,932.03,0.007
22_13,608.65,616.98,0.007
22_13,714.7,730.97,0.0069
22_13,1037.72,1081.66,0.0063
22_13,1034.61,1040.65,0.0062
22_13,614.5,619.2,0.0056
22_13,731.68,736.8,0.0052
22_13,906.17,909.29,0.0051
22_13,955.79,962.02,0.005
22_13,854.97,879.17,0.0049
22_13,796.88,802.77,0.0046
22_13,751.69,762.42,0.0043
22_13,621.19,633.69,0.0043
22_13,1135.22,1141.16,0.0042
22_13,1126.74,1132.5,0.004
22_13,744.72,749.02,0.004
22_13,988.89,993.56,0.0033
22_13,1115.36,1118.27,0.0033
22_13,929.47,935.28,0.0032
22_13,823.34,826.5,0.0032
22_13,679.02,686.18,0.0029
22_13,970.18,975.73,0.0028
22_13,999.75,1020.17,0.0027
22_13,810.99,816.93,0.0024
22_13,1059.44,1062.02,0.0024
22_13,785.42,791.34,0.0023
22_13,881.48,883.86,0.0022
22_13,615.55,648.93,0.0021
22_13,798.12,841.31,0.0021
22_13,680.69,683.43,0.002
22_13,765.9,772.26,0.0019
22_13,669.93,676.38,0.0019
22_13,1062.85,1075.2,0.0018
22_13,646.07,651.14,0.0018
22_13,616.03,618.9,0.0018
22_13,900.91,903.84,0.0017
22_13,733.12,735.91,0.0017
22_13,718.02,724.6,0.0017
22_13,817.15,823.08,0.0017
22_13,686.66,689.13,0.0017
22_13,951.59,957.35,0.0017
22_13,935.72,941.58,0.0016
22_13,697.86,703.75,0.0016
22_13,751.82,754.27,0.0016
22_13,848.16,854.26,0.0016
22_13,1061.03,1063.86,0.0016
22_13,618.04,620.56,0.0015
22_13,876.82,897.21,0.0013
22_13,1135.97,1139.16,0.0013
22_13,1065.9,1068.52,0.0012
22_13,650.04,655.1,0.0012
22_13,726.66,729.41,0.0012
22_13,1098.09,1120.53,0.0012
22_13,873.73,876.79,0.0011
22_13,1029.7,1040.14,0.0011
22_13,642.61,645.6,0.0011
22_13,1100.89,1104.04,0.0011
22_13,631.74,637.62,0.0011
22_13,1044.22,1055.31,0.0011
22_13,987.02,989.65,0.0011
22_13,842.83,848.54,0.0011
22_13,591.53,630.51,0.001
7_30,764.86,773.57,0.9955
7_30,773.96,788.92,0.9929
7_30,754.83,764.33,0.9916
7_30,643.95,655.27,0.9904
7_30,615.97,642.76,0.9881
7_30,656.17,752.79,0.9873
7_30,809.1,820.01,0.9702
7_30,788.91,808.56,0.9702
7_30,764.85,773.56,0.1352
7_30,643.94,655.26,0.1342
7_30,615.97,642.76,0.1303
7_30,1013.84,1019.27,0.0166
7_30,705.63,708.02,0.0102
7_30,709.16,711.73,0.0071
7_30,724.0,735.27,0.0062
7_30,937.48,949.09,0.0057
7_30,958.58,1003.46,0.0056
7_30,828.31,840.06,0.0055
7_30,950.7,956.64,0.005
7_30,1001.96,1007.88,0.0038
7_30,1010.43,1021.11,0.0036
7_30,808.3,813.23,0.0036
7_30,889.67,892.69,0.0032
7_30,815.39,820.94,0.0026
7_30,706.79,718.24,0.0025
7_30,912.19,917.86,0.0025
7_30,698.2,701.2,0.0025
7_30,977.68,980.56,0.0024
7_30,869.04,880.13,0.0021
7_30,653.95,656.26,0.002
7_30,932.22,938.49,0.002
7_30,717.88,724.29,0.0019
7_30,825.79,828.56,0.0019
7_30,751.08,753.97,0.0019
7_30,957.66,964.07,0.0017
7_30,966.26,986.88,0.0017
7_30,962.56,968.15,0.0016
7_30,997.64,1007.93,0.0014
7_30,671.89,674.53,0.0014
7_30,766.86,772.96,0.0014
7_30,789.88,831.21,0.0014
7_30,715.1,720.85,0.0013
7_30,737.02,748.35,0.0013
7_30,659.98,671.29,0.0011
7_30,702.07,707.54,0.0011
7_30,946.84,949.73,0.0011
7_30,656.34,658.74,0.0011
7_30,764.42,789.89,0.001
29_28,699.58,719.27,0.9985
29_28,723.62,755.69,0.9979
29_28,618.07,639.61,0.9973
29_28,872.93,888.25,0.9963
29_28,773.72,842.73,0.9941
29_28,641.91,695.94,0.9939
29_28,865.15,873.38,0.9934
29_28,848.67,861.02,0.9913
29_28,891.7,899.26,0.9907
29_28,758.44,770.79,0.9866
29_28,872.94,888.28,0.1357
29_28,618.07,639.59,0.1353
29_28,865.15,873.39,0.1343
29_28,848.66,861.02,0.134
29_28,758.45,770.8,0.1331
29_28,723.61,755.67,0.1323
29_28,641.92,695.9,0.1319
29_28,773.56,842.83,0.1315
29_28,872.94,888.25,0.0183
29_28,865.15,873.39,0.0182
29_28,972.08,974.65,0.0159
29_28,1159.46,1161.88,0.0152
29_28,1002.84,1009.0,0.012
29_28,769.42,779.88,0.0115
29_28,1138.51,1144.56,0.0099
29_28,907.01,912.49,0.0097
29_28,665.27,685.74,0.0093
29_28,1073.03,1092.82,0.009
29_28,697.58,728.1,0.0082
29_28,1050.54,1061.75,0.0078
29_28,1158.44,1163.44,0.0076
29_28,1060.3,1063.35,0.0073
29_28,837.98,862.57,0.0048
29_28,651.37,654.15,0.0047
29_28,712.26,715.04,0.0047
29_28,989.62,992.37,0.0044
29_28,893.2,898.39,0.0044
29_28,1123.13,1126.28,0.0037
29_28,741.32,752.43,0.0035
29_28,983.79,1004.99,0.0034
29_28,794.46,797.21,0.0032
29_28,1027.05,1038.36,0.0027
29_28,976.15,978.92,0.0027
29_28,615.34,617.87,0.0026
29_28,758.97,764.09,0.0025
29_28,1041.09,1047.4,0.0024
29_28,1149.81,1173.06,0.0023
29_28,622.55,635.7,0.0022
29_28,613.62,616.35,0.0021
29_28,653.62,656.47,0.0021
29_28,1134.46,1139.96,0.0021
29_28,886.85,892.43,0.002
29_28,1063.47,1104.47,0.0019
29_28,652.92,675.72,0.0018
29_28,693.98,697.2,0.0018
29_28,1021.45,1062.85,0.0018
29_28,969.96,979.9,0.0016
29_28,943.22,949.25,0.0016
29_28,1053.26,1056.36,0.0016
29_28,939.27,942.3,0.0014
29_28,628.21,709.15,0.0014
29_28,720.46,740.99,0.0014
29_28,879.13,885.26,0.0013
29_28,678.56,681.54,0.0013
29_28,1007.59,1019.39,0.0013
29_28,1120.0,1209.93,0.0013
29_28,830.98,837.39,0.0013
29_28,717.29,722.48,0.0013
29_28,1035.81,1041.43,0.0013
29_28,1119.01,1121.99,0.0013
29_28,1071.99,1078.17,0.0012
29_28,837.32,848.31,0.0012
29_28,988.37,1000.23,0.0012
29_28,724.21,727.28,0.0012
29_28,1091.32,1102.58,0.0012
29_28,892.39,897.65,0.0011
29_28,752.37,754.81,0.0011
29_28,931.99,934.66,0.0011
29_28,898.77,909.47,0.001
3_50,787.41,790.44,0.9998
3_50,806.25,810.9,0.9989
3_50,745.32,755.08,0.9987
3_50,716.49,722.99,0.9978
3_50,725.78,739.03,0.9965
3_50,757.88,766.96,0.9959
3_50,769.97,780.89,0.995
3_50,812.99,851.64,0.9947
3_50,704.86,714.16,0.9943
3_50,651.61,669.06,0.9943
3_50,793.45,801.14,0.9928
3_50,677.65,696.01,0.9882
3_50,616.49,620.44,0.9872
3_50,633.23,646.72,0.9799
3_50,812.97,851.57,0.1354
3_50,725.79,739.04,0.1351
3_50,716.48,723.0,0.1348
3_50,769.97,780.9,0.1347
3_50,787.42,790.43,0.134
3_50,745.32,755.09,0.1331
3_50,704.87,714.16,0.1326
3_50,757.88,766.95,0.1321
3_50,725.79,739.05,0.0181
3_50,668.28,671.57,0.0172
3_50,847.76,858.47,0.0131
3_50,858.38,897.25,0.0122
3_50,689.95,725.96,0.0105
3_50,879.78,882.57,0.0095
3_50,897.16,921.02,0.0092
3_50,957.88,960.23,0.0082
3_50,988.95,995.16,0.0077
3_50,653.99,660.18,0.0071
3_50,666.9,669.47,0.0071
3_50,786.56,794.17,0.0069
3_50,641.25,643.97,0.0061
3_50,615.88,626.6,0.0059
3_50,1007.33,1012.76,0.0053
3_50,783.04,814.84,0.0052
3_50,1005.23,1044.42,0.005
3_50,795.45,800.45,0.0048
3_50,954.97,960.53,0.0046
3_50,806.51,809.62,0.0042
3_50,818.15,839.29,0.0041
3_50,681.1,686.1,0.0041
3_50,649.48,651.99,0.0035
3_50,624.49,634.18,0.0032
3_50,969.8,981.12,0.003
3_50,657.39,663.45,0.0027
3_50,882.2,888.17,0.0025
3_50,744.97,750.75,0.0024
3_50,886.37,896.79,0.0022
3_50,956.6,968.16,0.0022
3_50,697.62,703.94,0.0021
3_50,685.65,688.45,0.0021
3_50,620.17,707.38,0.002
3_50,711.92,723.18,0.002
3_50,814.05,824.57,0.0019
3_50,1032.89,1044.29,0.0018
3_50,1046.24,1057.92,0.0018
3_50,746.16,757.9,0.0017
3_50,931.85,952.75,0.0016
3_50,653.8,656.2,0.0016
3_50,629.72,650.6,0.0015
3_50,725.41,747.39,0.0014
3_50,772.18,778.88,0.0014
3_50,792.07,795.04,0.0013
3_50,868.8,880.45,0.0013
3_50,1034.84,1037.5,0.0012
3_50,961.8,984.02,0.0012
3_50,796.14,801.33,0.0012
3_50,1002.32,1005.0,0.0012
3_50,648.53,668.06,0.0011
3_50,672.48,678.24,0.0011
3_50,805.44,810.43,0.0011
3_50,767.83,791.71,0.0011
3_50,998.41,1000.67,0.0011
3_50,742.05,744.98,0.001
3_50,730.64,736.89,0.001
3_50,965.86,971.35,0.001
9_4,648.99,717.43,0.9992
9_4,834.15,888.31,0.9985
9_4,723.51,757.31,0.9985
9_4,975.63,1058.4,0.997
9_4,1072.69,1085.49,0.9932
9_4,898.85,916.19,0.9921
9_4,786.01,831.88,0.9914
9_4,934.99,975.62,0.9883
9_4,758.13,770.93,0.9874
9_4,1057.65,1074.21,0.9774
9_4,917.68,934.23,0.955
9_4,898.86,916.18,0.1348
9_4,975.66,1058.39,0.1347
9_4,758.14,770.93,0.1338
9_4,834.15,888.28,0.131
9_4,834.17,888.28,0.0175
9_4,769.69,775.17,0.0126
9_4,883.86,888.64,0.0124
9_4,1033.73,1036.51,0.011
9_4,919.36,925.84,0.0104
9_4,640.45,646.1,0.0104
9_4,978.32,1020.78,0.01
9_4,665.93,668.41,0.0099
9_4,727.03,750.89,0.0093
9_4,931.6,937.29,0.009
9_4,732.27,737.74,0.0061
9_4,615.0,638.06,0.0044
9_4,1046.34,1057.01,0.0036
9_4,1138.48,1144.28,0.0034
9_4,1024.26,1036.31,0.003
9_4,726.28,732.89,0.0028
9_4,836.58,848.51,0.0028
9_4,669.22,689.32,0.0025
9_4,752.77,830.57,0.0025
9_4,1150.32,1156.39,0.0024
9_4,1091.11,1097.27,0.0023
9_4,614.4,617.55,0.0023
9_4,713.22,724.47,0.0022
9_4,1054.9,1072.92,0.0021
9_4,1070.64,1111.37,0.0019
9_4,859.69,892.41,0.0018
9_4,1124.43,1127.39,0.0018
9_4,689.29,710.77,0.0017
9_4,944.08,967.5,0.0017
9_4,1009.22,1052.82,0.0017
9_4,798.06,822.37,0.0015
9_4,780.05,785.8,0.0015
9_4,919.3,922.66,0.0015
9_4,1084.47,1095.83,0.0014
9_4,587.26,635.27,0.0013
9_4,848.43,854.18,0.0013
9_4,821.58,824.25,0.0012
9_4,680.22,683.16,0.0012
9_4,966.67,972.29,0.0011
9_4,715.55,721.96,0.0011
9_4,760.68,766.61,0.001
9_4,1101.36,1125.33,0.001
9_4,1143.26,1146.01,0.001
7_3,940.94,951.55,0.9988
7_3,711.77,861.29,0.9982
7_3,683.01,710.76,0.9974
7_3,927.84,937.82,0.9974
7_3,877.95,900.09,0.995
7_3,970.26,999.58,0.9938
7_3,651.54,677.25,0.9938
7_3,903.51,921.91,0.9908
7_3,957.48,969.33,0.9879
7_3,864.53,876.7,0.9828
7_3,1003.3,1025.17,0.9821
7_3,970.28,999.54,0.1354
7_3,877.96,900.09,0.1347
7_3,940.95,951.55,0.1347
7_3,683.03,710.77,0.1343
7_3,957.48,969.33,0.1255
7_3,1043.02,1056.33,0.0212
7_3,898.98,901.59,0.0198
7_3,970.27,999.57,0.018
7_3,683.02,710.77,0.0179
7_3,782.89,848.93,0.0083
7_3,656.2,662.42,0.008
7_3,755.39,778.6,0.0065
7_3,704.8,707.41,0.0054
7_3,752.07,755.18,0.0052
7_3,675.29,678.13,0.0048
7_3,681.43,683.75,0.0048
7_3,764.0,766.82,0.0043
7_3,766.63,769.44,0.0041
7_3,647.9,682.52,0.004
7_3,626.07,632.37,0.0035
7_3,951.55,957.53,0.0032
7_3,1001.62,1023.23,0.003
7_3,1081.03,1121.03,0.003
7_3,1140.59,1143.27,0.003
7_3,843.2,863.81,0.003
7_3,900.23,920.24,0.0029
7_3,835.38,845.48,0.0028
7_3,1125.48,1145.27,0.0027
7_3,894.62,897.32,0.0024
7_3,703.54,709.14,0.0024
7_3,1100.83,1104.07,0.0024
7_3,1148.25,1150.66,0.0023
7_3,920.79,940.67,0.0023
7_3,672.24,675.23,0.0022
7_3,935.78,971.64,0.0021
7_3,900.43,903.46,0.0021
7_3,589.31,630.76,0.002
7_3,1078.26,1088.87,0.0019
7_3,656.39,658.7,0.0019
7_3,956.0,958.62,0.0017
7_3,1096.11,1099.07,0.0017
7_3,777.34,779.86,0.0017
7_3,662.56,665.47,0.0017
7_3,728.34,748.05,0.0015
7_3,761.83,764.6,0.0015
7_3,969.97,986.31,0.0015
7_3,1144.12,1147.2,0.0014
7_3,651.34,656.68,0.0014
7_3,646.78,649.4,0.0013
7_3,613.92,650.42,0.0013
7_3,787.52,793.57,0.0013
7_3,641.22,644.15,0.0013
7_3,1085.67,1108.7,0.0013
7_3,990.41,995.76,0.0012
7_3,664.14,675.57,0.0012
7_3,708.07,710.63,0.0012
7_3,621.91,624.75,0.0012
7_3,750.21,756.09,0.0012
7_3,634.36,639.63,0.0011
7_3,784.09,790.08,0.0011
7_3,1043.46,1063.18,0.0011
7_3,614.05,620.81,0.0011
7_3,692.1,698.66,0.001
7_3,708.98,726.66,0.001
10_48,753.42,765.64,0.9996
10_48,728.71,737.6,0.9992
10_48,786.24,798.48,0.9986
10_48,738.62,748.95,0.9983
10_48,948.18,953.33,0.9972
10_48,707.3,719.71,0.9971
10_48,649.83,702.64,0.9966
10_48,818.32,834.2,0.9954
10_48,863.61,920.48,0.995
10_48,923.48,940.74,0.9941
10_48,834.69,840.21,0.9926
10_48,856.2,862.96,0.9909
10_48,941.68,945.05,0.9899
10_48,615.71,645.05,0.9886
10_48,771.54,777.85,0.9872
10_48,806.55,814.82,0.9816
10_48,818.31,834.21,0.1356
10_48,649.78,702.69,0.1354
10_48,728.71,737.6,0.1351
10_48,738.61,748.95,0.135
10_48,923.49,940.75,0.1345
10_48,941.68,945.05,0.134
10_48,707.31,719.72,0.1339
10_48,786.24,798.49,0.1333
10_48,863.59,920.42,0.1331
10_48,948.18,953.33,0.1325
10_48,1116.0,1118.67,0.0162
10_48,928.54,934.16,0.0123
10_48,957.06,959.62,0.0121
10_48,1062.26,1071.78,0.0097
10_48,1121.24,1124.18,0.0089
10_48,862.3,864.6,0.0083
10_48,978.62,1001.09,0.0082
10_48,1093.52,1099.35,0.0077
10_48,843.32,846.21,0.0069
10_48,799.97,819.63,0.0069
10_48,1096.68,1141.21,0.0066
10_48,1084.08,1089.61,0.0063
10_48,704.92,745.31,0.0061
10_48,1025.17,1035.82,0.0061
10_48,952.67,957.58,0.0061
10_48,1147.36,1150.19,0.0053
10_48,755.27,761.37,0.0052
10_48,1155.67,1158.88,0.005
10_48,1043.04,1065.04,0.0049
10_48,979.37,985.46,0.0043
10_48,709.27,715.52,0.0042
10_48,702.2,704.58,0.0041
10_48,730.12,735.66,0.004
10_48,676.92,688.53,0.0039
10_48,909.57,914.58,0.0037
10_48,866.92,872.1,0.0035
10_48,888.92,912.36,0.0032
10_48,1044.4,1050.34,0.0031
10_48,768.75,771.63,0.0031
10_48,718.31,728.6,0.0028
10_48,762.24,764.95,0.0028
10_48,862.52,865.23,0.0027
10_48,870.62,873.41,0.0026
10_48,1132.93,1139.14,0.0023
10_48,772.1,778.2,0.0023
10_48,924.36,936.34,0.0022
10_48,833.31,844.28,0.0021
10_48,962.91,974.52,0.002
10_48,1115.81,1136.75,0.0019
10_48,854.97,864.49,0.0018
10_48,680.43,701.79,0.0018
10_48,1030.17,1032.8,0.0018
10_48,1069.57,1081.15,0.0018
10_48,946.1,956.12,0.0018
10_48,754.79,766.64,0.0017
10_48,718.74,723.78,0.0017
10_48,1129.68,1132.7,0.0016
10_48,1113.75,1116.47,0.0015
10_48,820.68,831.35,0.0015
10_48,707.99,710.74,0.0015
10_48,1159.64,1165.59,0.0015
10_48,1105.12,1108.29,0.0015
10_48,1032.32,1034.93,0.0014
10_48,1008.66,1011.76,0.0014
10_48,1155.49,1158.3,0.0014
10_48,620.5,633.5,0.0014
10_48,701.97,707.92,0.0014
10_48,647.91,653.67,0.0013
10_48,1100.87,1103.98,0.0013
10_48,967.06,987.14,0.0013
10_48,999.31,1002.02,0.0012
10_48,1019.78,1022.85,0.0012
10_48,643.41,649.4,0.0011
10_48,876.11,878.73,0.0011
10_48,797.24,807.62,0.0011
10_48,898.61,919.52,0.0011
10_48,775.26,786.88,0.0011
10_48,893.0,898.61,0.0011
10_48,1026.8,1029.8,0.001
10_48,1099.71,1110.99,0.001
10_48,1054.4,1065.64,0.001
29_32,617.77,643.33,0.9998
29_32,643.95,729.22,0.9982
29_32,797.04,824.14,0.9979
29_32,866.51,900.74,0.9975
29_32,1083.64,1095.32,0.9964
29_32,1035.05,1043.97,0.991
29_32,824.71,864.99,0.9905
29_32,737.99,783.25,0.9861
29_32,906.97,1032.9,0.9857
29_32,1050.68,1067.72,0.9709
29_32,1083.65,1095.31,0.1349
29_32,866.51,900.75,0.1339
29_32,1083.63,1095.32,0.0182
29_32,645.8,668.32,0.0174
29_32,627.96,639.93,0.0116
29_32,692.28,698.5,0.0113
29_32,905.59,912.09,0.0094
29_32,656.26,666.82,0.0085
29_32,914.71,994.85,0.0073
29_32,706.73,717.93,0.0065
29_32,738.9,750.77,0.0055
29_32,818.86,860.7,0.0046
29_32,1112.53,1122.87,0.0044
29_32,685.19,697.2,0.0042
29_32,983.71,986.48,0.0042
29_32,655.16,657.75,0.004
29_32,1098.22,1101.29,0.0032
29_32,614.6,617.41,0.0027
29_32,782.06,788.21,0.0027
29_32,738.49,744.0,0.0027
29_32,1095.34,1116.34,0.0026
29_32,982.83,1006.38,0.0026
29_32,1034.95,1052.01,0.0022
29_32,1145.86,1148.54,0.0022
29_32,972.92,979.09,0.0022
29_32,1069.22,1074.8,0.0021
29_32,653.88,735.31,0.002
29_32,738.62,827.07,0.0018
29_32,1022.34,1025.67,0.0018
29_32,746.82,749.62,0.0018
29_32,700.5,703.31,0.0018
29_32,783.79,794.78,0.0015
29_32,1149.99,1155.83,0.0015
29_32,714.88,717.61,0.0014
29_32,956.62,967.5,0.0014
29_32,1139.48,1145.24,0.0014
29_32,871.84,877.82,0.0013
29_32,802.77,814.67,0.0013
29_32,908.13,913.67,0.0013
29_32,1018.35,1021.14,0.0012
29_32,1079.91,1082.43,0.0012
29_32,738.99,762.63,0.0012
29_32,867.6,891.07,0.0012
29_32,698.42,701.39,0.0011
29_32,914.83,917.72,0.0011
29_32,641.58,644.88,0.0011
29_32,818.74,824.06,0.001
16_20,1173.08,1178.24,0.9993
16_20,837.42,880.39,0.9993
16_20,801.97,823.1,0.9985
16_20,1185.11,1228.8,0.9984
16_20,945.29,1020.15,0.9981
16_20,1115.7,1151.85,0.9976
16_20,703.75,723.51,0.9962
16_20,885.17,918.59,0.9921
16_20,1156.59,1170.23,0.9919
16_20,727.54,785.6,0.9903
16_20,653.31,697.59,0.9865
16_20,924.72,940.4,0.9836
16_20,625.34,648.5,0.9608
16_20,945.24,1020.1,0.1356
16_20,837.45,880.31,0.1344
16_20,727.59,785.71,0.1343
16_20,1156.6,1170.23,0.1338
16_20,885.17,918.62,0.1338
16_20,801.96,823.1,0.1333
16_20,924.72,940.41,0.1329
16_20,612.03,627.4,0.0282
16_20,1024.77,1073.95,0.0189
16_20,727.54,785.54,0.0182
16_20,1156.6,1170.24,0.0182
16_20,924.73,940.4,0.0176
16_20,720.66,729.94,0.0118
16_20,819.36,838.11,0.0112
16_20,1082.85,1085.67,0.0109
16_20,1172.42,1192.41,0.0102
16_20,1133.29,1152.83,0.0086
16_20,623.87,708.56,0.0083
16_20,721.54,740.49,0.0078
16_20,616.36,626.06,0.0077
16_20,801.02,806.83,0.0073
16_20,999.61,1022.55,0.0072
16_20,1223.24,1228.8,0.0055
16_20,1087.04,1098.38,0.005
16_20,827.0,837.47,0.005
16_20,1178.2,1181.21,0.0043
16_20,618.96,630.14,0.0043
16_20,1103.75,1115.02,0.004
16_20,736.11,748.48,0.0038
16_20,765.72,786.66,0.0036
16_20,603.2,619.42,0.0033
16_20,710.76,721.87,0.0033
16_20,885.76,931.63,0.0032
16_20,722.63,727.77,0.0032
16_20,664.05,684.03,0.0032
16_20,1172.39,1175.29,0.0027
16_20,613.61,614.97,0.0026
16_20,1177.3,1186.72,0.0025
16_20,642.1,720.59,0.0024
16_20,947.2,972.69,0.0023
16_20,869.1,879.58,0.0022
16_20,1085.9,1088.24,0.0022
16_20,1173.85,1176.79,0.0022
16_20,789.16,795.6,0.0022
16_20,1128.65,1134.5,0.0021
16_20,879.72,884.62,0.0021
16_20,1111.56,1124.27,0.002
16_20,629.47,635.79,0.002
16_20,796.52,834.66,0.002
16_20,975.4,1020.35,0.0018
16_20,1064.84,1085.15,0.0017
16_20,861.75,865.12,0.0017
16_20,821.74,827.55,0.0017
16_20,727.41,734.16,0.0016
16_20,1105.22,1111.36,0.0015
16_20,715.11,726.86,0.0015
16_20,879.57,881.76,0.0014
16_20,825.37,835.77,0.0014
16_20,727.0,729.26,0.0013
16_20,1175.26,1177.93,0.0013
16_20,1028.0,1115.3,0.0013
16_20,1124.0,1133.27,0.0013
16_20,1023.37,1025.87,0.0012
16_20,882.42,885.13,0.0012
16_20,831.36,899.17,0.0012
16_20,938.89,941.79,0.0012
16_20,740.94,746.36,0.0012
16_20,1156.7,1176.84,0.0011
16_20,620.57,657.02,0.0011
16_20,800.51,806.1,0.001
16_20,614.29,616.93,0.001
16_20,1022.17,1030.98,0.001
2_19,781.32,872.26,0.9994
2_19,742.85,762.53,0.9992
2_19,904.1,930.35,0.9983
2_19,765.35,777.53,0.9977
2_19,671.55,741.03,0.9952
2_19,616.33,664.04,0.9938
2_19,1154.4,1191.95,0.9927
2_19,1088.79,1147.87,0.9919
2_19,989.42,996.92,0.9916
2_19,930.36,938.8,0.991
2_19,1146.94,1155.37,0.9908
2_19,939.75,957.53,0.9904
2_19,1013.77,1070.01,0.9795
2_19,1070.97,1086.92,0.9788
2_19,959.36,990.33,0.9771
2_19,873.16,900.38,0.96
2_19,671.62,740.92,0.1359
2_19,781.3,872.18,0.1352
2_19,1154.42,1191.95,0.1346
2_19,904.11,930.34,0.1344
2_19,989.42,996.91,0.1342
2_19,742.86,762.53,0.1341
2_19,1088.67,1147.79,0.1325
2_19,1146.93,1155.37,0.1322
2_19,939.75,957.53,0.1314
2_19,765.35,777.53,0.1308
2_19,734.16,740.46,0.0184
2_19,1083.89,1085.92,0.0181
2_19,989.42,996.92,0.0181
2_19,1088.84,1147.8,0.018
2_19,904.1,930.34,0.0178
2_19,1189.24,1192.56,0.0171
2_19,995.12,1012.56,0.014
2_19,959.85,977.68,0.0132
2_19,876.76,954.17,0.0102
2_19,1091.81,1094.86,0.0076
2_19,1203.11,1205.57,0.0063
2_19,640.73,664.44,0.006
2_19,824.96,866.29,0.0045
2_19,1074.36,1078.09,0.0044
2_19,1152.33,1154.98,0.0043
2_19,1017.08,1039.6,0.004
2_19,711.64,714.36,0.0037
2_19,691.83,703.47,0.0036
2_19,718.04,739.91,0.0036
2_19,1003.76,1083.52,0.0031
2_19,1195.84,1228.8,0.0029
2_19,1069.17,1088.02,0.0028
2_19,888.15,891.07,0.0027
2_19,960.39,963.02,0.0027
2_19,789.72,793.04,0.0026
2_19,1155.18,1166.51,0.0025
2_19,940.22,946.04,0.0024
2_19,1013.93,1024.37,0.0023
2_19,689.04,692.15,0.0023
2_19,770.15,775.9,0.0023
2_19,1200.77,1228.8,0.0022
2_19,737.02,739.46,0.0021
2_19,977.04,989.37,0.0021
2_19,610.95,667.13,0.002
2_19,862.41,867.66,0.0019
2_19,686.45,689.39,0.0019
2_19,766.45,772.27,0.0018
2_19,1155.1,1157.62,0.0018
2_19,887.87,899.29,0.0017
2_19,669.43,679.99,0.0017
2_19,1202.71,1213.1,0.0017
2_19,977.25,980.34,0.0016
2_19,917.74,928.96,0.0015
2_19,755.13,761.66,0.0014
2_19,1123.27,1126.37,0.0014
2_19,721.97,732.78,0.0014
2_19,1146.08,1184.89,0.0013
2_19,679.66,685.37,0.0013
2_19,932.29,938.43,0.0013
2_19,801.14,807.74,0.0013
2_19,762.9,765.43,0.0013
2_19,615.73,634.42,0.0013
2_19,1054.75,1060.77,0.0013
2_19,671.7,713.87,0.0012
2_19,1073.66,1079.56,0.0012
2_19,782.16,784.78,0.0012
2_19,786.57,800.67,0.0011
2_19,1116.16,1147.83,0.0011
2_19,1167.2,1173.02,0.0011
2_19,1052.38,1055.47,0.0011
2_19,730.35,737.49,0.0011
2_19,942.41,956.24,0.0011
2_19,898.83,904.23,0.001
28_3,998.14,1001.07,0.9996
28_3,784.49,857.01,0.999
28_3,615.84,665.12,0.9988
28_3,1004.51,1155.93,0.9988
28_3,989.47,996.94,0.9977
28_3,863.73,904.18,0.9965
28_3,936.29,987.71,0.9962
28_3,753.18,763.87,0.9946
28_3,722.44,749.91,0.9938
28_3,669.25,722.44,0.9937
28_3,767.48,781.83,0.9914
28_3,908.72,934.02,0.9874
28_3,1104.59,1116.6,0.9701
28_3,1081.41,1099.57,0.9678
28_3,1123.36,1149.69,0.9385
28_3,1041.82,1078.52,0.8779
28_3,1116.62,1149.73,0.2539
28_3,863.7,904.14,0.1356
28_3,989.46,996.94,0.1354
28_3,753.17,763.87,0.1348
28_3,722.43,749.93,0.1347
28_3,767.49,781.83,0.1342
28_3,669.2,722.37,0.1341
28_3,936.15,987.81,0.1337
28_3,1081.42,1099.6,0.1318
28_3,1104.6,1116.61,0.1315
28_3,1123.35,1149.72,0.0351
28_3,767.49,781.83,0.0182
28_3,934.96,940.46,0.0179
28_3,989.46,996.94,0.0177
28_3,1154.29,1157.04,0.0148
28_3,997.09,1002.21,0.0142
28_3,619.1,621.56,0.0103
28_3,1075.55,1137.98,0.0081
28_3,796.07,817.05,0.0078
28_3,664.17,667.04,0.0075
28_3,1091.83,1097.21,0.0074
28_3,905.29,948.09,0.0064
28_3,836.53,842.63,0.0055
28_3,1148.85,1228.8,0.0054
28_3,680.97,692.87,0.0054
28_3,736.99,743.13,0.0049
28_3,632.63,656.31,0.0047
28_3,1147.52,1150.15,0.0044
28_3,842.25,847.67,0.0042
28_3,783.25,795.08,0.0041
28_3,716.15,721.69,0.0037
28_3,850.61,856.31,0.0036
28_3,1033.01,1043.98,0.0035
28_3,1150.97,1191.45,0.0034
28_3,614.39,620.47,0.0033
28_3,976.92,979.34,0.0032
28_3,927.34,933.06,0.0031
28_3,1047.55,1068.8,0.003
28_3,1126.73,1129.24,0.003
28_3,668.67,679.94,0.0029
28_3,1064.9,1070.19,0.0027
28_3,1158.96,1170.87,0.0027
28_3,583.35,644.71,0.0026
28_3,940.04,942.68,0.0026
28_3,875.84,898.75,0.0026
28_3,992.42,997.18,0.0025
28_3,802.7,814.05,0.0024
28_3,978.27,989.37,0.0022
28_3,1095.56,1098.52,0.0022
28_3,996.75,1008.18,0.002
28_3,824.23,826.9,0.002
28_3,951.68,957.33,0.002
28_3,1005.63,1044.57,0.002
28_3,914.88,917.79,0.0019
28_3,1101.58,1104.03,0.0018
28_3,750.27,767.08,0.0018
28_3,620.91,641.99,0.0017
28_3,798.45,801.35,0.0017
28_3,661.04,736.48,0.0016
28_3,1054.14,1059.92,0.0016
28_3,848.08,859.4,0.0016
28_3,989.84,992.84,0.0015
28_3,935.61,938.69,0.0015
28_3,1049.17,1052.15,0.0015
28_3,998.43,1000.93,0.0015
28_3,934.39,954.51,0.0014
28_3,907.36,929.52,0.0013
28_3,636.84,643.12,0.0012
28_3,1140.02,1142.59,0.0012
28_3,767.02,770.05,0.0012
28_3,790.78,793.48,0.0011
28_3,1075.26,1081.42,0.0011
28_3,1037.06,1039.57,0.0011
28_3,1152.65,1157.85,0.0011
28_3,1113.88,1120.0,0.0011
28_3,904.64,910.64,0.0011
28_3,1086.11,1098.02,0.001
28_3,692.55,715.65,0.001
28_3,720.6,762.87,0.001
28_3,1030.01,1035.15,0.001
3_11,616.87,620.31,0.9998
3_11,712.86,719.53,0.9995
3_11,755.06,767.0,0.9978
3_11,810.55,830.53,0.9973
3_11,683.81,702.23,0.9968
3_11,771.04,806.35,0.9964
3_11,733.47,753.01,0.9955
3_11,851.1,868.06,0.995
3_11,831.78,845.12,0.9939
3_11,704.8,709.21,0.9932
3_11,622.17,660.06,0.9916
3_11,662.5,679.68,0.9914
3_11,869.35,875.57,0.9906
3_11,877.89,931.37,0.9782
3_11,755.04,767.01,0.1357
3_11,851.07,868.07,0.1355
3_11,683.81,702.24,0.1352
3_11,810.55,830.54,0.1348
3_11,831.78,845.1,0.1347
3_11,712.86,719.53,0.1331
3_11,771.03,806.35,0.1329
3_11,831.78,845.09,0.018
3_11,801.13,810.8,0.0147
3_11,815.63,827.06,0.0076
3_11,749.06,755.1,0.0072
3_11,654.27,697.01,0.0062
3_11,615.63,620.31,0.0058
3_11,909.71,912.2,0.0058
3_11,1026.88,1046.86,0.0046
3_11,1014.54,1020.5,0.0044
3_11,868.51,888.12,0.0043
3_11,1035.69,1079.81,0.004
3_11,853.74,865.62,0.0038
3_11,708.61,713.98,0.0036
3_11,803.83,840.08,0.0036
3_11,638.81,650.07,0.0034
3_11,706.34,709.1,0.0034
3_11,1144.24,1147.0,0.0033
3_11,726.68,732.33,0.0028
3_11,893.08,915.4,0.0026
3_11,685.26,691.11,0.0025
3_11,765.6,775.6,0.0025
3_11,756.56,762.36,0.0025
3_11,624.16,627.04,0.0024
3_11,890.76,893.71,0.0024
3_11,745.9,751.79,0.0024
3_11,984.58,994.91,0.0022
3_11,614.64,617.09,0.0022
3_11,1121.2,1127.2,0.0021
3_11,729.53,735.92,0.0019
3_11,1147.75,1153.81,0.0018
3_11,938.11,943.62,0.0018
3_11,1105.49,1150.27,0.0017
3_11,1009.78,1012.64,0.0017
3_11,1086.55,1098.52,0.0017
3_11,858.77,864.63,0.0017
3_11,844.67,847.05,0.0016
3_11,957.18,962.87,0.0016
3_11,1115.06,1120.71,0.0016
3_11,775.84,778.34,0.0015
3_11,985.37,988.19,0.0014
3_11,1056.25,1068.62,0.0013
3_11,709.66,720.62,0.0013
3_11,849.94,861.55,0.0013
3_11,951.56,957.89,0.0012
3_11,740.93,752.21,0.0012
3_11,1104.73,1109.83,0.0012
3_11,772.79,784.37,0.0011
3_11,1069.85,1090.01,0.0011
3_11,801.86,804.64,0.0011
3_11,840.21,843.04,0.001
3_11,959.11,969.57,0.001
26_136,781.33,865.98,0.9994
26_136,867.62,886.01,0.9982
26_136,648.42,655.09,0.9979
26_136,939.42,965.21,0.9976
26_136,614.37,646.89,0.9969
26_136,656.93,668.07,0.9954
26_136,970.45,974.92,0.995
26_136,966.39,969.93,0.9941
26_136,712.01,727.98,0.9937
26_136,685.09,692.98,0.9924
26_136,769.79,779.21,0.9922
26_136,670.01,683.34,0.9906
26_136,887.31,923.05,0.9871
26_136,731.06,740.69,0.9844
26_136,742.42,760.39,0.9761
26_136,695.16,711.14,0.9739
26_136,929.14,935.26,0.9714
26_136,762.67,769.06,0.9668
26_136,939.41,965.25,0.1351
26_136,867.63,886.01,0.1348
26_136,648.42,655.09,0.1346
26_136,656.92,668.06,0.1339
26_136,670.0,683.35,0.1328
26_136,614.41,646.95,0.1323
26_136,966.39,969.93,0.1321
26_136,907.5,911.97,0.0281
26_136,648.42,655.09,0.0179
26_136,966.38,969.93,0.0177
26_136,727.72,747.43,0.0127
26_136,1082.48,1102.23,0.012
26_136,886.27,906.5,0.0098
26_136,912.3,922.75,0.0092
26_136,824.87,827.52,0.009
26_136,623.97,630.44,0.0088
26_136,846.42,868.29,0.0082
26_136,991.7,1013.12,0.0078
26_136,698.43,710.03,0.0068
26_136,834.85,839.94,0.0065
26_136,811.34,816.45,0.0063
26_136,948.18,1029.48,0.0055
26_136,813.02,825.47,0.0048
26_136,869.61,880.45,0.0048
26_136,668.56,695.83,0.0047
26_136,938.51,941.77,0.0046
26_136,1042.87,1045.6,0.0044
26_136,616.89,636.99,0.0043
26_136,1148.12,1150.58,0.0041
26_136,792.61,795.62,0.0038
26_136,786.17,789.15,0.0036
26_136,721.59,726.96,0.0036
26_136,676.93,679.84,0.0035
26_136,1068.83,1071.95,0.0031
26_136,943.89,954.13,0.003
26_136,898.28,911.01,0.0029
26_136,710.52,727.53,0.0029
26_136,618.5,624.95,0.0027
26_136,843.49,848.3,0.0025
26_136,699.49,702.19,0.0025
26_136,947.4,950.21,0.0024
26_136,938.36,940.39,0.0023
26_136,953.91,956.74,0.0023
26_136,758.49,770.0,0.0023
26_136,1106.07,1112.53,0.0022
26_136,1123.63,1129.07,0.0021
26_136,655.39,671.55,0.0019
26_136,1024.8,1036.17,0.0018
26_136,932.07,934.69,0.0017
26_136,996.77,1002.5,0.0017
26_136,827.29,830.25,0.0016
26_136,1060.65,1072.83,0.0016
26_136,627.54,630.2,0.0015
26_136,1092.75,1098.34,0.0015
26_136,1019.18,1022.26,0.0015
26_136,1144.89,1150.48,0.0014
26_136,685.98,688.97,0.0014
26_136,949.87,952.24,0.0014
26_136,917.2,919.59,0.0013
26_136,868.98,874.28,0.0013
26_136,874.98,886.31,0.0013
26_136,986.33,997.13,0.0012
26_136,588.93,634.53,0.0012
26_136,791.15,834.25,0.0012
26_136,1038.4,1043.73,0.0011
26_136,866.27,869.2,0.0011
26_136,667.27,669.4,0.001
23_26,835.53,847.02,0.9995
23_26,1067.68,1076.41,0.9994
23_26,794.14,832.77,0.9993
23_26,661.3,683.81,0.9981
23_26,882.45,902.23,0.9976
23_26,686.58,707.74,0.9971
23_26,943.54,968.37,0.9962
23_26,614.46,660.35,0.9961
23_26,903.99,927.92,0.9938
23_26,1079.12,1213.57,0.9923
23_26,931.15,942.18,0.992
23_26,706.8,737.61,0.9894
23_26,1222.63,1228.8,0.9883
23_26,859.43,866.32,0.9868
23_26,989.53,1059.32,0.9827
23_26,870.01,877.35,0.9789
23_26,740.89,790.4,0.9631
23_26,970.68,974.36,0.949
23_26,847.02,855.3,0.9473
23_26,1214.33,1222.14,0.9448
23_26,1067.68,1076.41,0.1355
23_26,614.39,660.32,0.1355
23_26,794.19,832.75,0.1341
23_26,904.02,927.91,0.134
23_26,859.43,866.32,0.1333
23_26,706.79,737.6,0.1329
23_26,870.01,877.36,0.1324
23_26,686.58,707.74,0.1317
23_26,835.53,847.01,0.1313
23_26,661.28,683.8,0.1303
23_26,970.68,974.36,0.1273
23_26,614.43,660.33,0.0182
23_26,870.01,877.36,0.018
23_26,904.03,927.92,0.0179
23_26,706.82,737.6,0.0178
23_26,859.43,866.32,0.0173
23_26,846.96,851.67,0.0159
23_26,835.34,837.39,0.0129
23_26,1009.46,1022.19,0.0111
23_26,974.64,977.55,0.0097
23_26,974.98,993.66,0.0081
23_26,996.05,998.59,0.0073
23_26,791.51,793.69,0.0051
23_26,742.12,767.5,0.0051
23_26,661.13,740.53,0.0046
23_26,922.15,927.23,0.0043
23_26,976.23,986.41,0.004
23_26,1068.31,1070.72,0.0037
23_26,994.46,1006.74,0.0035
23_26,881.88,931.46,0.0033
23_26,1223.12,1228.8,0.0032
23_26,793.51,814.12,0.003
23_26,991.57,998.24,0.0029
23_26,828.33,831.3,0.0024
23_26,615.37,639.66,0.0024
23_26,1201.82,1220.7,0.0019
23_26,739.58,750.75,0.0019
23_26,970.25,975.28,0.0019
23_26,840.73,846.27,0.0018
23_26,661.78,667.05,0.0016
23_26,858.01,860.54,0.0016
23_26,741.43,744.27,0.0015
23_26,1073.18,1076.0,0.0015
23_26,1042.02,1063.78,0.0015
23_26,877.08,879.79,0.0015
23_26,888.97,899.49,0.0014
23_26,836.53,842.72,0.0014
23_26,583.16,647.6,0.0013
23_26,915.69,927.54,0.0013
23_26,760.8,785.67,0.0013
23_26,1180.25,1183.32,0.0011
23_26,638.42,650.47,0.0011
23_26,901.06,907.4,0.0011
23_26,1083.45,1085.92,0.0011
23_26,1205.94,1216.48,0.001
23_26,989.67,1001.8,0.001
17_15,698.28,758.11,0.9997
17_15,916.65,931.38,0.9979
17_15,987.39,999.84,0.9961
17_15,818.75,855.73,0.9928
17_15,938.13,980.44,0.9923
17_15,870.69,908.21,0.9871
17_15,614.6,633.7,0.9862
17_15,1016.11,1023.56,0.9854
17_15,768.44,780.11,0.9812
17_15,1005.11,1007.87,0.9599
17_15,636.1,692.73,0.9437
17_15,916.62,931.4,0.1356
17_15,698.23,758.1,0.1353
17_15,938.13,980.44,0.1332
17_15,916.64,931.41,0.0183
17_15,698.3,758.03,0.0181
17_15,862.92,873.52,0.0121
17_15,721.23,723.91,0.0119
17_15,757.81,763.21,0.0104
17_15,1050.22,1053.15,0.0099
17_15,837.65,840.44,0.009
17_15,779.61,822.11,0.0089
17_15,970.86,976.33,0.0076
17_15,990.95,997.54,0.0064
17_15,725.3,738.11,0.006
17_15,948.74,954.4,0.006
17_15,765.7,786.42,0.0056
17_15,1026.91,1068.39,0.0054
17_15,913.41,919.66,0.0054
17_15,829.21,851.52,0.0054
17_15,865.4,867.81,0.0053
17_15,754.98,767.54,0.005
17_15,824.8,830.87,0.004
17_15,1026.78,1029.79,0.0032
17_15,615.21,626.87,0.0032
17_15,625.4,630.99,0.0031
17_15,798.06,800.92,0.0029
17_15,1001.21,1021.51,0.0029
17_15,692.12,694.32,0.0028
17_15,877.34,888.92,0.0028
17_15,819.56,825.32,0.0028
17_15,694.0,696.15,0.0026
17_15,653.48,665.3,0.0025
17_15,927.37,1013.01,0.0025
17_15,800.08,819.93,0.0023
17_15,1089.63,1092.57,0.0023
17_15,637.13,642.89,0.0023
17_15,911.21,916.72,0.0023
17_15,1139.51,1221.21,0.0022
17_15,870.85,876.4,0.0021
17_15,894.96,901.39,0.0021
17_15,1146.17,1151.67,0.0021
17_15,919.3,921.86,0.002
17_15,659.35,662.2,0.002
17_15,1023.01,1025.99,0.002
17_15,983.71,986.54,0.0019
17_15,1086.7,1089.53,0.0019
17_15,697.87,718.98,0.0019
17_15,784.23,790.28,0.0018
17_15,741.27,752.77,0.0018
17_15,713.08,716.31,0.0018
17_15,618.3,691.43,0.0017
17_15,1025.41,1048.2,0.0017
17_15,765.33,768.4,0.0017
17_15,902.66,914.49,0.0017
17_15,676.97,682.34,0.0016
17_15,1157.94,1160.79,0.0016
17_15,1019.14,1021.63,0.0016
17_15,958.56,969.75,0.0015
17_15,629.79,635.57,0.0014
17_15,705.57,708.75,0.0014
17_15,853.73,858.88,0.0014
17_15,1132.53,1135.42,0.0013
17_15,619.79,625.65,0.0012
17_15,697.89,703.59,0.0012
17_15,1157.53,1168.79,0.0012
17_15,1137.65,1149.63,0.0011
17_15,998.33,1010.92,0.0011
17_15,922.58,932.08,0.0011
17_15,879.18,903.31,0.001
17_15,702.81,705.44,0.001
20_16,883.5,928.97,0.9997
20_16,858.82,879.5,0.9992
20_16,824.99,857.3,0.9955
20_16,1172.43,1228.8,0.995
20_16,614.6,821.36,0.9928
20_16,949.03,1011.54,0.9923
20_16,929.53,945.81,0.9864
20_16,1037.21,1075.01,0.9831
20_16,1079.16,1130.85,0.9762
20_16,1133.41,1170.85,0.9454
20_16,1172.48,1228.8,0.1352
20_16,825.03,857.27,0.1342
20_16,1079.12,1130.91,0.1331
20_16,949.02,1011.55,0.133
20_16,948.39,972.37,0.0234
20_16,824.99,857.26,0.0182
20_16,769.52,821.48,0.0138
20_16,949.06,1011.54,0.0135
20_16,1009.91,1021.83,0.0094
20_16,1144.06,1156.56,0.0092
20_16,947.91,960.46,0.008
20_16,883.54,933.92,0.0055
20_16,1100.9,1125.77,0.0055
20_16,1163.59,1170.59,0.0052
20_16,995.87,1072.05,0.005
20_16,615.68,626.69,0.0043
20_16,626.91,651.8,0.0041
20_16,713.77,833.4,0.004
20_16,1170.65,1176.64,0.0039
20_16,1134.04,1145.01,0.0037
20_16,987.09,1010.8,0.0036
20_16,615.5,620.02,0.0031
20_16,794.83,819.78,0.003
20_16,1174.8,1215.01,0.003
20_16,825.8,836.88,0.0029
20_16,929.98,940.21,0.0027
20_16,1167.24,1170.11,0.0025
20_16,1080.34,1158.15,0.0021
20_16,1022.24,1034.72,0.002
20_16,860.91,928.98,0.002
20_16,627.22,637.08,0.002
20_16,934.98,946.57,0.0018
20_16,917.43,929.65,0.0018
20_16,780.66,806.56,0.0016
20_16,948.0,953.28,0.0013
20_16,1134.33,1159.8,0.0012
20_16,858.51,878.71,0.0012
20_16,1176.24,1197.17,0.0012
20_16,1049.44,1074.73,0.0011
20_16,803.11,823.08,0.0011
20_16,838.64,856.51,0.0011
20_16,1072.29,1082.11,0.0011
20_16,1095.35,1097.74,0.0011
20_19,1025.23,1051.3,0.9989
20_19,979.95,1006.52,0.9983
20_19,910.78,977.3,0.9982
20_19,769.49,809.4,0.9975
20_19,813.28,902.07,0.9972
20_19,1051.97,1205.16,0.995
20_19,1205.58,1212.23,0.9929
20_19,713.35,767.1,0.9906
20_19,648.75,667.97,0.9896
20_19,614.93,648.22,0.985
20_19,671.58,703.86,0.9826
20_19,1212.24,1228.8,0.9783
20_19,713.27,767.3,0.1361
20_19,769.53,809.43,0.1359
20_19,1025.22,1051.28,0.135
20_19,1205.58,1212.24,0.1348
20_19,671.54,703.84,0.1336
20_19,648.76,667.97,0.1334
20_19,979.95,1006.49,0.1322
20_19,910.91,977.23,0.1319
20_19,616.58,629.92,0.0292
20_19,1025.24,1051.29,0.0183
20_19,671.57,703.86,0.0181
20_19,1205.58,1212.23,0.0181
20_19,880.45,901.92,0.0155
20_19,1008.68,1027.25,0.012
20_19,1053.65,1055.93,0.0089
20_19,812.58,863.57,0.0077
20_19,1142.18,1163.72,0.0064
20_19,1045.88,1051.35,0.0055
20_19,820.29,823.61,0.0046
20_19,714.42,738.08,0.0043
20_19,1026.54,1032.14,0.0043
20_19,1212.61,1224.53,0.0032
20_19,632.17,644.35,0.003
20_19,1057.07,1083.43,0.0028
20_19,1034.81,1047.04,0.0025
20_19,1098.48,1103.45,0.0024
20_19,910.11,915.98,0.0022
20_19,987.73,1001.43,0.0022
20_19,858.89,900.29,0.002
20_19,614.96,661.78,0.002
20_19,804.75,816.4,0.0019
20_19,747.99,768.63,0.0018
20_19,1180.8,1208.36,0.0018
20_19,1214.42,1228.8,0.0017
20_19,1001.61,1004.84,0.0017
20_19,981.21,983.87,0.0016
20_19,862.72,865.44,0.0015
20_19,1021.53,1026.85,0.0014
20_19,669.63,683.06,0.0014
20_19,1204.7,1216.75,0.0013
20_19,996.24,999.53,0.0013
20_19,931.83,975.7,0.0013
20_19,977.61,1008.53,0.0013
20_19,907.43,910.35,0.0012
20_19,1182.2,1195.02,0.0011
20_19,820.69,833.97,0.0011
26_34,614.42,661.37,0.9995
26_34,973.72,1028.16,0.9986
26_34,1030.94,1039.9,0.9985
26_34,855.89,926.98,0.998
26_34,808.25,830.39,0.996
26_34,729.04,749.47,0.993
26_34,833.66,855.61,0.9923
26_34,668.15,695.74,0.99
26_34,698.95,707.56,0.9885
26_34,781.02,806.07,0.988
26_34,756.51,780.47,0.9728
26_34,1041.66,1052.43,0.9713
26_34,928.64,964.38,0.9687
26_34,710.07,724.47,0.9482
26_34,962.38,1041.87,0.3664
26_34,614.43,661.32,0.1346
26_34,698.96,707.56,0.1337
26_34,1030.94,1039.89,0.1316
26_34,973.56,1028.28,0.053
26_34,1057.74,1060.54,0.0196
26_34,1063.13,1069.9,0.0141
26_34,687.74,699.59,0.0122
26_34,785.76,788.46,0.0079
26_34,1050.26,1053.31,0.0078
26_34,973.79,1028.21,0.0073
26_34,776.4,779.0,0.0071
26_34,946.93,949.35,0.0068
26_34,1149.61,1152.28,0.0067
26_34,615.72,633.56,0.0056
26_34,692.49,698.47,0.0045
26_34,1062.3,1064.76,0.0037
26_34,858.7,869.57,0.0036
26_34,922.7,928.91,0.0035
26_34,775.05,777.62,0.0029
26_34,991.63,994.6,0.0029
26_34,904.29,906.77,0.0029
26_34,1006.73,1009.31,0.0029
26_34,906.62,908.79,0.0028
26_34,1072.71,1075.29,0.0026
26_34,922.44,925.05,0.0024
26_34,865.76,868.79,0.0022
26_34,1033.52,1039.88,0.0022
26_34,1048.45,1051.51,0.0021
26_34,1110.64,1116.81,0.0021
26_34,711.65,717.52,0.0021
26_34,831.06,841.41,0.0021
26_34,1015.49,1021.89,0.002
26_34,978.73,981.74,0.0019
26_34,649.93,655.97,0.0019
26_34,791.38,794.59,0.0019
26_34,979.66,991.51,0.0018
26_34,847.4,849.85,0.0017
26_34,671.43,674.7,0.0016
26_34,884.92,890.29,0.0016
26_34,1030.22,1069.66,0.0016
26_34,1043.05,1045.52,0.0015
26_34,617.65,628.69,0.0015
26_34,802.01,836.15,0.0015
26_34,873.78,876.53,0.0014
26_34,1139.18,1142.25,0.0013
26_34,1159.24,1161.98,0.0013
26_34,765.17,807.89,0.0012
26_34,960.25,963.12,0.0012
26_34,932.2,934.36,0.0012
26_34,927.54,930.54,0.0011
26_34,1142.29,1145.52,0.0011
26_34,948.73,951.23,0.0011
26_34,724.83,726.93,0.0011
26_34,1155.97,1175.91,0.0011
26_34,715.73,722.61,0.0011
26_34,614.97,618.0,0.0011
26_34,730.25,733.22,0.001
26_34,798.97,805.51,0.001
17_21,850.34,919.77,0.9994
17_21,712.85,748.62,0.9971
17_21,614.41,631.01,0.9963
17_21,931.95,949.8,0.9952
17_21,780.21,785.24,0.9946
17_21,632.64,672.73,0.9938
17_21,672.73,704.28,0.9902
17_21,754.82,774.27,0.9885
17_21,801.58,819.51,0.979
17_21,827.19,844.75,0.9735
17_21,785.58,801.57,0.9698
17_21,712.87,748.65,0.1355
17_21,632.66,672.72,0.1346
17_21,672.71,704.33,0.1344
17_21,931.96,949.79,0.1343
17_21,614.4,631.03,0.1304
17_21,742.73,754.32,0.0138
17_21,929.92,932.72,0.0129
17_21,830.89,837.46,0.0125
17_21,1123.76,1126.8,0.0121
17_21,976.59,979.82,0.0116
17_21,1141.91,1153.22,0.0109
17_21,948.92,971.24,0.0093
17_21,840.76,859.38,0.0083
17_21,634.57,645.89,0.0079
17_21,1037.86,1048.27,0.0076
17_21,1003.49,1015.06,0.0068
17_21,746.99,779.05,0.0056
17_21,625.26,631.21,0.0053
17_21,897.49,903.37,0.0047
17_21,615.9,690.26,0.0046
17_21,860.05,865.71,0.0046
17_21,774.41,787.05,0.0045
17_21,788.23,794.54,0.0039
17_21,658.29,664.6,0.0038
17_21,1016.89,1099.68,0.0035
17_21,716.05,736.91,0.0035
17_21,903.59,914.68,0.0029
17_21,825.58,831.8,0.0029
17_21,1060.48,1066.35,0.0028
17_21,940.38,943.43,0.0026
17_21,898.05,900.68,0.0025
17_21,1017.12,1039.43,0.0024
17_21,711.9,714.34,0.0024
17_21,1099.3,1102.3,0.0023
17_21,851.72,873.26,0.0023
17_21,1152.63,1158.04,0.0022
17_21,999.31,1022.6,0.0022
17_21,838.88,841.38,0.0022
17_21,994.95,997.62,0.0022
17_21,1131.01,1136.96,0.0021
17_21,773.94,776.67,0.002
17_21,1034.15,1039.81,0.0019
17_21,1102.68,1125.75,0.0018
17_21,881.79,893.06,0.0018
17_21,976.4,981.95,0.0017
17_21,685.85,697.13,0.0016
17_21,1109.07,1111.8,0.0016
17_21,1066.55,1073.27,0.0015
17_21,886.7,924.03,0.0015
17_21,822.62,828.67,0.0015
17_21,765.46,770.9,0.0015
17_21,730.73,733.87,0.0014
17_21,775.71,778.35,0.0014
17_21,1010.59,1016.12,0.0014
17_21,1083.1,1093.9,0.0014
17_21,763.9,766.51,0.0014
17_21,951.06,956.5,0.0014
17_21,672.89,675.55,0.0014
17_21,698.48,703.54,0.0013
17_21,679.48,686.09,0.0013
17_21,841.85,847.81,0.0013
17_21,734.4,745.33,0.0013
17_21,653.45,658.99,0.0012
17_21,930.39,936.44,0.0012
17_21,758.74,764.97,0.0012
17_21,913.48,978.67,0.0012
17_21,799.59,805.1,0.0012
17_21,1015.71,1021.57,0.0012
17_21,873.21,885.15,0.0011
17_21,847.26,852.9,0.0011
17_21,991.72,994.35,0.0011
17_21,724.99,728.0,0.0011
17_21,640.27,665.62,0.0011
17_21,963.23,969.79,0.0011
17_21,954.47,957.16,0.001
17_21,675.15,713.41,0.001
7_38,758.94,785.29,0.9974
7_38,649.73,668.45,0.9969
7_38,785.76,797.95,0.9957
7_38,804.13,821.12,0.9952
7_38,821.11,826.04,0.9951
7_38,616.59,648.49,0.9945
7_38,830.54,840.87,0.9932
7_38,798.11,803.97,0.9913
7_38,842.1,850.91,0.9897
7_38,673.35,758.33,0.9711
7_38,851.36,859.39,0.9644
7_38,649.72,668.44,0.1352
7_38,804.12,821.12,0.1349
7_38,785.76,797.96,0.1335
7_38,758.94,785.28,0.1306
7_38,758.92,785.29,0.0172
7_38,786.57,788.76,0.0147
7_38,848.6,859.0,0.0115
7_38,765.06,770.84,0.0077
7_38,847.7,850.26,0.0075
7_38,866.8,908.62,0.0068
7_38,824.92,827.45,0.0058
7_38,826.09,832.02,0.0052
7_38,1061.98,1064.87,0.0047
7_38,735.95,758.13,0.0046
7_38,680.76,686.88,0.0045
7_38,821.9,842.1,0.0043
7_38,811.31,821.17,0.0043
7_38,928.33,934.22,0.0042
7_38,693.81,696.27,0.0042
7_38,892.44,903.24,0.0034
7_38,631.85,637.61,0.0032
7_38,685.27,697.05,0.0031
7_38,940.4,943.38,0.003
7_38,952.21,964.01,0.0029
7_38,881.98,893.1,0.0028
7_38,635.8,648.41,0.0026
7_38,933.3,944.43,0.0026
7_38,827.07,829.62,0.0025
7_38,829.86,833.09,0.0024
7_38,701.86,723.97,0.0024
7_38,728.8,734.63,0.0024
7_38,856.99,862.85,0.0023
7_38,789.8,793.09,0.0023
7_38,650.98,663.26,0.0022
7_38,945.54,984.22,0.0021
7_38,847.11,849.96,0.002
7_38,1064.32,1066.91,0.0019
7_38,842.81,845.75,0.0019
7_38,1070.49,1073.45,0.0019
7_38,1042.05,1065.39,0.0018
7_38,979.12,1016.85,0.0017
7_38,704.56,707.92,0.0015
7_38,880.94,883.46,0.0014
7_38,862.61,873.71,0.0014
7_38,932.58,938.33,0.0013
7_38,800.28,803.02,0.0013
7_38,977.94,989.32,0.0012
7_38,762.0,768.01,0.0012
7_38,851.53,863.67,0.0012
7_38,668.59,688.99,0.0012
7_38,748.04,758.36,0.0012
7_38,773.83,776.93,0.0011
7_38,886.32,892.53,0.0011
7_38,642.49,648.31,0.0011
1_43,745.85,783.54,0.9991
1_43,793.46,820.94,0.999
1_43,702.25,725.43,0.9974
1_43,646.92,674.14,0.9966
1_43,620.84,645.57,0.9945
1_43,678.22,689.35,0.9925
1_43,689.62,701.54,0.983
1_43,727.3,742.28,0.9824
1_43,827.84,842.7,0.9719
1_43,842.75,846.71,0.956
1_43,788.72,809.36,0.6029
1_43,702.22,725.4,0.1361
1_43,646.95,674.1,0.1347
1_43,745.83,783.47,0.1345
1_43,678.22,689.35,0.134
1_43,620.84,645.55,0.1331
1_43,793.44,820.92,0.0827
1_43,702.21,725.43,0.0184
1_43,646.95,674.08,0.0181
1_43,793.46,820.92,0.011
1_43,841.8,847.52,0.0089
1_43,828.68,840.22,0.007
1_43,723.93,744.98,0.0052
1_43,873.16,884.52,0.005
1_43,756.42,762.45,0.0049
1_43,740.68,751.87,0.0046
1_43,864.81,909.71,0.0042
1_43,664.68,667.6,0.0035
1_43,651.5,658.14,0.0032
1_43,725.96,801.64,0.0023
1_43,820.14,822.75,0.0023
1_43,917.52,923.7,0.0021
1_43,771.34,774.18,0.002
1_43,839.1,841.87,0.0018
1_43,714.34,717.02,0.0017
1_43,1022.51,1042.84,0.0017
1_43,807.69,813.7,0.0016
1_43,795.42,798.18,0.0015
1_43,608.6,618.26,0.0014
1_43,937.61,957.6,0.0014
1_43,772.63,778.49,0.0014
1_43,662.02,673.02,0.0013
1_43,791.1,796.2,0.0013
1_43,695.81,698.46,0.0012
1_43,823.12,843.19,0.0012
1_43,752.52,773.89,0.0012
1_43,934.63,937.29,0.0011
1_43,639.57,645.01,0.0011
1_43,632.82,638.76,0.001
1_43,906.1,915.73,0.001
1_43,733.52,740.33,0.001
1_32,707.28,730.76,0.999
1_32,731.93,752.2,0.9985
1_32,752.54,770.15,0.9969
1_32,638.19,652.81,0.996
1_32,789.82,801.42,0.9957
1_32,656.8,673.59,0.9922
1_32,801.6,803.34,0.9918
1_32,616.61,636.25,0.9907
1_32,772.2,789.2,0.9842
1_32,683.69,706.96,0.9672
1_32,667.13,682.24,0.8502
1_32,752.56,770.14,0.1358
1_32,707.29,730.77,0.1347
1_32,801.6,803.33,0.1335
1_32,638.2,652.81,0.1318
1_32,720.9,723.55,0.0122
1_32,590.33,631.84,0.0085
1_32,959.09,1004.31,0.008
1_32,850.59,856.47,0.0072
1_32,639.8,646.33,0.0061
1_32,839.64,849.67,0.0059
1_32,704.87,707.76,0.0055
1_32,871.69,874.45,0.0054
1_32,824.52,830.58,0.0052
1_32,716.23,719.46,0.0049
1_32,901.68,923.36,0.0044
1_32,806.23,848.33,0.0042
1_32,964.93,970.09,0.0038
1_32,712.77,715.58,0.0036
1_32,955.25,960.77,0.0031
1_32,657.52,662.89,0.003
1_32,619.97,626.01,0.0028
1_32,788.43,800.1,0.0028
1_32,937.12,949.2,0.0026
1_32,836.9,839.74,0.0024
1_32,1011.92,1014.6,0.0024
1_32,752.17,763.45,0.0022
1_32,810.02,815.77,0.0022
1_32,855.1,860.4,0.0021
1_32,781.83,788.1,0.002
1_32,962.89,974.62,0.0019
1_32,994.52,999.98,0.0018
1_32,721.17,724.14,0.0017
1_32,942.76,945.37,0.0017
1_32,730.19,750.11,0.0016
1_32,739.39,741.95,0.0013
1_32,612.74,618.45,0.0013
1_32,791.46,794.58,0.0013
1_32,859.22,864.72,0.0013
1_32,726.1,730.99,0.0013
1_32,822.21,832.23,0.0012
1_32,880.2,883.18,0.0012
1_32,865.01,875.97,0.0011
1_32,619.38,630.5,0.0011
1_32,705.2,707.89,0.0011
1_32,830.51,841.37,0.001
1_32,849.81,860.84,0.001
12_51,733.66,737.8,0.9985
12_51,637.57,653.69,0.9978
12_51,707.24,710.47,0.9955
12_51,714.04,716.29,0.9924
12_51,723.31,727.6,0.991
12_51,623.51,626.9,0.984
12_51,665.69,673.56,0.9812
12_51,627.73,630.16,0.9774
12_51,688.24,690.94,0.9689
12_51,707.24,710.47,0.1344
12_51,637.57,653.7,0.1326
12_51,855.63,867.32,0.0204
12_51,830.88,837.66,0.018
12_51,971.66,974.96,0.013
12_51,710.18,717.16,0.0124
12_51,655.92,666.85,0.0118
12_51,1008.35,1011.66,0.0085
12_51,614.65,626.36,0.0081
12_51,720.25,722.89,0.0081
12_51,911.36,913.92,0.0061
12_51,723.75,735.75,0.0055
12_51,616.55,637.42,0.0052
12_51,785.02,787.52,0.005
12_51,778.34,781.23,0.0047
12_51,690.98,696.06,0.004
12_51,978.65,981.71,0.0036
12_51,713.51,716.23,0.0036
12_51,682.14,687.74,0.0036
12_51,786.2,792.3,0.0033
12_51,703.6,706.71,0.0031
12_51,666.19,672.04,0.0031
12_51,732.73,738.0,0.003
12_51,638.7,649.84,0.0027
12_51,840.22,843.0,0.0027
12_51,851.47,872.06,0.0026
12_51,994.34,997.19,0.0026
12_51,765.4,771.18,0.0025
12_51,818.13,821.16,0.0025
12_51,634.12,637.39,0.0024
12_51,945.63,965.85,0.0023
12_51,809.06,814.8,0.0023
12_51,985.05,988.15,0.0023
12_51,951.23,953.94,0.0022
12_51,699.51,702.46,0.0022
12_51,848.83,851.18,0.0021
12_51,855.6,858.56,0.0021
12_51,705.7,727.6,0.0019
12_51,747.09,758.65,0.0019
12_51,904.94,910.59,0.0018
12_51,677.58,683.44,0.0018
12_51,728.87,810.24,0.0017
12_51,659.09,665.31,0.0016
12_51,880.19,890.3,0.0015
12_51,995.95,998.68,0.0015
12_51,771.3,774.47,0.0014
12_51,807.82,810.42,0.0014
12_51,683.98,686.87,0.0014
12_51,615.45,617.72,0.0014
12_51,900.0,902.88,0.0013
12_51,941.4,952.9,0.0013
12_51,643.69,646.81,0.0013
12_51,937.61,940.61,0.0012
12_51,623.33,628.34,0.0012
12_51,717.96,723.8,0.0012
12_51,655.66,658.47,0.0011
12_51,732.93,752.78,0.0011
12_51,634.19,639.33,0.0011
12_51,969.03,1011.69,0.001
16_28,912.83,937.11,0.9993
16_28,717.09,759.27,0.9985
16_28,692.65,709.23,0.9985
16_28,1004.45,1021.58,0.9983
16_28,973.02,993.71,0.9977
16_28,849.72,861.33,0.9977
16_28,793.31,815.65,0.9976
16_28,1047.26,1095.67,0.9975
16_28,1096.11,1100.43,0.9945
16_28,1154.52,1156.27,0.9926
16_28,1102.75,1127.47,0.9908
16_28,869.22,908.14,0.9906
16_28,822.66,842.15,0.9903
16_28,941.34,965.76,0.9899
16_28,1137.65,1153.36,0.9883
16_28,777.57,788.63,0.988
16_28,616.01,690.08,0.9879
16_28,1025.09,1039.93,0.9745
16_28,1160.37,1197.28,0.9724
16_28,1100.43,1102.17,0.9562
16_28,1128.31,1153.66,0.4316
16_28,1154.53,1156.27,0.1356
16_28,1096.11,1100.43,0.135
16_28,1047.21,1095.76,0.135
16_28,1004.44,1021.59,0.135
16_28,717.05,759.24,0.1346
16_28,1102.77,1127.46,0.1344
16_28,793.32,815.67,0.1341
16_28,973.03,993.68,0.1341
16_28,941.35,965.74,0.1328
16_28,912.82,937.11,0.1323
16_28,1137.67,1153.35,0.0604
16_28,1102.74,1127.45,0.018
16_28,912.46,922.56,0.0107
16_28,794.78,797.59,0.0102
16_28,777.22,779.98,0.0088
16_28,1039.69,1049.64,0.0084
16_28,1137.66,1153.34,0.0082
16_28,717.47,724.28,0.0074
16_28,629.47,683.69,0.0072
16_28,838.47,862.19,0.007
16_28,1022.32,1043.36,0.0053
16_28,1127.91,1137.87,0.0049
16_28,993.36,999.5,0.0048
16_28,772.29,819.19,0.0046
16_28,862.66,868.08,0.0041
16_28,858.01,863.36,0.0039
16_28,636.68,658.82,0.0039
16_28,1166.4,1189.04,0.0035
16_28,754.06,788.87,0.0032
16_28,961.19,967.22,0.0032
16_28,1049.45,1063.04,0.0031
16_28,1155.57,1166.46,0.003
16_28,1044.5,1047.23,0.0029
16_28,728.4,739.45,0.0029
16_28,817.45,856.39,0.0028
16_28,996.71,1031.78,0.0028
16_28,614.43,632.18,0.0026
16_28,833.26,843.48,0.0024
16_28,779.94,782.69,0.0024
16_28,771.07,773.58,0.0023
16_28,1096.38,1101.62,0.0022
16_28,627.37,639.11,0.0021
16_28,781.86,787.97,0.0021
16_28,768.31,770.8,0.0021
16_28,998.91,1004.37,0.0019
16_28,887.44,910.6,0.0019
16_28,1048.03,1121.82,0.0018
16_28,691.97,698.88,0.0018
16_28,1049.94,1056.23,0.0017
16_28,1032.29,1035.0,0.0017
16_28,660.42,666.17,0.0016
16_28,923.37,935.75,0.0015
16_28,735.61,755.91,0.0014
16_28,841.59,843.82,0.0014
16_28,883.6,886.22,0.0014
16_28,662.56,686.98,0.0014
16_28,1020.99,1039.15,0.0013
16_28,1182.23,1194.94,0.0013
16_28,793.54,803.89,0.0013
16_28,870.24,873.52,0.0013
16_28,969.77,989.53,0.0013
16_28,753.05,758.82,0.0012
16_28,770.72,781.82,0.0012
16_28,1193.29,1196.08,0.0012
16_28,902.27,911.69,0.0012
16_28,1165.77,1168.03,0.0011
16_28,787.73,793.19,0.0011
16_28,1200.57,1228.8,0.0011
16_28,1127.21,1129.92,0.0011
16_28,844.3,849.83,0.0011
16_28,874.58,901.35,0.001
2_41,975.83,1107.87,0.9979
2_41,827.59,876.67,0.9978
2_41,953.6,961.6,0.9978
2_41,718.9,743.35,0.9977
2_41,877.7,902.23,0.9974
2_41,1109.33,1124.27,0.9966
2_41,1199.93,1228.8,0.9961
2_41,1135.77,1176.29,0.9944
2_41,741.23,764.69,0.9884
2_41,922.5,945.95,0.9869
2_41,684.82,719.89,0.9849
2_41,799.13,817.16,0.9807
2_41,765.75,787.11,0.9804
2_41,630.43,662.68,0.9794
2_41,1192.53,1201.06,0.9738
2_41,784.97,799.48,0.9707
2_41,881.6,888.86,0.8124
2_41,1135.72,1176.27,0.1355
2_41,1109.34,1124.27,0.1331
2_41,799.13,817.17,0.1329
2_41,953.59,961.6,0.1328
2_41,718.89,743.38,0.132
2_41,784.96,799.5,0.1308
2_41,684.79,719.95,0.1298
2_41,741.25,764.72,0.1293
2_41,1192.54,1201.07,0.1251
2_41,877.71,902.23,0.1112
2_41,1109.33,1124.26,0.0178
2_41,784.98,799.49,0.0174
2_41,718.89,743.37,0.017
2_41,1123.54,1125.89,0.0145
2_41,614.41,617.45,0.0092
2_41,961.43,971.72,0.0076
2_41,682.88,708.84,0.0074
2_41,810.8,817.2,0.0072
2_41,857.47,871.0,0.0062
2_41,661.87,672.96,0.0057
2_41,814.0,816.97,0.0046
2_41,900.06,909.46,0.0045
2_41,888.12,899.88,0.0038
2_41,1021.2,1097.92,0.0037
2_41,1102.65,1105.4,0.0036
2_41,916.51,960.28,0.0035
2_41,998.42,1024.39,0.0032
2_41,745.72,748.85,0.0026
2_41,764.23,785.1,0.0025
2_41,1124.23,1193.14,0.0025
2_41,628.61,631.08,0.0024
2_41,808.23,875.67,0.0023
2_41,737.12,743.53,0.0022
2_41,1179.73,1202.12,0.0021
2_41,727.05,812.19,0.002
2_41,717.53,729.3,0.0018
2_41,1203.73,1222.83,0.0017
2_41,950.62,953.36,0.0017
2_41,1131.18,1142.58,0.0017
2_41,882.9,886.42,0.0015
2_41,930.17,933.46,0.0015
2_41,975.58,980.54,0.0014
2_41,984.3,986.77,0.0013
2_41,952.86,961.43,0.0013
2_41,903.92,907.07,0.0013
2_41,823.18,828.46,0.0013
2_41,987.16,994.78,0.0012
2_41,649.06,661.37,0.0012
2_41,834.49,847.11,0.0012
2_41,923.49,929.12,0.0011
2_41,898.4,920.32,0.0011
2_41,941.86,952.72,0.0011
2_41,744.79,756.83,0.0011
2_41,721.11,727.46,0.001
17_43,848.45,856.89,0.9969
17_43,648.51,666.92,0.9956
17_43,877.32,894.78,0.9945
17_43,864.02,876.39,0.9945
17_43,635.42,645.34,0.9941
17_43,742.99,804.9,0.9922
17_43,701.81,734.01,0.9898
17_43,617.2,635.2,0.9863
17_43,810.88,846.18,0.9845
17_43,672.54,694.1,0.9815
17_43,743.09,804.83,0.1353
17_43,877.32,894.76,0.1348
17_43,848.45,856.9,0.1342
17_43,742.98,804.93,0.0182
17_43,1091.36,1094.22,0.0142
17_43,1115.21,1120.55,0.0114
17_43,1077.46,1089.49,0.0105
17_43,965.05,967.83,0.0105
17_43,1088.9,1099.29,0.0058
17_43,870.55,873.3,0.0053
17_43,856.31,867.09,0.005
17_43,744.87,747.61,0.0047
17_43,831.44,837.11,0.0044
17_43,943.31,948.97,0.004
17_43,630.81,636.35,0.0037
17_43,882.78,885.8,0.0034
17_43,1070.1,1072.86,0.0032
17_43,714.75,717.76,0.0031
17_43,790.21,795.07,0.003
17_43,974.5,984.72,0.003
17_43,645.85,651.14,0.0028
17_43,903.5,909.54,0.0028
17_43,759.22,762.02,0.0026
17_43,850.24,856.3,0.0026
17_43,878.14,889.52,0.0025
17_43,766.3,768.8,0.0025
17_43,856.36,877.25,0.0024
17_43,1084.4,1087.24,0.0023
17_43,951.04,953.95,0.0023
17_43,724.86,727.93,0.0022
17_43,1022.94,1043.04,0.0019
17_43,895.26,914.12,0.0018
17_43,727.87,733.66,0.0018
17_43,998.8,1022.4,0.0017
17_43,615.8,618.42,0.0017
17_43,976.81,979.62,0.0017
17_43,1125.58,1131.69,0.0017
17_43,896.58,978.78,0.0015
17_43,675.41,686.32,0.0014
17_43,785.19,791.18,0.0014
17_43,961.12,971.88,0.0014
17_43,925.03,935.55,0.0014
17_43,650.83,663.38,0.0013
17_43,757.66,763.48,0.0013
17_43,740.02,745.02,0.0013
17_43,775.94,806.61,0.0012
17_43,1041.45,1044.08,0.0012
17_43,747.62,749.94,0.0012
17_43,754.61,778.72,0.0012
17_43,676.47,744.44,0.0011
17_43,813.45,834.51,0.001
17_43,1024.55,1029.93,0.001
17_43,1037.06,1114.92,0.001
3_12,752.34,765.59,1.0
3_12,781.92,809.77,0.9992
3_12,702.75,712.26,0.9979
3_12,739.77,750.98,0.9977
3_12,725.49,734.67,0.9969
3_12,616.1,620.52,0.9961
3_12,633.1,647.01,0.9927
3_12,818.25,842.02,0.9926
3_12,770.01,781.22,0.9914
3_12,855.63,881.8,0.9905
3_12,883.5,889.27,0.9894
3_12,889.97,959.0,0.984
3_12,841.7,847.48,0.9813
3_12,657.15,695.6,0.9659
3_12,818.27,842.05,0.1355
3_12,739.78,750.99,0.1354
3_12,616.1,620.51,0.1343
3_12,702.74,712.25,0.1338
3_12,770.01,781.23,0.1333
3_12,855.63,881.79,0.1328
3_12,781.88,809.74,0.1304
3_12,1151.54,1156.89,0.0182
3_12,739.77,750.99,0.0178
3_12,894.03,899.73,0.0161
3_12,766.91,773.08,0.0089
3_12,1046.13,1056.73,0.0088
3_12,627.96,633.16,0.0083
3_12,700.47,723.31,0.0064
3_12,751.28,772.07,0.0057
3_12,715.97,718.8,0.0055
3_12,1042.31,1065.58,0.0041
3_12,835.19,838.42,0.0037
3_12,665.28,678.19,0.0035
3_12,620.4,625.79,0.0034
3_12,965.08,1049.69,0.0033
3_12,695.88,698.32,0.0032
3_12,1007.46,1019.26,0.0031
3_12,1032.57,1038.65,0.0031
3_12,726.21,731.35,0.003
3_12,615.65,637.67,0.0027
3_12,697.01,702.72,0.0027
3_12,732.41,737.81,0.0026
3_12,1088.48,1093.54,0.0022
3_12,811.16,822.48,0.0021
3_12,712.62,719.01,0.0021
3_12,1097.48,1139.0,0.002
3_12,950.43,961.71,0.0019
3_12,990.55,1001.91,0.0019
3_12,1070.9,1090.03,0.0019
3_12,1020.1,1025.82,0.0018
3_12,882.3,901.3,0.0018
3_12,761.9,844.74,0.0018
3_12,756.86,759.84,0.0017
3_12,1108.98,1111.74,0.0014
3_12,1100.1,1110.35,0.0013
3_12,929.22,932.1,0.0013
3_12,833.86,840.67,0.0013
3_12,1130.06,1139.72,0.0012
3_12,889.9,895.55,0.0012
3_12,1093.42,1096.59,0.0012
3_12,718.23,724.32,0.0011
3_12,842.34,862.91,0.0011
3_12,961.79,964.74,0.0011
3_12,915.87,918.67,0.0011
3_12,815.06,821.34,0.0011
3_12,1048.01,1053.48,0.001
3_12,663.07,685.51,0.001
9_13,893.92,901.11,0.9988
9_13,755.13,775.23,0.9985
9_13,665.64,683.79,0.9984
9_13,688.61,716.82,0.9983
9_13,837.0,894.38,0.9957
9_13,776.19,796.27,0.9957
9_13,802.51,817.33,0.9918
9_13,620.17,665.18,0.9875
9_13,900.15,914.5,0.9806
9_13,817.35,836.98,0.9728
9_13,726.41,749.37,0.9576
9_13,755.12,775.24,0.1352
9_13,836.94,894.42,0.135
9_13,620.21,665.13,0.1334
9_13,900.15,914.51,0.1328
9_13,688.59,716.81,0.1318
9_13,893.92,901.11,0.131
9_13,900.14,914.51,0.018
9_13,688.6,716.84,0.0175
9_13,778.67,845.16,0.013
9_13,1086.69,1106.32,0.0124
9_13,875.58,886.89,0.0098
9_13,718.31,723.83,0.0073
9_13,749.41,754.93,0.0072
9_13,889.92,892.69,0.0062
9_13,915.63,921.08,0.0058
9_13,843.6,854.38,0.0058
9_13,1049.0,1085.85,0.0056
9_13,778.77,784.98,0.0054
9_13,755.61,767.91,0.0053
9_13,784.44,790.26,0.0053
9_13,731.92,744.23,0.0048
9_13,849.9,852.68,0.0048
9_13,1148.38,1151.16,0.0046
9_13,680.99,684.13,0.0045
9_13,852.84,858.15,0.0043
9_13,1130.73,1133.57,0.0035
9_13,731.56,734.34,0.0031
9_13,675.07,677.5,0.0031
9_13,1107.4,1118.8,0.0031
9_13,803.41,814.2,0.003
9_13,621.56,632.55,0.003
9_13,817.89,820.47,0.003
9_13,866.57,872.41,0.0029
9_13,1076.74,1082.22,0.0027
9_13,824.72,827.6,0.0024
9_13,810.8,813.75,0.0024
9_13,891.6,901.3,0.0023
9_13,713.71,786.33,0.0023
9_13,858.17,882.88,0.0023
9_13,1153.73,1156.53,0.0021
9_13,662.52,665.3,0.002
9_13,951.75,1031.09,0.0019
9_13,813.4,825.1,0.0018
9_13,642.47,648.4,0.0018
9_13,1013.33,1052.28,0.0017
9_13,714.08,717.24,0.0015
9_13,915.05,928.05,0.0015
9_13,1133.06,1153.77,0.0014
9_13,608.32,617.85,0.0014
9_13,956.49,967.94,0.0014
9_13,820.63,823.06,0.0014
9_13,1041.25,1044.12,0.0014
9_13,691.39,703.16,0.0014
9_13,972.45,975.42,0.0013
9_13,996.37,999.41,0.0013
9_13,1024.08,1030.47,0.0013
9_13,843.62,848.36,0.0013
9_13,794.3,805.57,0.0012
9_13,1154.81,1176.22,0.0011
9_13,1122.46,1134.05,0.001
18_31,825.84,835.91,0.9995
18_31,781.3,824.53,0.9986
18_31,836.38,846.67,0.9978
18_31,712.49,726.42,0.9947
18_31,728.64,745.64,0.9934
18_31,615.49,627.08,0.9918
18_31,769.87,781.25,0.9916
18_31,629.17,710.18,0.9895
18_31,748.3,769.25,0.9828
18_31,836.37,846.66,0.1351
18_31,825.85,835.91,0.1347
18_31,712.48,726.43,0.1341
18_31,769.87,781.25,0.1325
18_31,1022.4,1027.9,0.0273
18_31,712.5,726.43,0.0177
18_31,615.81,638.5,0.0133
18_31,905.69,908.76,0.0093
18_31,764.72,770.66,0.0075
18_31,818.74,821.69,0.0071
18_31,1024.74,1027.42,0.0058
18_31,924.45,946.13,0.0057
18_31,873.49,884.52,0.0052
18_31,702.65,712.76,0.005
18_31,848.04,854.19,0.0046
18_31,699.93,702.85,0.0042
18_31,968.83,980.51,0.004
18_31,1041.85,1044.72,0.0029
18_31,979.28,1001.13,0.0028
18_31,834.92,837.46,0.0025
18_31,803.13,809.66,0.0024
18_31,764.62,782.52,0.0023
18_31,846.55,868.58,0.0023
18_31,783.4,794.55,0.0023
18_31,637.62,712.31,0.0022
18_31,659.17,665.52,0.0019
18_31,940.86,962.14,0.0019
18_31,908.14,918.7,0.0018
18_31,1016.85,1039.33,0.0017
18_31,698.34,710.48,0.0015
18_31,816.44,822.08,0.0015
18_31,630.57,633.48,0.0014
18_31,1047.26,1052.26,0.0014
18_31,671.65,693.73,0.0014
18_31,772.39,856.79,0.0014
18_31,831.02,833.92,0.0013
18_31,958.43,979.86,0.0013
18_31,590.1,626.01,0.0012
18_31,741.58,744.24,0.0011
18_31,1024.29,1026.94,0.0011
18_31,861.65,864.53,0.001
18_31,907.48,912.33,0.001
25_6,1207.47,1209.6,1.0
25_6,802.58,812.48,0.9975
25_6,836.14,839.6,0.9961
25_6,716.28,738.2,0.9951
25_6,827.34,833.17,0.9875
25_6,932.33,1140.89,0.9839
25_6,1211.72,1228.8,0.9836
25_6,743.17,758.01,0.9721
25_6,782.77,792.68,0.9576
25_6,802.59,812.49,0.1355
25_6,827.35,833.17,0.1341
25_6,1211.71,1228.8,0.1337
25_6,716.28,738.19,0.1335
25_6,836.14,839.6,0.1324
25_6,1167.67,1174.52,0.0185
25_6,836.14,839.6,0.018
25_6,839.95,846.67,0.0121
25_6,661.38,740.79,0.0092
25_6,818.95,833.1,0.0089
25_6,850.42,893.22,0.0072
25_6,1200.87,1207.67,0.0044
25_6,615.03,626.06,0.0043
25_6,833.11,835.59,0.0043
25_6,1115.98,1142.55,0.0043
25_6,624.41,646.55,0.004
25_6,1189.1,1194.07,0.0038
25_6,927.46,941.93,0.0036
25_6,888.38,912.51,0.0036
25_6,1160.45,1213.5,0.0036
25_6,679.46,693.6,0.0036
25_6,739.9,756.9,0.0033
25_6,1143.93,1149.78,0.0032
25_6,762.51,803.64,0.003
25_6,872.09,998.28,0.003
25_6,812.23,822.89,0.0028
25_6,872.53,886.03,0.0028
25_6,884.28,895.07,0.0026
25_6,853.44,865.36,0.0025
25_6,1166.27,1168.8,0.0024
25_6,762.72,765.78,0.0023
25_6,694.02,712.39,0.0022
25_6,1195.92,1228.8,0.0021
25_6,1020.51,1023.21,0.0021
25_6,793.21,802.39,0.002
25_6,945.23,948.39,0.002
25_6,839.42,846.21,0.0016
25_6,671.23,685.56,0.0016
25_6,1078.36,1093.52,0.0016
25_6,794.46,832.4,0.0015
25_6,613.98,687.98,0.0014
25_6,953.26,989.07,0.0014
25_6,755.44,761.7,0.0013
25_6,833.87,874.59,0.0013
25_6,804.46,810.79,0.0013
25_6,749.89,753.1,0.0013
25_6,1149.44,1170.85,0.0013
25_6,1023.96,1030.5,0.0013
25_6,614.87,620.55,0.0012
25_6,1145.33,1150.33,0.0012
25_6,714.42,748.77,0.0012
25_6,988.74,1062.21,0.0012
25_6,1001.03,1004.32,0.0011
25_6,956.25,968.52,0.0011
27_34,705.39,742.22,0.9983
27_34,693.57,702.13,0.9979
27_34,821.43,833.19,0.9974
27_34,656.68,691.93,0.9968
27_34,760.97,798.4,0.9967
27_34,833.73,863.13,0.9963
27_34,798.96,806.98,0.9948
27_34,616.53,652.4,0.9922
27_34,739.56,760.44,0.9891
27_34,863.15,876.52,0.9774
27_34,833.73,863.16,0.1353
27_34,760.98,798.4,0.1349
27_34,798.96,806.98,0.1337
27_34,616.53,652.38,0.132
27_34,833.75,863.14,0.0181
27_34,798.96,806.98,0.0178
27_34,683.14,694.61,0.015
27_34,990.89,993.79,0.0104
27_34,877.13,883.14,0.0095
27_34,1091.27,1102.63,0.0093
27_34,832.48,838.19,0.0087
27_34,713.93,736.96,0.0087
27_34,862.87,886.5,0.008
27_34,643.21,649.69,0.0078
27_34,1045.47,1057.39,0.0053
27_34,938.24,1013.54,0.0045
27_34,996.32,1008.62,0.0041
27_34,1091.4,1094.17,0.0038
27_34,634.51,637.21,0.0034
27_34,814.47,817.47,0.0033
27_34,833.7,836.5,0.0032
27_34,1136.18,1139.24,0.0031
27_34,731.31,734.14,0.003
27_34,1075.23,1078.35,0.003
27_34,1004.95,1007.09,0.0029
27_34,892.67,934.21,0.0029
27_34,1102.4,1107.89,0.0027
27_34,1054.18,1060.11,0.0026
27_34,875.57,898.9,0.0026
27_34,797.71,830.22,0.0025
27_34,933.22,953.15,0.0025
27_34,663.75,669.56,0.0025
27_34,976.74,979.7,0.0024
27_34,675.52,681.02,0.0023
27_34,658.43,664.24,0.0023
27_34,823.34,825.93,0.0022
27_34,693.71,703.49,0.0022
27_34,856.62,862.83,0.0021
27_34,1046.6,1068.36,0.0021
27_34,986.66,989.62,0.002
27_34,1028.56,1031.23,0.0019
27_34,1070.88,1113.67,0.0019
27_34,891.45,894.17,0.0018
27_34,1096.06,1099.04,0.0018
27_34,788.36,794.05,0.0018
27_34,1005.53,1044.01,0.0017
27_34,619.13,642.39,0.0017
27_34,720.44,726.07,0.0017
27_34,666.81,689.55,0.0015
27_34,770.13,773.24,0.0015
27_34,711.9,717.86,0.0015
27_34,687.24,689.94,0.0015
27_34,1011.89,1014.84,0.0013
27_34,1113.76,1119.88,0.0013
27_34,785.34,788.2,0.0013
27_34,758.91,764.29,0.0013
27_34,939.8,942.77,0.0012
27_34,1037.46,1040.44,0.0012
27_34,648.0,653.61,0.0012
27_34,1075.61,1087.73,0.0012
27_34,746.98,758.76,0.0011
27_34,1093.82,1116.25,0.0011
27_34,829.22,831.74,0.0011
27_34,814.69,821.5,0.0011
27_34,614.41,617.29,0.0011
27_34,862.73,898.29,0.001
27_34,1046.81,1049.29,0.001
27_34,688.32,694.17,0.001
23_41,690.38,742.52,0.9998
23_41,832.97,841.87,0.9995
23_41,904.44,919.9,0.9988
23_41,859.64,881.31,0.9987
23_41,619.73,638.13,0.9978
23_41,976.8,984.21,0.9976
23_41,987.02,1010.89,0.9954
23_41,1016.24,1058.36,0.995
23_41,842.17,855.21,0.9945
23_41,805.69,827.94,0.9932
23_41,773.07,781.36,0.9926
23_41,781.94,799.75,0.9907
23_41,759.13,768.02,0.9897
23_41,967.31,971.17,0.9889
23_41,932.01,950.7,0.9889
23_41,889.02,902.96,0.9836
23_41,964.35,966.72,0.9823
23_41,642.89,685.86,0.9735
23_41,1011.2,1015.65,0.9618
23_41,751.12,758.83,0.956
23_41,929.35,931.73,0.9511
23_41,984.51,986.89,0.9319
23_41,1001.71,1010.91,0.7199
23_41,1029.59,1046.47,0.6956
23_41,832.97,841.87,0.1352
23_41,619.75,638.13,0.1352
23_41,805.69,827.92,0.1347
23_41,976.8,984.22,0.1345
23_41,781.95,799.75,0.1343
23_41,932.01,950.72,0.1338
23_41,773.07,781.37,0.1335
23_41,967.31,971.17,0.1334
23_41,964.35,966.72,0.1315
23_41,1016.21,1058.35,0.0973
23_41,976.8,984.21,0.0181
23_41,967.31,971.16,0.0179
23_41,1094.66,1167.21,0.0169
23_41,964.68,987.55,0.0115
23_41,1014.14,1032.71,0.0109
23_41,824.58,833.86,0.0104
23_41,772.44,775.39,0.0073
23_41,963.74,968.07,0.0062
23_41,783.2,788.46,0.0059
23_41,1098.02,1100.44,0.0058
23_41,936.27,938.99,0.0058
23_41,768.0,773.83,0.0057
23_41,976.65,978.82,0.0054
23_41,637.72,640.07,0.0051
23_41,693.49,699.35,0.0051
23_41,1036.39,1113.69,0.0048
23_41,625.67,636.96,0.0047
23_41,800.79,806.09,0.0045
23_41,661.51,673.27,0.0043
23_41,919.89,931.85,0.0043
23_41,1112.22,1214.46,0.0039
23_41,854.03,857.01,0.0036
23_41,787.25,793.53,0.0035
23_41,995.65,1001.59,0.0034
23_41,715.08,736.12,0.0034
23_41,1092.11,1098.32,0.0032
23_41,614.5,619.16,0.0031
23_41,1105.3,1145.98,0.003
23_41,934.63,954.03,0.0028
23_41,983.76,989.76,0.0028
23_41,812.8,819.04,0.0026
23_41,889.68,892.69,0.0025
23_41,630.46,636.6,0.0025
23_41,1135.9,1139.4,0.0023
23_41,1068.75,1089.17,0.0023
23_41,654.35,677.37,0.0022
23_41,884.52,890.56,0.0022
23_41,1001.9,1008.05,0.0022
23_41,832.4,838.34,0.0022
23_41,680.57,686.85,0.0021
23_41,733.23,743.52,0.0021
23_41,826.43,906.98,0.0021
23_41,905.58,916.71,0.002
23_41,638.03,650.04,0.002
23_41,806.9,810.09,0.002
23_41,971.02,976.85,0.002
23_41,1123.21,1126.28,0.0019
23_41,986.11,1021.11,0.0018
23_41,704.13,706.32,0.0018
23_41,960.71,963.55,0.0017
23_41,844.24,846.75,0.0017
23_41,1125.26,1135.42,0.0017
23_41,773.84,779.57,0.0016
23_41,800.37,833.55,0.0016
23_41,839.75,842.18,0.0015
23_41,731.81,772.68,0.0014
23_41,615.79,618.34,0.0014
23_41,798.77,801.23,0.0013
23_41,990.79,1063.85,0.0013
23_41,1069.76,1076.43,0.0013
23_41,1029.59,1032.34,0.0012
23_41,1011.85,1014.78,0.0012
23_41,712.87,718.87,0.0011
23_41,728.83,734.76,0.0011
23_41,1136.36,1142.11,0.0011
23_41,1058.31,1061.19,0.0011
23_41,1105.41,1129.98,0.0011
23_41,1088.4,1099.87,0.0011
23_41,865.2,871.43,0.0011
23_41,635.03,637.47,0.001
22_137,794.83,813.12,0.9975
22_137,736.03,759.88,0.9974
22_137,760.45,787.77,0.9962
22_137,813.34,817.5,0.9957
22_137,824.06,976.29,0.9942
22_137,618.55,728.18,0.9912
22_137,896.74,944.67,0.8135
22_137,736.04,759.93,0.1357
22_137,618.43,728.34,0.1353
22_137,794.84,813.12,0.1352
22_137,813.34,817.5,0.1352
22_137,760.45,787.77,0.1342
22_137,736.04,759.93,0.0183
22_137,813.34,817.5,0.0181
22_137,843.39,930.42,0.0133
22_137,976.38,982.12,0.0112
22_137,721.01,727.23,0.008
22_137,1136.06,1142.2,0.0075
22_137,763.24,768.45,0.0075
22_137,971.98,990.51,0.0075
22_137,661.96,664.98,0.0066
22_137,981.92,1065.73,0.006
22_137,696.97,700.15,0.0059
22_137,679.84,703.44,0.0056
22_137,1088.3,1093.93,0.0053
22_137,901.56,925.65,0.0045
22_137,819.64,822.04,0.0044
22_137,940.92,947.29,0.0043
22_137,1039.19,1042.05,0.0039
22_137,1144.69,1147.54,0.0037
22_137,850.54,872.48,0.0032
22_137,784.13,794.55,0.003
22_137,624.04,673.05,0.0029
22_137,1151.55,1154.6,0.0029
22_137,697.34,734.41,0.0029
22_137,995.49,998.12,0.0028
22_137,724.11,726.52,0.0027
22_137,860.99,866.92,0.0027
22_137,817.1,820.21,0.0026
22_137,818.07,829.39,0.0023
22_137,990.96,993.9,0.0022
22_137,751.74,791.28,0.002
22_137,1079.47,1120.32,0.0019
22_137,1159.47,1165.67,0.0018
22_137,1033.05,1035.29,0.0018
22_137,841.16,852.14,0.0017
22_137,835.24,838.02,0.0016
22_137,715.99,721.78,0.0016
22_137,820.35,843.05,0.0016
22_137,968.47,974.81,0.0015
22_137,694.15,705.71,0.0014
22_137,805.66,811.72,0.0014
22_137,767.67,781.66,0.0013
22_137,1131.18,1136.66,0.0013
22_137,686.96,690.02,0.0012
22_137,619.49,642.53,0.0012
22_137,813.65,815.56,0.0012
22_137,906.73,913.25,0.0012
22_137,614.5,616.67,0.0012
22_137,1015.64,1018.33,0.0011
22_137,865.74,868.78,0.0011
22_137,658.58,680.43,0.0011
22_137,645.04,647.64,0.0011
22_137,782.75,785.13,0.001
21_19,698.94,771.65,0.9996
21_19,1033.06,1051.72,0.9985
21_19,920.11,963.26,0.9952
21_19,1051.69,1118.64,0.9948
21_19,804.09,831.58,0.9942
21_19,966.21,1024.22,0.9941
21_19,1121.52,1142.15,0.9934
21_19,1199.16,1223.72,0.991
21_19,655.7,683.19,0.9907
21_19,1170.65,1183.43,0.9887
21_19,615.41,653.72,0.9755
21_19,772.64,801.13,0.974
21_19,1183.43,1197.19,0.9705
21_19,1141.18,1160.83,0.9648
21_19,966.28,1024.15,0.1354
21_19,1033.08,1051.73,0.1346
21_19,1051.78,1118.57,0.1329
21_19,655.67,683.19,0.1317
21_19,772.61,801.12,0.1315
21_19,615.4,653.75,0.1293
21_19,920.06,963.28,0.1285
21_19,804.07,831.58,0.1269
21_19,966.16,1024.15,0.0179
21_19,655.7,683.18,0.0174
21_19,832.21,838.22,0.0109
21_19,834.18,885.62,0.0087
21_19,1124.84,1137.26,0.0083
21_19,1049.18,1051.14,0.0081
21_19,1182.4,1184.3,0.0079
21_19,1112.64,1118.85,0.0076
21_19,1158.51,1165.11,0.0072
21_19,1066.16,1069.28,0.0059
21_19,806.87,809.1,0.0058
21_19,966.18,1003.71,0.0049
21_19,689.42,700.9,0.0048
21_19,786.9,800.46,0.0045
21_19,830.57,931.43,0.0042
21_19,1062.63,1106.35,0.0042
21_19,1211.62,1223.92,0.004
21_19,939.91,962.25,0.004
21_19,1106.51,1112.6,0.0036
21_19,1141.01,1154.54,0.0032
21_19,1165.99,1169.17,0.0027
21_19,833.3,857.29,0.0027
21_19,1041.37,1051.86,0.002
21_19,1171.28,1174.37,0.0019
21_19,761.45,768.17,0.0019
21_19,1141.4,1144.49,0.0019
21_19,1033.18,1045.79,0.0017
21_19,804.25,810.37,0.0017
21_19,963.82,972.8,0.0016
21_19,705.08,715.46,0.0014
21_19,684.76,701.47,0.0014
21_19,972.77,979.4,0.0014
21_19,1121.07,1127.52,0.0014
21_19,922.36,934.82,0.0014
21_19,627.56,650.67,0.0013
21_19,982.9,986.14,0.0013
21_19,1034.51,1037.12,0.0013
21_19,1117.95,1196.29,0.0013
21_19,1075.03,1086.64,0.0013
21_19,1127.23,1129.92,0.0012
21_19,729.22,754.77,0.0011
21_19,1173.31,1179.38,0.0011
21_19,1089.52,1091.9,0.0011
21_19,817.0,829.78,0.001
21_19,1052.65,1063.77,0.001
21_19,984.54,999.1,0.001
13_5,735.42,760.23,0.9967
13_5,927.12,961.67,0.9963
13_5,1176.66,1192.45,0.9878
13_5,1214.99,1226.06,0.9852
13_5,654.22,677.53,0.982
13_5,768.58,842.21,0.9803
13_5,683.55,709.86,0.9802
13_5,968.76,1078.62,0.9752
13_5,896.26,913.55,0.9634
13_5,848.93,864.73,0.9342
13_5,735.42,760.21,0.1345
13_5,1176.67,1192.43,0.1344
13_5,927.11,961.64,0.1285
13_5,683.54,709.84,0.1283
13_5,646.95,652.14,0.0217
13_5,1176.66,1192.42,0.0182
13_5,872.43,917.75,0.0174
13_5,907.87,913.44,0.0114
13_5,711.53,729.96,0.0113
13_5,1078.33,1084.71,0.0109
13_5,923.82,930.22,0.0071
13_5,750.54,760.32,0.007
13_5,863.78,866.33,0.0068
13_5,1163.9,1170.14,0.0053
13_5,1177.03,1182.78,0.0047
13_5,1191.84,1194.42,0.0045
13_5,868.31,889.08,0.0045
13_5,1139.75,1151.55,0.0044
13_5,642.65,677.41,0.0034
13_5,781.16,785.92,0.0033
13_5,972.54,1021.04,0.0032
13_5,893.26,912.85,0.0031
13_5,1210.49,1213.21,0.003
13_5,1100.85,1181.76,0.0029
13_5,718.02,721.17,0.0027
13_5,1194.13,1204.47,0.0024
13_5,798.15,800.02,0.0024
13_5,1215.94,1219.27,0.0023
13_5,1149.64,1189.51,0.0022
13_5,1074.18,1085.45,0.002
13_5,1209.94,1228.8,0.002
13_5,1087.11,1089.94,0.0019
13_5,811.35,829.99,0.0018
13_5,915.24,918.02,0.0018
13_5,623.2,634.28,0.0017
13_5,837.93,847.7,0.0017
13_5,793.11,812.8,0.0017
13_5,1022.02,1025.0,0.0016
13_5,1122.05,1148.51,0.0016
13_5,774.02,779.26,0.0016
13_5,848.78,855.39,0.0016
13_5,735.47,741.42,0.0016
13_5,766.85,785.86,0.0014
13_5,996.01,1018.34,0.0014
13_5,928.83,969.18,0.0014
13_5,613.05,614.98,0.0012
13_5,1092.16,1105.13,0.0011
13_5,849.4,868.94,0.0011
13_5,1207.52,1210.53,0.0011
13_5,776.2,852.02,0.0011
13_5,844.65,847.19,0.0011
13_5,713.4,724.51,0.001
29_35,870.51,897.47,0.999
29_35,793.63,806.46,0.9971
29_35,926.14,946.52,0.9958
29_35,807.4,864.68,0.983
29_35,618.11,704.19,0.9779
29_35,769.23,791.68,0.9767
29_35,899.21,919.95,0.9757
29_35,709.09,765.83,0.9707
29_35,793.61,806.47,0.135
29_35,870.5,897.48,0.1344
29_35,926.15,946.54,0.1332
29_35,709.05,765.79,0.1319
29_35,916.45,922.41,0.0088
29_35,633.21,654.09,0.0061
29_35,1036.73,1049.67,0.0055
29_35,700.41,705.46,0.0048
29_35,797.91,875.1,0.0043
29_35,743.02,748.55,0.0042
29_35,792.25,818.74,0.0037
29_35,1024.02,1027.19,0.0033
29_35,815.63,827.25,0.0032
29_35,998.91,1010.26,0.0029
29_35,705.72,708.8,0.0027
29_35,805.63,816.57,0.0022
29_35,1033.15,1056.17,0.0022
29_35,1074.18,1085.3,0.002
29_35,620.37,660.93,0.0019
29_35,962.62,968.19,0.0019
29_35,663.54,685.21,0.0019
29_35,828.45,839.83,0.0019
29_35,901.87,922.55,0.0018
29_35,1124.07,1136.89,0.0017
29_35,636.96,639.7,0.0016
29_35,696.14,699.04,0.0016
29_35,730.03,754.39,0.0016
29_35,1094.74,1097.4,0.0016
29_35,655.28,661.27,0.0015
29_35,1059.76,1062.75,0.0015
29_35,885.99,896.91,0.0015
29_35,905.58,912.33,0.0014
29_35,934.97,945.28,0.0013
29_35,1150.06,1156.12,0.0013
29_35,1107.87,1128.42,0.0013
29_35,723.29,735.62,0.0013
29_35,712.8,724.69,0.0012
29_35,1003.98,1010.02,0.0012
29_35,897.55,903.19,0.0012
29_35,702.11,789.55,0.0012
29_35,1140.39,1224.67,0.0012
29_35,1077.1,1098.58,0.0011
29_35,1154.74,1157.91,0.001
29_35,647.99,653.19,0.001
29_35,945.41,960.74,0.001
15_4,1062.65,1082.22,0.9986
15_4,692.58,748.74,0.9967
15_4,980.64,1026.9,0.9946
15_4,752.14,762.4,0.9934
15_4,614.3,678.26,0.9934
15_4,978.04,979.34,0.9929
15_4,1049.86,1059.3,0.9928
15_4,884.19,936.15,0.9911
15_4,968.96,976.97,0.9906
15_4,766.09,825.53,0.9899
15_4,830.83,871.96,0.9895
15_4,1083.33,1088.11,0.9884
15_4,680.04,691.54,0.9856
15_4,1035.09,1049.52,0.9854
15_4,936.39,940.82,0.9741
15_4,1092.43,1228.8,0.9624
15_4,1013.61,1034.6,0.8444
15_4,884.23,936.09,0.1348
15_4,1062.67,1082.22,0.1347
15_4,614.37,678.41,0.1346
15_4,692.49,748.73,0.1333
15_4,1035.07,1049.52,0.1331
15_4,1049.87,1059.29,0.133
15_4,766.1,825.55,0.1323
15_4,680.04,691.54,0.1319
15_4,980.64,1026.9,0.1158
15_4,979.96,990.1,0.0258
15_4,1035.26,1037.6,0.0219
15_4,884.32,936.13,0.0182
15_4,766.12,825.47,0.0178
15_4,1041.27,1047.45,0.0141
15_4,1029.09,1031.86,0.0102
15_4,932.77,935.96,0.0098
15_4,1120.16,1168.44,0.0075
15_4,942.01,964.06,0.0071
15_4,911.47,932.07,0.0066
15_4,764.76,767.16,0.0056
15_4,1051.94,1058.24,0.0053
15_4,652.76,679.93,0.0049
15_4,948.48,951.15,0.0049
15_4,873.84,893.17,0.0048
15_4,977.78,980.35,0.0045
15_4,926.78,938.09,0.0044
15_4,1027.93,1033.21,0.0042
15_4,695.09,708.36,0.0037
15_4,976.19,987.86,0.0036
15_4,616.07,665.43,0.0036
15_4,970.75,976.37,0.0036
15_4,1112.85,1122.87,0.0034
15_4,1082.15,1102.89,0.0031
15_4,938.52,940.98,0.0029
15_4,1222.11,1228.8,0.0028
15_4,1179.21,1224.42,0.0027
15_4,941.04,943.74,0.0025
15_4,1057.86,1063.26,0.0025
15_4,679.85,740.09,0.002
15_4,634.85,649.26,0.002
15_4,1028.55,1031.44,0.0019
15_4,896.48,920.46,0.0018
15_4,993.55,1007.84,0.0017
15_4,831.01,833.91,0.0015
15_4,833.04,855.01,0.0015
15_4,944.54,982.18,0.0014
15_4,765.36,788.03,0.0014
15_4,1090.51,1099.68,0.0014
15_4,1083.02,1087.78,0.0013
15_4,1021.82,1034.54,0.0012
15_4,900.65,906.14,0.0012
15_4,1206.42,1213.16,0.0012
15_4,762.26,863.07,0.0012
15_4,965.85,970.5,0.0012
15_4,645.91,679.36,0.0011
15_4,926.08,942.56,0.0011
15_4,980.75,983.22,0.001
15_4,692.62,695.13,0.001
15_4,961.12,964.36,0.001
16_18,805.0,815.92,0.9989
16_18,936.16,967.43,0.9972
16_18,1015.91,1025.14,0.9968
16_18,977.06,999.14,0.9967
16_18,693.47,726.72,0.9965
16_18,819.37,838.81,0.996
16_18,1174.72,1178.97,0.9959
16_18,841.02,858.78,0.9953
16_18,889.49,935.69,0.9932
16_18,1167.36,1174.17,0.9918
16_18,999.59,1015.15,0.9913
16_18,654.09,689.57,0.9881
16_18,614.53,652.81,0.9877
16_18,1025.71,1166.81,0.9858
16_18,728.99,803.8,0.9817
16_18,1202.96,1215.29,0.978
16_18,1179.68,1202.47,0.9725
16_18,862.22,887.53,0.9655
16_18,1215.61,1228.8,0.96
16_18,819.34,838.8,0.1352
16_18,936.13,967.4,0.1348
16_18,977.04,999.14,0.1346
16_18,1167.37,1174.17,0.1342
16_18,1015.92,1025.13,0.1339
16_18,1202.94,1215.31,0.1331
16_18,862.2,887.54,0.1301
16_18,936.16,967.4,0.0181
16_18,691.78,694.82,0.018
16_18,862.91,868.2,0.0178
16_18,704.11,727.65,0.0109
16_18,791.3,803.51,0.0105
16_18,656.12,662.22,0.0081
16_18,1028.02,1052.73,0.0064
16_18,1174.48,1180.0,0.0062
16_18,799.39,816.64,0.0059
16_18,1202.68,1207.95,0.0053
16_18,1001.8,1007.45,0.0052
16_18,989.17,995.19,0.0051
16_18,971.51,1007.53,0.0043
16_18,915.63,935.03,0.0041
16_18,1035.26,1040.41,0.0039
16_18,837.41,857.18,0.0036
16_18,1117.88,1130.48,0.0034
16_18,1099.15,1102.44,0.0034
16_18,1025.25,1035.88,0.0034
16_18,1216.5,1228.8,0.0033
16_18,809.73,845.63,0.003
16_18,1191.19,1201.83,0.0028
16_18,863.46,865.88,0.0028
16_18,731.77,734.74,0.0027
16_18,881.26,964.82,0.0026
16_18,905.79,908.76,0.0026
16_18,671.73,690.23,0.0025
16_18,1053.07,1058.53,0.0024
16_18,1063.02,1065.26,0.0023
16_18,891.23,905.3,0.0023
16_18,934.66,937.24,0.0023
16_18,827.86,839.38,0.0021
16_18,804.95,807.8,0.0021
16_18,1206.62,1212.34,0.002
16_18,1091.02,1096.22,0.0019
16_18,1166.97,1169.28,0.0019
16_18,778.41,801.97,0.0019
16_18,1217.54,1228.8,0.0018
16_18,858.74,864.32,0.0018
16_18,819.75,825.04,0.0018
16_18,877.2,888.42,0.0018
16_18,1037.25,1049.28,0.0017
16_18,980.79,983.91,0.0017
16_18,629.39,651.19,0.0016
16_18,1152.76,1164.79,0.0016
16_18,1093.79,1141.15,0.0016
16_18,1017.11,1023.07,0.0015
16_18,1170.48,1172.92,0.0014
16_18,765.87,769.17,0.0012
16_18,690.79,695.7,0.0012
16_18,1004.32,1026.94,0.0012
16_18,1077.61,1091.35,0.0012
16_18,1051.9,1074.52,0.0011
16_18,808.79,814.92,0.0011
16_18,661.48,664.16,0.0011
16_18,615.37,638.93,0.0011
16_18,724.41,727.1,0.001
16_18,1213.13,1219.14,0.001
4_3,770.1,773.24,0.9992
4_3,737.99,745.49,0.999
4_3,940.13,982.07,0.9968
4_3,731.72,736.47,0.9964
4_3,773.34,778.02,0.996
4_3,1023.26,1041.28,0.9938
4_3,634.38,665.51,0.9934
4_3,1016.3,1020.02,0.993
4_3,688.28,714.29,0.9929
4_3,801.26,935.97,0.9909
4_3,790.96,800.1,0.9896
4_3,982.4,984.67,0.9829
4_3,1006.08,1015.84,0.9778
4_3,780.27,785.85,0.9713
4_3,749.14,757.13,0.9481
4_3,770.1,773.24,0.1353
4_3,940.13,982.08,0.1348
4_3,1016.31,1020.02,0.1345
4_3,737.99,745.49,0.1341
4_3,688.27,714.29,0.1322
4_3,737.99,745.49,0.0182
4_3,1016.31,1020.02,0.0179
4_3,797.17,799.62,0.008
4_3,723.87,734.79,0.0078
4_3,1150.27,1191.97,0.0066
4_3,810.39,848.91,0.0064
4_3,773.88,776.94,0.0063
4_3,662.01,685.64,0.0061
4_3,1109.11,1111.85,0.0055
4_3,993.23,996.21,0.0047
4_3,786.29,792.07,0.0043
4_3,1107.5,1119.21,0.0041
4_3,920.22,932.14,0.004
4_3,882.36,926.14,0.0036
4_3,1103.89,1147.05,0.0035
4_3,822.31,828.45,0.0034
4_3,864.94,868.22,0.0033
4_3,983.92,1026.46,0.0033
4_3,1027.48,1033.35,0.0023
4_3,674.0,676.32,0.0023
4_3,844.02,846.8,0.0019
4_3,792.8,795.8,0.0019
4_3,899.31,905.56,0.0019
4_3,1130.13,1133.2,0.0019
4_3,1052.98,1055.86,0.0019
4_3,813.95,820.23,0.0019
4_3,759.14,764.17,0.0017
4_3,688.68,691.52,0.0017
4_3,762.2,781.54,0.0017
4_3,947.06,973.44,0.0017
4_3,1068.64,1089.76,0.0017
4_3,1143.86,1149.7,0.0016
4_3,1019.79,1022.86,0.0016
4_3,996.91,1007.84,0.0016
4_3,708.26,714.6,0.0016
4_3,1067.83,1070.94,0.0016
4_3,1085.02,1087.84,0.0015
4_3,825.07,827.42,0.0015
4_3,812.55,887.91,0.0015
4_3,1148.69,1159.68,0.0015
4_3,907.82,918.78,0.0014
4_3,853.46,859.71,0.0014
4_3,876.36,879.3,0.0014
4_3,726.88,732.31,0.0013
4_3,881.62,884.68,0.0012
4_3,734.63,759.22,0.0012
4_3,628.36,670.85,0.0012
4_3,778.33,799.42,0.0011
4_3,829.5,832.54,0.0011
4_3,740.75,745.24,0.001
4_3,1142.49,1224.63,0.001
2_46,838.59,852.84,0.9982
2_46,683.97,722.21,0.9979
2_46,664.6,672.59,0.9978
2_46,853.96,889.96,0.9973
2_46,745.02,757.58,0.9973
2_46,889.95,926.95,0.9969
2_46,770.92,774.77,0.9964
2_46,652.27,662.4,0.9953
2_46,625.25,652.04,0.9938
2_46,796.35,830.04,0.9916
2_46,834.02,839.16,0.988
2_46,965.87,970.67,0.9846
2_46,732.48,771.36,0.8073
2_46,664.59,672.59,0.1352
2_46,684.01,722.21,0.1352
2_46,889.95,926.99,0.1352
2_46,770.92,774.77,0.1347
2_46,625.25,652.03,0.1346
2_46,834.02,839.16,0.1338
2_46,838.59,852.85,0.1318
2_46,677.12,679.76,0.0192
2_46,664.6,672.59,0.0184
2_46,770.92,774.77,0.0182
2_46,660.14,662.73,0.0103
2_46,970.74,1010.68,0.0102
2_46,723.86,744.86,0.0097
2_46,633.39,636.07,0.0094
2_46,864.26,869.67,0.009
2_46,1024.49,1048.17,0.009
2_46,641.55,644.72,0.0089
2_46,852.18,863.46,0.0067
2_46,888.2,899.72,0.0066
2_46,929.73,932.69,0.0063
2_46,975.84,986.18,0.0063
2_46,683.93,689.76,0.0056
2_46,1049.32,1062.25,0.0052
2_46,1136.04,1142.3,0.005
2_46,931.12,955.03,0.0049
2_46,953.96,965.9,0.0048
2_46,667.72,733.91,0.0043
2_46,1091.37,1097.21,0.0042
2_46,775.14,778.11,0.0039
2_46,768.39,770.93,0.0039
2_46,627.28,633.58,0.0036
2_46,854.87,860.49,0.0035
2_46,1072.6,1082.11,0.0033
2_46,1027.09,1029.58,0.0033
2_46,1155.6,1176.97,0.0032
2_46,1021.28,1026.87,0.0032
2_46,687.78,698.88,0.0031
2_46,965.05,970.47,0.0031
2_46,1015.66,1018.38,0.003
2_46,635.94,641.7,0.0029
2_46,1037.99,1044.23,0.0028
2_46,986.76,997.06,0.0027
2_46,1101.08,1103.71,0.0027
2_46,797.81,834.92,0.0025
2_46,829.36,832.51,0.0023
2_46,675.35,681.31,0.0023
2_46,714.09,717.3,0.0022
2_46,924.11,929.49,0.0021
2_46,804.59,807.22,0.002
2_46,701.83,713.67,0.002
2_46,929.23,935.23,0.002
2_46,952.56,958.7,0.002
2_46,729.42,732.13,0.0018
2_46,1127.81,1133.69,0.0018
2_46,838.82,841.43,0.0018
2_46,929.29,979.14,0.0017
2_46,824.7,835.18,0.0017
2_46,668.7,671.35,0.0017
2_46,790.56,878.85,0.0016
2_46,1026.8,1038.27,0.0016
2_46,1069.13,1071.82,0.0015
2_46,1149.43,1228.8,0.0014
2_46,659.99,664.94,0.0014
2_46,754.43,757.05,0.0014
2_46,1145.14,1150.34,0.0014
2_46,1061.81,1067.39,0.0014
2_46,820.74,824.02,0.0014
2_46,722.98,725.63,0.0014
2_46,674.03,686.68,0.0014
2_46,1142.04,1145.11,0.0013
2_46,747.82,770.58,0.0013
2_46,692.69,695.18,0.0013
2_46,964.44,976.79,0.0013
2_46,984.02,1003.85,0.0013
2_46,1113.16,1116.34,0.0013
2_46,1159.92,1163.06,0.0012
2_46,793.48,799.86,0.0012
2_46,894.1,915.66,0.0012
2_46,1075.81,1081.29,0.0012
2_46,655.41,660.71,0.0012
2_46,852.05,871.56,0.0012
2_46,1118.84,1124.13,0.0012
2_46,974.29,980.11,0.0012
2_46,650.69,728.23,0.0012
2_46,881.74,887.13,0.0011
2_46,597.78,672.54,0.0011
2_46,694.96,697.99,0.001
2_46,1029.32,1031.65,0.001
2_46,790.85,793.11,0.001
23_6,837.52,853.64,0.9983
23_6,810.49,833.15,0.998
23_6,896.83,997.69,0.9958
23_6,1038.75,1066.53,0.994
23_6,1117.88,1194.54,0.9933
23_6,617.37,673.54,0.9931
23_6,720.5,746.08,0.9898
23_6,1066.54,1078.26,0.9893
23_6,1195.23,1228.8,0.988
23_6,681.74,716.12,0.9792
23_6,1084.1,1113.35,0.9783
23_6,1010.95,1039.45,0.977
23_6,752.0,803.17,0.9739
23_6,810.47,833.16,0.135
23_6,896.82,997.73,0.1341
23_6,1066.54,1078.26,0.1341
23_6,1038.78,1066.53,0.1314
23_6,617.33,673.55,0.1302
23_6,752.0,803.09,0.1284
23_6,1084.11,1113.39,0.1269
23_6,981.18,983.19,0.0261
23_6,1066.55,1078.25,0.0181
23_6,810.48,833.19,0.0178
23_6,948.6,994.01,0.0124
23_6,1201.96,1221.95,0.0107
23_6,1114.3,1156.78,0.0104
23_6,846.4,851.52,0.0084
23_6,835.33,900.19,0.0065
23_6,858.89,864.85,0.0052
23_6,1114.22,1139.77,0.0044
23_6,916.54,919.15,0.0041
23_6,1051.61,1064.77,0.0038
23_6,968.57,971.33,0.0037
23_6,985.81,988.42,0.0033
23_6,1005.17,1072.74,0.003
23_6,1085.85,1099.21,0.0026
23_6,663.73,666.3,0.0025
23_6,769.18,808.59,0.0024
23_6,624.3,634.96,0.0023
23_6,665.26,682.03,0.0023
23_6,614.54,617.3,0.0022
23_6,983.23,985.44,0.0022
23_6,993.62,1012.98,0.0021
23_6,1038.14,1052.67,0.0021
23_6,1144.44,1151.32,0.002
23_6,833.67,872.57,0.0018
23_6,1009.0,1014.97,0.0016
23_6,1196.88,1202.61,0.0016
23_6,732.37,743.92,0.0016
23_6,635.32,663.56,0.0014
23_6,880.87,900.57,0.0014
23_6,1203.2,1228.8,0.0012
23_6,899.73,910.57,0.0012
23_6,713.55,745.3,0.0011
23_6,614.8,623.75,0.0011
23_6,801.42,811.81,0.001
23_6,682.92,707.69,0.001
23_6,848.06,867.78,0.001
2_5,666.77,692.87,0.9996
2_5,616.11,655.79,0.999
2_5,1013.63,1023.75,0.9986
2_5,948.62,1014.41,0.9981
2_5,827.16,873.47,0.9964
2_5,736.86,776.44,0.9957
2_5,703.02,734.27,0.9956
2_5,1024.64,1082.84,0.995
2_5,933.44,949.51,0.9938
2_5,778.12,811.88,0.992
2_5,1089.59,1142.81,0.9899
2_5,655.77,668.41,0.9848
2_5,873.52,891.2,0.9844
2_5,891.24,934.27,0.9794
2_5,1081.15,1090.44,0.9647
2_5,811.06,818.66,0.9511
2_5,736.82,776.38,0.1358
2_5,666.74,692.89,0.1357
2_5,948.64,1014.45,0.1353
2_5,1089.67,1142.81,0.1346
2_5,1013.64,1023.75,0.1344
2_5,827.13,873.49,0.1342
2_5,616.11,655.72,0.1339
2_5,933.43,949.5,0.1329
2_5,655.75,668.41,0.1322
2_5,1024.54,1082.85,0.1319
2_5,666.74,692.9,0.0183
2_5,948.64,1014.42,0.018
2_5,614.65,617.35,0.0146
2_5,948.82,951.85,0.0131
2_5,1125.44,1135.92,0.012
2_5,981.57,987.53,0.0118
2_5,1079.04,1090.07,0.0087
2_5,731.71,738.19,0.0082
2_5,953.18,974.92,0.0053
2_5,1008.05,1014.19,0.0053
2_5,722.45,725.93,0.0052
2_5,772.93,775.95,0.0048
2_5,1012.66,1033.26,0.0048
2_5,618.78,644.53,0.0047
2_5,778.6,801.59,0.0041
2_5,960.03,963.26,0.0039
2_5,940.34,943.27,0.0038
2_5,1019.97,1022.75,0.0033
2_5,1056.23,1068.55,0.0033
2_5,1082.94,1088.85,0.0031
2_5,698.55,705.09,0.0031
2_5,835.47,841.12,0.003
2_5,976.59,979.6,0.0028
2_5,648.71,654.73,0.0026
2_5,830.3,836.05,0.0024
2_5,966.78,969.44,0.0024
2_5,644.88,650.07,0.0022
2_5,739.67,763.28,0.0022
2_5,726.64,729.57,0.002
2_5,753.42,756.0,0.002
2_5,871.35,874.73,0.002
2_5,721.96,808.17,0.0018
2_5,621.19,632.62,0.0018
2_5,875.26,878.46,0.0018
2_5,945.6,948.78,0.0017
2_5,697.37,699.92,0.0017
2_5,988.7,995.46,0.0017
2_5,911.94,932.14,0.0017
2_5,1031.75,1037.49,0.0015
2_5,1151.47,1157.32,0.0015
2_5,735.3,737.65,0.0015
2_5,805.94,811.6,0.0015
2_5,868.88,871.84,0.0015
2_5,698.23,709.59,0.0014
2_5,885.18,887.81,0.0014
2_5,1041.14,1044.13,0.0014
2_5,755.66,757.99,0.0014
2_5,1130.09,1133.19,0.0013
2_5,809.12,830.27,0.0013
2_5,706.57,718.07,0.0013
2_5,1093.3,1117.64,0.0013
2_5,1014.28,1086.06,0.0013
2_5,1002.9,1005.69,0.0012
2_5,679.52,690.35,0.0012
2_5,820.19,892.71,0.0012
2_5,615.33,627.11,0.0011
2_5,1029.64,1032.45,0.0011
2_5,638.59,641.34,0.0011
2_5,741.53,747.56,0.0011
18_19,1016.39,1074.81,0.9978
18_19,867.4,922.4,0.9958
18_19,940.4,950.54,0.9946
18_19,819.42,862.39,0.9941
18_19,791.41,819.46,0.9933
18_19,733.03,788.67,0.991
18_19,984.22,1013.06,0.9898
18_19,953.18,970.79,0.9889
18_19,922.92,940.17,0.9846
18_19,616.04,730.25,0.9748
18_19,970.67,983.61,0.9696
18_19,1074.91,1076.5,0.9643
18_19,819.49,862.41,0.1356
18_19,1016.39,1074.88,0.1351
18_19,733.05,788.69,0.1343
18_19,791.4,819.45,0.1335
18_19,953.19,970.8,0.1335
18_19,867.37,922.41,0.1327
18_19,922.9,940.17,0.1326
18_19,616.1,730.3,0.1283
18_19,791.41,819.46,0.0181
18_19,733.02,788.7,0.0178
18_19,867.37,922.48,0.0173
18_19,970.28,990.11,0.0065
18_19,990.05,996.15,0.0062
18_19,807.02,885.75,0.0058
18_19,860.01,862.48,0.0052
18_19,658.0,660.57,0.0049
18_19,904.78,916.45,0.0047
18_19,818.56,824.05,0.0045
18_19,797.38,800.22,0.0044
18_19,731.79,737.54,0.0043
18_19,742.17,744.78,0.0038
18_19,953.21,956.06,0.0037
18_19,1005.93,1011.84,0.0036
18_19,927.83,940.39,0.0033
18_19,940.9,951.9,0.003
18_19,1144.87,1150.53,0.0029
18_19,1063.59,1074.49,0.0028
18_19,885.21,892.23,0.0028
18_19,1031.01,1041.91,0.0025
18_19,633.48,679.98,0.0022
18_19,981.21,983.69,0.0021
18_19,917.97,920.8,0.002
18_19,1118.08,1123.97,0.002
18_19,977.86,1017.56,0.0019
18_19,1139.27,1151.81,0.0018
18_19,769.28,772.14,0.0018
18_19,1012.37,1023.46,0.0018
18_19,785.28,789.77,0.0017
18_19,710.47,732.4,0.0017
18_19,958.06,970.04,0.0017
18_19,894.7,897.3,0.0016
18_19,1066.99,1072.33,0.0015
18_19,836.66,860.03,0.0015
18_19,811.5,821.67,0.0015
18_19,983.65,986.59,0.0014
18_19,722.83,725.82,0.0014
18_19,1092.33,1098.91,0.0014
18_19,869.65,872.43,0.0014
18_19,646.86,652.44,0.0014
18_19,907.42,914.34,0.0012
18_19,833.61,836.8,0.0012
18_19,1032.19,1035.2,0.0011
18_19,953.84,959.85,0.0011
18_19,932.28,938.43,0.001
5_24,653.61,670.54,0.9994
5_24,1053.44,1069.59,0.9992
5_24,1033.54,1052.34,0.9988
5_24,635.47,650.56,0.9985
5_24,674.16,725.86,0.9979
5_24,971.66,1003.77,0.9977
5_24,820.6,900.56,0.9963
5_24,936.24,962.31,0.9963
5_24,1005.68,1026.92,0.9961
5_24,965.51,971.43,0.996
5_24,615.49,633.9,0.994
5_24,728.44,744.75,0.9903
5_24,763.46,820.37,0.9894
5_24,747.34,751.83,0.9795
5_24,751.95,758.17,0.972
5_24,871.13,933.54,0.8496
5_24,635.47,650.56,0.1348
5_24,1033.54,1052.36,0.1348
5_24,728.45,744.72,0.1336
5_24,936.27,962.32,0.1334
5_24,615.47,633.88,0.1328
5_24,763.33,820.36,0.1328
5_24,820.63,900.5,0.118
5_24,763.35,820.38,0.0179
5_24,916.0,918.67,0.0082
5_24,761.13,764.0,0.0076
5_24,656.69,743.13,0.0076
5_24,713.78,716.43,0.0065
5_24,614.73,617.43,0.0062
5_24,704.26,707.0,0.0061
5_24,836.78,842.49,0.006
5_24,879.53,903.9,0.0055
5_24,974.19,996.46,0.0054
5_24,1069.02,1081.38,0.0052
5_24,1111.55,1114.6,0.005
5_24,1003.25,1041.5,0.0048
5_24,744.18,747.06,0.0044
5_24,820.76,830.66,0.0044
5_24,939.24,942.3,0.0036
5_24,961.05,972.02,0.0035
5_24,943.39,949.21,0.0032
5_24,772.48,784.57,0.0032
5_24,664.51,667.73,0.0031
5_24,899.41,905.52,0.003
5_24,1118.16,1124.39,0.0029
5_24,914.81,935.17,0.0028
5_24,714.81,726.87,0.0026
5_24,970.17,975.63,0.0026
5_24,765.6,768.15,0.0026
5_24,731.84,738.33,0.0025
5_24,889.22,899.12,0.0022
5_24,904.79,907.69,0.0021
5_24,1109.51,1112.19,0.002
5_24,848.11,850.98,0.002
5_24,932.33,935.15,0.0018
5_24,695.72,708.05,0.0017
5_24,1029.42,1035.38,0.0017
5_24,941.95,985.29,0.0016
5_24,972.49,975.14,0.0016
5_24,1017.78,1024.03,0.0015
5_24,1119.34,1121.64,0.0015
5_24,847.38,888.5,0.0015
5_24,1025.45,1059.95,0.0015
5_24,936.78,942.89,0.0014
5_24,800.74,803.71,0.0014
5_24,767.13,770.12,0.0013
5_24,793.65,796.72,0.0013
5_24,1071.55,1074.76,0.0013
5_24,1124.83,1136.81,0.0013
5_24,1139.73,1142.93,0.0013
5_24,896.4,898.94,0.0012
5_24,772.1,775.53,0.0012
5_24,1062.71,1106.52,0.0012
5_24,769.73,772.6,0.0011
5_24,804.56,823.01,0.0011
5_24,616.8,619.61,0.0011
5_24,919.01,962.78,0.0011
5_24,999.83,1005.45,0.0011
5_24,913.15,919.57,0.001
3_2,883.32,960.67,0.9988
3_2,641.11,675.02,0.9985
3_2,831.48,846.7,0.996
3_2,856.54,870.75,0.9955
3_2,737.33,753.24,0.9945
3_2,677.72,687.55,0.9912
3_2,760.7,773.22,0.9909
3_2,617.44,621.17,0.9903
3_2,691.27,703.13,0.9861
3_2,795.6,822.34,0.9851
3_2,874.14,880.58,0.9846
3_2,846.04,851.11,0.983
3_2,706.87,726.17,0.9828
3_2,728.86,734.95,0.9594
3_2,617.45,621.17,0.1349
3_2,831.47,846.7,0.1347
3_2,856.52,870.74,0.1344
3_2,795.57,822.32,0.134
3_2,737.33,753.24,0.1337
3_2,760.7,773.22,0.1333
3_2,874.14,880.57,0.1331
3_2,846.04,851.11,0.133
3_2,856.5,870.75,0.0179
3_2,831.47,846.71,0.0178
3_2,617.45,621.17,0.0177
3_2,850.85,857.66,0.0115
3_2,726.31,736.94,0.0102
3_2,902.11,925.83,0.0102
3_2,938.78,944.91,0.01
3_2,684.0,687.0,0.0095
3_2,924.78,935.56,0.0092
3_2,754.83,760.14,0.0092
3_2,652.85,677.35,0.0073
3_2,787.32,790.32,0.006
3_2,1154.41,1157.03,0.0058
3_2,590.04,635.14,0.0057
3_2,764.93,771.25,0.0055
3_2,712.76,724.73,0.0054
3_2,987.87,993.88,0.0054
3_2,839.73,845.52,0.0048
3_2,871.39,893.34,0.0046
3_2,806.98,818.83,0.0043
3_2,896.46,902.24,0.0042
3_2,774.87,795.26,0.0041
3_2,1080.82,1086.9,0.0041
3_2,820.16,831.13,0.0036
3_2,935.11,941.63,0.0036
3_2,893.5,896.4,0.0034
3_2,911.41,922.83,0.0034
3_2,964.5,1050.1,0.0033
3_2,870.09,880.86,0.003
3_2,951.54,957.8,0.0029
3_2,1027.32,1033.6,0.0027
3_2,847.04,850.32,0.0026
3_2,742.72,745.32,0.0026
3_2,773.51,779.35,0.0026
3_2,940.54,943.22,0.0025
3_2,984.63,994.86,0.0025
3_2,612.63,616.25,0.0025
3_2,1018.49,1029.57,0.0024
3_2,875.17,878.32,0.0023
3_2,667.95,670.7,0.0022
3_2,1134.43,1139.83,0.0022
3_2,674.96,677.4,0.0021
3_2,702.29,707.89,0.0021
3_2,971.08,973.74,0.002
3_2,838.61,841.48,0.0019
3_2,957.67,963.1,0.0019
3_2,776.01,781.84,0.0018
3_2,936.98,957.91,0.0018
3_2,1148.83,1151.85,0.0018
3_2,936.15,938.89,0.0017
3_2,995.75,1018.55,0.0016
3_2,1116.37,1128.0,0.0016
3_2,744.27,746.93,0.0016
3_2,749.07,754.63,0.0015
3_2,850.82,856.23,0.0014
3_2,803.35,806.37,0.0014
3_2,624.39,627.58,0.0013
3_2,870.64,873.3,0.0013
3_2,664.19,675.95,0.0013
3_2,967.82,978.78,0.0013
3_2,732.22,768.19,0.0012
3_2,1094.39,1107.18,0.0012
3_2,659.28,662.13,0.0012
3_2,1081.86,1084.47,0.0012
3_2,1056.43,1058.96,0.0012
3_2,695.99,698.19,0.0011
3_2,621.95,624.71,0.0011
3_2,973.74,976.16,0.0011
3_2,1128.59,1150.86,0.001
3_2,1052.97,1131.5,0.001
3_2,786.32,796.6,0.001
18_33,886.7,892.68,0.9986
18_33,809.5,817.48,0.9956
18_33,818.81,828.64,0.9941
18_33,769.66,809.2,0.9929
18_33,870.39,885.85,0.9905
18_33,633.78,714.63,0.988
18_33,831.48,837.67,0.9858
18_33,724.39,769.19,0.9808
18_33,715.23,722.3,0.9787
18_33,614.93,632.07,0.9567
18_33,830.94,924.22,0.9267
18_33,809.5,817.48,0.1346
18_33,633.71,714.71,0.1345
18_33,769.63,809.19,0.134
18_33,724.39,769.17,0.1312
18_33,831.48,837.67,0.13
18_33,870.39,885.88,0.1258
18_33,830.94,924.14,0.1174
18_33,1051.15,1060.92,0.0135
18_33,954.3,974.88,0.0102
18_33,1155.34,1158.17,0.0099
18_33,893.03,895.88,0.0094
18_33,794.9,797.75,0.0082
18_33,710.61,716.41,0.0078
18_33,1009.4,1011.84,0.0061
18_33,1114.5,1120.69,0.0059
18_33,909.07,921.01,0.0051
18_33,1046.64,1085.39,0.0047
18_33,977.03,989.32,0.0041
18_33,1123.56,1128.97,0.004
18_33,701.74,714.74,0.0035
18_33,931.46,937.41,0.0032
18_33,901.08,903.85,0.0032
18_33,1033.13,1036.33,0.0031
18_33,1146.93,1152.77,0.0029
18_33,614.64,623.72,0.0027
18_33,754.29,760.15,0.0026
18_33,839.92,845.36,0.0026
18_33,856.65,862.61,0.0026
18_33,888.46,891.63,0.0025
18_33,1038.07,1044.08,0.0021
18_33,769.32,793.15,0.0019
18_33,1129.07,1139.89,0.0019
18_33,1067.49,1079.08,0.0018
18_33,1118.04,1123.8,0.0017
18_33,974.55,977.38,0.0016
18_33,964.58,970.42,0.0016
18_33,936.94,939.56,0.0015
18_33,1007.63,1019.38,0.0015
18_33,654.0,659.81,0.0015
18_33,1108.51,1111.41,0.0015
18_33,660.46,663.4,0.0014
18_33,877.38,880.45,0.0014
18_33,1134.04,1225.52,0.0013
18_33,738.16,741.18,0.0013
18_33,972.56,975.02,0.0012
18_33,726.14,728.96,0.0012
18_33,738.68,763.09,0.0012
18_33,1153.35,1159.11,0.0012
18_33,863.51,910.71,0.0012
18_33,1016.88,1027.18,0.001
18_33,810.94,813.69,0.001
22_41,837.97,847.66,0.9986
22_41,847.9,872.25,0.9978
22_41,771.48,778.28,0.9971
22_41,784.05,787.45,0.9966
22_41,799.49,806.3,0.9964
22_41,630.43,679.08,0.9963
22_41,626.44,628.8,0.9913
22_41,767.03,771.74,0.9865
22_41,810.49,827.23,0.9859
22_41,690.07,701.57,0.9852
22_41,708.15,745.49,0.9819
22_41,679.33,689.27,0.9817
22_41,877.25,883.0,0.9795
22_41,872.8,875.68,0.9675
22_41,786.67,790.85,0.9619
22_41,847.94,872.25,0.1332
22_41,771.48,778.28,0.1332
22_41,630.42,678.99,0.1324
22_41,799.49,806.29,0.1324
22_41,784.04,787.45,0.1316
22_41,786.66,790.85,0.127
22_41,777.8,784.02,0.0165
22_41,762.21,767.68,0.016
22_41,813.54,818.94,0.013
22_41,790.35,795.2,0.0121
22_41,743.85,749.76,0.011
22_41,700.3,703.54,0.0108
22_41,1009.61,1054.86,0.0079
22_41,859.93,862.61,0.0062
22_41,1031.92,1037.46,0.0055
22_41,678.36,688.47,0.0051
22_41,793.36,807.44,0.0045
22_41,979.35,985.08,0.0042
22_41,772.37,775.46,0.0041
22_41,880.34,927.86,0.0039
22_41,806.76,809.26,0.0038
22_41,1090.07,1093.48,0.0038
22_41,950.09,952.74,0.0035
22_41,768.29,791.04,0.0033
22_41,626.18,628.7,0.0033
22_41,1014.1,1025.93,0.0032
22_41,654.16,675.81,0.0031
22_41,856.63,859.61,0.0029
22_41,688.5,710.12,0.0026
22_41,783.44,787.89,0.0025
22_41,849.03,852.23,0.0023
22_41,1081.94,1084.54,0.0023
22_41,778.9,784.22,0.0023
22_41,829.71,850.23,0.0022
22_41,983.14,985.88,0.0021
22_41,767.3,772.09,0.002
22_41,679.89,755.07,0.002
22_41,827.09,829.44,0.002
22_41,884.03,894.83,0.0019
22_41,617.2,619.92,0.0019
22_41,756.84,762.68,0.0018
22_41,674.75,679.6,0.0018
22_41,926.59,929.58,0.0017
22_41,693.35,696.47,0.0016
22_41,987.94,994.18,0.0016
22_41,912.25,918.25,0.0016
22_41,851.74,856.9,0.0015
22_41,806.49,812.54,0.0015
22_41,967.17,969.87,0.0015
22_41,927.79,948.82,0.0015
22_41,663.08,665.97,0.0015
22_41,642.28,645.21,0.0014
22_41,1085.29,1090.74,0.0013
22_41,863.03,865.91,0.0013
22_41,1091.35,1097.25,0.0013
22_41,922.1,934.41,0.0013
22_41,1054.53,1057.7,0.0013
22_41,827.95,833.46,0.0012
22_41,840.46,843.89,0.0012
22_41,1120.99,1123.41,0.0012
22_41,874.48,884.41,0.0012
22_41,614.11,624.88,0.0011
22_41,799.64,805.48,0.0011
22_41,1043.85,1088.05,0.0011
22_41,937.53,939.9,0.0011
22_41,825.39,827.79,0.0011
4_43,691.17,694.8,0.9994
4_43,793.51,796.83,0.9991
4_43,762.18,791.35,0.999
4_43,1018.59,1026.42,0.9959
4_43,829.59,961.91,0.9957
4_43,637.9,649.08,0.9953
4_43,806.4,812.8,0.9949
4_43,654.11,676.52,0.9942
4_43,1028.5,1045.33,0.9913
4_43,679.68,686.96,0.9903
4_43,706.97,714.2,0.9892
4_43,722.49,728.76,0.9886
4_43,625.89,630.52,0.9861
4_43,822.45,824.47,0.9812
4_43,977.86,982.53,0.9744
4_43,972.11,1005.54,0.9158
4_43,637.89,649.08,0.1348
4_43,793.51,796.83,0.1344
4_43,829.65,961.86,0.1334
4_43,679.67,686.97,0.1334
4_43,691.16,694.8,0.1329
4_43,806.4,812.8,0.1316
4_43,793.51,796.83,0.0181
4_43,691.16,694.8,0.0179
4_43,806.39,812.8,0.0178
4_43,679.68,686.97,0.0178
4_43,957.71,960.42,0.0178
4_43,1072.32,1092.93,0.0147
4_43,794.24,806.29,0.0127
4_43,767.1,773.43,0.0123
4_43,910.11,915.72,0.0122
4_43,616.97,636.9,0.0104
4_43,861.8,911.64,0.0099
4_43,1102.19,1107.91,0.0073
4_43,933.22,944.43,0.0071
4_43,1037.29,1040.63,0.0071
4_43,732.94,742.94,0.0054
4_43,775.57,787.2,0.0053
4_43,799.36,805.21,0.005
4_43,1079.69,1122.81,0.0049
4_43,1139.72,1222.78,0.0048
4_43,1004.26,1045.8,0.0045
4_43,797.03,799.85,0.0043
4_43,621.45,626.42,0.0041
4_43,948.27,972.57,0.004
4_43,781.57,784.28,0.0039
4_43,686.75,696.23,0.0038
4_43,873.05,878.05,0.0037
4_43,996.64,999.14,0.0036
4_43,719.18,739.82,0.0035
4_43,1124.16,1130.23,0.0029
4_43,778.93,781.87,0.0029
4_43,1007.45,1019.54,0.0025
4_43,889.68,901.81,0.0024
4_43,788.76,808.54,0.0021
4_43,702.28,707.7,0.0021
4_43,1003.12,1008.41,0.002
4_43,856.64,867.39,0.002
4_43,847.69,858.96,0.0019
4_43,661.53,664.39,0.0018
4_43,996.62,1002.26,0.0017
4_43,719.82,731.02,0.0017
4_43,686.06,690.95,0.0017
4_43,743.8,746.56,0.0016
4_43,812.72,821.94,0.0016
4_43,844.17,846.56,0.0015
4_43,1119.47,1141.08,0.0015
4_43,1062.33,1068.67,0.0014
4_43,1078.34,1088.86,0.0014
4_43,1019.95,1025.59,0.0013
4_43,655.24,661.14,0.0013
4_43,755.93,767.18,0.0012
4_43,974.22,984.48,0.0012
4_43,800.08,805.99,0.0012
4_43,1106.06,1128.91,0.0012
4_43,1066.85,1073.2,0.0012
4_43,841.29,852.14,0.0012
4_43,674.19,691.58,0.0011
4_43,1007.36,1010.03,0.0011
4_43,911.13,913.83,0.0011
4_43,1151.11,1154.0,0.001
29_45,1094.44,1167.64,0.9992
29_45,934.04,955.89,0.998
29_45,621.04,661.33,0.9964
29_45,1167.91,1177.43,0.9933
29_45,981.62,1028.9,0.9927
29_45,1059.3,1094.54,0.9919
29_45,1031.4,1049.03,0.9919
29_45,856.71,930.09,0.9875
29_45,961.19,972.83,0.9833
29_45,780.59,853.25,0.9819
29_45,661.83,776.91,0.9813
29_45,934.03,955.88,0.1353
29_45,1167.91,1177.42,0.1337
29_45,961.21,972.81,0.1315
29_45,856.85,929.99,0.1279
29_45,921.61,931.5,0.0162
29_45,1149.19,1152.64,0.0079
29_45,997.48,1017.37,0.0078
29_45,711.02,775.99,0.0063
29_45,943.86,984.82,0.0061
29_45,794.26,847.02,0.0055
29_45,857.55,905.41,0.0052
29_45,912.29,922.94,0.0051
29_45,931.49,933.91,0.0047
29_45,1149.18,1162.02,0.0042
29_45,1048.35,1059.04,0.004
29_45,1140.17,1146.88,0.0038
29_45,1097.65,1100.66,0.0031
29_45,828.97,851.57,0.0031
29_45,660.73,663.85,0.0029
29_45,1099.93,1110.71,0.0028
29_45,625.74,663.18,0.0027
29_45,1119.79,1164.77,0.0026
29_45,614.39,617.5,0.0021
29_45,736.69,779.09,0.0021
29_45,1157.76,1167.45,0.0021
29_45,1013.33,1019.42,0.002
29_45,714.66,726.46,0.0019
29_45,990.44,1002.1,0.0019
29_45,1168.75,1208.12,0.0019
29_45,982.84,985.36,0.0018
29_45,1098.42,1119.86,0.0016
29_45,655.15,660.89,0.0014
29_45,987.89,993.82,0.0014
29_45,1034.14,1048.14,0.0013
29_45,696.87,711.29,0.0013
29_45,924.18,930.25,0.0012
29_45,1002.87,1008.77,0.0012
29_45,819.14,825.74,0.001
29_45,777.36,795.27,0.001
1_7,641.21,658.3,0.9993
1_7,618.15,639.1,0.9985
1_7,663.77,686.55,0.9976
1_7,734.44,777.19,0.9975
1_7,917.57,927.6,0.997
1_7,806.05,839.13,0.9965
1_7,840.91,871.6,0.9934
1_7,719.61,734.23,0.9906
1_7,881.19,916.92,0.9893
1_7,781.45,799.74,0.9782
1_7,927.95,930.56,0.9687
1_7,686.92,713.33,0.9575
1_7,734.4,777.18,0.1354
1_7,618.18,639.1,0.1352
1_7,806.02,839.16,0.135
1_7,881.17,916.91,0.1341
1_7,840.9,871.59,0.134
1_7,917.56,927.6,0.1327
1_7,719.62,734.22,0.1323
1_7,927.96,930.56,0.1285
1_7,840.94,871.6,0.0182
1_7,719.6,734.24,0.0179
1_7,776.27,807.44,0.0109
1_7,644.58,656.48,0.0108
1_7,999.32,1081.41,0.0084
1_7,820.28,827.06,0.0081
1_7,1114.8,1120.86,0.0077
1_7,788.36,794.1,0.0057
1_7,869.92,880.8,0.0056
1_7,643.19,725.75,0.0053
1_7,672.36,684.03,0.0049
1_7,843.08,848.28,0.0045
1_7,1066.17,1073.31,0.004
1_7,923.97,965.76,0.004
1_7,734.97,758.31,0.0038
1_7,639.19,641.51,0.0036
1_7,1109.02,1111.71,0.0033
1_7,655.39,661.18,0.0028
1_7,728.62,796.68,0.0027
1_7,893.01,915.66,0.0026
1_7,1132.77,1154.21,0.0024
1_7,764.27,775.76,0.0022
1_7,779.79,791.03,0.0022
1_7,1041.52,1047.46,0.0021
1_7,1097.18,1138.37,0.002
1_7,638.12,640.94,0.002
1_7,1150.34,1152.79,0.002
1_7,1079.91,1092.09,0.0019
1_7,1050.67,1056.93,0.0018
1_7,685.56,729.07,0.0018
1_7,773.78,783.57,0.0017
1_7,656.43,691.6,0.0016
1_7,916.19,918.63,0.0016
1_7,1007.56,1018.6,0.0016
1_7,951.03,954.08,0.0016
1_7,926.61,938.69,0.0016
1_7,787.38,799.66,0.0016
1_7,921.86,927.56,0.0015
1_7,651.93,657.6,0.0015
1_7,671.25,677.17,0.0015
1_7,880.66,904.27,0.0014
1_7,1107.86,1119.67,0.0013
1_7,636.08,638.59,0.0013
1_7,954.26,959.03,0.0013
1_7,876.93,882.97,0.0013
1_7,1069.85,1076.34,0.0012
1_7,948.22,1031.6,0.0012
1_7,734.4,746.28,0.0012
1_7,757.35,763.51,0.0012
1_7,861.41,864.33,0.0012
1_7,834.25,840.36,0.0012
1_7,1136.75,1139.63,0.0011
1_7,821.11,827.37,0.001
4_2,1010.17,1023.4,0.9994
4_2,995.4,998.09,0.9988
4_2,653.79,662.49,0.9984
4_2,1002.56,1005.25,0.997
4_2,757.21,762.59,0.9954
4_2,791.07,925.89,0.9953
4_2,928.31,994.02,0.9938
4_2,703.47,727.7,0.9935
4_2,737.07,749.13,0.9921
4_2,787.66,790.35,0.9921
4_2,679.76,692.75,0.9905
4_2,965.17,968.41,0.9857
4_2,625.6,638.12,0.9828
4_2,775.57,782.11,0.9745
4_2,765.81,767.96,0.9709
4_2,1010.18,1023.41,0.1358
4_2,653.8,662.5,0.1357
4_2,1002.56,1005.24,0.1353
4_2,791.27,925.95,0.1352
4_2,787.66,790.35,0.1342
4_2,737.08,749.14,0.1341
4_2,965.17,968.41,0.1332
4_2,679.77,692.74,0.1332
4_2,928.31,993.99,0.1322
4_2,757.22,762.59,0.1321
4_2,1024.4,1047.28,0.0245
4_2,1010.17,1023.41,0.0184
4_2,1004.85,1007.11,0.0122
4_2,1010.41,1013.23,0.0104
4_2,748.53,757.52,0.0099
4_2,973.13,1010.69,0.0097
4_2,673.05,758.56,0.0074
4_2,1077.19,1088.93,0.0072
4_2,880.1,886.11,0.0061
4_2,726.18,738.1,0.0061
4_2,901.8,907.65,0.0053
4_2,1097.27,1108.13,0.0052
4_2,1024.46,1072.47,0.0049
4_2,926.3,931.56,0.0048
4_2,1089.21,1092.06,0.0046
4_2,614.29,616.87,0.0044
4_2,586.63,637.16,0.0042
4_2,748.39,753.49,0.004
4_2,907.1,912.74,0.0036
4_2,792.97,796.23,0.0035
4_2,1055.76,1076.96,0.0033
4_2,967.3,978.41,0.0032
4_2,640.14,652.98,0.0031
4_2,1018.9,1021.81,0.003
4_2,806.65,812.74,0.003
4_2,758.5,761.64,0.0027
4_2,833.27,854.67,0.0026
4_2,769.36,774.85,0.0024
4_2,920.56,931.18,0.0023
4_2,1098.47,1104.88,0.0022
4_2,1001.68,1007.57,0.0022
4_2,670.5,681.42,0.0021
4_2,897.79,900.81,0.002
4_2,762.18,765.19,0.0019
4_2,1107.75,1110.79,0.0019
4_2,1134.48,1137.48,0.0019
4_2,692.41,698.34,0.0018
4_2,949.06,990.09,0.0018
4_2,1112.06,1114.92,0.0017
4_2,1124.42,1130.04,0.0017
4_2,1095.46,1138.82,0.0016
4_2,1015.43,1021.86,0.0016
4_2,783.96,795.07,0.0014
4_2,1085.09,1087.81,0.0014
4_2,816.01,818.97,0.0014
4_2,751.36,763.91,0.0014
4_2,895.96,898.89,0.0013
4_2,1130.89,1143.34,0.0013
4_2,859.76,865.63,0.0013
4_2,853.51,859.53,0.0012
4_2,948.26,951.53,0.0011
4_2,1051.85,1057.7,0.0011
4_2,1062.96,1074.77,0.0011
4_2,930.46,936.44,0.0011
4_2,1011.31,1017.74,0.001
4_2,921.19,924.22,0.001
4_2,1114.25,1119.43,0.001
15_41,1006.12,1028.82,0.9996
15_41,872.82,881.24,0.9994
15_41,1074.13,1083.09,0.9993
15_41,901.03,903.08,0.9974
15_41,765.39,781.9,0.9946
15_41,717.64,761.22,0.9945
15_41,1029.41,1072.28,0.9929
15_41,1176.1,1180.27,0.9928
15_41,1085.7,1105.07,0.9876
15_41,985.05,1003.95,0.9858
15_41,788.04,832.22,0.9842
15_41,1183.29,1193.89,0.9757
15_41,1107.95,1175.88,0.9751
15_41,904.88,932.9,0.974
15_41,615.3,698.94,0.9562
15_41,935.72,979.83,0.9419
15_41,885.07,900.08,0.9349
15_41,782.51,850.73,0.4181
15_41,901.03,903.08,0.1355
15_41,717.68,761.16,0.1351
15_41,1074.13,1083.08,0.1348
15_41,1176.1,1180.27,0.1342
15_41,765.38,781.89,0.1326
15_41,1006.1,1028.85,0.1319
15_41,904.87,932.92,0.1318
15_41,615.21,698.87,0.1297
15_41,615.38,634.31,0.0263
15_41,1179.99,1182.64,0.0195
15_41,1176.1,1180.27,0.0181
15_41,904.89,932.94,0.0179
15_41,758.54,761.34,0.01
15_41,903.76,909.55,0.0079
15_41,1069.43,1083.91,0.0058
15_41,1029.85,1040.02,0.0054
15_41,938.68,964.01,0.0051
15_41,887.24,909.17,0.005
15_41,1181.9,1192.76,0.005
15_41,619.14,641.83,0.0048
15_41,634.76,637.72,0.0044
15_41,927.09,933.01,0.0042
15_41,1179.34,1184.37,0.004
15_41,969.55,980.75,0.0039
15_41,983.35,1001.3,0.0039
15_41,784.93,787.25,0.0038
15_41,878.67,881.23,0.0038
15_41,853.03,855.49,0.0036
15_41,760.27,762.83,0.0035
15_41,869.82,885.72,0.0033
15_41,863.65,937.93,0.0028
15_41,1055.0,1058.03,0.0026
15_41,633.85,636.64,0.0024
15_41,811.65,834.15,0.0024
15_41,935.87,946.03,0.0024
15_41,947.54,970.76,0.0023
15_41,782.57,787.55,0.0022
15_41,712.51,776.09,0.0022
15_41,1048.33,1069.75,0.002
15_41,903.06,905.86,0.0018
15_41,906.66,909.76,0.0017
15_41,715.97,726.7,0.0017
15_41,1183.94,1194.39,0.0017
15_41,880.87,883.42,0.0017
15_41,946.37,952.23,0.0016
15_41,1084.26,1104.06,0.0016
15_41,928.63,931.41,0.0016
15_41,637.04,639.72,0.0016
15_41,766.05,771.71,0.0016
15_41,948.67,1034.46,0.0016
15_41,1108.17,1111.31,0.0016
15_41,836.59,858.12,0.0015
15_41,702.13,722.78,0.0014
15_41,614.71,667.07,0.0014
15_41,907.48,914.54,0.0014
15_41,1064.11,1073.49,0.0014
15_41,880.28,897.57,0.0014
15_41,926.94,936.82,0.0013
15_41,784.08,790.07,0.0013
15_41,983.3,985.86,0.0013
15_41,1180.92,1228.8,0.0012
15_41,1029.76,1042.91,0.0012
15_41,1180.45,1183.01,0.0011
15_41,633.06,638.74,0.0011
15_41,716.63,719.0,0.0011
15_41,680.44,699.71,0.0011
15_41,931.13,934.19,0.0011
26_24,754.4,777.92,0.9975
26_24,1111.46,1128.02,0.9969
26_24,821.16,841.09,0.9955
26_24,686.75,710.6,0.994
26_24,979.37,1018.48,0.9939
26_24,616.47,685.49,0.9931
26_24,1128.08,1132.39,0.9914
26_24,711.93,749.88,0.99
26_24,781.02,813.79,0.9894
26_24,872.72,904.25,0.9887
26_24,1137.28,1205.08,0.9863
26_24,941.46,978.94,0.9748
26_24,841.27,868.78,0.9738
26_24,906.23,940.65,0.9721
26_24,1206.38,1228.8,0.9659
26_24,1103.62,1111.41,0.9643
26_24,1020.94,1100.68,0.9557
26_24,940.27,941.33,0.9404
26_24,754.43,777.95,0.136
26_24,1137.23,1205.26,0.135
26_24,711.99,749.86,0.1349
26_24,781.04,813.77,0.1331
26_24,1128.08,1132.39,0.1329
26_24,941.49,978.87,0.1328
26_24,1206.39,1228.8,0.129
26_24,841.25,868.8,0.1281
26_24,1111.46,1128.04,0.1266
26_24,1081.86,1084.65,0.0259
26_24,781.02,813.77,0.0176
26_24,1111.44,1128.04,0.0171
26_24,1178.78,1201.89,0.0091
26_24,1138.37,1158.26,0.0085
26_24,957.86,979.12,0.008
26_24,1067.15,1078.64,0.0076
26_24,699.83,711.02,0.0075
26_24,616.58,638.7,0.0064
26_24,821.01,834.43,0.0058
26_24,723.24,729.99,0.0055
26_24,978.04,981.24,0.0046
26_24,1129.05,1139.52,0.0038
26_24,704.4,710.26,0.0038
26_24,1030.65,1033.48,0.0037
26_24,821.08,827.76,0.0035
26_24,630.75,636.59,0.0033
26_24,995.73,1017.72,0.0031
26_24,687.61,694.62,0.0026
26_24,908.6,915.04,0.0024
26_24,853.92,866.2,0.0022
26_24,1103.06,1112.33,0.0021
26_24,985.41,991.82,0.0021
26_24,827.43,840.2,0.0021
26_24,624.28,645.65,0.0021
26_24,942.56,945.54,0.0018
26_24,1028.51,1071.18,0.0018
26_24,841.54,847.65,0.0016
26_24,643.44,684.75,0.0016
26_24,1064.04,1066.49,0.0016
26_24,722.4,733.99,0.0015
26_24,781.51,787.97,0.0014
26_24,974.11,1015.52,0.0014
26_24,1022.93,1029.27,0.0013
26_24,1155.86,1201.3,0.0012
26_24,800.58,812.33,0.0012
26_24,880.2,902.61,0.0012
26_24,1145.54,1148.71,0.0011
26_24,1082.17,1101.4,0.0011
26_24,1075.69,1081.27,0.0011
26_24,929.62,939.22,0.0011
26_24,696.85,768.17,0.001
27_18,850.91,892.74,0.9996
27_18,701.88,717.66,0.9993
27_18,902.33,954.59,0.999
27_18,746.17,827.71,0.9979
27_18,632.82,699.89,0.9978
27_18,1069.82,1085.53,0.9976
27_18,729.95,740.79,0.9898
27_18,987.96,1019.85,0.9885
27_18,1036.02,1066.77,0.9823
27_18,830.29,848.42,0.9815
27_18,957.12,966.17,0.9703
27_18,701.86,717.67,0.1356
27_18,1069.83,1085.53,0.135
27_18,902.28,954.61,0.1349
27_18,987.95,1019.88,0.1345
27_18,1071.11,1076.82,0.0205
27_18,701.87,717.66,0.0183
27_18,1069.82,1085.54,0.0138
27_18,1088.08,1094.23,0.0129
27_18,1145.76,1158.19,0.0128
27_18,955.95,989.47,0.0105
27_18,857.88,860.47,0.0099
27_18,717.9,728.96,0.0081
27_18,971.48,974.27,0.008
27_18,965.41,971.74,0.0072
27_18,736.35,738.81,0.0062
27_18,955.67,1028.35,0.005
27_18,693.7,696.32,0.0049
27_18,853.82,959.81,0.0041
27_18,725.73,728.36,0.004
27_18,639.12,641.77,0.004
27_18,1022.87,1043.07,0.0037
27_18,689.92,701.26,0.0037
27_18,722.78,725.7,0.0034
27_18,827.82,846.98,0.0034
27_18,739.48,742.1,0.0033
27_18,802.89,805.66,0.0031
27_18,757.07,759.65,0.0026
27_18,628.5,631.07,0.0026
27_18,1057.08,1067.27,0.0025
27_18,634.39,646.1,0.0021
27_18,859.77,861.83,0.0021
27_18,1119.1,1122.16,0.0021
27_18,773.12,784.06,0.0019
27_18,704.12,710.68,0.0019
27_18,963.82,982.22,0.0018
27_18,898.27,933.55,0.0018
27_18,1084.23,1089.41,0.0017
27_18,879.22,885.02,0.0017
27_18,889.95,895.5,0.0017
27_18,764.48,806.75,0.0016
27_18,1027.98,1030.54,0.0016
27_18,662.77,685.29,0.0015
27_18,742.28,748.65,0.0015
27_18,1071.66,1074.56,0.0014
27_18,871.97,877.43,0.0014
27_18,979.96,982.69,0.0014
27_18,867.27,873.39,0.0013
27_18,622.06,628.27,0.0013
27_18,1088.45,1100.36,0.0012
27_18,1031.87,1034.41,0.0012
27_18,1132.12,1137.99,0.0012
27_18,1124.4,1127.25,0.0012
27_18,745.18,752.13,0.0011
27_18,1158.11,1160.89,0.0011
27_18,683.36,694.98,0.0011
27_18,806.54,809.47,0.0011
27_18,764.21,775.93,0.0011
27_18,1059.28,1062.35,0.0011
27_18,728.27,730.81,0.001
20_26,798.6,855.93,0.9992
20_26,857.32,865.54,0.999
20_26,756.64,794.91,0.9986
20_26,1108.09,1147.73,0.9974
20_26,873.8,1041.05,0.9962
20_26,701.49,718.13,0.9951
20_26,1176.4,1192.34,0.995
20_26,655.92,698.83,0.992
20_26,616.69,654.71,0.992
20_26,1157.36,1174.66,0.9899
20_26,1148.78,1156.89,0.9859
20_26,1041.1,1078.36,0.9855
20_26,1081.3,1086.5,0.9838
20_26,718.77,734.3,0.9761
20_26,734.46,750.1,0.972
20_26,1098.84,1107.41,0.9495
20_26,995.85,1039.82,0.8503
20_26,655.87,698.77,0.1354
20_26,1176.39,1192.34,0.1352
20_26,701.49,718.12,0.1344
20_26,616.7,654.71,0.1332
20_26,1148.79,1156.88,0.1321
20_26,798.6,855.95,0.1308
20_26,1176.39,1192.32,0.0179
20_26,798.61,855.9,0.0173
20_26,796.31,799.34,0.0123
20_26,1107.41,1116.96,0.0095
20_26,871.79,896.5,0.0077
20_26,700.35,702.73,0.006
20_26,868.94,971.42,0.0047
20_26,995.37,1087.11,0.0043
20_26,798.2,810.41,0.0035
20_26,857.57,868.4,0.003
20_26,653.52,656.18,0.003
20_26,1156.8,1168.93,0.0028
20_26,1119.55,1133.33,0.0028
20_26,927.26,983.53,0.0028
20_26,850.83,856.24,0.0027
20_26,1028.86,1040.3,0.0027
20_26,618.15,632.12,0.0026
20_26,996.35,1002.9,0.0025
20_26,1078.84,1088.37,0.0024
20_26,700.32,715.85,0.0023
20_26,734.53,755.44,0.0022
20_26,654.52,665.07,0.0022
20_26,721.21,733.5,0.0021
20_26,984.21,995.7,0.002
20_26,646.74,652.29,0.0018
20_26,686.65,699.65,0.0018
20_26,998.88,1041.33,0.0018
20_26,871.79,877.96,0.0017
20_26,791.38,793.79,0.0017
20_26,1198.39,1228.8,0.0016
20_26,863.96,866.37,0.0015
20_26,1094.87,1097.5,0.0015
20_26,752.95,793.52,0.0015
20_26,1180.22,1183.36,0.0013
20_26,655.73,658.51,0.0013
20_26,930.09,932.39,0.0013
20_26,616.86,640.66,0.0013
20_26,1111.7,1149.82,0.0012
20_26,1082.81,1085.78,0.0012
20_26,1157.77,1161.31,0.0012
20_26,1041.72,1083.98,0.0012
20_26,745.12,750.12,0.0012
20_26,1194.24,1204.57,0.0011
20_26,720.05,726.22,0.0011
13_12,870.89,881.42,0.9984
13_12,861.54,867.87,0.9983
13_12,753.76,824.0,0.9941
13_12,629.78,668.91,0.991
13_12,739.48,747.54,0.9896
13_12,885.05,888.96,0.9885
13_12,833.0,835.92,0.9824
13_12,674.37,692.15,0.9657
13_12,861.54,867.86,0.1344
13_12,739.48,747.54,0.1342
13_12,870.89,881.42,0.1339
13_12,885.05,888.96,0.1334
13_12,833.0,835.92,0.1326
13_12,861.54,867.87,0.0182
13_12,739.48,747.54,0.018
13_12,885.04,888.96,0.018
13_12,833.0,835.92,0.0178
13_12,1017.82,1024.02,0.0111
13_12,809.77,812.71,0.0083
13_12,634.54,645.3,0.0066
13_12,949.71,951.97,0.0064
13_12,880.62,885.6,0.006
13_12,837.77,843.49,0.0048
13_12,965.45,1047.74,0.0044
13_12,765.29,786.5,0.0039
13_12,827.58,832.96,0.0038
13_12,698.04,736.43,0.0035
13_12,855.97,861.63,0.0035
13_12,985.76,991.66,0.0035
13_12,966.22,989.0,0.0032
13_12,873.51,879.78,0.0028
13_12,920.11,931.26,0.0026
13_12,1129.19,1150.94,0.0023
13_12,749.62,752.28,0.0021
13_12,779.95,790.84,0.0021
13_12,645.84,667.49,0.002
13_12,1031.08,1036.39,0.002
13_12,1119.14,1124.95,0.0019
13_12,939.17,944.52,0.0019
13_12,694.93,700.02,0.0018
13_12,764.45,769.98,0.0018
13_12,1079.99,1085.13,0.0018
13_12,777.75,824.31,0.0017
13_12,744.11,747.01,0.0017
13_12,955.29,958.32,0.0017
13_12,953.67,973.77,0.0016
13_12,602.14,622.85,0.0016
13_12,1071.7,1074.5,0.0016
13_12,826.39,828.86,0.0015
13_12,1064.81,1071.02,0.0015
13_12,729.17,732.33,0.0015
13_12,945.32,950.82,0.0015
13_12,821.26,841.4,0.0014
13_12,1073.67,1076.76,0.0014
13_12,1050.62,1062.2,0.0014
13_12,896.14,899.08,0.0014
13_12,961.94,964.56,0.0012
13_12,1105.7,1108.63,0.0012
13_12,862.8,946.91,0.0012
13_12,754.2,760.27,0.0011
13_12,714.74,727.38,0.0011
13_12,797.31,800.63,0.001
13_12,990.75,995.27,0.001
13_12,1013.54,1019.33,0.001
13_12,1109.43,1115.77,0.001
13_12,740.88,743.85,0.001
13_12,832.26,850.66,0.001
20_25,1124.67,1130.69,0.9977
20_25,1038.43,1070.35,0.997
20_25,1087.97,1107.15,0.9969
20_25,1074.06,1079.57,0.9967
20_25,620.62,667.76,0.9962
20_25,743.38,852.94,0.9949
20_25,853.98,863.02,0.9939
20_25,669.2,684.44,0.9937
20_25,1107.19,1122.79,0.9937
20_25,1032.47,1037.65,0.9934
20_25,1145.52,1164.71,0.9888
20_25,962.85,968.14,0.9845
20_25,685.94,742.47,0.9826
20_25,1131.75,1139.2,0.9792
20_25,902.46,959.68,0.9751
20_25,867.59,881.83,0.9675
20_25,972.19,1030.72,0.96
20_25,883.17,898.11,0.9566
20_25,1124.67,1130.69,0.1354
20_25,620.61,667.81,0.1347
20_25,1074.05,1079.57,0.1347
20_25,1032.48,1037.65,0.1346
20_25,669.2,684.44,0.1341
20_25,853.97,863.02,0.1337
20_25,1038.43,1070.36,0.1335
20_25,1131.75,1139.19,0.1328
20_25,902.39,959.71,0.1315
20_25,972.25,1030.76,0.1307
20_25,1107.19,1122.78,0.1301
20_25,883.16,898.11,0.1292
20_25,685.37,690.47,0.0198
20_25,669.2,684.41,0.0183
20_25,1038.42,1070.4,0.0181
20_25,902.43,959.65,0.0174
20_25,972.15,1030.75,0.0171
20_25,828.69,852.3,0.0171
20_25,899.44,905.26,0.0162
20_25,685.13,711.64,0.0122
20_25,1138.85,1143.69,0.0119
20_25,852.38,871.58,0.009
20_25,717.94,740.44,0.0064
20_25,867.53,888.38,0.0062
20_25,1155.84,1164.66,0.0061
20_25,919.6,925.75,0.0052
20_25,1080.24,1087.02,0.0052
20_25,1100.99,1103.87,0.0051
20_25,970.3,993.04,0.0047
20_25,1050.62,1056.75,0.0037
20_25,746.1,805.24,0.0031
20_25,622.77,691.52,0.003
20_25,900.72,911.89,0.0029
20_25,817.56,853.96,0.0028
20_25,1098.96,1105.19,0.0025
20_25,684.82,695.14,0.0021
20_25,1201.82,1208.26,0.0021
20_25,1130.54,1143.57,0.0019
20_25,619.16,624.48,0.0017
20_25,788.91,816.38,0.0017
20_25,1168.98,1195.15,0.0017
20_25,1123.92,1131.51,0.0016
20_25,1152.97,1158.89,0.0016
20_25,1079.59,1082.38,0.0016
20_25,680.7,744.12,0.0016
20_25,865.54,883.08,0.0015
20_25,949.71,961.11,0.0015
20_25,1138.49,1143.3,0.0014
20_25,907.38,909.93,0.0012
20_25,1089.27,1107.95,0.0012
20_25,864.55,866.88,0.0011
20_25,681.75,684.6,0.001
20_25,934.38,959.73,0.001
20_25,895.47,900.33,0.001
20_25,614.68,617.35,0.001
25_2,969.6,970.94,0.9998
25_2,917.41,919.79,0.9986
25_2,1036.95,1095.9,0.9984
25_2,643.56,664.87,0.9971
25_2,924.69,969.38,0.9968
25_2,990.31,1009.74,0.9955
25_2,875.21,876.85,0.9953
25_2,786.79,797.81,0.9921
25_2,1016.22,1028.54,0.9918
25_2,672.11,703.4,0.9917
25_2,1184.3,1206.78,0.9897
25_2,1031.47,1034.1,0.9847
25_2,1096.55,1132.02,0.9802
25_2,1131.72,1183.46,0.9787
25_2,821.75,874.91,0.9772
25_2,775.13,782.91,0.9703
25_2,814.02,819.85,0.9656
25_2,738.35,740.9,0.9594
25_2,877.99,914.75,0.9205
25_2,917.41,919.79,0.1362
25_2,1016.23,1028.53,0.1349
25_2,1036.91,1095.97,0.1349
25_2,875.21,876.85,0.1344
25_2,786.79,797.8,0.1341
25_2,1131.81,1183.39,0.1338
25_2,1031.47,1034.1,0.1334
25_2,990.31,1009.74,0.133
25_2,1096.55,1132.07,0.1313
25_2,672.09,703.38,0.1309
25_2,821.86,874.93,0.1303
25_2,643.58,664.88,0.1286
25_2,636.01,642.32,0.0261
25_2,1036.98,1095.88,0.0178
25_2,672.1,703.42,0.0176
25_2,797.32,799.5,0.0133
25_2,1058.18,1061.29,0.0116
25_2,1206.17,1208.72,0.0096
25_2,1044.07,1048.94,0.0069
25_2,630.52,642.22,0.0068
25_2,1093.98,1107.63,0.0065
25_2,902.67,905.46,0.0063
25_2,1132.56,1146.65,0.0057
25_2,913.84,916.69,0.0057
25_2,1184.07,1187.2,0.0056
25_2,1190.52,1193.52,0.0054
25_2,1082.91,1085.66,0.0041
25_2,906.34,918.04,0.004
25_2,938.22,963.48,0.0037
25_2,1168.4,1174.2,0.0036
25_2,702.71,707.21,0.0035
25_2,791.75,797.39,0.0033
25_2,1120.21,1132.47,0.0033
25_2,922.04,934.3,0.003
25_2,730.57,737.48,0.003
25_2,876.78,904.16,0.0028
25_2,737.35,741.5,0.0028
25_2,802.02,821.47,0.0027
25_2,1152.28,1176.62,0.0024
25_2,653.37,656.57,0.0024
25_2,1185.9,1208.84,0.0022
25_2,1045.02,1047.84,0.0022
25_2,1075.4,1086.78,0.0021
25_2,1174.96,1184.68,0.002
25_2,1033.96,1036.13,0.0019
25_2,708.36,734.1,0.0016
25_2,775.51,778.66,0.0016
25_2,914.52,916.92,0.0015
25_2,1188.24,1191.43,0.0015
25_2,933.42,955.61,0.0015
25_2,741.96,790.97,0.0014
25_2,846.36,868.26,0.0014
25_2,819.38,825.44,0.0014
25_2,615.54,621.67,0.0013
25_2,1054.25,1092.83,0.0013
25_2,1179.48,1182.23,0.0013
25_2,1092.81,1095.07,0.0013
25_2,742.32,755.02,0.0012
25_2,878.11,920.62,0.0012
25_2,796.75,799.35,0.0012
25_2,1201.95,1204.52,0.0012
25_2,1153.41,1155.91,0.0012
25_2,667.71,681.18,0.0011
25_2,870.8,875.85,0.0011
25_2,1027.67,1029.96,0.0011
25_2,916.56,920.53,0.0011
25_2,706.99,709.55,0.0011
25_2,983.89,1024.9,0.0011
25_2,1111.3,1132.6,0.001
8_31,667.62,692.5,0.9996
8_31,695.92,705.47,0.9983
8_31,616.79,638.6,0.9956
8_31,640.05,666.54,0.993
8_31,708.22,738.77,0.9736
8_31,695.91,705.47,0.1353
8_31,667.64,692.5,0.135
8_31,640.0,666.53,0.1337
8_31,667.61,692.5,0.0182
8_31,971.84,978.15,0.0125
8_31,803.48,826.41,0.0113
8_31,704.04,713.88,0.0104
8_31,910.88,913.26,0.0098
8_31,790.96,793.21,0.0084
8_31,615.23,626.17,0.0073
8_31,890.19,902.02,0.0064
8_31,728.43,739.43,0.0064
8_31,956.14,968.01,0.0063
8_31,879.97,882.98,0.0063
8_31,693.62,712.11,0.0061
8_31,793.77,799.84,0.0056
8_31,668.55,679.93,0.0053
8_31,868.26,880.03,0.0047
8_31,898.79,901.88,0.0035
8_31,788.64,791.33,0.0034
8_31,694.27,696.81,0.0034
8_31,903.2,906.09,0.0034
8_31,834.24,846.78,0.0033
8_31,738.2,778.92,0.0032
8_31,864.56,867.62,0.003
8_31,707.66,728.2,0.0029
8_31,829.43,832.51,0.0027
8_31,891.06,893.5,0.0025
8_31,1022.05,1028.03,0.0024
8_31,717.03,719.66,0.002
8_31,995.11,1006.43,0.0019
8_31,1019.89,1022.69,0.0019
8_31,951.49,957.95,0.0019
8_31,790.42,796.81,0.0019
8_31,858.92,861.4,0.0017
8_31,873.48,875.9,0.0017
8_31,987.45,989.93,0.0016
8_31,655.06,661.22,0.0016
8_31,775.23,778.09,0.0015
8_31,812.23,822.74,0.0015
8_31,918.58,920.8,0.0014
8_31,838.55,841.55,0.0014
8_31,904.94,910.7,0.0013
8_31,760.35,762.93,0.0013
8_31,910.55,932.51,0.0013
8_31,885.92,906.62,0.0013
8_31,752.24,762.99,0.0011
8_31,672.89,679.54,0.0011
8_31,882.06,884.54,0.001
29_29,750.08,796.19,0.9974
29_29,820.75,825.32,0.9969
29_29,950.34,958.61,0.9945
29_29,688.55,711.8,0.9935
29_29,713.12,729.42,0.9906
29_29,797.48,814.46,0.9897
29_29,835.78,950.06,0.9891
29_29,617.01,646.79,0.9829
29_29,648.32,685.48,0.9759
29_29,731.18,746.59,0.9666
29_29,750.13,796.17,0.1357
29_29,950.35,958.6,0.1353
29_29,820.75,825.32,0.134
29_29,835.9,950.12,0.131
29_29,750.02,796.13,0.0186
29_29,813.52,832.93,0.018
29_29,751.02,757.29,0.0108
29_29,676.7,682.5,0.0074
29_29,655.53,676.35,0.006
29_29,868.49,880.25,0.0054
29_29,983.96,989.86,0.0053
29_29,1061.38,1067.59,0.0051
29_29,839.6,850.21,0.0046
29_29,720.33,726.68,0.0043
29_29,758.72,764.38,0.0035
29_29,959.5,1002.77,0.0035
29_29,700.68,707.03,0.0035
29_29,735.08,744.72,0.0034
29_29,922.16,925.31,0.0034
29_29,814.96,821.17,0.0034
29_29,830.07,832.82,0.0031
29_29,1133.01,1139.23,0.003
29_29,682.48,717.82,0.0029
29_29,681.22,683.9,0.0029
29_29,1078.72,1089.07,0.0029
29_29,614.86,657.97,0.0028
29_29,1146.74,1149.68,0.0027
29_29,709.5,727.7,0.0024
29_29,799.16,804.88,0.0023
29_29,1014.85,1020.07,0.0023
29_29,889.05,892.11,0.0022
29_29,906.37,927.23,0.0022
29_29,1019.4,1024.66,0.0022
29_29,690.96,703.57,0.0021
29_29,1059.44,1080.88,0.0021
29_29,1097.23,1108.61,0.0021
29_29,863.86,885.51,0.0018
29_29,1028.54,1034.15,0.0017
29_29,703.82,706.44,0.0017
29_29,757.84,769.86,0.0016
29_29,712.47,714.88,0.0016
29_29,647.31,652.08,0.0016
29_29,781.37,786.93,0.0015
29_29,795.18,798.33,0.0015
29_29,686.12,688.97,0.0013
29_29,717.21,720.44,0.0011
29_29,1155.69,1176.07,0.0011
29_29,794.55,805.82,0.0011
29_29,920.82,926.64,0.0011
29_29,1067.51,1070.11,0.001
29_29,765.04,789.32,0.001
29_29,655.27,660.98,0.001
16_27,616.39,641.32,0.9986
16_27,644.41,675.88,0.9986
16_27,832.85,869.21,0.9973
16_27,995.7,1046.48,0.9967
16_27,956.54,974.04,0.9963
16_27,944.49,956.44,0.9942
16_27,780.56,804.18,0.9939
16_27,890.65,894.81,0.9931
16_27,919.77,929.39,0.9927
16_27,872.26,881.45,0.9924
16_27,706.79,739.91,0.9914
16_27,1046.93,1052.2,0.9904
16_27,679.24,703.04,0.9896
16_27,769.83,776.39,0.9895
16_27,976.01,982.8,0.9745
16_27,808.82,831.52,0.9727
16_27,937.93,942.53,0.9721
16_27,897.86,914.51,0.963
16_27,929.61,937.94,0.9503
16_27,882.34,888.89,0.9455
16_27,644.37,675.89,0.1353
16_27,616.46,641.28,0.1352
16_27,944.5,956.43,0.1346
16_27,919.76,929.39,0.1341
16_27,769.82,776.38,0.1326
16_27,937.93,942.53,0.1302
16_27,897.86,914.51,0.1298
16_27,995.72,1046.5,0.1281
16_27,616.38,641.33,0.0184
16_27,644.39,675.86,0.0181
16_27,841.66,844.62,0.0155
16_27,1012.35,1036.49,0.0119
16_27,688.88,771.41,0.0114
16_27,893.8,905.96,0.011
16_27,821.81,827.4,0.0106
16_27,638.09,640.73,0.0087
16_27,644.03,646.62,0.0081
16_27,735.49,772.1,0.0077
16_27,894.45,899.98,0.0072
16_27,777.99,783.84,0.0068
16_27,1032.89,1045.22,0.0065
16_27,887.09,921.73,0.0057
16_27,954.95,957.32,0.0057
16_27,783.11,785.91,0.005
16_27,912.03,915.1,0.0047
16_27,1073.4,1079.25,0.0047
16_27,866.84,871.86,0.0044
16_27,757.46,769.95,0.0041
16_27,837.4,860.92,0.0038
16_27,932.56,938.13,0.0036
16_27,665.03,675.35,0.0034
16_27,914.42,931.76,0.0033
16_27,1051.2,1056.64,0.0032
16_27,641.9,644.59,0.0031
16_27,765.0,776.94,0.003
16_27,941.55,959.9,0.0028
16_27,873.53,879.98,0.0027
16_27,772.53,804.34,0.0027
16_27,1036.35,1039.25,0.0027
16_27,835.34,838.25,0.0026
16_27,1091.32,1097.45,0.0025
16_27,646.68,649.43,0.0025
16_27,721.26,727.25,0.0024
16_27,1057.56,1063.03,0.0023
16_27,1083.09,1085.61,0.0023
16_27,709.26,733.89,0.0021
16_27,956.99,976.53,0.002
16_27,703.07,713.69,0.0019
16_27,1116.27,1118.55,0.0018
16_27,1086.59,1089.36,0.0018
16_27,879.91,891.41,0.0017
16_27,860.38,872.28,0.0017
16_27,974.94,987.26,0.0017
16_27,1151.52,1154.52,0.0016
16_27,738.52,744.42,0.0016
16_27,773.74,867.98,0.0016
16_27,1041.19,1047.18,0.0015
16_27,733.87,737.05,0.0015
16_27,945.34,951.65,0.0015
16_27,628.52,631.51,0.0014
16_27,1070.22,1076.18,0.0014
16_27,1063.93,1069.31,0.0014
16_27,1055.16,1061.3,0.0013
16_27,642.33,647.71,0.0013
16_27,991.76,994.41,0.0013
16_27,669.17,702.84,0.0012
16_27,703.32,705.92,0.0012
16_27,1105.21,1117.14,0.0012
16_27,758.05,761.01,0.0012
16_27,900.71,912.83,0.0011
16_27,1123.24,1125.38,0.0011
16_27,806.15,845.88,0.0011
16_27,1154.59,1156.86,0.0011
16_27,1032.79,1038.76,0.001
8_20,876.66,916.77,0.9989
8_20,656.86,701.54,0.9977
8_20,618.97,655.33,0.9956
8_20,719.32,770.51,0.9948
8_20,839.85,862.07,0.9943
8_20,827.45,838.87,0.9927
8_20,772.65,824.89,0.989
8_20,656.89,701.57,0.1351
8_20,839.88,862.09,0.135
8_20,772.59,824.86,0.1339
8_20,618.96,655.3,0.1332
8_20,719.34,770.59,0.1299
8_20,827.46,838.88,0.1299
8_20,614.42,616.76,0.0129
8_20,777.96,783.34,0.0116
8_20,661.9,674.1,0.011
8_20,1022.76,1034.1,0.0066
8_20,1141.36,1144.56,0.0047
8_20,716.71,718.98,0.0046
8_20,1147.89,1153.94,0.0043
8_20,726.69,732.21,0.0043
8_20,1123.49,1126.06,0.0041
8_20,682.99,695.05,0.004
8_20,752.41,757.83,0.0036
8_20,1051.89,1057.79,0.0035
8_20,1094.52,1106.75,0.0034
8_20,978.71,1001.88,0.0031
8_20,650.17,717.9,0.003
8_20,1130.17,1133.28,0.0028
8_20,621.62,642.98,0.0028
8_20,1159.02,1171.35,0.0026
8_20,1000.87,1022.25,0.0024
8_20,1116.06,1121.81,0.0024
8_20,737.15,773.49,0.0023
8_20,1152.24,1158.24,0.0022
8_20,928.56,940.1,0.0022
8_20,953.9,965.98,0.002
8_20,646.38,652.78,0.002
8_20,657.45,663.16,0.002
8_20,750.62,753.13,0.0019
8_20,622.12,627.91,0.0019
8_20,853.57,859.37,0.0019
8_20,842.95,845.82,0.0018
8_20,947.18,953.89,0.0018
8_20,1086.69,1097.08,0.0017
8_20,714.33,814.96,0.0017
8_20,1107.08,1129.36,0.0016
8_20,913.28,918.97,0.0016
8_20,662.56,665.42,0.0015
8_20,777.1,782.74,0.0014
8_20,745.24,748.13,0.0013
8_20,719.6,722.45,0.0013
8_20,833.74,836.77,0.0013
8_20,1010.49,1013.12,0.0012
8_20,783.2,785.89,0.0012
8_20,1037.65,1059.79,0.0012
8_20,917.85,929.06,0.0011
8_20,889.7,910.61,0.0011
8_20,1158.05,1160.97,0.0011
8_20,821.93,827.62,0.0011
8_20,753.03,756.22,0.001
8_20,1104.11,1110.46,0.001
1_34,731.21,745.16,0.9999
1_34,783.37,791.58,0.9974
1_34,721.59,730.23,0.995
1_34,767.62,782.9,0.9943
1_34,701.98,717.9,0.9942
1_34,660.78,694.16,0.9883
1_34,615.14,631.28,0.9819
1_34,694.61,700.73,0.9765
1_34,750.87,767.15,0.9736
1_34,636.18,658.86,0.9575
1_34,792.39,793.48,0.9465
1_34,701.97,717.9,0.1345
1_34,660.81,694.16,0.1341
1_34,767.62,782.89,0.134
1_34,701.99,717.89,0.0181
1_34,637.08,647.99,0.0078
1_34,883.84,895.24,0.0067
1_34,650.57,653.28,0.0065
1_34,932.3,938.44,0.0037
1_34,710.17,712.75,0.0035
1_34,800.96,811.25,0.0034
1_34,628.94,634.1,0.0034
1_34,620.1,660.24,0.0031
1_34,765.52,768.55,0.0031
1_34,967.18,969.84,0.003
1_34,917.01,919.73,0.0028
1_34,682.59,689.0,0.0027
1_34,731.09,742.1,0.0026
1_34,880.51,883.69,0.0025
1_34,661.74,686.18,0.0023
1_34,911.82,914.38,0.0023
1_34,898.48,900.96,0.0023
1_34,822.48,833.44,0.0023
1_34,781.28,784.23,0.0022
1_34,694.24,726.55,0.002
1_34,615.79,625.2,0.002
1_34,771.94,774.96,0.0019
1_34,807.96,810.27,0.0019
1_34,722.62,763.87,0.0018
1_34,773.99,779.63,0.0018
1_34,698.62,701.01,0.0017
1_34,996.92,999.8,0.0017
1_34,641.12,647.84,0.0017
1_34,939.52,950.63,0.0016
1_34,658.85,661.84,0.0015
1_34,950.32,961.13,0.0015
1_34,851.77,863.72,0.0014
1_34,722.15,731.11,0.0014
1_34,751.23,763.35,0.0014
1_34,802.82,808.33,0.0014
1_34,864.83,871.74,0.0013
1_34,842.31,845.25,0.0012
1_34,741.25,747.78,0.001
1_34,934.8,978.26,0.001
1_34,1001.3,1003.95,0.001
1_34,825.77,832.09,0.001
18_28,860.02,961.58,0.9998
18_28,963.32,974.98,0.9993
18_28,680.25,736.05,0.999
18_28,836.7,856.02,0.9987
18_28,745.03,781.29,0.9984
18_28,628.08,656.12,0.9972
18_28,818.04,823.75,0.989
18_28,914.16,923.56,0.9816
18_28,659.36,678.48,0.9803
18_28,787.03,815.56,0.9609
18_28,887.08,911.16,0.8902
18_28,936.51,961.59,0.882
18_28,768.37,782.53,0.776
18_28,836.69,856.03,0.1346
18_28,680.18,735.93,0.1344
18_28,628.06,656.12,0.1344
18_28,818.04,823.75,0.1343
18_28,887.09,911.17,0.1195
18_28,936.51,961.58,0.1162
18_28,745.03,781.24,0.1065
18_28,859.97,961.17,0.0847
18_28,768.38,782.53,0.0832
18_28,680.23,736.07,0.0183
18_28,976.89,979.26,0.0182
18_28,911.71,914.31,0.0121
18_28,956.34,961.91,0.0113
18_28,881.18,883.91,0.0106
18_28,786.39,809.07,0.0085
18_28,913.22,922.98,0.0081
18_28,582.06,649.1,0.0075
18_28,859.68,872.44,0.0074
18_28,960.98,963.47,0.0063
18_28,966.42,972.43,0.0063
18_28,886.59,892.62,0.0059
18_28,814.33,824.87,0.0058
18_28,976.31,979.09,0.0053
18_28,1018.72,1021.67,0.0049
18_28,621.9,628.16,0.0044
18_28,1012.69,1015.9,0.0043
18_28,1104.78,1107.26,0.0042
18_28,1029.53,1039.98,0.0042
18_28,758.03,763.17,0.0041
18_28,623.11,671.02,0.0039
18_28,616.36,622.82,0.0033
18_28,983.15,1006.28,0.0031
18_28,953.19,963.06,0.0025
18_28,781.19,858.05,0.0024
18_28,660.27,666.34,0.0024
18_28,1024.13,1026.84,0.0024
18_28,1109.46,1115.26,0.0023
18_28,909.86,933.52,0.0023
18_28,1081.78,1103.64,0.0023
18_28,944.12,947.06,0.0022
18_28,1020.07,1061.6,0.0021
18_28,1122.42,1134.26,0.0021
18_28,988.46,991.22,0.0021
18_28,972.59,975.06,0.002
18_28,1147.05,1152.71,0.002
18_28,918.65,924.71,0.002
18_28,838.34,851.35,0.0019
18_28,1095.62,1098.43,0.0019
18_28,1000.56,1021.97,0.0019
18_28,1055.59,1077.61,0.0019
18_28,710.44,731.88,0.0018
18_28,1051.4,1054.08,0.0017
18_28,985.96,997.09,0.0016
18_28,858.12,861.26,0.0016
18_28,923.28,928.65,0.0016
18_28,968.76,971.57,0.0016
18_28,666.8,669.84,0.0014
18_28,962.57,981.64,0.0014
18_28,692.57,714.19,0.0013
18_28,682.0,687.41,0.0012
18_28,980.32,983.21,0.0012
18_28,1135.95,1142.12,0.0012
18_28,629.9,636.85,0.0012
18_28,906.31,909.11,0.0011
18_28,953.89,956.66,0.0011
18_28,914.47,916.95,0.0011
18_28,782.33,821.55,0.0011
23_18,1205.0,1228.8,0.999
23_18,1027.33,1071.95,0.9976
23_18,828.75,875.89,0.9971
23_18,680.31,775.62,0.9964
23_18,1188.59,1203.67,0.9941
23_18,1181.33,1182.93,0.9939
23_18,876.58,910.61,0.9922
23_18,647.41,676.51,0.992
23_18,1137.46,1147.94,0.9875
23_18,782.88,822.18,0.9865
23_18,616.67,644.18,0.9858
23_18,914.64,1024.21,0.9767
23_18,1081.08,1136.12,0.9678
23_18,1155.16,1180.7,0.9627
23_18,1204.96,1228.8,0.1356
23_18,1188.58,1203.65,0.1355
23_18,680.38,775.68,0.1344
23_18,1137.46,1147.94,0.1335
23_18,647.43,676.49,0.1331
23_18,1181.33,1182.93,0.132
23_18,1188.59,1203.65,0.0183
23_18,647.4,676.53,0.0177
23_18,869.24,876.17,0.0119
23_18,1109.1,1133.72,0.0118
23_18,1027.92,1052.24,0.0116
23_18,718.78,742.98,0.0094
23_18,680.6,703.33,0.0093
23_18,918.73,977.3,0.008
23_18,841.84,844.49,0.0074
23_18,1076.3,1082.53,0.0071
23_18,752.76,776.21,0.0067
23_18,1027.69,1033.1,0.0065
23_18,794.41,820.03,0.0059
23_18,999.76,1023.16,0.0055
23_18,989.71,1003.13,0.005
23_18,1065.07,1070.3,0.0037
23_18,668.63,674.86,0.0037
23_18,862.91,874.71,0.0036
23_18,648.25,654.84,0.0036
23_18,1147.58,1153.7,0.0033
23_18,876.71,888.99,0.0032
23_18,1202.67,1208.01,0.003
23_18,817.24,823.16,0.0026
23_18,1135.77,1151.86,0.0026
23_18,616.79,640.67,0.0024
23_18,1077.83,1110.64,0.0023
23_18,787.39,790.15,0.0023
23_18,875.25,909.6,0.0022
23_18,790.51,793.39,0.0022
23_18,1069.49,1074.68,0.002
23_18,916.33,918.44,0.0018
23_18,618.03,628.93,0.0016
23_18,718.83,728.69,0.0015
23_18,1137.29,1140.18,0.0014
23_18,1132.76,1178.47,0.0014
23_18,1075.57,1087.54,0.0013
23_18,911.84,917.94,0.0013
23_18,869.88,872.99,0.0012
23_18,1148.95,1151.46,0.0011
23_18,664.95,675.3,0.0011
23_18,890.67,896.87,0.0011
23_18,681.86,704.91,0.0011
23_18,1030.6,1043.98,0.0011
23_18,1090.16,1093.1,0.0011
23_18,1207.76,1228.8,0.001
18_12,1141.48,1146.24,0.998
18_12,681.3,795.75,0.9969
18_12,1146.77,1166.2,0.9942
18_12,975.77,995.34,0.9936
18_12,875.29,925.42,0.9931
18_12,932.52,972.59,0.9923
18_12,1001.3,1040.16,0.9916
18_12,1046.58,1055.18,0.9898
18_12,1065.12,1131.96,0.9893
18_12,815.07,832.05,0.986
18_12,835.33,874.66,0.9814
18_12,1056.23,1063.79,0.9777
18_12,619.22,679.06,0.9684
18_12,932.47,972.66,0.1355
18_12,875.35,925.43,0.1338
18_12,1141.48,1146.24,0.1338
18_12,1046.58,1055.18,0.1332
18_12,1065.09,1131.94,0.1309
18_12,1001.32,1040.19,0.1302
18_12,865.44,868.14,0.0084
18_12,814.86,817.35,0.0074
18_12,619.96,642.04,0.0063
18_12,985.44,991.85,0.0055
18_12,864.25,876.03,0.0048
18_12,878.52,905.52,0.0046
18_12,1134.79,1147.73,0.0045
18_12,756.38,795.86,0.004
18_12,1055.43,1064.08,0.0037
18_12,1046.91,1050.21,0.0036
18_12,1030.09,1043.23,0.0036
18_12,643.55,679.72,0.0036
18_12,1092.15,1130.94,0.0034
18_12,1051.95,1054.36,0.0032
18_12,824.43,920.07,0.0032
18_12,816.54,821.79,0.0031
18_12,1155.27,1160.02,0.0026
18_12,1041.05,1043.98,0.0025
18_12,979.02,984.0,0.0025
18_12,779.31,798.32,0.0023
18_12,1146.23,1157.8,0.0023
18_12,931.88,942.59,0.0021
18_12,680.58,690.41,0.002
18_12,1067.93,1116.76,0.0019
18_12,879.07,882.23,0.0019
18_12,924.43,990.32,0.0018
18_12,1141.83,1144.96,0.0017
18_12,859.61,878.1,0.0016
18_12,689.1,692.28,0.0014
18_12,1065.82,1068.39,0.0013
18_12,1055.85,1067.07,0.0013
18_12,1001.57,1004.64,0.0012
18_12,963.34,974.79,0.0012
18_12,871.07,873.89,0.0012
18_12,1016.12,1027.97,0.0012
18_12,649.67,655.93,0.0012
18_12,1110.55,1131.97,0.0011
18_12,814.81,821.42,0.0011
18_12,1080.84,1093.51,0.001
28_2,995.19,1010.69,1.0
28_2,624.47,656.39,0.9999
28_2,961.52,969.57,0.9992
28_2,728.04,788.99,0.9989
28_2,687.16,728.18,0.9979
28_2,855.68,894.5,0.9972
28_2,969.57,995.16,0.9971
28_2,1038.44,1057.47,0.9954
28_2,656.39,687.16,0.9946
28_2,916.18,956.15,0.9905
28_2,956.16,959.92,0.9861
28_2,1057.46,1085.41,0.9854
28_2,788.89,855.69,0.9852
28_2,614.4,623.4,0.9837
28_2,894.51,916.16,0.9808
28_2,1012.82,1036.12,0.9694
28_2,1064.03,1085.37,0.3051
28_2,728.15,789.0,0.1354
28_2,1038.46,1057.48,0.1353
28_2,961.52,969.57,0.1351
28_2,855.69,894.49,0.1329
28_2,1057.48,1085.37,0.0411
28_2,961.52,969.58,0.0183
28_2,728.07,788.97,0.0178
28_2,692.18,714.32,0.0136
28_2,788.11,799.72,0.0101
28_2,952.24,962.14,0.0065
28_2,629.34,641.97,0.0062
28_2,722.79,725.7,0.0056
28_2,1057.44,1085.38,0.0055
28_2,956.38,994.63,0.0055
28_2,712.63,719.29,0.0051
28_2,770.45,773.13,0.005
28_2,820.55,826.66,0.0047
28_2,1046.1,1056.95,0.0045
28_2,863.09,886.39,0.0039
28_2,886.04,897.1,0.0039
28_2,1008.64,1014.0,0.0028
28_2,620.72,659.46,0.0028
28_2,852.16,855.38,0.0028
28_2,844.21,849.86,0.0027
28_2,997.61,1003.61,0.0026
28_2,798.27,810.01,0.0026
28_2,730.7,753.29,0.0025
28_2,1135.25,1147.01,0.0024
28_2,895.36,901.0,0.0022
28_2,815.71,827.24,0.0019
28_2,964.91,969.18,0.0018
28_2,969.52,980.61,0.0018
28_2,677.64,683.27,0.0017
28_2,912.61,952.11,0.0017
28_2,1053.28,1058.84,0.0016
28_2,656.7,666.9,0.0016
28_2,821.02,843.94,0.0016
28_2,714.17,733.39,0.0015
28_2,739.14,750.1,0.0015
28_2,637.48,640.36,0.0015
28_2,615.41,621.76,0.0013
28_2,1139.51,1142.03,0.0013
28_2,981.93,987.32,0.0012
28_2,858.22,869.71,0.0012
28_2,1143.38,1145.98,0.0012
28_2,1098.04,1103.8,0.0012
28_2,797.25,799.71,0.0011
28_2,690.07,701.16,0.0011
28_2,1070.04,1072.99,0.001
12_26,641.1,678.9,0.9993
12_26,634.57,639.03,0.9986
12_26,624.6,629.8,0.9982
12_26,730.11,734.35,0.9953
12_26,689.13,695.29,0.9809
12_26,709.93,716.21,0.9775
12_26,749.0,755.92,0.9745
12_26,736.69,739.97,0.9607
12_26,730.1,734.35,0.1346
12_26,641.12,678.92,0.1339
12_26,749.0,755.92,0.1321
12_26,709.94,716.21,0.132
12_26,736.68,739.96,0.1305
12_26,927.33,949.18,0.0161
12_26,734.62,736.97,0.0098
12_26,961.28,963.99,0.0097
12_26,683.45,695.21,0.0085
12_26,876.23,887.0,0.0084
12_26,635.28,638.25,0.0083
12_26,776.33,866.02,0.0074
12_26,698.59,709.38,0.0068
12_26,724.75,730.06,0.0062
12_26,720.37,725.96,0.0055
12_26,803.57,809.58,0.0052
12_26,889.29,891.92,0.0052
12_26,947.25,953.6,0.0052
12_26,629.42,635.03,0.0051
12_26,639.01,659.48,0.0045
12_26,716.05,718.87,0.0042
12_26,930.96,937.55,0.0041
12_26,743.33,755.55,0.0039
12_26,1023.5,1026.57,0.0038
12_26,840.69,852.78,0.0037
12_26,969.51,976.08,0.0037
12_26,730.95,733.66,0.0036
12_26,676.42,682.47,0.0029
12_26,834.48,837.12,0.0027
12_26,617.68,637.7,0.0026
12_26,614.57,617.62,0.0026
12_26,756.11,767.17,0.0026
12_26,874.01,877.53,0.0025
12_26,736.24,741.79,0.0024
12_26,850.84,853.42,0.0023
12_26,906.37,911.99,0.0023
12_26,618.46,621.2,0.0022
12_26,771.68,774.7,0.0021
12_26,903.45,906.54,0.002
12_26,664.52,667.59,0.002
12_26,999.65,1002.5,0.0018
12_26,853.39,859.71,0.0018
12_26,872.61,892.7,0.0018
12_26,763.02,765.64,0.0017
12_26,652.82,676.9,0.0016
12_26,829.27,851.89,0.0016
12_26,779.3,790.88,0.0014
12_26,878.49,881.4,0.0014
12_26,812.89,818.69,0.0014
12_26,693.4,714.9,0.0013
12_26,916.73,926.38,0.0012
12_26,953.24,958.6,0.0012
12_26,941.05,943.8,0.0012
12_26,643.91,646.97,0.0011
12_26,839.01,841.87,0.0011
12_26,858.76,868.99,0.0011
12_26,893.92,906.49,0.0011
12_26,671.8,674.65,0.0011
12_26,869.35,880.0,0.001
13_18,1163.09,1183.75,0.9992
13_18,656.7,704.5,0.9986
13_18,988.37,1025.06,0.9976
13_18,824.93,897.24,0.997
13_18,1031.41,1139.16,0.9942
13_18,951.71,971.64,0.9873
13_18,716.05,779.12,0.9808
13_18,793.84,816.94,0.9759
13_18,910.25,937.88,0.9512
13_18,1217.07,1228.8,0.9418
13_18,824.91,897.22,0.1328
13_18,951.7,971.64,0.1327
13_18,1031.33,1139.12,0.1319
13_18,910.22,937.89,0.1282
13_18,822.06,842.56,0.0118
13_18,986.81,1011.45,0.0113
13_18,714.27,810.27,0.01
13_18,823.52,825.56,0.009
13_18,1031.59,1037.2,0.0076
13_18,780.61,815.38,0.0069
13_18,698.5,703.92,0.0055
13_18,1004.58,1025.57,0.0047
13_18,808.96,819.48,0.0045
13_18,1171.88,1183.47,0.0043
13_18,709.74,733.5,0.0035
13_18,1049.0,1063.08,0.003
13_18,653.04,677.35,0.0029
13_18,715.32,718.4,0.0027
13_18,949.72,952.26,0.0027
13_18,982.4,1024.77,0.0025
13_18,616.05,639.04,0.0024
13_18,804.27,807.39,0.0024
13_18,909.44,921.45,0.0023
13_18,1031.93,1035.26,0.0021
13_18,986.2,998.69,0.002
13_18,818.57,827.8,0.002
13_18,641.42,652.29,0.0019
13_18,1032.08,1050.7,0.0018
13_18,1142.62,1162.16,0.0017
13_18,1138.76,1145.67,0.0016
13_18,981.89,984.99,0.0016
13_18,693.78,699.3,0.0016
13_18,1183.54,1193.63,0.0015
13_18,1212.54,1228.8,0.0015
13_18,614.51,617.56,0.0013
13_18,973.43,976.42,0.0013
13_18,1221.06,1228.8,0.0013
13_18,897.83,936.78,0.0012
13_18,791.38,798.28,0.0012
13_18,846.84,853.1,0.0012
13_18,929.34,1028.19,0.0012
13_18,726.97,776.12,0.0012
13_18,640.81,708.49,0.0011
13_18,909.51,916.44,0.001
10_16,990.47,1019.84,0.9997
10_16,830.4,877.45,0.999
10_16,1020.24,1068.28,0.9987
10_16,920.35,949.96,0.9986
10_16,1109.39,1129.27,0.9982
10_16,671.48,713.74,0.9971
10_16,753.26,775.28,0.9965
10_16,616.52,643.37,0.9962
10_16,645.82,671.28,0.9962
10_16,734.42,753.05,0.9935
10_16,812.84,825.14,0.9933
10_16,903.33,911.93,0.993
10_16,1069.49,1094.49,0.9918
10_16,717.47,731.79,0.9908
10_16,951.97,954.66,0.9788
10_16,954.64,961.27,0.9781
10_16,977.7,988.04,0.9678
10_16,777.46,791.52,0.9399
10_16,892.32,909.0,0.7892
10_16,645.8,671.26,0.1354
10_16,1109.41,1129.28,0.1353
10_16,734.45,753.05,0.1348
10_16,920.32,950.01,0.1348
10_16,1020.28,1068.27,0.1346
10_16,1069.49,1094.49,0.1341
10_16,616.54,643.37,0.1318
10_16,951.97,954.66,0.1313
10_16,903.34,911.92,0.1121
10_16,837.4,849.31,0.0261
10_16,920.35,949.96,0.0182
10_16,799.07,801.85,0.0143
10_16,1038.52,1043.91,0.0078
10_16,1057.44,1059.85,0.0066
10_16,845.29,870.14,0.0061
10_16,1090.57,1094.0,0.0051
10_16,949.93,984.02,0.005
10_16,1107.51,1109.99,0.005
10_16,1025.06,1048.2,0.0049
10_16,1053.71,1055.96,0.0047
10_16,816.9,823.34,0.0047
10_16,891.25,902.24,0.0041
10_16,850.41,856.32,0.0038
10_16,954.54,957.05,0.0037
10_16,870.13,879.8,0.0035
10_16,1092.65,1109.75,0.0027
10_16,1049.81,1052.94,0.0026
10_16,1147.36,1228.8,0.0024
10_16,1006.28,1016.56,0.0024
10_16,934.34,941.06,0.0024
10_16,745.95,752.06,0.0022
10_16,728.69,731.57,0.0021
10_16,1079.95,1092.41,0.0021
10_16,802.36,805.34,0.0019
10_16,912.05,921.36,0.0019
10_16,710.84,721.94,0.0019
10_16,1038.76,1060.76,0.0018
10_16,765.5,768.44,0.0018
10_16,805.53,811.82,0.0018
10_16,994.84,1006.76,0.0017
10_16,1055.73,1058.3,0.0017
10_16,673.76,754.22,0.0017
10_16,1114.95,1120.87,0.0017
10_16,794.73,797.6,0.0016
10_16,978.83,985.87,0.0016
10_16,1154.11,1156.34,0.0016
10_16,905.43,911.96,0.0015
10_16,1160.12,1162.98,0.0015
10_16,732.32,735.27,0.0015
10_16,1064.63,1070.74,0.0014
10_16,853.63,865.41,0.0014
10_16,879.73,882.51,0.0014
10_16,952.99,963.16,0.0013
10_16,675.45,698.16,0.0013
10_16,719.71,726.57,0.0013
10_16,896.57,899.69,0.0013
10_16,863.19,869.29,0.0013
10_16,1130.99,1154.14,0.0013
10_16,890.33,893.14,0.0013
10_16,726.6,729.49,0.0012
10_16,626.46,672.84,0.0011
10_16,1127.75,1133.91,0.0011
10_16,756.1,767.47,0.001
10_16,797.48,800.38,0.001
10_16,830.84,836.98,0.001
10_16,1109.67,1112.26,0.001
10_16,1071.36,1082.93,0.001
13_31,698.54,707.66,0.9983
13_31,737.72,741.67,0.9978
13_31,746.84,751.54,0.9977
13_31,625.93,659.17,0.9971
13_31,755.0,824.59,0.9968
13_31,665.44,685.57,0.9952
13_31,850.72,854.97,0.9946
13_31,711.9,730.78,0.9913
13_31,856.49,862.87,0.9809
13_31,838.57,847.32,0.9771
13_31,665.45,685.58,0.1351
13_31,746.84,751.54,0.1346
13_31,850.72,854.97,0.1345
13_31,737.72,741.67,0.1344
13_31,698.54,707.66,0.1338
13_31,625.95,659.17,0.1336
13_31,614.91,626.19,0.0205
13_31,991.03,1014.01,0.018
13_31,737.72,741.67,0.0178
13_31,907.59,910.07,0.0148
13_31,661.15,663.76,0.0126
13_31,922.43,933.83,0.0089
13_31,1034.94,1037.55,0.0082
13_31,739.63,741.53,0.0068
13_31,863.49,873.84,0.0066
13_31,1028.78,1034.53,0.006
13_31,791.52,813.36,0.0059
13_31,753.63,765.52,0.0058
13_31,984.22,986.89,0.0058
13_31,821.74,827.25,0.0056
13_31,822.65,842.41,0.0049
13_31,637.64,644.7,0.0045
13_31,741.77,747.0,0.0043
13_31,654.62,664.19,0.0042
13_31,603.65,618.45,0.0038
13_31,846.42,851.44,0.0036
13_31,708.77,713.89,0.0034
13_31,674.04,686.58,0.0033
13_31,669.87,673.01,0.0032
13_31,734.67,737.53,0.0031
13_31,834.22,837.26,0.0031
13_31,765.57,775.49,0.003
13_31,769.09,791.79,0.0024
13_31,695.02,712.12,0.0023
13_31,866.47,868.98,0.0022
13_31,851.84,854.59,0.0022
13_31,889.85,895.81,0.0022
13_31,744.55,746.95,0.002
13_31,1051.01,1053.51,0.002
13_31,732.8,743.46,0.002
13_31,629.11,651.41,0.0019
13_31,661.51,698.21,0.0019
13_31,964.07,976.61,0.0017
13_31,679.64,682.71,0.0017
13_31,614.82,617.33,0.0016
13_31,952.2,963.45,0.0016
13_31,713.25,725.09,0.0016
13_31,1043.41,1049.59,0.0015
13_31,742.17,744.82,0.0015
13_31,878.34,884.44,0.0014
13_31,942.04,952.66,0.0014
13_31,786.31,796.85,0.0014
13_31,999.65,1002.55,0.0014
13_31,751.44,756.61,0.0014
13_31,689.89,699.63,0.0014
13_31,1055.72,1077.31,0.0013
13_31,712.4,754.89,0.0013
13_31,647.89,653.58,0.0013
13_31,891.56,933.65,0.0011
13_31,763.52,766.18,0.0011
13_31,724.89,730.18,0.0011
13_31,1005.14,1017.05,0.0011
13_31,813.27,818.82,0.001
13_31,1054.43,1057.57,0.001
13_31,633.78,636.52,0.001
8_26,766.7,782.36,0.9988
8_26,639.57,709.2,0.9982
8_26,615.45,637.88,0.997
8_26,731.79,765.66,0.9927
8_26,786.14,851.84,0.9907
8_26,710.28,731.49,0.9795
8_26,639.54,709.24,0.1351
8_26,766.7,782.34,0.1345
8_26,766.71,782.35,0.0178
8_26,745.05,766.01,0.0142
8_26,633.9,636.46,0.01
8_26,729.99,732.42,0.0073
8_26,1005.57,1025.24,0.0071
8_26,843.94,849.88,0.0061
8_26,739.58,750.4,0.0056
8_26,780.66,785.61,0.0043
8_26,746.58,749.13,0.0037
8_26,816.3,840.59,0.0037
8_26,592.32,623.86,0.0035
8_26,798.41,822.5,0.0034
8_26,711.64,722.76,0.0033
8_26,933.34,939.67,0.0033
8_26,782.24,792.61,0.0031
8_26,929.35,935.14,0.0029
8_26,745.42,756.2,0.0028
8_26,681.32,693.13,0.0026
8_26,850.46,892.14,0.0023
8_26,967.73,978.05,0.0022
8_26,658.21,704.59,0.0021
8_26,960.82,963.47,0.0021
8_26,750.3,752.69,0.002
8_26,944.63,966.26,0.0019
8_26,978.83,983.86,0.0018
8_26,644.06,651.1,0.0018
8_26,625.51,636.66,0.0017
8_26,697.88,700.53,0.0016
8_26,877.26,879.63,0.0016
8_26,892.69,903.93,0.0016
8_26,1049.94,1062.0,0.0016
8_26,778.38,781.11,0.0016
8_26,1033.37,1044.95,0.0016
8_26,813.03,815.74,0.0015
8_26,879.16,885.56,0.0015
8_26,790.28,830.39,0.0015
8_26,755.75,761.09,0.0015
8_26,646.67,659.78,0.0014
8_26,711.82,714.32,0.0014
8_26,816.35,822.14,0.0013
8_26,897.12,919.05,0.0012
8_26,971.0,1009.07,0.0012
8_26,989.38,994.65,0.0011
8_26,741.62,747.54,0.0011
8_26,725.79,731.25,0.0011
8_26,806.61,809.63,0.001
8_26,1010.39,1013.19,0.001
21_15,900.27,911.99,0.9999
21_15,648.36,664.86,0.9986
21_15,775.55,822.26,0.9978
21_15,665.36,679.24,0.9978
21_15,825.92,843.93,0.9971
21_15,678.73,700.86,0.9969
21_15,912.37,922.68,0.9963
21_15,847.52,883.56,0.9959
21_15,926.79,935.55,0.995
21_15,700.38,722.15,0.9933
21_15,883.21,899.73,0.991
21_15,616.46,631.38,0.9851
21_15,631.87,648.88,0.9787
21_15,923.19,926.79,0.9674
21_15,678.72,700.84,0.1357
21_15,775.49,822.19,0.1356
21_15,825.92,843.94,0.1354
21_15,900.28,911.99,0.1352
21_15,847.54,883.56,0.1344
21_15,665.36,679.24,0.134
21_15,926.79,935.55,0.134
21_15,883.19,899.75,0.1306
21_15,934.77,946.15,0.0273
21_15,665.36,679.23,0.018
21_15,997.22,1035.89,0.0073
21_15,618.34,630.26,0.0055
21_15,1135.6,1147.41,0.0054
21_15,738.73,778.04,0.0052
21_15,934.41,944.27,0.0048
21_15,1001.16,1004.09,0.004
21_15,902.6,908.65,0.0034
21_15,883.95,895.1,0.0034
21_15,825.17,835.65,0.0031
21_15,652.42,655.39,0.0031
21_15,721.1,732.89,0.0029
21_15,910.79,927.62,0.0029
21_15,799.4,802.58,0.0029
21_15,649.34,652.11,0.0028
21_15,907.87,910.6,0.0028
21_15,1037.63,1048.8,0.0027
21_15,1126.27,1129.66,0.0026
21_15,873.06,878.27,0.0024
21_15,815.37,847.05,0.0023
21_15,749.1,770.67,0.0022
21_15,719.53,722.39,0.0021
21_15,928.94,935.5,0.002
21_15,612.6,616.29,0.0019
21_15,771.15,781.84,0.0018
21_15,704.43,716.33,0.0018
21_15,1076.26,1087.15,0.0018
21_15,809.71,812.77,0.0017
21_15,1108.61,1111.19,0.0017
21_15,634.74,646.04,0.0015
21_15,868.56,874.4,0.0014
21_15,660.89,663.6,0.0014
21_15,977.36,980.03,0.0013
21_15,1034.21,1056.43,0.0013
21_15,785.68,788.71,0.0012
21_15,1086.1,1092.07,0.0012
21_15,967.18,969.96,0.0012
21_15,871.3,882.56,0.0012
21_15,883.2,889.5,0.0012
21_15,950.65,956.38,0.0012
21_15,979.42,982.28,0.0012
21_15,1002.63,1008.82,0.0011
21_15,811.29,814.41,0.0011
21_15,618.18,621.3,0.0011
21_15,679.61,682.34,0.001
21_15,1111.71,1123.44,0.001
28_21,920.83,928.14,0.9994
28_21,864.52,868.45,0.9984
28_21,981.42,1047.81,0.998
28_21,614.4,672.53,0.9973
28_21,944.44,963.96,0.9969
28_21,818.08,859.68,0.9968
28_21,868.46,896.29,0.996
28_21,790.78,818.12,0.9956
28_21,677.6,712.57,0.9937
28_21,896.33,920.81,0.9919
28_21,928.14,944.44,0.9911
28_21,1047.75,1066.79,0.9899
28_21,1081.77,1116.82,0.9878
28_21,1066.81,1081.78,0.9853
28_21,963.97,981.42,0.9826
28_21,712.63,790.68,0.9702
28_21,1093.7,1116.8,0.4119
28_21,981.36,1047.65,0.1354
28_21,818.12,859.68,0.1351
28_21,677.61,712.59,0.1347
28_21,868.49,896.29,0.1347
28_21,920.83,928.14,0.1343
28_21,614.41,672.51,0.1343
28_21,928.14,944.44,0.1342
28_21,944.44,963.96,0.134
28_21,790.77,818.12,0.1332
28_21,864.52,868.45,0.1281
28_21,981.38,1047.72,0.0183
28_21,928.15,944.44,0.0182
28_21,614.4,672.47,0.0182
28_21,920.83,928.14,0.018
28_21,868.48,896.31,0.0179
28_21,766.06,788.36,0.0126
28_21,1119.04,1142.51,0.0113
28_21,775.57,778.24,0.0097
28_21,704.26,706.95,0.0086
28_21,666.93,676.29,0.0075
28_21,943.89,946.48,0.0071
28_21,982.0,987.35,0.0069
28_21,640.31,665.64,0.0068
28_21,1044.07,1116.52,0.0066
28_21,780.72,783.21,0.0064
28_21,967.05,978.74,0.0063
28_21,616.12,638.44,0.0063
28_21,745.36,756.76,0.006
28_21,859.05,864.67,0.0059
28_21,1124.05,1126.79,0.0053
28_21,699.94,702.9,0.005
28_21,630.52,636.49,0.0049
28_21,794.4,804.79,0.0044
28_21,868.94,881.07,0.0044
28_21,832.8,854.56,0.0041
28_21,833.61,836.63,0.0038
28_21,1053.99,1059.93,0.0036
28_21,935.84,977.41,0.0035
28_21,985.19,1016.9,0.0033
28_21,1074.72,1079.96,0.0032
28_21,1021.7,1042.99,0.003
28_21,1077.48,1090.7,0.003
28_21,614.41,619.05,0.0029
28_21,1116.89,1119.8,0.0028
28_21,752.3,755.16,0.0028
28_21,683.98,706.49,0.0025
28_21,802.85,815.11,0.0025
28_21,815.32,817.69,0.0025
28_21,906.32,909.38,0.0025
28_21,934.86,938.13,0.0023
28_21,852.35,855.24,0.0022
28_21,665.0,667.32,0.0021
28_21,908.97,915.22,0.0017
28_21,842.06,845.18,0.0016
28_21,1033.79,1044.01,0.0015
28_21,707.12,709.7,0.0015
28_21,1042.68,1048.0,0.0015
28_21,994.63,1006.81,0.0015
28_21,689.33,695.51,0.0014
28_21,945.45,957.93,0.0014
28_21,928.98,939.66,0.0014
28_21,1014.26,1016.75,0.0014
28_21,1113.39,1116.17,0.0013
28_21,875.03,880.66,0.0013
28_21,775.03,778.08,0.0012
28_21,798.0,801.05,0.0012
28_21,1002.93,1015.99,0.0012
28_21,1123.07,1134.43,0.0012
28_21,710.45,716.48,0.0011
28_21,986.43,988.98,0.0011
28_21,750.13,752.87,0.0011
28_21,861.62,864.45,0.001
28_21,1026.42,1032.3,0.001
28_21,721.92,745.3,0.001
21_50,947.6,976.0,0.9999
21_50,788.82,799.42,0.9988
21_50,995.1,1021.35,0.9979
21_50,1032.7,1046.88,0.996
21_50,1046.86,1058.94,0.9951
21_50,627.87,655.54,0.9921
21_50,726.43,749.81,0.99
21_50,661.19,674.66,0.9882
21_50,900.15,946.89,0.9879
21_50,805.84,863.2,0.9763
21_50,677.49,706.56,0.9697
21_50,860.89,914.64,0.9184
21_50,975.46,1030.4,0.6311
21_50,1046.88,1058.94,0.1352
21_50,1032.71,1046.88,0.1346
21_50,627.9,655.53,0.1338
21_50,661.19,674.66,0.1329
21_50,947.6,976.0,0.1286
21_50,975.4,1030.37,0.0847
21_50,995.11,1021.37,0.0527
21_50,676.61,682.31,0.0254
21_50,661.19,674.66,0.0175
21_50,774.73,786.9,0.0115
21_50,1098.62,1120.22,0.0114
21_50,680.89,686.59,0.0053
21_50,855.95,877.19,0.0049
21_50,1079.4,1082.65,0.0046
21_50,906.39,928.8,0.0044
21_50,633.98,636.61,0.0038
21_50,1041.55,1061.03,0.0038
21_50,839.92,843.37,0.0034
21_50,773.09,775.92,0.0034
21_50,668.24,673.9,0.0034
21_50,816.34,822.28,0.0033
21_50,1132.74,1154.79,0.0032
21_50,1102.22,1104.95,0.0032
21_50,674.41,687.19,0.0028
21_50,824.29,835.59,0.0027
21_50,1156.55,1175.87,0.0027
21_50,810.73,813.82,0.0027
21_50,686.68,689.49,0.0027
21_50,1029.39,1048.34,0.0024
21_50,865.87,871.0,0.0021
21_50,985.73,988.83,0.002
21_50,1081.1,1103.28,0.002
21_50,960.0,966.74,0.0019
21_50,758.44,768.85,0.0019
21_50,690.73,693.81,0.0019
21_50,885.8,898.21,0.0018
21_50,615.11,655.82,0.0018
21_50,1141.75,1223.11,0.0016
21_50,875.29,878.31,0.0015
21_50,759.02,762.06,0.0015
21_50,933.35,944.39,0.0015
21_50,804.59,810.31,0.0015
21_50,661.47,664.32,0.0014
21_50,899.15,905.69,0.0014
21_50,959.48,962.67,0.0014
21_50,1013.57,1019.9,0.0013
21_50,882.16,885.35,0.0013
21_50,1060.29,1066.57,0.0013
21_50,1083.86,1086.93,0.0013
21_50,616.56,622.51,0.0013
21_50,761.48,808.03,0.0013
21_50,1090.34,1096.4,0.0013
21_50,1051.73,1057.7,0.0012
21_50,860.26,865.91,0.0012
21_50,800.82,893.77,0.0012
21_50,912.53,914.84,0.0012
21_50,581.15,646.39,0.0012
21_50,710.97,722.46,0.0012
21_50,948.93,951.74,0.0012
21_50,656.21,662.13,0.0012
21_50,740.91,743.95,0.0012
21_50,646.65,652.68,0.0011
21_50,965.89,969.18,0.001
21_50,789.21,800.78,0.001
21_50,692.2,698.36,0.001
26_6,913.76,933.45,0.9982
26_6,662.43,694.85,0.9976
26_6,1100.59,1112.5,0.9974
26_6,763.33,793.62,0.9968
26_6,1038.56,1043.79,0.9966
26_6,1053.85,1100.2,0.9959
26_6,796.43,819.01,0.9959
26_6,1112.83,1148.4,0.9947
26_6,1022.88,1033.1,0.9943
26_6,618.32,661.87,0.9915
26_6,822.56,831.12,0.9895
26_6,698.97,714.85,0.9883
26_6,864.76,913.48,0.9875
26_6,718.58,740.96,0.9873
26_6,831.5,837.08,0.9873
26_6,743.52,753.92,0.9854
26_6,1149.47,1169.12,0.9725
26_6,934.45,1008.69,0.9694
26_6,837.5,859.92,0.9562
26_6,1033.77,1038.29,0.9545
26_6,796.41,818.97,0.1353
26_6,913.76,933.43,0.1353
26_6,662.42,694.84,0.1352
26_6,1100.58,1112.51,0.1346
26_6,698.97,714.84,0.1333
26_6,1112.86,1148.39,0.1332
26_6,822.56,831.12,0.128
26_6,933.55,952.52,0.0197
26_6,662.44,694.84,0.0178
26_6,1100.58,1112.52,0.0174
26_6,1019.82,1060.49,0.0171
26_6,982.77,1005.48,0.014
26_6,795.96,798.83,0.0124
26_6,944.16,967.74,0.0114
26_6,1137.57,1149.7,0.0111
26_6,940.21,942.49,0.0095
26_6,1034.29,1056.17,0.0088
26_6,719.74,762.0,0.0084
26_6,932.79,941.72,0.0081
26_6,849.56,861.22,0.0079
26_6,836.45,839.37,0.0064
26_6,760.6,774.62,0.0058
26_6,729.7,740.59,0.0055
26_6,1021.09,1042.43,0.0052
26_6,829.8,841.99,0.0049
26_6,696.67,738.46,0.0048
26_6,739.27,756.14,0.0047
26_6,977.16,987.25,0.0045
26_6,791.23,821.39,0.0042
26_6,865.06,929.81,0.0039
26_6,1017.3,1108.04,0.0039
26_6,837.06,844.05,0.0039
26_6,855.7,861.04,0.0038
26_6,941.75,952.02,0.0036
26_6,762.67,790.42,0.0031
26_6,913.11,926.79,0.0031
26_6,863.66,876.91,0.0031
26_6,970.81,973.6,0.003
26_6,1168.04,1170.93,0.003
26_6,977.21,979.09,0.0029
26_6,1141.18,1148.16,0.0028
26_6,1044.28,1050.78,0.0027
26_6,1066.69,1092.2,0.0024
26_6,1171.55,1174.15,0.0024
26_6,656.84,659.43,0.0023
26_6,939.85,974.59,0.0022
26_6,1039.42,1058.69,0.0021
26_6,1032.69,1035.52,0.0021
26_6,834.0,913.14,0.0021
26_6,780.66,787.58,0.002
26_6,616.65,628.99,0.002
26_6,786.53,792.59,0.002
26_6,633.48,656.84,0.002
26_6,949.35,952.21,0.002
26_6,1041.11,1044.07,0.002
26_6,981.18,987.69,0.002
26_6,700.13,719.12,0.002
26_6,955.99,961.94,0.002
26_6,979.04,982.36,0.0019
26_6,1118.01,1141.09,0.0019
26_6,693.86,699.14,0.0018
26_6,840.28,862.31,0.0018
26_6,649.34,660.45,0.0017
26_6,970.79,977.07,0.0016
26_6,997.8,1034.34,0.0016
26_6,941.11,943.72,0.0016
26_6,1162.71,1168.92,0.0015
26_6,754.33,764.1,0.0014
26_6,747.39,754.35,0.0014
26_6,961.45,984.13,0.0014
26_6,814.45,819.94,0.0013
26_6,936.72,942.36,0.0013
26_6,1035.41,1046.42,0.0012
26_6,947.87,958.83,0.0012
26_6,1100.26,1105.86,0.0012
26_6,988.64,991.96,0.0011
26_6,1047.04,1070.17,0.0011
1_36,740.93,766.44,0.9995
1_36,695.1,732.47,0.9985
1_36,786.62,809.45,0.9964
1_36,872.28,875.08,0.9957
1_36,767.4,786.06,0.9947
1_36,615.75,642.28,0.9941
1_36,811.26,855.49,0.9885
1_36,866.39,872.26,0.9661
1_36,642.8,691.8,0.9536
1_36,826.75,866.11,0.5682
1_36,695.14,732.44,0.1359
1_36,740.9,766.43,0.1357
1_36,615.75,642.29,0.1341
1_36,811.09,855.52,0.0773
1_36,740.9,766.42,0.0183
1_36,937.57,944.05,0.0164
1_36,856.77,862.4,0.0128
1_36,673.16,679.41,0.0097
1_36,878.32,964.7,0.0069
1_36,614.76,617.09,0.0068
1_36,698.16,710.25,0.0062
1_36,870.36,879.62,0.0049
1_36,996.89,1002.19,0.0048
1_36,766.06,807.2,0.0046
1_36,666.54,673.23,0.0041
1_36,929.94,932.39,0.0041
1_36,641.23,652.17,0.004
1_36,671.05,692.86,0.0039
1_36,982.89,1067.55,0.0039
1_36,895.22,897.79,0.0038
1_36,857.72,860.7,0.0037
1_36,921.67,927.51,0.0036
1_36,861.74,864.28,0.0035
1_36,760.85,766.15,0.0033
1_36,699.26,704.27,0.0031
1_36,902.89,914.59,0.0029
1_36,699.87,725.65,0.0028
1_36,871.5,876.39,0.0027
1_36,1028.91,1031.83,0.0026
1_36,1102.53,1105.26,0.0023
1_36,788.38,794.66,0.0022
1_36,897.82,900.75,0.0021
1_36,1003.02,1008.47,0.0019
1_36,764.61,769.54,0.0019
1_36,649.49,660.72,0.0017
1_36,1076.93,1079.61,0.0017
1_36,1103.44,1115.08,0.0017
1_36,872.96,917.39,0.0017
1_36,1093.26,1096.61,0.0016
1_36,827.45,830.14,0.0016
1_36,924.07,945.1,0.0015
1_36,1070.46,1075.5,0.0014
1_36,860.69,865.38,0.0014
1_36,875.06,887.35,0.0014
1_36,665.26,668.06,0.0014
1_36,686.17,688.96,0.0013
1_36,990.04,992.97,0.0013
1_36,808.17,810.95,0.0012
1_36,883.65,889.51,0.0012
1_36,1030.98,1042.04,0.0012
1_36,1115.42,1117.96,0.0011
1_36,741.76,744.37,0.0011
1_36,835.68,854.57,0.0011
1_36,749.42,762.51,0.0011
1_36,725.82,731.48,0.001
1_36,918.45,921.57,0.001
18_101,984.3,998.55,0.9994
18_101,945.7,960.02,0.9986
18_101,770.52,847.26,0.9982
18_101,615.55,640.97,0.9975
18_101,962.16,967.51,0.9973
18_101,643.32,663.38,0.9967
18_101,732.61,766.43,0.9907
18_101,854.52,946.14,0.9884
18_101,969.58,976.96,0.9619
18_101,1049.66,1051.81,0.9455
18_101,979.86,1047.94,0.9091
18_101,838.26,945.65,0.2328
18_101,615.53,640.99,0.1355
18_101,945.7,960.02,0.134
18_101,770.41,847.34,0.134
18_101,962.16,967.51,0.1312
18_101,979.95,1047.92,0.1233
18_101,984.3,998.55,0.1128
18_101,998.01,1003.57,0.024
18_101,945.69,960.01,0.0182
18_101,767.49,777.67,0.0152
18_101,984.29,998.55,0.0151
18_101,653.12,694.93,0.0117
18_101,745.49,764.8,0.0117
18_101,721.76,733.73,0.0108
18_101,770.18,776.14,0.0073
18_101,1030.85,1042.79,0.0073
18_101,842.9,883.27,0.0073
18_101,995.92,998.37,0.0065
18_101,884.75,890.55,0.006
18_101,962.63,965.77,0.0054
18_101,1053.3,1063.37,0.0045
18_101,997.91,1000.22,0.0044
18_101,930.7,942.92,0.0041
18_101,643.77,647.06,0.0038
18_101,924.01,926.8,0.0034
18_101,940.52,943.14,0.0033
18_101,912.94,925.55,0.003
18_101,954.98,960.74,0.0029
18_101,735.36,758.22,0.0026
18_101,868.15,880.85,0.0024
18_101,645.19,665.26,0.0023
18_101,1016.87,1019.34,0.0022
18_101,830.7,833.23,0.002
18_101,1018.91,1025.17,0.0018
18_101,970.64,976.38,0.0018
18_101,982.49,988.22,0.0017
18_101,858.68,861.67,0.0017
18_101,785.48,788.79,0.0017
18_101,1146.92,1152.92,0.0016
18_101,901.99,904.85,0.0016
18_101,998.84,1016.54,0.0016
18_101,1106.76,1129.07,0.0016
18_101,1100.45,1103.4,0.0015
18_101,1035.1,1040.81,0.0015
18_101,769.0,779.84,0.0014
18_101,629.47,635.82,0.0014
18_101,679.98,702.35,0.0014
18_101,890.24,901.8,0.0013
18_101,795.84,802.04,0.0013
18_101,856.5,859.56,0.0012
18_101,978.07,984.33,0.0012
18_101,1082.84,1085.85,0.0012
18_101,1043.07,1078.8,0.0012
18_101,805.7,845.26,0.0011
18_101,711.49,718.03,0.0011
18_101,746.41,749.03,0.0011
18_101,959.84,969.32,0.0011
18_101,1144.81,1147.47,0.0011
18_101,1028.51,1034.42,0.001
22_32,852.25,894.95,0.9995
22_32,657.29,670.39,0.9988
22_32,674.59,712.58,0.9986
22_32,904.64,926.71,0.9964
22_32,804.8,821.11,0.9949
22_32,632.97,649.27,0.9941
22_32,830.09,845.12,0.9939
22_32,729.62,754.55,0.9935
22_32,896.64,903.36,0.9901
22_32,844.49,850.88,0.9895
22_32,784.32,789.45,0.9798
22_32,760.99,784.95,0.9647
22_32,918.4,922.67,0.9224
22_32,657.29,670.41,0.1356
22_32,844.49,850.87,0.1348
22_32,804.81,821.11,0.1343
22_32,852.22,894.95,0.134
22_32,830.07,845.13,0.1338
22_32,918.4,922.67,0.125
22_32,904.63,926.73,0.1142
22_32,830.07,845.12,0.0181
22_32,804.8,821.12,0.0181
22_32,850.85,860.54,0.0146
22_32,615.95,631.72,0.013
22_32,676.95,679.65,0.0094
22_32,1129.65,1132.6,0.0089
22_32,642.0,723.26,0.0087
22_32,1033.06,1038.77,0.0068
22_32,892.17,897.72,0.0061
22_32,951.82,954.52,0.0053
22_32,957.53,960.15,0.0047
22_32,820.89,830.46,0.0044
22_32,754.49,760.36,0.0043
22_32,745.77,751.57,0.0041
22_32,915.89,918.84,0.0032
22_32,866.22,890.69,0.0029
22_32,966.19,987.73,0.0029
22_32,636.55,647.75,0.0028
22_32,1097.63,1100.72,0.0028
22_32,1081.45,1083.94,0.0027
22_32,924.0,929.54,0.0027
22_32,1020.7,1032.18,0.0024
22_32,1072.27,1074.87,0.0023
22_32,1137.13,1142.85,0.0021
22_32,686.85,689.1,0.002
22_32,1076.31,1082.31,0.0019
22_32,618.87,624.94,0.0019
22_32,1123.45,1126.05,0.0018
22_32,864.69,867.67,0.0018
22_32,715.95,755.4,0.0017
22_32,1108.8,1114.24,0.0017
22_32,772.39,775.32,0.0017
22_32,710.77,713.15,0.0017
22_32,673.84,686.57,0.0016
22_32,839.91,845.06,0.0015
22_32,681.08,701.93,0.0015
22_32,1083.82,1089.89,0.0014
22_32,1117.83,1123.89,0.0014
22_32,784.85,787.75,0.0014
22_32,924.33,935.49,0.0014
22_32,1033.09,1117.8,0.0014
22_32,655.67,673.26,0.0014
22_32,1134.63,1137.3,0.0014
22_32,879.24,881.9,0.0013
22_32,810.99,817.09,0.0013
22_32,1040.18,1045.88,0.0013
22_32,728.76,739.15,0.0012
22_32,1072.37,1077.82,0.0012
22_32,1100.05,1102.75,0.0012
22_32,877.52,888.68,0.0011
22_32,897.73,900.6,0.0011
22_32,960.98,967.2,0.0011
22_32,1139.02,1141.59,0.0011
22_32,1058.03,1064.51,0.001
16_26,898.42,938.09,0.999
16_26,1063.5,1075.56,0.9988
16_26,1021.21,1062.94,0.9987
16_26,1083.61,1134.6,0.9981
16_26,845.12,851.85,0.9976
16_26,825.69,839.42,0.9973
16_26,1075.83,1078.68,0.9963
16_26,983.39,989.6,0.9959
16_26,701.17,739.99,0.9943
16_26,948.18,960.1,0.994
16_26,748.02,766.67,0.9937
16_26,771.33,803.94,0.9919
16_26,618.07,664.63,0.9917
16_26,989.62,1020.7,0.9814
16_26,970.19,980.27,0.9807
16_26,805.51,817.09,0.9766
16_26,669.58,695.71,0.9674
16_26,868.95,889.41,0.9662
16_26,855.99,867.37,0.9596
16_26,939.93,969.91,0.7196
16_26,1042.16,1060.82,0.6665
16_26,898.43,938.09,0.1352
16_26,1063.49,1075.56,0.1349
16_26,701.17,740.03,0.1338
16_26,845.13,851.85,0.1335
16_26,748.01,766.65,0.1334
16_26,771.32,803.94,0.1323
16_26,983.39,989.6,0.1301
16_26,948.18,960.09,0.098
16_26,1042.16,1060.81,0.0905
16_26,1063.5,1075.57,0.0183
16_26,620.2,630.28,0.0085
16_26,989.33,995.12,0.0085
16_26,769.04,792.71,0.0081
16_26,821.11,842.64,0.0078
16_26,847.78,868.32,0.0076
16_26,1157.23,1160.61,0.0057
16_26,717.77,739.45,0.0052
16_26,1143.68,1156.04,0.0052
16_26,1116.14,1128.02,0.0051
16_26,675.68,680.79,0.0045
16_26,978.93,981.55,0.0036
16_26,837.3,843.34,0.0035
16_26,1010.39,1016.53,0.0034
16_26,867.9,873.49,0.0031
16_26,893.02,902.56,0.0031
16_26,1097.61,1100.72,0.003
16_26,620.24,642.69,0.003
16_26,822.36,825.49,0.0029
16_26,1022.45,1043.36,0.0027
16_26,656.66,659.5,0.0027
16_26,1043.39,1046.07,0.0026
16_26,1031.47,1034.44,0.0025
16_26,769.21,779.68,0.0025
16_26,958.08,970.4,0.0025
16_26,932.93,938.2,0.0021
16_26,736.31,742.2,0.002
16_26,747.07,820.98,0.002
16_26,1044.37,1055.62,0.0019
16_26,694.38,705.57,0.0019
16_26,1080.4,1082.86,0.0019
16_26,794.73,805.29,0.0019
16_26,830.4,833.66,0.0018
16_26,1107.1,1129.22,0.0018
16_26,971.03,973.49,0.0018
16_26,1077.09,1098.49,0.0017
16_26,750.76,757.12,0.0016
16_26,607.92,673.87,0.0015
16_26,733.05,739.08,0.0015
16_26,705.25,707.97,0.0015
16_26,680.82,683.57,0.0014
16_26,1124.2,1127.39,0.0014
16_26,1005.58,1008.38,0.0013
16_26,664.29,701.1,0.0013
16_26,1062.39,1085.2,0.0012
16_26,922.93,946.55,0.0012
16_26,810.84,813.69,0.0012
16_26,987.47,1009.98,0.0012
16_26,893.64,896.43,0.0011
16_26,1125.63,1135.75,0.0011
16_26,838.02,859.33,0.0011
16_26,1047.98,1051.41,0.001
16_26,1139.0,1141.69,0.001
16_26,1141.16,1224.51,0.001
1_42,632.21,679.5,0.9998
1_42,614.44,631.4,0.9924
1_42,770.64,785.56,0.9911
1_42,803.98,815.69,0.9903
1_42,694.01,722.28,0.9865
1_42,785.89,803.64,0.985
1_42,687.55,693.15,0.9822
1_42,722.38,736.27,0.9733
1_42,745.76,769.61,0.9715
1_42,816.18,819.06,0.9674
1_42,736.56,760.81,0.6347
1_42,647.53,687.3,0.4968
1_42,770.63,785.56,0.1347
1_42,803.97,815.68,0.1334
1_42,745.77,769.59,0.0861
1_42,736.55,760.8,0.0569
1_42,770.61,785.55,0.0181
1_42,677.36,679.72,0.0133
1_42,797.33,802.88,0.0122
1_42,783.56,785.68,0.0119
1_42,787.63,789.86,0.0109
1_42,814.48,824.76,0.0088
1_42,624.09,629.94,0.0087
1_42,751.21,763.62,0.0086
1_42,1010.6,1016.53,0.0084
1_42,827.44,914.12,0.0083
1_42,829.29,834.97,0.008
1_42,720.91,723.18,0.0077
1_42,739.86,752.93,0.0073
1_42,973.27,976.64,0.0064
1_42,695.04,700.56,0.0063
1_42,938.61,944.86,0.0062
1_42,650.74,672.62,0.0062
1_42,962.38,968.07,0.0053
1_42,820.36,826.41,0.0047
1_42,693.63,737.22,0.0044
1_42,613.08,628.46,0.0044
1_42,715.94,718.69,0.0042
1_42,734.91,737.22,0.0039
1_42,666.55,672.74,0.0036
1_42,741.3,743.51,0.0035
1_42,787.21,804.95,0.0034
1_42,682.73,688.82,0.0034
1_42,885.44,888.14,0.0031
1_42,1017.18,1019.39,0.0031
1_42,902.45,924.26,0.003
1_42,859.59,861.9,0.0029
1_42,737.07,748.15,0.0029
1_42,654.05,656.94,0.0028
1_42,674.85,677.9,0.0026
1_42,724.75,730.15,0.0026
1_42,888.28,890.89,0.0024
1_42,891.0,896.62,0.0024
1_42,687.95,778.36,0.0022
1_42,925.66,928.34,0.0022
1_42,668.65,671.51,0.0022
1_42,824.03,835.28,0.0021
1_42,805.17,811.68,0.0021
1_42,938.74,941.75,0.0021
1_42,681.1,683.29,0.0021
1_42,934.23,977.59,0.0019
1_42,864.36,866.76,0.0019
1_42,837.0,839.75,0.0019
1_42,753.87,756.56,0.0018
1_42,842.68,845.87,0.0018
1_42,671.88,675.35,0.0017
1_42,823.49,826.46,0.0017
1_42,717.16,723.15,0.0016
1_42,710.58,716.62,0.0016
1_42,876.39,879.16,0.0016
1_42,618.04,620.51,0.0016
1_42,815.53,820.73,0.0015
1_42,928.48,934.06,0.0015
1_42,758.2,770.2,0.0015
1_42,825.71,828.55,0.0014
1_42,799.44,802.7,0.0014
1_42,685.37,720.79,0.0014
1_42,731.41,734.4,0.0014
1_42,781.47,823.0,0.0014
1_42,1014.56,1106.93,0.0014
1_42,878.32,884.03,0.0014
1_42,664.85,667.11,0.0013
1_42,723.15,726.42,0.0012
1_42,677.46,680.18,0.0012
1_42,903.32,906.76,0.0011
1_42,1023.63,1026.43,0.0011
1_42,821.44,824.39,0.0011
1_42,759.08,761.98,0.001
2_17,1163.72,1181.88,0.9983
2_17,1103.53,1163.54,0.9966
2_17,786.27,827.8,0.9961
2_17,945.45,996.48,0.9956
2_17,861.95,889.83,0.9952
2_17,677.6,785.75,0.9894
2_17,617.77,677.11,0.9874
2_17,1182.59,1228.8,0.9857
2_17,853.97,861.11,0.9801
2_17,916.93,942.65,0.9766
2_17,1000.22,1086.63,0.9762
2_17,1087.04,1100.93,0.9762
2_17,828.29,850.39,0.9654
2_17,892.39,915.55,0.9653
2_17,861.97,889.81,0.1341
2_17,1087.03,1100.93,0.1322
2_17,786.29,827.84,0.1318
2_17,1103.46,1163.62,0.1305
2_17,1087.04,1100.93,0.0177
2_17,1103.36,1163.58,0.0174
2_17,916.98,923.6,0.0126
2_17,1103.52,1123.85,0.0126
2_17,787.31,799.52,0.012
2_17,734.41,783.25,0.0115
2_17,1132.39,1134.96,0.0081
2_17,677.66,703.92,0.0067
2_17,618.67,662.65,0.0066
2_17,944.9,965.98,0.0055
2_17,1135.18,1161.42,0.0052
2_17,1072.52,1075.76,0.005
2_17,760.39,784.01,0.0043
2_17,648.93,675.27,0.0037
2_17,1063.21,1072.14,0.0035
2_17,1163.01,1179.64,0.0035
2_17,915.7,938.99,0.0032
2_17,614.25,617.53,0.003
2_17,1191.21,1216.28,0.0027
2_17,998.8,1038.01,0.0023
2_17,619.06,698.56,0.0021
2_17,1159.88,1162.49,0.0021
2_17,1068.89,1071.87,0.002
2_17,1174.42,1228.8,0.0019
2_17,1116.5,1128.19,0.0018
2_17,1086.55,1089.67,0.0018
2_17,801.8,827.43,0.0017
2_17,1015.84,1064.42,0.0017
2_17,938.44,999.16,0.0016
2_17,892.05,904.16,0.0015
2_17,1123.64,1146.13,0.0015
2_17,998.6,1000.31,0.0014
2_17,875.47,887.05,0.0014
2_17,1191.82,1194.13,0.0013
2_17,677.36,689.14,0.0012
2_17,838.9,844.28,0.0012
2_17,853.26,864.8,0.0012
2_17,1040.05,1046.01,0.0011
2_17,1105.71,1116.43,0.0011
2_17,862.51,874.48,0.0011
2_17,1049.79,1052.73,0.001
12_10,702.18,715.14,0.9979
12_10,641.23,646.24,0.9957
12_10,626.22,629.41,0.993
12_10,691.72,699.68,0.9928
12_10,801.11,819.39,0.9927
12_10,653.71,671.18,0.9911
12_10,753.12,761.98,0.987
12_10,769.05,783.58,0.9685
12_10,678.98,686.94,0.948
12_10,626.23,629.41,0.1348
12_10,641.23,646.24,0.1332
12_10,722.88,728.1,0.0198
12_10,731.94,753.82,0.0153
12_10,645.75,651.49,0.0132
12_10,726.57,729.67,0.0089
12_10,1000.82,1006.69,0.008
12_10,1008.56,1011.4,0.0078
12_10,661.5,667.43,0.0074
12_10,964.5,967.39,0.0074
12_10,1021.19,1044.65,0.0062
12_10,788.43,799.54,0.0044
12_10,629.15,634.12,0.0044
12_10,962.57,1000.18,0.0035
12_10,1013.75,1108.5,0.0035
12_10,780.22,790.53,0.0034
12_10,755.48,761.16,0.0034
12_10,724.75,730.38,0.0033
12_10,916.38,927.34,0.003
12_10,722.97,725.79,0.0028
12_10,885.62,891.33,0.0027
12_10,861.32,866.8,0.0025
12_10,635.17,641.11,0.0025
12_10,826.19,837.83,0.0025
12_10,638.08,657.15,0.0024
12_10,632.76,635.39,0.0022
12_10,681.02,686.82,0.0021
12_10,729.24,734.44,0.0019
12_10,952.46,954.72,0.0019
12_10,979.27,991.27,0.0019
12_10,854.34,856.91,0.0018
12_10,698.98,717.99,0.0016
12_10,758.85,769.44,0.0016
12_10,993.48,999.08,0.0016
12_10,888.64,899.28,0.0013
12_10,614.51,617.45,0.0013
12_10,1020.04,1022.55,0.0013
12_10,687.13,689.9,0.0012
12_10,879.09,885.1,0.0012
12_10,919.44,921.85,0.0012
12_10,821.31,823.7,0.0012
12_10,915.71,918.69,0.0011
12_10,1015.27,1020.32,0.0011
12_10,1002.91,1005.66,0.0011
12_10,740.32,746.4,0.0011
12_10,745.71,823.76,0.001
12_10,750.48,753.24,0.001
21_8,626.46,651.36,0.9989
21_8,759.13,786.42,0.9985
21_8,1101.56,1119.24,0.9976
21_8,801.7,853.93,0.9972
21_8,677.91,694.77,0.9971
21_8,1072.64,1090.29,0.997
21_8,699.6,713.28,0.996
21_8,1045.28,1058.96,0.9955
21_8,1090.31,1101.55,0.995
21_8,652.19,671.47,0.9944
21_8,894.16,953.68,0.9924
21_8,870.85,894.14,0.9883
21_8,1017.97,1045.27,0.9872
21_8,973.76,996.23,0.9666
21_8,1072.63,1090.29,0.1351
21_8,1045.28,1058.94,0.1348
21_8,759.11,786.4,0.134
21_8,801.64,853.96,0.1324
21_8,699.59,713.28,0.1315
21_8,903.68,909.98,0.0322
21_8,801.73,853.91,0.018
21_8,1045.29,1058.94,0.0179
21_8,759.09,786.42,0.0179
21_8,699.6,713.28,0.0175
21_8,694.13,696.78,0.0174
21_8,915.14,928.07,0.0143
21_8,1006.97,1019.28,0.0128
21_8,737.02,756.51,0.0113
21_8,851.45,857.38,0.0088
21_8,977.6,982.92,0.0088
21_8,789.75,795.8,0.0083
21_8,678.69,681.35,0.0074
21_8,717.97,724.1,0.0072
21_8,728.35,735.23,0.0059
21_8,827.26,830.28,0.0057
21_8,885.98,888.79,0.0053
21_8,901.73,904.24,0.005
21_8,864.76,903.06,0.0049
21_8,631.3,644.05,0.0035
21_8,640.69,651.85,0.0032
21_8,903.17,914.26,0.0032
21_8,1104.23,1107.12,0.0031
21_8,833.15,836.11,0.0029
21_8,766.73,769.41,0.0029
21_8,1050.41,1060.19,0.0028
21_8,1090.58,1096.55,0.0027
21_8,910.75,917.1,0.0027
21_8,897.05,903.45,0.0026
21_8,873.3,884.77,0.0023
21_8,775.75,778.44,0.0022
21_8,1103.71,1114.71,0.0022
21_8,935.78,946.57,0.0021
21_8,1149.05,1193.33,0.002
21_8,881.83,892.76,0.0018
21_8,821.26,824.58,0.0017
21_8,947.31,953.6,0.0017
21_8,814.07,816.79,0.0017
21_8,739.9,742.69,0.0016
21_8,860.7,863.21,0.0016
21_8,1080.08,1090.38,0.0015
21_8,1022.3,1028.08,0.0015
21_8,674.59,693.73,0.0015
21_8,775.05,786.28,0.0015
21_8,720.72,760.07,0.0014
21_8,787.21,808.25,0.0014
21_8,1009.46,1015.28,0.0013
21_8,834.46,846.34,0.0012
21_8,668.48,671.26,0.0012
21_8,1037.3,1042.87,0.0011
21_8,1086.51,1089.43,0.0011
21_8,753.58,759.1,0.0011
21_8,750.53,753.24,0.0011
21_8,965.39,1051.96,0.001
4_24,729.96,750.83,0.9992
4_24,916.49,928.31,0.999
4_24,832.95,852.77,0.9957
4_24,1186.56,1193.51,0.9954
4_24,795.38,812.19,0.9942
4_24,632.42,685.47,0.9929
4_24,947.81,951.99,0.9918
4_24,899.78,906.05,0.9905
4_24,890.04,899.27,0.988
4_24,1199.78,1207.56,0.9876
4_24,1105.03,1184.5,0.9855
4_24,952.02,1086.45,0.9753
4_24,874.73,880.97,0.9748
4_24,1223.46,1228.8,0.9644
4_24,729.95,750.81,0.1349
4_24,632.43,685.43,0.1348
4_24,947.81,951.98,0.1348
4_24,916.49,928.32,0.1342
4_24,832.95,852.77,0.134
4_24,795.38,812.19,0.1335
4_24,899.78,906.04,0.133
4_24,890.04,899.27,0.1288
4_24,1186.56,1193.51,0.1279
4_24,947.81,951.98,0.0182
4_24,1180.05,1182.37,0.0133
4_24,1078.89,1121.18,0.0119
4_24,1193.24,1198.38,0.0084
4_24,880.81,888.7,0.0081
4_24,977.59,1018.59,0.008
4_24,1205.79,1228.8,0.0061
4_24,876.37,879.37,0.0059
4_24,794.07,806.78,0.0059
4_24,973.9,980.21,0.0058
4_24,730.12,736.18,0.005
4_24,1170.55,1173.14,0.0045
4_24,777.88,788.87,0.0038
4_24,682.43,761.21,0.0035
4_24,927.67,932.94,0.0034
4_24,1146.87,1152.89,0.0034
4_24,823.05,835.03,0.003
4_24,965.65,968.17,0.0028
4_24,1183.63,1186.33,0.0028
4_24,1141.02,1179.52,0.0026
4_24,980.19,982.38,0.0026
4_24,909.1,928.45,0.0024
4_24,1193.45,1199.4,0.0022
4_24,857.72,869.92,0.0021
4_24,1227.22,1228.8,0.0021
4_24,706.78,728.9,0.002
4_24,951.34,958.12,0.0019
4_24,899.19,907.7,0.0019
4_24,1172.91,1192.14,0.0019
4_24,933.48,943.45,0.0019
4_24,847.18,853.0,0.0019
4_24,750.19,761.88,0.0018
4_24,698.88,710.24,0.0018
4_24,1199.78,1205.46,0.0018
4_24,1048.8,1062.39,0.0017
4_24,709.76,715.75,0.0017
4_24,729.79,743.63,0.0016
4_24,1173.61,1179.61,0.0015
4_24,930.79,933.43,0.0015
4_24,930.22,965.36,0.0014
4_24,957.52,1027.87,0.0014
4_24,827.49,877.61,0.0013
4_24,1209.71,1215.44,0.0013
4_24,1021.6,1034.82,0.0013
4_24,981.88,984.21,0.0013
4_24,968.65,974.39,0.0013
4_24,1151.41,1171.87,0.0012
4_24,951.75,954.51,0.0011
4_24,777.25,798.85,0.0011
4_24,1127.23,1138.39,0.0011
9_36,819.88,825.27,0.9996
9_36,668.72,678.17,0.9985
9_36,815.5,819.88,0.9975
9_36,616.41,668.7,0.9971
9_36,739.24,749.36,0.9969
9_36,687.61,720.0,0.9949
9_36,722.36,737.22,0.9731
9_36,749.03,760.83,0.9689
9_36,768.94,814.82,0.958
9_36,616.51,668.63,0.1354
9_36,687.63,719.99,0.1348
9_36,815.5,819.88,0.1348
9_36,668.72,678.16,0.1346
9_36,616.43,668.74,0.0186
9_36,687.63,720.04,0.0184
9_36,830.35,836.23,0.014
9_36,876.22,916.47,0.0115
9_36,721.3,764.1,0.0113
9_36,983.74,1005.43,0.0102
9_36,771.13,781.81,0.0082
9_36,939.81,946.01,0.0067
9_36,619.98,643.03,0.0064
9_36,613.98,619.23,0.006
9_36,890.27,910.65,0.005
9_36,717.45,723.14,0.0047
9_36,658.06,668.65,0.0044
9_36,779.96,790.21,0.0042
9_36,931.91,934.49,0.0042
9_36,1019.26,1022.15,0.0039
9_36,996.49,1002.59,0.0034
9_36,1012.68,1023.07,0.0034
9_36,909.5,912.24,0.0031
9_36,920.23,925.24,0.0029
9_36,896.36,902.29,0.0028
9_36,670.0,676.42,0.0027
9_36,1002.98,1014.85,0.0025
9_36,847.24,850.09,0.0025
9_36,745.36,764.92,0.0025
9_36,819.72,831.24,0.0024
9_36,778.44,781.23,0.0024
9_36,719.98,739.63,0.0022
9_36,742.8,748.2,0.0021
9_36,919.86,940.94,0.0021
9_36,1012.19,1014.71,0.0021
9_36,860.04,872.46,0.002
9_36,833.52,836.77,0.002
9_36,617.98,620.4,0.0019
9_36,909.52,920.72,0.0019
9_36,988.91,994.81,0.0019
9_36,959.11,970.01,0.0019
9_36,825.16,828.07,0.0017
9_36,903.57,906.5,0.0017
9_36,672.09,674.91,0.0016
9_36,958.27,961.59,0.0016
9_36,815.92,819.26,0.0016
9_36,706.83,718.41,0.0015
9_36,647.0,650.05,0.0015
9_36,681.57,691.74,0.0015
9_36,869.55,872.24,0.0014
9_36,884.17,894.94,0.0014
9_36,828.1,914.23,0.0013
9_36,713.38,716.08,0.0013
9_36,840.11,842.97,0.0012
9_36,741.1,743.67,0.0012
9_36,850.89,853.59,0.0012
9_36,985.25,987.82,0.0012
9_36,668.3,671.44,0.0011
9_36,655.2,657.92,0.0011
9_36,782.44,804.94,0.0011
9_36,921.17,931.28,0.001
9_36,689.6,709.86,0.001
23_1,872.98,1051.81,0.8339
23_1,1058.26,1152.79,0.6676
23_1,1187.62,1228.8,0.5379
23_1,773.24,807.81,0.4878
23_1,649.41,684.22,0.4805
23_1,614.61,642.77,0.4799
23_1,809.57,870.62,0.428
23_1,718.4,741.84,0.425
23_1,747.78,769.44,0.4115
23_1,687.44,714.17,0.3989
23_1,1154.26,1171.11,0.3976
23_1,1172.16,1190.96,0.3425
23_1,635.9,649.06,0.243
23_1,1163.36,1174.89,0.1522
23_1,1174.09,1186.01,0.1294
23_1,744.19,766.42,0.1283
23_1,694.86,717.56,0.1264
23_1,724.23,747.7,0.1146
23_1,1149.18,1163.89,0.1126
23_1,641.62,650.65,0.1123
23_1,769.57,805.82,0.1044
23_1,878.45,1052.58,0.1031
23_1,652.65,686.48,0.0983
23_1,623.03,646.93,0.0973
23_1,1180.57,1190.88,0.0943
23_1,650.44,659.55,0.075
23_1,1169.87,1181.52,0.0743
23_1,806.0,869.15,0.0669
23_1,683.92,708.62,0.0642
23_1,1177.95,1228.8,0.064
23_1,716.0,737.67,0.0614
23_1,1165.71,1170.61,0.057
23_1,700.1,802.06,0.0532
23_1,871.12,917.35,0.0513
23_1,852.07,868.93,0.0492
23_1,761.06,770.44,0.0455
23_1,1111.69,1154.59,0.0444
23_1,1176.93,1182.15,0.0436
23_1,1154.4,1166.4,0.0416
23_1,621.02,704.78,0.0413
23_1,1039.8,1059.51,0.0398
23_1,643.52,651.8,0.0396
23_1,615.47,640.96,0.0351
23_1,977.98,1058.81,0.034
23_1,1182.29,1193.31,0.0316
23_1,668.36,678.79,0.03
23_1,1164.97,1167.78,0.0298
23_1,753.92,764.29,0.0298
23_1,1185.34,1228.8,0.0296
23_1,755.45,846.85,0.0265
23_1,1149.7,1156.24,0.0261
23_1,1051.02,1146.21,0.0243
23_1,1139.47,1151.25,0.024
23_1,637.96,643.79,0.0234
23_1,704.2,716.3,0.0233
23_1,1181.17,1183.67,0.023
23_1,1174.29,1178.89,0.023
23_1,1161.14,1172.13,0.0219
23_1,1188.6,1194.87,0.0215
23_1,874.17,899.72,0.0209
23_1,682.65,694.54,0.0206
23_1,713.96,731.68,0.02
23_1,644.51,657.08,0.0198
23_1,742.33,763.18,0.0197
23_1,1227.8,1228.8,0.0196
23_1,1020.82,1043.46,0.019
23_1,1169.83,1174.87,0.0188
23_1,782.52,803.4,0.0179
23_1,664.93,736.52,0.0168
23_1,1162.25,1165.06,0.0161
23_1,805.57,832.76,0.0157
23_1,1185.58,1191.04,0.0147
23_1,1126.07,1185.94,0.0141
23_1,1050.56,1073.19,0.0138
23_1,1178.47,1185.08,0.0136
23_1,1040.06,1050.64,0.0134
23_1,751.43,772.32,0.0124
23_1,642.74,645.01,0.0124
23_1,942.71,1004.83,0.0123
23_1,698.44,710.07,0.0119
23_1,603.83,671.03,0.0117
23_1,1192.54,1228.8,0.0115
23_1,768.26,788.28,0.0113
23_1,1085.67,1099.06,0.0111
23_1,729.63,741.45,0.0107
23_1,665.85,688.11,0.0107
23_1,828.85,869.5,0.0105
23_1,886.02,897.54,0.0104
23_1,689.17,702.58,0.01
23_1,1000.88,1045.7,0.0099
23_1,649.65,657.93,0.0099
23_1,1169.73,1205.5,0.0095
23_1,1131.87,1152.79,0.0093
23_1,804.14,816.33,0.0091
23_1,1175.74,1178.56,0.0091
23_1,712.47,768.01,0.0083
23_1,1159.55,1165.63,0.0079
23_1,1058.96,1085.31,0.0079
23_1,1166.41,1171.65,0.0079
23_1,966.05,987.69,0.0079
23_1,898.76,943.71,0.0078
23_1,645.78,650.43,0.0075
23_1,637.12,642.88,0.0073
23_1,1174.12,1176.96,0.0072
23_1,789.08,802.0,0.007
23_1,589.69,631.51,0.0069
23_1,860.81,871.2,0.0069
23_1,1046.66,1056.64,0.0068
23_1,870.2,888.47,0.0067
23_1,757.27,763.17,0.0067
23_1,1152.26,1157.79,0.0066
23_1,1179.84,1182.89,0.0065
23_1,740.85,749.44,0.0064
23_1,1186.36,1189.04,0.0061
23_1,721.11,733.01,0.0061
23_1,624.34,630.42,0.0059
23_1,626.94,649.74,0.0056
23_1,851.73,863.93,0.0056
23_1,713.05,721.24,0.0056
23_1,788.88,791.93,0.0055
23_1,1225.62,1228.8,0.0055
23_1,1097.45,1175.45,0.0055
23_1,1189.44,1192.39,0.0053
23_1,650.27,674.05,0.0052
23_1,1145.28,1154.7,0.0051
23_1,649.13,651.57,0.005
23_1,1029.86,1051.53,0.0049
23_1,641.83,647.13,0.0049
23_1,892.29,903.6,0.0049
23_1,1155.14,1161.83,0.0048
23_1,765.93,771.48,0.0048
23_1,1045.37,1123.33,0.0048
23_1,985.74,1011.16,0.0046
23_1,791.97,863.73,0.0046
23_1,680.67,690.1,0.0046
23_1,705.88,712.95,0.0045
23_1,899.99,913.52,0.0045
23_1,1207.66,1228.8,0.0045
23_1,1165.8,1168.11,0.0044
23_1,1161.17,1164.2,0.0043
23_1,728.16,809.48,0.0042
23_1,1054.59,1059.34,0.0042
23_1,1168.6,1177.06,0.0041
23_1,1003.98,1027.4,0.0039
23_1,1187.82,1211.17,0.0039
23_1,638.85,641.95,0.0039
23_1,1042.05,1044.54,0.0037
23_1,693.29,700.37,0.0034
23_1,1178.34,1181.23,0.0034
23_1,662.57,682.77,0.0034
23_1,1153.02,1182.24,0.0033
23_1,1045.73,1048.31,0.0031
23_1,709.48,725.69,0.0031
23_1,1226.28,1228.8,0.003
23_1,1184.56,1189.66,0.0029
23_1,760.98,766.51,0.0029
23_1,833.69,836.99,0.0027
23_1,738.72,743.49,0.0027
23_1,1180.19,1186.1,0.0026
23_1,871.59,942.86,0.0026
23_1,785.17,791.58,0.0026
23_1,1163.69,1167.02,0.0026
23_1,831.19,857.95,0.0026
23_1,639.92,655.55,0.0025
23_1,1169.28,1172.17,0.0025
23_1,726.63,732.43,0.0024
23_1,810.7,836.77,0.0024
23_1,673.5,678.28,0.0024
23_1,1076.18,1100.67,0.0024
23_1,1167.12,1169.97,0.0023
23_1,1127.2,1150.04,0.0023
23_1,680.98,758.99,0.0023
23_1,1036.81,1043.27,0.0022
23_1,1188.6,1191.41,0.0022
23_1,656.97,660.19,0.0022
23_1,760.7,799.91,0.0021
23_1,661.01,668.11,0.002
23_1,704.22,709.93,0.002
23_1,860.97,863.88,0.002
23_1,1143.35,1224.22,0.002
23_1,898.58,901.04,0.0019
23_1,949.59,1012.57,0.0019
23_1,1177.15,1180.26,0.0019
23_1,855.85,873.97,0.0018
23_1,1043.36,1046.3,0.0018
23_1,1048.56,1051.66,0.0018
23_1,1225.83,1228.79,0.0018
23_1,689.46,694.99,0.0018
23_1,1053.85,1056.26,0.0018
23_1,1205.11,1228.8,0.0017
23_1,648.5,652.98,0.0017
23_1,1189.11,1201.42,0.0017
23_1,618.47,643.23,0.0017
23_1,763.12,772.44,0.0017
23_1,790.15,812.38,0.0017
23_1,922.62,932.71,0.0017
23_1,1011.79,1036.78,0.0017
23_1,887.64,899.3,0.0016
23_1,1024.75,1027.56,0.0016
23_1,1126.27,1132.86,0.0016
23_1,1158.92,1162.18,0.0016
23_1,769.06,780.71,0.0015
23_1,731.76,743.3,0.0015
23_1,826.1,842.27,0.0015
23_1,790.29,793.81,0.0015
23_1,1093.96,1144.1,0.0015
23_1,930.48,956.91,0.0015
23_1,636.25,641.54,0.0015
23_1,761.87,764.59,0.0015
23_1,708.99,714.04,0.0015
23_1,650.93,661.64,0.0014
23_1,1054.6,1061.4,0.0014
23_1,1035.04,1055.09,0.0014
23_1,1174.66,1177.22,0.0014
23_1,639.02,721.4,0.0014
23_1,641.81,644.62,0.0013
23_1,1140.97,1145.96,0.0013
23_1,887.0,890.1,0.0013
23_1,1151.12,1156.63,0.0013
23_1,759.61,762.38,0.0013
23_1,1190.72,1193.51,0.0013
23_1,769.53,771.67,0.0013
23_1,803.29,815.69,0.0013
23_1,844.7,858.62,0.0012
23_1,1206.59,1209.67,0.0012
23_1,967.85,982.13,0.0012
23_1,1217.37,1228.8,0.0012
23_1,1026.85,1029.92,0.0012
23_1,614.86,623.92,0.0012
23_1,1183.41,1186.63,0.0012
23_1,701.55,708.25,0.0012
23_1,660.22,662.59,0.0012
23_1,719.05,731.21,0.0011
23_1,687.43,690.67,0.0011
23_1,882.51,888.11,0.0011
23_1,1162.66,1165.79,0.0011
23_1,1172.47,1175.23,0.0011
23_1,764.31,766.55,0.0011
23_1,677.22,679.75,0.0011
23_1,1050.03,1055.26,0.0011
23_1,1074.82,1087.91,0.0011
23_1,1176.19,1178.92,0.0011
23_1,993.83,1007.45,0.0011
23_1,1147.12,1152.61,0.001
23_1,1181.41,1184.56,0.001
23_1,788.1,790.56,0.001
23_1,900.72,904.05,0.001
23_1,1160.63,1163.64,0.001
26_36,805.09,822.56,0.9998
26_36,782.4,786.14,0.9995
26_36,981.48,994.7,0.9981
26_36,868.28,913.47,0.9979
26_36,648.26,654.08,0.9947
26_36,736.06,766.74,0.9936
26_36,699.32,719.35,0.9934
26_36,668.08,694.54,0.9922
26_36,851.88,865.64,0.9913
26_36,787.88,799.01,0.9912
26_36,724.15,731.56,0.9901
26_36,996.55,1010.3,0.9897
26_36,943.91,980.62,0.9836
26_36,771.22,783.13,0.9833
26_36,620.14,644.92,0.9787
26_36,930.97,938.37,0.974
26_36,925.41,930.69,0.9702
26_36,919.05,925.15,0.9644
26_36,824.94,848.39,0.9559
26_36,648.25,654.08,0.1351
26_36,868.32,913.51,0.1348
26_36,668.08,694.54,0.1343
26_36,782.4,786.13,0.1343
26_36,981.48,994.69,0.134
26_36,996.56,1010.3,0.134
26_36,851.9,865.64,0.1339
26_36,919.06,925.15,0.1306
26_36,771.23,783.12,0.1285
26_36,782.4,786.13,0.018
26_36,1028.89,1034.55,0.0108
26_36,626.43,632.0,0.01
26_36,985.93,988.4,0.0099
26_36,721.73,733.16,0.0093
26_36,1093.35,1115.97,0.009
26_36,1061.0,1080.94,0.0075
26_36,999.99,1007.13,0.007
26_36,1107.48,1120.25,0.0066
26_36,616.37,652.44,0.0063
26_36,653.72,660.0,0.0063
26_36,754.53,760.67,0.006
26_36,852.34,858.58,0.006
26_36,1072.11,1075.01,0.0059
26_36,740.26,743.62,0.0058
26_36,1064.76,1067.49,0.0058
26_36,1042.06,1064.95,0.0056
26_36,826.81,832.77,0.005
26_36,988.02,990.77,0.0049
26_36,913.37,919.5,0.0047
26_36,1079.08,1084.15,0.0046
26_36,876.72,889.25,0.0042
26_36,681.63,687.97,0.004
26_36,834.05,846.6,0.004
26_36,1097.64,1099.95,0.0037
26_36,976.41,981.66,0.0036
26_36,801.14,822.89,0.0036
26_36,1040.26,1050.42,0.0033
26_36,721.4,724.2,0.0032
26_36,772.42,775.39,0.003
26_36,897.95,900.45,0.003
26_36,725.35,731.51,0.003
26_36,883.79,907.69,0.0029
26_36,1124.19,1126.66,0.0027
26_36,608.39,617.72,0.0026
26_36,1042.3,1045.15,0.0026
26_36,739.74,744.99,0.0025
26_36,814.17,820.14,0.0025
26_36,707.19,713.76,0.0024
26_36,670.75,675.44,0.0023
26_36,861.43,864.08,0.0022
26_36,995.15,1016.19,0.0021
26_36,943.84,955.64,0.0021
26_36,750.61,753.56,0.0021
26_36,795.46,798.46,0.0021
26_36,931.88,934.96,0.0019
26_36,1057.33,1063.25,0.0019
26_36,888.09,891.16,0.0018
26_36,1038.94,1042.18,0.0018
26_36,785.92,788.6,0.0018
26_36,818.25,824.37,0.0017
26_36,667.48,670.05,0.0017
26_36,737.09,776.84,0.0017
26_36,983.53,1070.55,0.0016
26_36,783.56,803.12,0.0016
26_36,635.22,638.36,0.0016
26_36,980.86,984.1,0.0016
26_36,731.62,734.16,0.0015
26_36,713.15,718.67,0.0015
26_36,764.58,767.5,0.0014
26_36,964.99,976.6,0.0013
26_36,792.51,794.78,0.0013
26_36,1097.7,1108.62,0.0011
26_36,701.81,715.04,0.0011
26_36,1046.89,1052.61,0.0011
26_36,1020.96,1043.65,0.001
26_36,657.72,698.16,0.001
26_36,930.75,942.05,0.001
26_36,954.62,956.91,0.001
26_36,692.52,695.14,0.001
26_36,804.48,807.43,0.001
9_24,740.52,781.46,0.9995
9_24,845.45,872.12,0.9987
9_24,710.66,725.58,0.9985
9_24,818.11,839.22,0.998
9_24,983.93,993.25,0.9963
9_24,788.3,811.9,0.9952
9_24,641.69,711.97,0.9948
9_24,881.45,898.87,0.9932
9_24,978.96,984.55,0.9925
9_24,919.99,979.55,0.9849
9_24,899.47,918.1,0.9564
9_24,788.28,811.91,0.1348
9_24,881.45,898.86,0.1347
9_24,983.92,993.25,0.1347
9_24,710.65,725.58,0.1341
9_24,845.45,872.12,0.1341
9_24,641.73,711.96,0.1336
9_24,978.96,984.55,0.1329
9_24,919.98,979.52,0.1308
9_24,696.26,699.02,0.0264
9_24,710.67,725.57,0.0182
9_24,616.54,638.22,0.0178
9_24,919.96,979.61,0.017
9_24,725.0,727.82,0.0149
9_24,1114.85,1125.58,0.0146
9_24,662.24,673.05,0.0134
9_24,811.68,844.5,0.0124
9_24,900.78,904.06,0.0096
9_24,930.93,941.6,0.0088
9_24,730.24,733.12,0.0087
9_24,714.33,716.99,0.0086
9_24,993.08,1004.57,0.0084
9_24,1019.59,1099.84,0.0079
9_24,1150.35,1152.61,0.0071
9_24,702.47,707.57,0.0061
9_24,683.24,693.97,0.0056
9_24,967.72,973.64,0.0056
9_24,872.45,881.61,0.0052
9_24,944.08,950.16,0.005
9_24,1020.03,1022.86,0.0047
9_24,739.03,741.7,0.0046
9_24,1158.7,1171.06,0.0045
9_24,1104.79,1107.31,0.0045
9_24,677.91,680.81,0.0045
9_24,934.53,940.64,0.0044
9_24,824.25,827.0,0.0043
9_24,1003.74,1005.91,0.0043
9_24,614.92,626.85,0.0043
9_24,992.79,998.02,0.0039
9_24,646.95,667.23,0.0038
9_24,832.04,837.81,0.0037
9_24,797.76,804.35,0.0036
9_24,747.83,770.78,0.0036
9_24,859.71,866.1,0.0036
9_24,909.94,915.94,0.0034
9_24,895.72,900.65,0.0033
9_24,949.71,961.76,0.0032
9_24,626.19,629.29,0.003
9_24,689.57,710.14,0.003
9_24,779.82,815.6,0.0029
9_24,677.26,683.58,0.0027
9_24,1089.98,1111.94,0.0026
9_24,949.91,952.97,0.0026
9_24,1025.5,1031.0,0.0026
9_24,822.57,828.63,0.0026
9_24,1056.81,1095.63,0.0026
9_24,794.35,796.99,0.0025
9_24,993.99,1019.33,0.0024
9_24,1159.5,1165.63,0.0023
9_24,725.31,735.09,0.0022
9_24,1016.07,1021.17,0.0022
9_24,882.88,889.59,0.0019
9_24,1094.01,1100.59,0.0019
9_24,735.35,740.83,0.0019
9_24,1063.06,1065.79,0.0019
9_24,874.84,877.8,0.0018
9_24,1149.61,1228.8,0.0018
9_24,1129.09,1134.51,0.0017
9_24,625.17,631.31,0.0016
9_24,984.85,990.82,0.0015
9_24,787.52,793.66,0.0014
9_24,1106.58,1111.72,0.0014
9_24,1021.6,1026.96,0.0014
9_24,1052.35,1057.86,0.0013
9_24,743.41,746.59,0.0013
9_24,1149.17,1159.3,0.0012
9_24,1027.21,1030.17,0.0012
9_24,1111.76,1114.64,0.0012
9_24,777.2,782.67,0.0012
9_24,883.43,895.99,0.0012
9_24,1122.29,1125.26,0.0011
9_24,707.06,709.53,0.0011
9_24,768.32,771.08,0.001
9_24,712.83,719.02,0.001
9_24,822.55,825.41,0.001
21_3,689.71,715.5,0.9995
21_3,1022.33,1034.89,0.9989
21_3,760.75,829.18,0.9985
21_3,671.58,689.01,0.9977
21_3,615.14,640.18,0.9957
21_3,958.19,972.14,0.9946
21_3,918.47,958.19,0.9943
21_3,1035.59,1052.32,0.9941
21_3,972.14,994.44,0.9916
21_3,642.32,663.21,0.9883
21_3,857.13,910.02,0.9857
21_3,829.18,857.07,0.9745
21_3,993.07,1020.22,0.957
21_3,718.31,748.98,0.9512
21_3,615.12,640.19,0.1354
21_3,760.77,829.14,0.1353
21_3,1035.6,1052.33,0.135
21_3,671.56,689.02,0.1349
21_3,857.05,910.09,0.1342
21_3,958.19,972.13,0.1341
21_3,972.12,994.45,0.1316
21_3,689.7,715.49,0.1314
21_3,829.18,857.06,0.1305
21_3,992.95,1003.95,0.0287
21_3,806.91,812.67,0.0204
21_3,689.71,715.51,0.0175
21_3,815.34,827.09,0.0132
21_3,846.18,855.75,0.0109
21_3,862.36,874.12,0.0085
21_3,710.8,748.58,0.0061
21_3,857.85,860.4,0.006
21_3,843.01,848.41,0.0055
21_3,1010.51,1013.28,0.0047
21_3,1108.36,1114.68,0.0039
21_3,821.29,824.42,0.0037
21_3,926.99,938.24,0.0037
21_3,719.97,731.73,0.0034
21_3,768.74,780.23,0.0031
21_3,689.8,692.65,0.003
21_3,830.69,833.36,0.0029
21_3,692.74,698.42,0.0029
21_3,1137.92,1224.21,0.0029
21_3,839.52,842.43,0.0025
21_3,666.77,669.69,0.0024
21_3,780.16,782.63,0.0023
21_3,937.23,940.0,0.0022
21_3,1071.51,1115.91,0.0022
21_3,700.86,711.53,0.0017
21_3,848.08,854.03,0.0017
21_3,912.83,952.88,0.0017
21_3,690.78,693.61,0.0016
21_3,984.72,987.73,0.0016
21_3,1148.59,1151.41,0.0016
21_3,796.86,800.03,0.0015
21_3,822.74,858.1,0.0015
21_3,745.24,748.29,0.0014
21_3,1136.21,1142.42,0.0014
21_3,1037.86,1044.33,0.0014
21_3,1028.47,1034.15,0.0014
21_3,1115.4,1120.56,0.0014
21_3,854.39,856.51,0.0013
21_3,1067.51,1070.03,0.0013
21_3,688.16,690.99,0.0013
21_3,995.65,1001.44,0.0012
21_3,1049.63,1133.49,0.0012
21_3,942.8,949.35,0.0012
21_3,900.56,912.46,0.0012
21_3,761.32,809.12,0.0012
21_3,649.76,655.6,0.0012
21_3,869.53,872.35,0.0012
21_3,704.26,707.2,0.0011
21_3,614.56,619.25,0.0011
21_3,1013.11,1019.98,0.0011
21_3,1078.47,1081.62,0.0011
21_3,1081.96,1094.57,0.0011
21_3,756.2,762.72,0.001
21_3,729.64,732.75,0.001
26_22,828.4,852.12,0.9975
26_22,700.41,759.56,0.9958
26_22,675.46,698.53,0.9955
26_22,640.69,674.98,0.9946
26_22,901.84,932.35,0.9945
26_22,1193.26,1228.8,0.9932
26_22,616.68,638.53,0.9926
26_22,1133.06,1159.71,0.9925
26_22,933.69,936.78,0.9918
26_22,938.95,975.81,0.9914
26_22,763.56,827.87,0.9911
26_22,978.84,1016.35,0.9844
26_22,1160.48,1177.19,0.9829
26_22,1045.68,1114.79,0.9802
26_22,1016.61,1044.29,0.9799
26_22,856.6,899.77,0.9737
26_22,1119.76,1131.75,0.9731
26_22,763.59,828.04,0.1346
26_22,933.68,936.78,0.1342
26_22,901.83,932.36,0.1328
26_22,1016.6,1044.28,0.1317
26_22,1133.09,1159.68,0.1299
26_22,1119.76,1131.74,0.1274
26_22,1105.31,1114.6,0.0193
26_22,1081.6,1084.48,0.0193
26_22,901.85,932.36,0.0178
26_22,1133.04,1159.73,0.0176
26_22,669.03,671.62,0.0102
26_22,1030.7,1043.51,0.0096
26_22,1159.42,1194.1,0.0092
26_22,1172.17,1174.67,0.009
26_22,648.48,673.17,0.0076
26_22,769.5,771.64,0.0073
26_22,733.33,735.51,0.0072
26_22,903.07,914.25,0.0063
26_22,639.8,642.52,0.0056
26_22,826.26,829.2,0.005
26_22,1053.07,1099.56,0.0044
26_22,943.96,947.0,0.0042
26_22,980.07,991.83,0.0041
26_22,674.92,694.28,0.004
26_22,1134.54,1137.33,0.0036
26_22,757.75,760.28,0.003
26_22,1194.97,1220.96,0.0028
26_22,1137.0,1140.37,0.0028
26_22,1160.53,1163.64,0.0027
26_22,852.78,873.2,0.0026
26_22,921.81,931.05,0.0025
26_22,626.04,637.33,0.0023
26_22,939.85,942.65,0.0023
26_22,978.97,1001.15,0.0022
26_22,873.19,894.6,0.0021
26_22,762.52,782.52,0.002
26_22,1178.59,1200.62,0.002
26_22,1084.51,1096.04,0.002
26_22,820.25,822.6,0.002
26_22,1188.24,1191.53,0.0018
26_22,1094.23,1096.96,0.0018
26_22,958.97,962.15,0.0018
26_22,941.49,977.9,0.0017
26_22,675.47,678.02,0.0017
26_22,913.94,928.24,0.0017
26_22,735.74,746.6,0.0016
26_22,695.93,698.39,0.0016
26_22,979.98,986.85,0.0016
26_22,856.23,859.17,0.0016
26_22,647.95,651.13,0.0016
26_22,843.8,849.86,0.0015
26_22,1018.38,1029.8,0.0015
26_22,1112.88,1115.3,0.0015
26_22,1110.16,1112.77,0.0014
26_22,1042.34,1044.27,0.0014
26_22,1092.34,1105.26,0.0013
26_22,643.05,654.36,0.0012
26_22,624.13,627.09,0.0012
26_22,1073.97,1076.38,0.0012
26_22,701.44,724.81,0.0012
26_22,849.54,852.01,0.0012
26_22,1052.74,1064.14,0.0012
26_22,909.21,912.57,0.0012
26_22,1120.45,1126.35,0.0011
26_22,1036.91,1043.12,0.0011
26_22,676.92,689.31,0.0011
26_22,1178.9,1190.42,0.001
26_22,1078.12,1081.02,0.001
26_22,1050.89,1053.53,0.001
26_22,805.99,808.76,0.001
8_15,618.36,654.15,0.9993
8_15,746.36,774.18,0.9961
8_15,841.25,874.15,0.9954
8_15,662.09,699.78,0.9925
8_15,701.64,746.45,0.9863
8_15,776.25,806.58,0.9821
8_15,841.29,874.14,0.135
8_15,618.37,654.1,0.1342
8_15,842.16,853.09,0.0183
8_15,773.99,779.45,0.0177
8_15,841.25,874.16,0.0145
8_15,759.85,771.76,0.0104
8_15,814.95,839.87,0.0081
8_15,879.89,903.71,0.0079
8_15,748.37,753.87,0.0079
8_15,1092.94,1095.29,0.0059
8_15,648.02,653.87,0.0052
8_15,769.8,772.73,0.0048
8_15,851.39,857.31,0.0047
8_15,702.53,707.86,0.0044
8_15,815.04,827.28,0.004
8_15,780.79,786.8,0.0036
8_15,662.61,665.49,0.0035
8_15,1087.89,1090.21,0.0034
8_15,883.97,895.06,0.0034
8_15,937.3,973.34,0.0033
8_15,748.89,751.72,0.0031
8_15,1065.93,1075.9,0.0028
8_15,733.08,738.41,0.0027
8_15,676.31,697.23,0.0025
8_15,984.22,995.42,0.0025
8_15,725.36,728.42,0.0024
8_15,764.37,775.23,0.0023
8_15,882.88,958.56,0.002
8_15,766.04,768.76,0.0019
8_15,1088.5,1093.84,0.0019
8_15,777.83,801.58,0.0018
8_15,1083.43,1088.59,0.0017
8_15,1123.47,1129.03,0.0017
8_15,1063.6,1066.54,0.0017
8_15,752.93,755.48,0.0016
8_15,808.21,841.39,0.0015
8_15,971.33,976.78,0.0015
8_15,805.52,811.56,0.0014
8_15,702.44,722.69,0.0014
8_15,650.24,653.16,0.0014
8_15,908.92,911.89,0.0014
8_15,1046.87,1068.99,0.0013
8_15,727.67,733.64,0.0013
8_15,860.88,871.62,0.0013
8_15,1112.63,1123.41,0.0012
8_15,876.9,888.57,0.0012
8_15,643.47,649.4,0.0012
8_15,797.32,800.54,0.0012
8_15,732.02,774.84,0.0012
8_15,872.3,877.29,0.0011
8_15,989.01,995.12,0.0011
8_15,844.19,846.69,0.0011
8_15,1082.37,1084.96,0.0011
8_15,619.8,631.08,0.001
8_15,948.1,959.43,0.001
28_44,1028.88,1041.45,0.9995
28_44,664.23,720.48,0.9992
28_44,785.8,795.45,0.9986
28_44,660.08,663.43,0.9979
28_44,1005.82,1022.98,0.9959
28_44,808.4,858.33,0.9956
28_44,985.29,996.19,0.9925
28_44,967.69,972.3,0.9895
28_44,1040.62,1047.73,0.9858
28_44,619.54,658.36,0.9834
28_44,940.86,968.95,0.9829
28_44,737.2,781.98,0.9783
28_44,976.07,986.55,0.973
28_44,862.54,884.7,0.9726
28_44,797.12,805.93,0.9694
28_44,664.25,720.42,0.1354
28_44,785.8,795.45,0.1351
28_44,660.08,663.43,0.1348
28_44,808.47,858.29,0.1344
28_44,985.28,996.19,0.1338
28_44,967.69,972.31,0.1336
28_44,1028.89,1041.45,0.1332
28_44,1040.61,1047.74,0.1326
28_44,707.24,713.44,0.022
28_44,1040.61,1047.74,0.0179
28_44,664.27,720.47,0.0174
28_44,873.51,880.14,0.0162
28_44,806.4,809.62,0.0152
28_44,1034.85,1037.63,0.0131
28_44,868.5,871.49,0.0123
28_44,1048.07,1051.13,0.0123
28_44,679.14,690.45,0.0105
28_44,946.0,952.23,0.0101
28_44,643.07,663.04,0.0076
28_44,848.45,853.83,0.0072
28_44,663.59,669.37,0.007
28_44,880.58,903.04,0.0065
28_44,994.52,1003.76,0.006
28_44,1086.67,1092.1,0.0058
28_44,902.34,925.04,0.0058
28_44,766.95,772.99,0.0053
28_44,663.85,683.8,0.0049
28_44,824.92,848.27,0.0048
28_44,1047.89,1059.45,0.0045
28_44,861.85,864.73,0.0043
28_44,1075.58,1078.02,0.0043
28_44,729.27,798.71,0.004
28_44,616.05,638.64,0.0036
28_44,1078.7,1084.89,0.003
28_44,783.47,804.52,0.0027
28_44,1027.25,1051.41,0.0026
28_44,945.42,951.0,0.0024
28_44,894.53,899.9,0.0024
28_44,1110.18,1121.46,0.0023
28_44,1072.4,1112.93,0.0023
28_44,692.5,716.93,0.0021
28_44,1158.24,1160.61,0.002
28_44,792.72,864.09,0.002
28_44,622.49,632.25,0.0019
28_44,1023.08,1029.14,0.0018
28_44,819.73,822.11,0.0018
28_44,799.15,805.04,0.0017
28_44,677.0,679.66,0.0017
28_44,701.47,704.14,0.0016
28_44,748.77,770.98,0.0016
28_44,915.37,926.84,0.0016
28_44,1006.4,1012.07,0.0015
28_44,990.02,995.49,0.0015
28_44,778.91,781.65,0.0015
28_44,878.2,883.98,0.0014
28_44,750.01,752.97,0.0014
28_44,1120.11,1164.86,0.0014
28_44,1048.16,1053.31,0.0014
28_44,837.69,843.54,0.0013
28_44,931.89,934.76,0.0013
28_44,819.38,831.22,0.0013
28_44,949.56,962.06,0.0012
28_44,664.21,675.9,0.0012
28_44,899.9,904.98,0.0012
28_44,760.99,783.99,0.0012
28_44,1034.77,1040.64,0.0012
28_44,865.92,879.27,0.0012
28_44,765.38,768.34,0.0012
28_44,651.55,656.75,0.0011
28_44,961.13,967.46,0.0011
28_44,632.85,635.42,0.0011
28_44,812.57,815.36,0.0011
28_44,755.47,761.25,0.0011
28_44,922.28,929.16,0.0011
28_44,1069.38,1074.76,0.0011
22_37,686.4,692.19,0.9999
22_37,617.83,639.71,0.9991
22_37,674.52,685.92,0.9988
22_37,749.36,777.99,0.9984
22_37,897.22,908.88,0.9979
22_37,644.31,658.16,0.9973
22_37,844.97,893.11,0.9954
22_37,660.94,673.74,0.9941
22_37,802.33,806.47,0.9909
22_37,824.99,834.39,0.9907
22_37,812.37,824.54,0.9895
22_37,891.78,894.54,0.9887
22_37,717.5,731.77,0.9703
22_37,793.13,804.35,0.936
22_37,692.37,792.15,0.8033
22_37,897.23,908.88,0.1357
22_37,644.32,658.15,0.1352
22_37,617.85,639.71,0.1347
22_37,660.93,673.74,0.1344
22_37,812.39,824.53,0.1308
22_37,793.12,804.35,0.1267
22_37,891.78,894.54,0.1262
22_37,749.35,777.98,0.1133
22_37,692.39,792.06,0.0916
22_37,897.25,908.88,0.018
22_37,1049.63,1055.68,0.0147
22_37,749.34,777.97,0.013
22_37,908.21,918.82,0.0117
22_37,803.31,813.83,0.0096
22_37,681.01,686.59,0.0095
22_37,1159.05,1164.52,0.0078
22_37,954.01,959.56,0.0077
22_37,691.87,703.84,0.0075
22_37,788.36,835.2,0.0058
22_37,779.03,781.54,0.0056
22_37,1073.15,1078.96,0.0051
22_37,994.61,996.9,0.005
22_37,989.33,994.93,0.0047
22_37,827.05,846.55,0.0037
22_37,687.57,690.43,0.0035
22_37,731.43,734.32,0.0033
22_37,696.69,718.62,0.0033
22_37,760.61,766.69,0.0032
22_37,1020.87,1024.02,0.0031
22_37,699.25,702.19,0.003
22_37,717.14,723.29,0.0028
22_37,665.86,671.87,0.0027
22_37,643.66,646.05,0.0025
22_37,781.69,793.21,0.0025
22_37,986.87,989.78,0.0024
22_37,588.49,631.55,0.0024
22_37,1117.99,1121.06,0.0024
22_37,995.7,1005.91,0.0023
22_37,839.05,927.42,0.0022
22_37,678.88,684.1,0.0022
22_37,1149.67,1191.85,0.0021
22_37,984.77,987.41,0.0021
22_37,705.36,711.22,0.002
22_37,802.76,805.77,0.0019
22_37,951.12,1029.5,0.0019
22_37,949.65,955.19,0.0019
22_37,714.81,749.53,0.0019
22_37,906.47,909.13,0.0017
22_37,1017.39,1020.11,0.0017
22_37,645.66,648.34,0.0017
22_37,893.45,983.52,0.0016
22_37,1047.29,1059.63,0.0016
22_37,657.05,660.28,0.0015
22_37,806.32,812.65,0.0015
22_37,923.9,935.28,0.0015
22_37,948.47,951.3,0.0015
22_37,868.12,880.62,0.0015
22_37,713.65,719.79,0.0014
22_37,920.46,923.7,0.0014
22_37,885.51,891.82,0.0014
22_37,753.6,759.18,0.0014
22_37,704.37,707.05,0.0013
22_37,720.34,726.03,0.0013
22_37,975.04,996.26,0.0013
22_37,807.74,829.3,0.0013
22_37,686.02,691.27,0.0013
22_37,643.29,659.42,0.0013
22_37,1010.3,1020.82,0.0013
22_37,1066.96,1072.79,0.0012
22_37,684.2,686.57,0.0012
22_37,1126.13,1131.17,0.0012
22_37,1039.59,1044.98,0.0011
22_37,975.01,978.14,0.0011
22_37,1015.37,1028.29,0.001
9_15,901.52,930.44,0.9986
9_15,880.57,899.34,0.9984
9_15,969.53,1032.4,0.9978
9_15,825.6,863.19,0.9978
9_15,741.67,752.54,0.996
9_15,784.38,823.38,0.9958
9_15,1045.45,1067.85,0.9908
9_15,1033.13,1044.71,0.9861
9_15,623.9,741.64,0.9816
9_15,751.8,765.56,0.9779
9_15,929.0,968.73,0.9762
9_15,969.41,1032.59,0.1359
9_15,880.55,899.33,0.1355
9_15,901.5,930.44,0.1345
9_15,1045.44,1067.85,0.1333
9_15,751.81,765.56,0.1313
9_15,969.43,1032.47,0.0183
9_15,901.49,930.45,0.0181
9_15,696.61,702.72,0.0141
9_15,688.43,694.09,0.0136
9_15,653.86,678.23,0.0131
9_15,740.29,778.8,0.0107
9_15,617.09,637.53,0.0084
9_15,960.4,962.87,0.0074
9_15,1011.86,1014.73,0.0061
9_15,838.37,858.89,0.0046
9_15,1067.57,1090.26,0.0044
9_15,809.22,820.43,0.0043
9_15,634.57,680.09,0.0033
9_15,1123.87,1144.65,0.0032
9_15,702.55,705.55,0.003
9_15,863.95,867.26,0.003
9_15,820.56,826.52,0.0027
9_15,641.94,644.65,0.0027
9_15,636.74,641.43,0.0025
9_15,962.78,965.6,0.0024
9_15,996.85,1029.81,0.0024
9_15,693.71,696.2,0.0023
9_15,805.93,811.71,0.0022
9_15,1039.6,1077.58,0.002
9_15,706.1,708.7,0.002
9_15,834.76,840.29,0.002
9_15,885.41,891.6,0.0019
9_15,715.6,718.29,0.0018
9_15,762.68,837.91,0.0017
9_15,730.72,733.72,0.0016
9_15,999.43,1011.41,0.0016
9_15,645.91,651.61,0.0016
9_15,931.11,942.31,0.0016
9_15,864.1,882.55,0.0015
9_15,1024.98,1035.25,0.0014
9_15,754.27,760.31,0.0014
9_15,651.37,663.04,0.0013
9_15,802.36,808.51,0.0013
9_15,1110.11,1122.34,0.0013
9_15,791.88,797.69,0.0013
9_15,1137.8,1143.18,0.0012
9_15,1158.98,1164.76,0.0012
9_15,1090.24,1093.24,0.0012
9_15,1033.21,1036.29,0.0012
9_15,1068.54,1071.4,0.0011
9_15,650.19,653.29,0.0011
9_15,1030.58,1049.75,0.0011
9_15,903.51,909.56,0.0011
9_15,610.79,617.43,0.001
9_15,843.88,847.17,0.001
9_15,958.33,960.83,0.001
15_17,767.57,810.25,0.9984
15_17,616.07,641.47,0.9983
15_17,827.16,838.36,0.9969
15_17,868.89,885.76,0.9947
15_17,641.69,731.85,0.9936
15_17,1177.73,1178.91,0.992
15_17,886.05,925.96,0.9904
15_17,751.85,767.34,0.9871
15_17,1179.38,1191.87,0.986
15_17,1029.87,1062.88,0.9855
15_17,1066.46,1176.81,0.9838
15_17,840.45,841.37,0.9832
15_17,1020.45,1027.22,0.9827
15_17,928.1,940.5,0.9827
15_17,845.3,868.55,0.9801
15_17,812.88,826.57,0.9793
15_17,732.54,751.33,0.972
15_17,976.58,1020.83,0.9672
15_17,940.72,974.46,0.9392
15_17,827.17,838.36,0.1353
15_17,616.03,641.43,0.135
15_17,767.6,810.28,0.1349
15_17,1177.73,1178.91,0.1338
15_17,1029.88,1062.86,0.1321
15_17,868.87,885.75,0.1313
15_17,616.03,641.46,0.0182
15_17,641.19,666.04,0.0175
15_17,940.55,950.37,0.0174
15_17,1030.41,1042.43,0.0075
15_17,829.14,835.38,0.0071
15_17,1182.65,1189.45,0.007
15_17,976.85,983.19,0.0058
15_17,1171.71,1174.99,0.0053
15_17,768.76,794.34,0.005
15_17,1153.62,1176.27,0.0046
15_17,638.0,640.36,0.0046
15_17,991.47,998.51,0.0045
15_17,938.56,941.06,0.0038
15_17,617.72,620.35,0.003
15_17,940.4,962.44,0.0029
15_17,954.38,956.82,0.0027
15_17,1015.72,1027.83,0.0027
15_17,924.59,927.14,0.0026
15_17,642.55,691.91,0.0026
15_17,709.19,732.42,0.0026
15_17,909.99,924.94,0.0024
15_17,869.69,890.48,0.0023
15_17,1093.85,1098.99,0.0022
15_17,975.78,988.01,0.0022
15_17,1070.82,1096.68,0.0019
15_17,887.92,912.03,0.0019
15_17,618.29,632.36,0.0019
15_17,928.6,935.65,0.0017
15_17,972.5,977.45,0.0017
15_17,1030.27,1032.92,0.0017
15_17,869.27,875.94,0.0016
15_17,1086.4,1092.1,0.0016
15_17,814.37,827.03,0.0015
15_17,837.4,840.46,0.0015
15_17,748.67,765.34,0.0014
15_17,1198.1,1228.8,0.0013
15_17,685.33,731.1,0.0013
15_17,842.84,866.38,0.0013
15_17,969.07,1042.56,0.0013
15_17,638.36,641.32,0.0013
15_17,941.52,948.71,0.0012
15_17,1039.78,1042.53,0.0012
15_17,796.6,801.83,0.0012
15_17,959.32,973.07,0.0012
15_17,640.6,646.17,0.0011
15_17,746.3,751.88,0.0011
15_17,1082.38,1085.08,0.001
15_17,721.54,733.01,0.001
15_17,839.2,844.3,0.001
13_9,633.56,643.77,0.9993
13_9,830.81,933.11,0.9985
13_9,814.05,827.68,0.9981
13_9,939.7,977.12,0.997
13_9,696.53,766.48,0.9969
13_9,790.64,798.73,0.9965
13_9,657.38,681.65,0.9958
13_9,683.37,693.15,0.9939
13_9,998.39,1006.06,0.9843
13_9,805.54,811.93,0.9836
13_9,989.87,995.83,0.974
13_9,969.86,975.94,0.9368
13_9,814.06,827.67,0.135
13_9,683.37,693.15,0.1346
13_9,790.64,798.73,0.1344
13_9,633.56,643.77,0.1324
13_9,830.68,933.26,0.1318
13_9,939.7,977.12,0.1277
13_9,798.39,804.29,0.0256
13_9,1041.98,1053.61,0.0247
13_9,790.64,798.73,0.0182
13_9,1108.48,1114.43,0.0119
13_9,692.16,694.52,0.0106
13_9,1005.83,1016.06,0.0093
13_9,827.1,829.57,0.0088
13_9,836.66,839.2,0.0088
13_9,634.78,637.81,0.0085
13_9,798.49,810.06,0.0083
13_9,915.32,921.37,0.0077
13_9,624.33,634.13,0.0074
13_9,794.88,797.75,0.0073
13_9,665.59,678.81,0.006
13_9,885.62,897.92,0.0059
13_9,811.48,814.07,0.0051
13_9,844.17,846.59,0.0051
13_9,978.08,1018.13,0.0049
13_9,779.61,790.61,0.0049
13_9,1103.28,1115.42,0.0046
13_9,754.55,757.02,0.0041
13_9,992.43,994.85,0.004
13_9,827.12,832.88,0.0039
13_9,702.48,723.72,0.0038
13_9,1156.15,1176.82,0.0038
13_9,898.82,940.34,0.0035
13_9,633.83,640.29,0.0035
13_9,999.26,1004.49,0.0035
13_9,787.03,789.62,0.0034
13_9,696.82,699.42,0.0034
13_9,904.66,907.66,0.0033
13_9,643.5,654.21,0.0033
13_9,1022.48,1027.38,0.0033
13_9,845.18,850.68,0.0031
13_9,1047.95,1053.64,0.0026
13_9,954.78,957.81,0.0026
13_9,1015.55,1021.9,0.0025
13_9,1025.55,1035.34,0.0024
13_9,964.82,968.04,0.0023
13_9,1136.6,1227.33,0.0022
13_9,774.13,776.76,0.002
13_9,910.01,913.02,0.002
13_9,982.36,1066.9,0.0019
13_9,677.88,683.39,0.0019
13_9,1114.05,1126.02,0.0019
13_9,880.11,890.84,0.0018
13_9,767.59,770.26,0.0018
13_9,775.66,781.68,0.0017
13_9,1064.27,1084.26,0.0017
13_9,965.13,976.38,0.0017
13_9,867.53,873.36,0.0017
13_9,1130.63,1143.49,0.0016
13_9,673.75,676.79,0.0016
13_9,730.46,767.94,0.0016
13_9,616.51,623.0,0.0016
13_9,799.23,801.82,0.0016
13_9,828.98,839.51,0.0015
13_9,1041.47,1043.86,0.0014
13_9,772.39,775.03,0.0014
13_9,639.33,642.02,0.0014
13_9,695.89,738.54,0.0014
13_9,1007.36,1012.58,0.0013
13_9,1057.52,1060.97,0.0013
13_9,1117.0,1119.89,0.0013
13_9,810.5,815.56,0.0013
13_9,1039.86,1042.25,0.0012
13_9,728.33,730.69,0.0012
13_9,1033.71,1056.19,0.0011
13_9,701.23,703.75,0.0011
13_9,694.98,700.56,0.0011
13_9,976.48,981.99,0.0011
13_9,665.81,671.51,0.0011
13_9,830.67,833.51,0.0011
13_9,935.63,941.48,0.0011
13_9,1126.49,1129.23,0.001
13_9,856.52,867.51,0.001
13_9,1137.02,1140.39,0.001
13_9,776.63,779.7,0.001
29_37,801.48,829.71,0.9991
29_37,980.99,1003.13,0.9982
29_37,692.24,795.0,0.9979
29_37,958.33,962.71,0.9969
29_37,897.66,951.73,0.9959
29_37,866.75,896.96,0.994
29_37,620.76,653.61,0.9915
29_37,655.31,685.04,0.9875
29_37,831.46,863.57,0.9874
29_37,964.17,972.46,0.9509
29_37,980.99,1003.13,0.1349
29_37,958.33,962.71,0.1344
29_37,866.77,896.95,0.1343
29_37,655.29,685.05,0.1339
29_37,897.66,951.73,0.1338
29_37,692.23,795.0,0.1331
29_37,620.76,653.59,0.133
29_37,801.5,829.72,0.1325
29_37,831.43,863.58,0.1296
29_37,1148.13,1153.62,0.0235
29_37,866.75,896.93,0.0182
29_37,801.47,829.72,0.018
29_37,655.28,685.04,0.0178
29_37,754.7,760.27,0.013
29_37,1029.66,1032.16,0.0123
29_37,835.15,841.53,0.0103
29_37,964.7,987.13,0.0093
29_37,981.15,1063.74,0.0079
29_37,1063.33,1073.92,0.0076
29_37,867.6,878.06,0.0065
29_37,682.27,692.05,0.0064
29_37,945.06,967.35,0.0064
29_37,676.03,678.79,0.0062
29_37,761.73,768.1,0.0056
29_37,965.64,971.57,0.005
29_37,647.2,657.96,0.0049
29_37,1037.52,1048.89,0.0046
29_37,657.89,668.98,0.004
29_37,849.86,861.78,0.0038
29_37,1116.76,1123.0,0.0038
29_37,1053.03,1055.83,0.0035
29_37,815.17,820.95,0.0031
29_37,804.27,817.04,0.0029
29_37,868.95,874.08,0.0029
29_37,859.39,862.18,0.0027
29_37,952.54,958.78,0.0026
29_37,821.52,827.58,0.0026
29_37,1067.27,1072.59,0.0025
29_37,794.23,797.28,0.0023
29_37,727.53,776.67,0.0023
29_37,614.61,617.46,0.0023
29_37,987.6,999.69,0.0022
29_37,678.22,684.75,0.0022
29_37,693.46,714.99,0.0022
29_37,632.29,653.89,0.0022
29_37,1147.05,1152.91,0.0021
29_37,889.12,892.23,0.0019
29_37,1018.04,1023.71,0.0019
29_37,806.12,808.81,0.0019
29_37,1082.44,1093.91,0.0019
29_37,958.22,978.72,0.0018
29_37,1117.02,1119.98,0.0018
29_37,856.3,859.15,0.0018
29_37,862.21,867.85,0.0018
29_37,777.8,783.73,0.0017
29_37,759.6,771.55,0.0016
29_37,797.06,799.68,0.0016
29_37,1063.5,1066.46,0.0015
29_37,830.46,836.06,0.0015
29_37,699.0,704.9,0.0015
29_37,920.87,926.8,0.0015
29_37,866.82,869.73,0.0014
29_37,1062.73,1105.21,0.0014
29_37,695.65,698.62,0.0014
29_37,667.4,670.16,0.0013
29_37,992.97,995.34,0.0013
29_37,685.84,691.87,0.0013
29_37,708.78,711.89,0.0012
29_37,970.82,977.2,0.0012
29_37,747.24,753.01,0.0012
29_37,621.32,627.04,0.0012
29_37,824.09,827.09,0.0011
29_37,1100.24,1103.42,0.0011
29_37,926.89,937.71,0.0011
29_37,729.9,732.47,0.0011
29_37,713.69,736.19,0.001
29_37,1051.91,1057.82,0.001
29_37,1148.17,1159.67,0.001
23_24,1130.9,1151.84,0.998
23_24,708.62,730.18,0.9978
23_24,954.6,1035.45,0.9978
23_24,807.47,838.72,0.9977
23_24,1195.05,1228.8,0.9974
23_24,861.6,952.81,0.9973
23_24,1184.01,1194.66,0.9968
23_24,791.95,807.54,0.9965
23_24,751.78,790.14,0.9955
23_24,733.78,745.77,0.9938
23_24,840.55,857.95,0.9874
23_24,1061.89,1081.66,0.9803
23_24,1092.46,1125.51,0.9785
23_24,614.5,707.71,0.9749
23_24,1040.28,1058.27,0.9674
23_24,1157.25,1191.47,0.9125
23_24,807.58,838.71,0.1358
23_24,791.97,807.55,0.1354
23_24,954.6,1035.32,0.1353
23_24,751.78,790.16,0.1342
23_24,708.58,730.16,0.1339
23_24,1130.87,1151.84,0.1315
23_24,733.78,745.76,0.1307
23_24,1195.02,1228.8,0.1303
23_24,1157.23,1191.47,0.1221
23_24,1184.0,1194.66,0.1105
23_24,791.96,807.56,0.0181
23_24,1042.92,1049.64,0.0178
23_24,807.55,838.73,0.0174
23_24,1154.8,1167.51,0.0123
23_24,906.22,950.59,0.0098
23_24,988.6,995.19,0.0083
23_24,954.77,960.53,0.007
23_24,993.19,1033.08,0.0053
23_24,1093.67,1107.74,0.0049
23_24,614.05,700.06,0.0042
23_24,824.94,839.33,0.0038
23_24,716.93,729.03,0.0034
23_24,843.81,857.26,0.0033
23_24,954.68,981.7,0.0031
23_24,1194.71,1207.35,0.0031
23_24,858.79,881.89,0.0031
23_24,926.82,950.08,0.0028
23_24,951.09,953.9,0.0028
23_24,1130.43,1144.34,0.0023
23_24,1079.76,1095.81,0.0018
23_24,1224.72,1227.6,0.0017
23_24,1040.29,1042.97,0.0017
23_24,1074.53,1079.92,0.0017
23_24,944.15,950.33,0.0016
23_24,871.68,950.82,0.0016
23_24,751.61,777.5,0.0013
23_24,694.76,705.11,0.0013
23_24,1198.64,1223.68,0.0013
23_24,1096.27,1130.65,0.0012
23_24,1056.29,1088.91,0.0012
23_24,858.52,863.82,0.0011
23_24,1221.62,1228.8,0.0011
23_24,616.84,628.85,0.0011
23_24,964.96,1015.1,0.001
23_24,1154.33,1183.48,0.001
23_24,961.03,964.21,0.001
27_13,1073.77,1094.33,0.9983
27_13,869.51,897.87,0.9937
27_13,1176.47,1219.43,0.993
27_13,1096.27,1109.95,0.9923
27_13,901.92,998.46,0.989
27_13,1008.27,1057.17,0.9864
27_13,646.66,752.29,0.9797
27_13,835.3,852.86,0.9709
27_13,765.88,821.63,0.9683
27_13,1141.23,1162.73,0.9683
27_13,850.94,858.75,0.9479
27_13,901.72,998.46,0.1339
27_13,869.51,897.84,0.1338
27_13,1096.27,1109.96,0.1328
27_13,1176.47,1219.43,0.1295
27_13,765.9,821.64,0.1286
27_13,869.5,897.84,0.0181
27_13,1096.26,1109.96,0.018
27_13,765.92,821.58,0.0172
27_13,849.41,867.34,0.0084
27_13,1004.47,1016.83,0.0077
27_13,1177.81,1203.0,0.0072
27_13,886.9,896.54,0.0052
27_13,712.86,753.96,0.0044
27_13,1034.41,1055.77,0.0041
27_13,899.93,902.01,0.0033
27_13,871.11,873.91,0.0032
27_13,851.5,856.94,0.0028
27_13,616.3,628.97,0.0026
27_13,1015.39,1022.13,0.0025
27_13,1222.36,1228.8,0.0025
27_13,1055.98,1075.47,0.0024
27_13,1099.92,1102.54,0.0022
27_13,1136.77,1218.81,0.002
27_13,1000.83,1003.16,0.0019
27_13,890.96,896.3,0.0018
27_13,636.35,648.43,0.0018
27_13,661.52,667.63,0.0018
27_13,835.4,841.92,0.0017
27_13,873.84,876.56,0.0017
27_13,930.53,981.54,0.0017
27_13,726.89,750.28,0.0017
27_13,1097.86,1100.65,0.0016
27_13,1018.37,1057.76,0.0016
27_13,953.44,955.86,0.0015
27_13,1068.75,1113.28,0.0015
27_13,668.01,673.88,0.0015
27_13,1112.98,1160.07,0.0013
27_13,1073.61,1076.57,0.0012
27_13,1058.27,1061.0,0.0011
27_13,845.8,849.12,0.001
27_13,641.23,646.89,0.001
18_8,744.47,789.91,0.9992
18_8,798.78,853.53,0.9984
18_8,974.67,986.49,0.9969
18_8,855.4,895.77,0.9969
18_8,1175.36,1201.67,0.9933
18_8,1005.09,1039.1,0.993
18_8,896.84,974.06,0.9926
18_8,1170.62,1172.41,0.9923
18_8,792.3,798.12,0.9909
18_8,1063.67,1077.35,0.9863
18_8,1051.94,1063.42,0.974
18_8,614.98,736.39,0.964
18_8,1079.05,1170.03,0.947
18_8,855.37,895.77,0.1346
18_8,1170.63,1172.41,0.1343
18_8,1175.38,1201.68,0.1334
18_8,792.31,798.11,0.1333
18_8,798.86,853.49,0.1329
18_8,614.92,736.2,0.1313
18_8,974.67,986.49,0.1304
18_8,695.76,735.94,0.0213
18_8,798.82,853.54,0.0179
18_8,907.74,916.59,0.0168
18_8,795.16,797.29,0.0152
18_8,882.26,892.76,0.0151
18_8,616.25,638.64,0.0107
18_8,1079.37,1111.97,0.0093
18_8,928.3,954.74,0.0089
18_8,828.76,851.75,0.0067
18_8,1057.57,1078.8,0.0066
18_8,880.01,882.86,0.0061
18_8,764.52,788.55,0.0056
18_8,1110.56,1113.46,0.0038
18_8,989.03,1004.7,0.0038
18_8,857.71,870.23,0.0036
18_8,1161.89,1171.0,0.0034
18_8,1006.79,1032.33,0.0031
18_8,1076.52,1080.61,0.0027
18_8,1204.64,1228.8,0.0027
18_8,982.49,985.57,0.0027
18_8,1051.24,1062.45,0.0027
18_8,952.34,977.0,0.0024
18_8,792.46,794.96,0.0024
18_8,1081.79,1103.4,0.0022
18_8,926.73,933.42,0.0021
18_8,801.24,826.09,0.0021
18_8,1037.97,1078.93,0.0021
18_8,1135.53,1171.26,0.0021
18_8,882.89,889.59,0.0021
18_8,907.69,910.04,0.0021
18_8,1051.09,1053.62,0.0019
18_8,1169.16,1173.51,0.0019
18_8,1039.48,1051.38,0.0017
18_8,651.04,653.71,0.0017
18_8,1115.54,1117.89,0.0016
18_8,1015.97,1039.45,0.0016
18_8,898.81,947.02,0.0015
18_8,1163.17,1166.34,0.0014
18_8,976.16,982.34,0.0014
18_8,1110.85,1134.87,0.0014
18_8,1063.74,1075.64,0.0013
18_8,1176.09,1178.89,0.0013
18_8,848.66,851.6,0.0013
18_8,1205.01,1228.37,0.0012
18_8,1157.96,1168.31,0.0011
18_8,855.67,878.07,0.001
18_8,1137.28,1149.13,0.001
13_45,775.98,790.7,0.9995
13_45,637.52,653.53,0.999
13_45,810.9,817.21,0.9986
13_45,995.19,999.26,0.9985
13_45,692.24,701.08,0.9984
13_45,704.54,758.7,0.9955
13_45,664.91,691.4,0.994
13_45,983.83,993.23,0.9925
13_45,842.47,944.69,0.9909
13_45,822.68,833.21,0.9789
13_45,974.49,979.34,0.9569
13_45,775.96,790.7,0.1359
13_45,692.24,701.07,0.1355
13_45,664.9,691.38,0.1337
13_45,983.83,993.22,0.1334
13_45,842.59,944.73,0.1324
13_45,810.9,817.21,0.1324
13_45,775.97,790.71,0.0183
13_45,664.89,691.42,0.0178
13_45,1067.32,1072.56,0.015
13_45,758.26,776.47,0.0148
13_45,1117.97,1124.1,0.0117
13_45,1128.77,1134.67,0.0109
13_45,825.12,830.71,0.009
13_45,791.66,813.12,0.0089
13_45,731.38,753.41,0.0086
13_45,1006.12,1016.44,0.0086
13_45,1029.23,1039.76,0.0079
13_45,617.66,662.5,0.007
13_45,1105.7,1108.44,0.0066
13_45,848.62,850.92,0.0064
13_45,993.13,1003.29,0.006
13_45,1055.06,1061.24,0.0049
13_45,772.68,774.88,0.0046
13_45,792.14,797.57,0.0043
13_45,1091.3,1094.24,0.0042
13_45,727.63,808.37,0.0042
13_45,705.72,728.44,0.0042
13_45,962.98,969.49,0.0041
13_45,810.16,823.35,0.0038
13_45,764.12,766.85,0.0038
13_45,948.61,971.71,0.0034
13_45,1061.11,1066.14,0.0033
13_45,851.83,857.26,0.0029
13_45,804.59,810.29,0.0026
13_45,1001.62,1041.7,0.0026
13_45,1037.19,1079.21,0.0026
13_45,830.74,841.87,0.0024
13_45,764.15,776.43,0.0022
13_45,792.34,803.66,0.0022
13_45,1154.85,1176.38,0.0022
13_45,665.42,668.02,0.0021
13_45,894.12,914.58,0.002
13_45,823.45,826.54,0.002
13_45,960.14,962.87,0.0019
13_45,782.44,788.1,0.0017
13_45,1079.59,1082.63,0.0017
13_45,754.4,757.06,0.0017
13_45,749.32,754.74,0.0016
13_45,977.79,982.94,0.0015
13_45,1133.97,1227.36,0.0015
13_45,1106.49,1128.57,0.0015
13_45,937.21,942.49,0.0014
13_45,830.8,833.18,0.0014
13_45,633.13,636.22,0.0014
13_45,700.63,712.26,0.0013
13_45,1123.51,1146.14,0.0012
13_45,839.44,850.46,0.0012
13_45,984.77,991.05,0.0012
13_45,738.04,740.36,0.0011
13_45,616.1,639.14,0.001
13_45,1085.04,1087.56,0.001
13_45,692.77,695.73,0.001
13_45,1090.73,1102.9,0.001
13_45,681.56,692.37,0.001
3_14,764.43,792.65,0.9995
3_14,658.89,666.83,0.9993
3_14,706.79,718.21,0.9993
3_14,846.66,855.05,0.9992
3_14,669.48,676.0,0.9989
3_14,676.96,700.06,0.9984
3_14,737.04,761.65,0.9969
3_14,624.81,658.89,0.9967
3_14,855.73,933.64,0.9958
3_14,792.68,798.11,0.9952
3_14,719.49,734.31,0.9937
3_14,812.67,842.12,0.9875
3_14,616.64,624.76,0.9417
3_14,669.49,676.0,0.1353
3_14,676.95,700.06,0.1349
3_14,855.68,933.66,0.1347
3_14,792.68,798.11,0.1343
3_14,719.48,734.31,0.1332
3_14,764.43,792.66,0.1328
3_14,737.04,761.66,0.1295
3_14,970.82,991.24,0.0219
3_14,676.97,700.03,0.0183
3_14,719.49,734.31,0.0181
3_14,669.49,676.0,0.0178
3_14,1104.31,1110.25,0.0106
3_14,739.19,742.38,0.0094
3_14,1096.02,1099.05,0.0094
3_14,950.93,994.02,0.0081
3_14,630.05,650.98,0.0081
3_14,606.98,620.52,0.0078
3_14,789.2,799.61,0.0066
3_14,848.32,850.99,0.0053
3_14,1112.63,1132.57,0.005
3_14,647.74,654.13,0.0049
3_14,692.24,698.03,0.0039
3_14,720.71,723.56,0.0039
3_14,755.15,757.62,0.0038
3_14,1035.53,1056.76,0.0035
3_14,702.74,719.97,0.0031
3_14,787.75,793.63,0.0027
3_14,968.24,970.99,0.0027
3_14,1149.01,1154.8,0.0027
3_14,810.96,816.99,0.0025
3_14,1065.99,1068.81,0.0024
3_14,742.2,744.64,0.0023
3_14,723.02,726.46,0.0023
3_14,732.61,737.45,0.0021
3_14,1122.26,1134.63,0.0021
3_14,1024.81,1047.51,0.002
3_14,614.29,624.01,0.002
3_14,986.67,993.14,0.0019
3_14,770.46,782.13,0.0019
3_14,905.93,908.61,0.0019
3_14,1020.46,1025.55,0.0018
3_14,1053.91,1059.96,0.0017
3_14,1049.29,1129.75,0.0017
3_14,700.07,702.66,0.0017
3_14,986.42,1027.36,0.0017
3_14,890.61,933.28,0.0016
3_14,659.83,665.04,0.0016
3_14,1039.64,1042.13,0.0015
3_14,1140.71,1222.77,0.0015
3_14,903.35,905.73,0.0015
3_14,1135.12,1147.57,0.0014
3_14,791.39,814.48,0.0014
3_14,665.53,676.33,0.0013
3_14,875.9,900.29,0.0013
3_14,815.68,827.03,0.0013
3_14,1025.3,1035.56,0.0012
3_14,895.13,898.06,0.0012
3_14,617.63,620.89,0.0012
3_14,978.29,981.42,0.0012
3_14,824.67,827.64,0.0011
3_14,719.49,728.59,0.0011
3_14,747.87,753.77,0.0011
3_14,933.54,953.81,0.0011
3_14,622.28,632.78,0.0011
3_14,848.29,854.02,0.001
3_14,653.77,659.79,0.001
3_14,1121.35,1127.57,0.001
3_34,665.34,680.3,0.9996
3_34,751.92,763.89,0.9993
3_34,794.17,831.91,0.9993
3_34,706.37,724.05,0.9979
3_34,729.16,751.33,0.9964
3_34,845.99,866.09,0.9963
3_34,770.49,789.07,0.9962
3_34,681.2,699.49,0.994
3_34,867.25,920.84,0.9937
3_34,626.95,653.05,0.9913
3_34,619.79,626.09,0.9724
3_34,653.05,660.23,0.9721
3_34,729.14,751.31,0.1355
3_34,845.99,866.07,0.1352
3_34,665.33,680.32,0.1345
3_34,867.25,920.88,0.1344
3_34,706.37,724.06,0.1336
3_34,751.93,763.89,0.1331
3_34,653.05,660.24,0.1296
3_34,665.33,680.3,0.0182
3_34,868.35,888.99,0.0117
3_34,904.61,907.53,0.0098
3_34,812.41,832.77,0.0092
3_34,696.98,702.82,0.0085
3_34,916.51,919.27,0.0066
3_34,946.18,956.58,0.0055
3_34,1090.94,1111.39,0.0055
3_34,903.81,909.44,0.0048
3_34,1150.16,1152.8,0.0048
3_34,1018.51,1062.09,0.0048
3_34,1086.93,1097.02,0.0047
3_34,978.99,981.56,0.0043
3_34,681.34,693.14,0.0043
3_34,619.99,661.3,0.0036
3_34,1041.28,1044.04,0.0034
3_34,822.5,825.42,0.0034
3_34,974.99,981.34,0.0033
3_34,645.66,648.35,0.003
3_34,824.81,835.42,0.0029
3_34,1079.71,1082.29,0.0026
3_34,920.83,939.22,0.0025
3_34,846.99,859.54,0.0023
3_34,728.28,740.3,0.0022
3_34,751.18,774.09,0.002
3_34,1051.94,1073.21,0.002
3_34,796.8,838.91,0.002
3_34,717.82,724.27,0.002
3_34,961.94,982.94,0.002
3_34,801.51,804.82,0.0018
3_34,1140.41,1225.68,0.0016
3_34,1049.22,1052.09,0.0016
3_34,706.78,718.98,0.0015
3_34,795.47,800.65,0.0015
3_34,790.67,796.35,0.0014
3_34,806.24,808.84,0.0014
3_34,926.92,1009.59,0.0014
3_34,661.68,666.7,0.0013
3_34,1082.85,1088.5,0.0013
3_34,911.82,916.79,0.0013
3_34,815.43,827.71,0.0013
3_34,1066.01,1071.87,0.0012
3_34,861.01,866.95,0.0012
3_34,1129.78,1135.6,0.0012
3_34,1159.85,1162.4,0.0011
3_34,698.7,701.66,0.0011
3_34,837.81,915.86,0.0011
3_34,952.1,954.99,0.001
1_10,663.21,687.02,0.9994
1_10,790.77,810.52,0.9994
1_10,736.44,760.46,0.9993
1_10,620.68,639.17,0.999
1_10,640.8,661.22,0.9989
1_10,761.65,787.6,0.9979
1_10,813.27,831.18,0.9979
1_10,834.17,845.19,0.9947
1_10,688.12,735.66,0.9939
1_10,860.86,864.78,0.9855
1_10,845.5,860.57,0.9706
1_10,620.67,639.16,0.136
1_10,790.75,810.53,0.1358
1_10,640.8,661.23,0.1352
1_10,834.17,845.2,0.1339
1_10,761.67,787.59,0.1324
1_10,736.43,760.46,0.1314
1_10,688.1,735.66,0.1268
1_10,653.03,658.76,0.011
1_10,845.52,848.36,0.0077
1_10,792.55,798.55,0.0075
1_10,641.13,690.69,0.0071
1_10,887.17,890.0,0.006
1_10,626.32,629.25,0.006
1_10,631.62,637.49,0.0051
1_10,780.69,812.84,0.0049
1_10,896.57,908.36,0.0042
1_10,830.35,848.48,0.0032
1_10,789.51,792.53,0.0031
1_10,733.88,740.11,0.0029
1_10,823.05,828.59,0.0027
1_10,916.56,927.13,0.0025
1_10,799.37,878.75,0.0024
1_10,1003.89,1010.03,0.0023
1_10,778.75,781.76,0.0023
1_10,762.69,773.31,0.0022
1_10,926.32,931.72,0.0021
1_10,870.59,876.6,0.002
1_10,986.9,1024.25,0.002
1_10,1024.24,1030.31,0.0019
1_10,611.82,641.51,0.0018
1_10,666.47,687.42,0.0017
1_10,952.64,958.87,0.0017
1_10,851.62,854.0,0.0017
1_10,938.95,944.46,0.0016
1_10,1052.22,1064.18,0.0015
1_10,1080.65,1083.57,0.0015
1_10,1070.38,1076.07,0.0015
1_10,930.36,936.0,0.0013
1_10,810.97,813.63,0.0013
1_10,1086.1,1091.89,0.0013
1_10,885.73,891.66,0.0012
1_10,696.42,719.76,0.0012
1_10,859.75,882.1,0.0012
1_10,812.62,817.78,0.0012
1_10,1025.88,1047.64,0.0012
1_10,623.96,635.06,0.0011
1_10,847.2,850.12,0.0011
1_10,824.72,827.74,0.0011
1_10,1078.15,1080.7,0.0011
1_10,796.2,807.24,0.0011
1_10,901.02,904.02,0.0011
1_10,973.28,985.18,0.001
1_10,1075.54,1078.31,0.001
29_22,1102.84,1228.8,0.9994
29_22,675.45,698.67,0.9993
29_22,776.78,872.93,0.9966
29_22,937.32,979.97,0.9955
29_22,737.36,772.8,0.9946
29_22,619.68,670.96,0.9907
29_22,705.21,732.45,0.9881
29_22,875.38,905.46,0.9845
29_22,737.34,772.76,0.1355
29_22,1102.47,1228.8,0.1353
29_22,937.28,979.93,0.1347
29_22,875.35,905.48,0.1334
29_22,776.84,872.95,0.133
29_22,705.17,732.46,0.1324
29_22,619.64,671.0,0.1323
29_22,1107.51,1126.94,0.0192
29_22,875.35,905.49,0.0179
29_22,1128.75,1131.46,0.0121
29_22,986.51,1067.62,0.0116
29_22,981.8,994.27,0.0108
29_22,736.86,743.59,0.0095
29_22,910.57,931.77,0.009
29_22,1094.07,1100.44,0.0089
29_22,819.32,831.88,0.0069
29_22,1144.37,1147.77,0.005
29_22,994.57,997.06,0.0046
29_22,1043.4,1046.3,0.0044
29_22,912.18,921.79,0.0037
29_22,783.08,804.86,0.0035
29_22,1154.22,1156.27,0.0034
29_22,1220.78,1228.8,0.0034
29_22,620.8,634.13,0.0029
29_22,1046.29,1057.45,0.0029
29_22,831.65,872.8,0.0027
29_22,788.86,791.78,0.0025
29_22,936.62,947.58,0.0024
29_22,989.64,992.5,0.002
29_22,1063.97,1105.19,0.0019
29_22,752.27,773.31,0.0019
29_22,875.72,878.54,0.0017
29_22,1044.96,1071.41,0.0017
29_22,830.84,842.69,0.0017
29_22,1115.33,1120.62,0.0016
29_22,1219.7,1225.16,0.0015
29_22,668.84,675.22,0.0014
29_22,918.38,930.24,0.0014
29_22,1128.33,1140.96,0.0013
29_22,1140.1,1151.64,0.0013
29_22,1003.09,1047.52,0.0013
29_22,892.15,904.4,0.0012
29_22,1120.93,1125.94,0.0012
29_22,1146.22,1173.42,0.0012
29_22,725.29,733.96,0.0011
29_22,1007.19,1018.73,0.0011
29_22,838.51,841.7,0.0011
29_22,999.09,1001.2,0.001
29_22,1219.08,1221.62,0.001
5_28,771.58,791.43,1.0
5_28,750.8,764.14,0.9997
5_28,724.85,735.11,0.9968
5_28,735.54,750.54,0.9933
5_28,791.46,796.2,0.9933
5_28,644.7,693.19,0.9891
5_28,628.71,643.61,0.9877
5_28,693.55,707.76,0.9841
5_28,798.22,804.01,0.9824
5_28,707.78,712.72,0.9802
5_28,764.2,771.34,0.9784
5_28,616.67,628.6,0.9664
5_28,750.79,764.14,0.1351
5_28,644.68,693.17,0.1331
5_28,693.55,707.76,0.1316
5_28,750.79,764.14,0.018
5_28,859.15,864.87,0.0151
5_28,869.15,875.75,0.0056
5_28,861.28,864.47,0.005
5_28,716.18,726.18,0.005
5_28,729.03,734.74,0.0047
5_28,791.82,796.71,0.0043
5_28,997.01,1008.7,0.004
5_28,875.92,881.88,0.0034
5_28,856.47,858.81,0.003
5_28,927.7,930.19,0.0029
5_28,797.5,803.14,0.0028
5_28,712.12,717.77,0.0025
5_28,808.89,811.4,0.0025
5_28,883.71,886.81,0.0024
5_28,620.2,643.91,0.0023
5_28,648.44,650.83,0.0022
5_28,680.68,693.27,0.002
5_28,808.46,830.25,0.0019
5_28,999.81,1003.28,0.0019
5_28,691.07,710.37,0.0016
5_28,618.26,621.09,0.0014
5_28,796.28,877.93,0.0014
5_28,667.94,689.19,0.0013
5_28,925.23,930.9,0.0013
5_28,737.69,749.96,0.0012
5_28,721.3,723.86,0.0012
5_28,707.56,712.25,0.0012
5_28,945.16,957.38,0.0011
5_28,943.94,946.33,0.0011
5_28,643.68,646.92,0.001
5_28,842.08,847.86,0.001
5_28,620.45,623.17,0.001
5_28,938.41,941.18,0.001
1_28,790.52,828.16,0.9992
1_28,676.52,696.09,0.999
1_28,616.6,635.93,0.9979
1_28,848.89,852.21,0.9956
1_28,637.77,653.04,0.9941
1_28,653.46,669.76,0.9767
1_28,774.43,787.48,0.9717
1_28,832.1,848.46,0.9617
1_28,697.06,736.69,0.9611
1_28,753.84,771.56,0.9308
1_28,715.76,753.51,0.7034
1_28,848.89,852.21,0.1318
1_28,852.29,858.68,0.024
1_28,935.05,938.03,0.0065
1_28,769.79,790.41,0.0064
1_28,646.91,649.32,0.0059
1_28,937.1,948.08,0.0055
1_28,673.3,695.02,0.0055
1_28,1029.07,1031.67,0.0048
1_28,706.63,786.77,0.0047
1_28,798.38,822.3,0.0039
1_28,935.92,974.49,0.0035
1_28,629.66,635.39,0.0034
1_28,659.99,679.53,0.0032
1_28,750.6,770.68,0.0027
1_28,990.88,997.27,0.0026
1_28,615.36,634.33,0.0025
1_28,824.97,834.49,0.0025
1_28,843.92,864.17,0.0024
1_28,681.09,693.13,0.0024
1_28,734.78,746.37,0.0023
1_28,793.63,799.91,0.0022
1_28,1002.92,1045.28,0.002
1_28,980.1,1000.06,0.002
1_28,941.3,946.52,0.0018
1_28,614.49,617.3,0.0016
1_28,950.74,956.07,0.0016
1_28,926.97,933.0,0.0015
1_28,910.17,912.92,0.0015
1_28,866.48,872.32,0.0014
1_28,817.37,819.92,0.0014
1_28,625.38,631.05,0.0013
1_28,709.76,712.16,0.0013
1_28,692.19,703.17,0.0012
1_28,639.83,652.12,0.0012
25_109,932.23,934.75,0.9998
25_109,1182.19,1225.65,0.9987
25_109,883.39,893.38,0.9981
25_109,1164.9,1168.52,0.998
25_109,801.21,813.63,0.995
25_109,863.03,868.55,0.9933
25_109,957.25,1164.39,0.9829
25_109,910.59,925.33,0.9812
25_109,814.73,830.71,0.951
25_109,883.4,893.39,0.1354
25_109,1164.9,1168.52,0.1352
25_109,801.22,813.63,0.1338
25_109,863.03,868.55,0.1325
25_109,1055.27,1060.99,0.0179
25_109,719.59,732.02,0.0098
25_109,931.68,937.2,0.0084
25_109,1144.32,1151.16,0.0061
25_109,643.61,687.51,0.0049
25_109,959.01,969.76,0.0046
25_109,824.75,834.68,0.0044
25_109,704.18,710.09,0.0039
25_109,946.18,1042.47,0.0038
25_109,1163.97,1168.7,0.0031
25_109,1112.48,1211.75,0.0029
25_109,1137.55,1145.14,0.0029
25_109,1057.69,1111.5,0.0026
25_109,1157.89,1161.2,0.0026
25_109,1197.62,1209.57,0.0022
25_109,917.94,925.29,0.0022
25_109,733.47,736.28,0.0021
25_109,1114.1,1126.33,0.002
25_109,894.18,916.2,0.002
25_109,970.59,980.79,0.002
25_109,868.35,872.63,0.002
25_109,945.81,952.79,0.0017
25_109,835.92,841.25,0.0017
25_109,659.3,665.88,0.0017
25_109,1045.83,1048.84,0.0017
25_109,623.38,635.37,0.0016
25_109,1107.87,1119.56,0.0016
25_109,1049.52,1052.86,0.0016
25_109,883.21,889.71,0.0015
25_109,1186.91,1227.83,0.0015
25_109,720.13,723.06,0.0015
25_109,953.62,995.47,0.0015
25_109,1172.68,1178.64,0.0013
25_109,1165.01,1170.48,0.0013
25_109,746.11,829.09,0.0013
25_109,757.62,763.33,0.0013
25_109,713.39,724.68,0.0013
25_109,932.39,934.87,0.0012
25_109,927.49,930.44,0.0012
25_109,824.84,830.86,0.0011
25_109,938.31,962.36,0.0011
25_109,849.35,852.0,0.001
25_109,1158.5,1164.73,0.001
25_109,1128.78,1131.34,0.001
25_109,1024.23,1049.07,0.001
25_109,917.41,920.55,0.001
5_37,1001.54,1009.58,0.9986
5_37,851.99,873.82,0.9986
5_37,963.15,1000.7,0.9985
5_37,663.56,679.77,0.9984
5_37,762.15,786.14,0.9982
5_37,691.3,757.19,0.9979
5_37,917.88,928.5,0.9977
5_37,834.78,844.38,0.9963
5_37,636.37,658.27,0.9962
5_37,928.61,962.93,0.9955
5_37,786.66,791.08,0.995
5_37,619.25,634.17,0.9946
5_37,800.13,818.8,0.9934
5_37,679.93,691.1,0.9929
5_37,901.84,917.39,0.9786
5_37,834.78,844.39,0.1357
5_37,691.22,757.18,0.1351
5_37,786.67,791.08,0.1348
5_37,762.12,786.16,0.1345
5_37,1001.55,1009.58,0.1337
5_37,679.92,691.1,0.1337
5_37,663.55,679.78,0.1328
5_37,929.18,931.9,0.0304
5_37,691.21,757.12,0.0183
5_37,663.58,679.77,0.0175
5_37,1092.74,1115.3,0.0123
5_37,617.37,660.61,0.0109
5_37,781.36,786.84,0.0106
5_37,730.5,732.96,0.01
5_37,901.51,913.09,0.0092
5_37,1010.18,1021.04,0.0077
5_37,989.39,999.69,0.0073
5_37,1155.78,1176.73,0.0061
5_37,843.11,848.82,0.0059
5_37,826.72,829.72,0.0057
5_37,1056.17,1062.18,0.0054
5_37,756.75,762.42,0.0048
5_37,614.77,633.25,0.0042
5_37,912.37,918.06,0.0041
5_37,935.72,959.3,0.004
5_37,986.09,991.36,0.004
5_37,801.92,804.59,0.0039
5_37,681.87,687.78,0.0037
5_37,852.24,863.55,0.0036
5_37,797.61,817.54,0.0035
5_37,704.45,715.97,0.0035
5_37,726.5,729.33,0.0033
5_37,822.57,825.46,0.0032
5_37,831.09,849.76,0.0031
5_37,870.09,880.28,0.0031
5_37,1145.87,1157.29,0.003
5_37,890.1,901.04,0.0025
5_37,715.38,718.4,0.0024
5_37,1084.36,1087.49,0.0024
5_37,1034.99,1040.62,0.0023
5_37,775.12,786.55,0.002
5_37,1010.0,1050.29,0.0019
5_37,1050.23,1053.4,0.0019
5_37,803.17,809.2,0.0018
5_37,744.0,749.55,0.0017
5_37,1042.49,1064.81,0.0017
5_37,1112.53,1123.58,0.0017
5_37,936.63,943.04,0.0017
5_37,1139.49,1227.54,0.0016
5_37,1010.18,1016.78,0.0016
5_37,835.39,841.62,0.0016
5_37,799.75,802.26,0.0016
5_37,974.09,979.89,0.0015
5_37,764.87,775.97,0.0015
5_37,696.45,733.69,0.0014
5_37,673.29,679.36,0.0014
5_37,868.78,908.21,0.0014
5_37,843.68,853.66,0.0014
5_37,1074.2,1080.44,0.0013
5_37,722.77,725.63,0.0013
5_37,631.7,634.28,0.0013
5_37,816.25,833.71,0.0013
5_37,735.57,757.11,0.0012
5_37,1128.41,1135.0,0.0012
5_37,935.83,938.11,0.0012
5_37,754.24,756.87,0.0012
5_37,992.56,995.58,0.0012
5_37,647.09,652.2,0.0012
5_37,969.83,992.11,0.0012
5_37,1157.48,1168.97,0.0011
5_37,872.81,884.9,0.0011
5_37,854.34,860.42,0.001
5_37,730.22,741.73,0.001
5_37,1152.54,1155.7,0.001
26_42,947.97,957.82,0.9989
26_42,1038.08,1056.89,0.9982
26_42,808.97,883.92,0.9979
26_42,791.41,798.54,0.9971
26_42,959.92,996.57,0.9966
26_42,704.62,707.21,0.9954
26_42,758.27,768.18,0.9941
26_42,671.05,701.47,0.9928
26_42,709.0,734.56,0.9917
26_42,998.61,1017.72,0.9912
26_42,659.98,667.73,0.9892
26_42,614.34,656.55,0.985
26_42,884.91,921.59,0.9845
26_42,735.36,757.84,0.9838
26_42,1025.35,1032.03,0.9834
26_42,923.98,945.36,0.9812
26_42,704.62,707.22,0.1354
26_42,947.96,957.82,0.1352
26_42,808.97,883.91,0.1351
26_42,959.92,996.62,0.1351
26_42,671.07,701.45,0.1345
26_42,791.42,798.54,0.1345
26_42,1038.1,1056.89,0.1343
26_42,709.0,734.57,0.1343
26_42,614.37,656.55,0.1315
26_42,1025.35,1032.03,0.1282
26_42,1138.35,1141.11,0.0188
26_42,671.03,701.45,0.018
26_42,756.47,758.91,0.0175
26_42,791.42,798.54,0.0173
26_42,829.08,835.12,0.0106
26_42,814.51,817.38,0.0105
26_42,774.74,777.21,0.0091
26_42,658.87,669.56,0.0083
26_42,1136.95,1158.98,0.0079
26_42,894.36,905.65,0.0076
26_42,815.43,820.99,0.0075
26_42,705.51,715.4,0.0069
26_42,1090.57,1096.47,0.0066
26_42,964.32,967.05,0.0066
26_42,824.66,827.76,0.006
26_42,838.18,885.03,0.006
26_42,1058.78,1061.82,0.0059
26_42,676.58,679.17,0.0046
26_42,893.02,895.69,0.0045
26_42,818.15,828.86,0.0044
26_42,855.69,858.52,0.0041
26_42,786.04,802.2,0.0041
26_42,702.62,707.75,0.0039
26_42,618.31,644.62,0.0036
26_42,1133.24,1135.93,0.0036
26_42,738.51,750.92,0.0035
26_42,1119.51,1124.75,0.0034
26_42,857.91,860.62,0.0031
26_42,866.59,872.48,0.003
26_42,1035.0,1037.86,0.0029
26_42,1009.15,1012.24,0.0028
26_42,1056.52,1097.29,0.0026
26_42,1062.91,1068.03,0.0025
26_42,1124.39,1127.2,0.0024
26_42,949.37,955.89,0.0024
26_42,1006.79,1009.31,0.0022
26_42,684.36,687.18,0.0022
26_42,782.29,784.85,0.0022
26_42,805.79,811.33,0.0021
26_42,824.98,848.96,0.002
26_42,640.24,643.04,0.0019
26_42,728.04,733.55,0.0018
26_42,914.07,924.96,0.0018
26_42,925.05,927.55,0.0018
26_42,849.72,852.9,0.0018
26_42,756.93,767.82,0.0017
26_42,984.32,995.25,0.0017
26_42,774.44,811.49,0.0017
26_42,924.31,936.06,0.0016
26_42,736.24,742.0,0.0016
26_42,854.02,856.95,0.0016
26_42,898.56,900.87,0.0016
26_42,786.35,792.03,0.0015
26_42,678.64,684.73,0.0015
26_42,894.18,899.94,0.0014
26_42,946.25,962.57,0.0014
26_42,722.3,725.12,0.0014
26_42,586.49,646.91,0.0014
26_42,1018.54,1023.62,0.0013
26_42,999.83,1019.89,0.0013
26_42,891.19,893.47,0.0013
26_42,950.52,953.68,0.0013
26_42,811.26,814.21,0.0013
26_42,1090.26,1111.47,0.0012
26_42,1093.48,1096.4,0.0011
26_42,939.57,949.04,0.0011
26_42,1042.73,1045.53,0.0011
26_42,886.9,905.9,0.0011
26_42,1083.39,1086.3,0.0011
26_42,1011.38,1014.28,0.001
26_42,966.49,972.57,0.001
26_42,701.19,703.64,0.001
1_37,871.12,927.31,0.9995
1_37,665.03,712.06,0.9988
1_37,815.38,823.15,0.9988
1_37,848.46,870.42,0.9985
1_37,615.71,639.54,0.9971
1_37,824.08,843.94,0.9958
1_37,644.3,662.89,0.9944
1_37,713.47,750.39,0.991
1_37,932.42,937.02,0.9873
1_37,928.03,932.22,0.9862
1_37,752.64,782.91,0.9756
1_37,788.35,809.5,0.9678
1_37,824.07,843.95,0.1352
1_37,871.15,927.25,0.135
1_37,848.47,870.43,0.1343
1_37,664.99,712.01,0.1339
1_37,1056.86,1067.67,0.0214
1_37,871.1,927.31,0.0182
1_37,665.03,712.0,0.0181
1_37,915.24,918.23,0.0081
1_37,926.3,932.29,0.0078
1_37,634.97,645.47,0.0074
1_37,615.41,626.37,0.0054
1_37,934.51,1013.22,0.0052
1_37,783.89,820.28,0.0044
1_37,1034.93,1046.32,0.0044
1_37,819.3,822.32,0.0044
1_37,990.21,995.74,0.0042
1_37,630.47,636.67,0.0042
1_37,756.21,767.41,0.0041
1_37,1124.42,1146.54,0.0037
1_37,910.68,915.37,0.003
1_37,1149.05,1154.87,0.0027
1_37,915.6,927.61,0.0026
1_37,1100.04,1120.2,0.0025
1_37,810.57,848.33,0.0025
1_37,1079.79,1082.44,0.0025
1_37,716.2,721.96,0.0021
1_37,1043.26,1049.13,0.0021
1_37,683.11,707.4,0.0021
1_37,1025.74,1028.75,0.0018
1_37,715.11,736.63,0.0017
1_37,933.48,936.34,0.0017
1_37,939.14,944.63,0.0017
1_37,1013.32,1016.27,0.0016
1_37,712.78,715.33,0.0015
1_37,780.37,783.27,0.0015
1_37,693.28,696.3,0.0014
1_37,771.84,774.87,0.0014
1_37,651.29,654.15,0.0013
1_37,1131.43,1142.61,0.0013
1_37,980.55,986.22,0.0013
1_37,988.33,991.4,0.0013
1_37,1110.08,1112.7,0.0013
1_37,1125.8,1131.48,0.0013
1_37,940.88,952.8,0.0012
1_37,1031.51,1034.5,0.0012
1_37,781.07,791.96,0.0012
1_37,1006.95,1019.42,0.0012
1_37,674.16,677.21,0.0012
1_37,866.44,872.23,0.0012
1_37,825.76,838.05,0.0011
1_37,718.11,720.9,0.001
1_37,752.08,794.6,0.001
21_103,693.98,709.77,0.9993
21_103,982.44,1001.34,0.9981
21_103,941.46,978.47,0.9957
21_103,719.22,738.9,0.9949
21_103,1004.5,1021.83,0.9943
21_103,1064.15,1076.57,0.9937
21_103,868.17,884.7,0.9919
21_103,887.07,924.84,0.9909
21_103,1041.54,1053.37,0.9852
21_103,807.53,864.2,0.983
21_103,755.52,801.9,0.9812
21_103,656.94,674.3,0.98
21_103,621.51,647.5,0.9789
21_103,1055.72,1063.61,0.9542
21_103,693.99,709.76,0.136
21_103,1004.52,1021.84,0.1353
21_103,982.43,1001.34,0.135
21_103,868.15,884.7,0.1348
21_103,941.46,978.48,0.1326
21_103,621.49,647.49,0.1288
21_103,673.87,693.25,0.0237
21_103,693.98,709.78,0.0183
21_103,1144.96,1155.39,0.0099
21_103,1090.8,1095.93,0.0068
21_103,885.91,897.07,0.0066
21_103,739.46,750.06,0.0066
21_103,1074.5,1092.54,0.006
21_103,1087.25,1108.39,0.0055
21_103,811.8,834.37,0.0049
21_103,851.88,854.79,0.0048
21_103,1022.75,1033.82,0.0046
21_103,1132.42,1137.85,0.0045
21_103,785.54,791.14,0.004
21_103,652.45,655.06,0.0039
21_103,843.17,855.1,0.0037
21_103,953.36,955.94,0.0034
21_103,924.11,929.75,0.0034
21_103,1063.67,1074.94,0.0031
21_103,714.1,753.96,0.0029
21_103,1033.41,1122.81,0.0028
21_103,643.56,676.62,0.0027
21_103,901.35,912.62,0.0026
21_103,890.94,896.74,0.0026
21_103,867.3,878.79,0.0024
21_103,685.05,690.95,0.0024
21_103,793.62,799.97,0.0022
21_103,973.41,984.35,0.0022
21_103,1140.96,1223.28,0.0022
21_103,1105.48,1146.39,0.002
21_103,1015.84,1021.56,0.002
21_103,1159.68,1162.54,0.002
21_103,776.57,779.87,0.0019
21_103,943.42,945.73,0.0019
21_103,937.03,942.34,0.0017
21_103,970.83,976.99,0.0017
21_103,1067.34,1070.34,0.0017
21_103,827.58,830.13,0.0016
21_103,923.19,996.01,0.0016
21_103,1029.31,1032.2,0.0016
21_103,1145.27,1148.12,0.0016
21_103,930.76,933.85,0.0015
21_103,1077.35,1083.51,0.0014
21_103,771.33,777.67,0.0014
21_103,852.1,863.11,0.0013
21_103,714.04,719.47,0.0013
21_103,829.62,832.26,0.0013
21_103,1034.84,1055.98,0.0013
21_103,919.63,939.74,0.0013
21_103,892.93,903.6,0.0011
21_103,944.39,950.01,0.0011
21_103,723.38,735.83,0.0011
21_103,838.72,841.51,0.0011
21_103,860.27,865.74,0.0011
21_103,824.39,835.93,0.0011
21_103,804.7,809.96,0.001
21_103,674.23,677.22,0.001
21_103,962.55,967.74,0.001
17_8,809.22,897.85,0.9979
17_8,729.51,773.32,0.9973
17_8,897.95,942.75,0.9948
17_8,1183.23,1203.93,0.9927
17_8,1003.03,1095.42,0.9918
17_8,614.44,723.11,0.9897
17_8,1153.39,1178.04,0.9819
17_8,949.14,998.46,0.9819
17_8,1101.48,1138.33,0.9807
17_8,1206.66,1228.8,0.98
17_8,777.31,809.05,0.9644
17_8,1003.07,1095.27,0.1349
17_8,1153.38,1178.0,0.1325
17_8,767.33,773.09,0.0069
17_8,1164.53,1178.24,0.0066
17_8,778.21,791.45,0.0064
17_8,1101.1,1106.84,0.0044
17_8,1222.3,1228.8,0.0035
17_8,842.27,896.03,0.003
17_8,1196.66,1203.04,0.0028
17_8,669.01,675.64,0.0023
17_8,903.32,931.58,0.0023
17_8,1140.83,1151.36,0.0022
17_8,630.53,641.0,0.0022
17_8,780.44,811.71,0.0021
17_8,942.47,952.04,0.0021
17_8,1210.47,1228.8,0.0019
17_8,630.59,633.57,0.0015
17_8,931.45,937.41,0.0015
17_8,1106.28,1130.25,0.0014
17_8,618.54,663.06,0.0013
17_8,1028.35,1054.57,0.0012
17_8,1013.06,1017.79,0.0012
17_8,1203.14,1205.51,0.0011
17_8,767.56,770.69,0.0011
17_8,936.38,941.44,0.001
17_8,1209.22,1222.95,0.001
17_8,752.82,759.79,0.001
4_7,629.31,661.25,0.9989
4_7,718.39,736.92,0.9978
4_7,667.43,688.29,0.9967
4_7,1075.68,1085.3,0.9954
4_7,833.21,979.08,0.9938
4_7,751.34,760.08,0.9914
4_7,821.36,824.44,0.9901
4_7,701.92,713.24,0.99
4_7,981.41,1049.87,0.9882
4_7,1050.97,1058.18,0.987
4_7,1064.35,1068.91,0.9849
4_7,777.61,792.51,0.9849
4_7,1035.03,1038.04,0.969
4_7,796.85,802.83,0.9271
4_7,782.55,793.04,0.4224
4_7,629.29,661.27,0.1357
4_7,718.41,736.93,0.1355
4_7,1075.67,1085.3,0.1347
4_7,701.92,713.25,0.1334
4_7,981.45,1049.9,0.1331
4_7,1050.97,1058.17,0.1326
4_7,1035.03,1038.04,0.1286
4_7,629.32,661.28,0.0181
4_7,1050.97,1058.17,0.018
4_7,687.72,711.48,0.0133
4_7,931.69,953.86,0.0097
4_7,751.86,774.61,0.0073
4_7,1058.3,1070.01,0.0064
4_7,1031.64,1042.03,0.0045
4_7,1065.51,1076.53,0.0045
4_7,1002.34,1005.05,0.0043
4_7,942.97,949.03,0.0042
4_7,719.98,731.48,0.0042
4_7,695.68,701.47,0.0042
4_7,765.76,768.87,0.0036
4_7,627.42,630.24,0.0031
4_7,904.2,967.8,0.003
4_7,974.64,979.85,0.0028
4_7,1134.88,1138.27,0.0027
4_7,1076.67,1082.4,0.0027
4_7,894.44,899.85,0.0025
4_7,661.53,664.55,0.0024
4_7,659.7,692.91,0.0023
4_7,769.0,779.97,0.0022
4_7,1096.15,1098.88,0.0022
4_7,992.23,998.16,0.0021
4_7,738.3,744.68,0.0021
4_7,1043.85,1050.79,0.0021
4_7,684.44,687.5,0.002
4_7,777.58,799.61,0.0019
4_7,691.72,703.7,0.0019
4_7,820.09,831.17,0.0018
4_7,1058.5,1064.59,0.0017
4_7,866.63,872.63,0.0016
4_7,1039.78,1042.24,0.0016
4_7,1068.92,1074.5,0.0016
4_7,939.58,950.64,0.0015
4_7,698.59,718.43,0.0015
4_7,836.47,839.42,0.0015
4_7,717.78,720.2,0.0014
4_7,980.18,983.25,0.0014
4_7,785.51,791.34,0.0014
4_7,951.17,953.89,0.0013
4_7,882.22,885.25,0.0013
4_7,899.4,905.46,0.0013
4_7,807.13,809.85,0.0012
4_7,890.08,895.79,0.0012
4_7,646.59,649.5,0.0012
4_7,1047.43,1114.48,0.0011
4_7,1152.68,1177.0,0.0011
4_7,617.12,627.83,0.0011
4_7,795.74,808.46,0.0011
4_7,842.88,854.94,0.0011
4_7,1037.43,1040.35,0.001
4_7,906.33,908.93,0.001
4_7,956.64,967.94,0.001
17_29,656.17,724.33,0.9985
17_29,867.26,887.35,0.9981
17_29,975.31,984.38,0.998
17_29,786.88,842.23,0.9975
17_29,890.77,907.46,0.9968
17_29,618.57,653.09,0.9961
17_29,951.41,971.89,0.9925
17_29,750.84,786.12,0.986
17_29,917.31,947.27,0.985
17_29,987.45,1001.84,0.9831
17_29,867.29,887.31,0.1363
17_29,656.12,724.26,0.1355
17_29,618.56,653.07,0.1351
17_29,951.42,971.91,0.1349
17_29,975.31,984.4,0.1348
17_29,786.9,842.24,0.1342
17_29,744.56,749.33,0.0287
17_29,847.65,867.5,0.018
17_29,731.11,753.09,0.0091
17_29,1121.16,1127.06,0.0086
17_29,920.98,941.05,0.0075
17_29,752.75,755.48,0.0053
17_29,615.79,621.6,0.0039
17_29,1052.26,1063.19,0.0034
17_29,892.95,903.89,0.0031
17_29,976.07,979.16,0.0028
17_29,986.64,1008.41,0.0028
17_29,820.87,823.73,0.0028
17_29,979.17,982.22,0.0027
17_29,912.47,915.65,0.0027
17_29,871.47,874.49,0.0027
17_29,645.88,649.04,0.0026
17_29,1158.37,1171.23,0.0025
17_29,666.38,715.97,0.0024
17_29,830.99,837.07,0.0023
17_29,1074.67,1077.89,0.0023
17_29,1041.1,1044.09,0.0023
17_29,917.98,920.92,0.0022
17_29,821.57,841.37,0.0018
17_29,1048.0,1051.18,0.0017
17_29,1026.14,1038.38,0.0017
17_29,760.99,771.63,0.0016
17_29,894.97,898.13,0.0016
17_29,852.33,863.86,0.0016
17_29,1142.54,1145.43,0.0015
17_29,983.73,986.61,0.0015
17_29,1146.3,1228.8,0.0015
17_29,836.08,840.99,0.0014
17_29,629.57,635.56,0.0014
17_29,766.8,849.15,0.0014
17_29,804.21,817.26,0.0013
17_29,920.56,923.39,0.0013
17_29,1159.26,1165.69,0.0013
17_29,665.99,671.71,0.0013
17_29,984.75,1027.21,0.0013
17_29,945.88,979.42,0.0013
17_29,906.81,912.65,0.0013
17_29,937.43,948.2,0.0012
17_29,1035.64,1041.98,0.0012
17_29,718.23,724.06,0.0012
17_29,1064.11,1069.46,0.0011
17_29,888.2,906.53,0.0011
17_29,1099.59,1105.95,0.0011
17_29,879.58,884.93,0.001
17_5,1071.96,1090.53,0.999
17_5,614.46,699.71,0.9985
17_5,880.01,946.79,0.9979
17_5,852.99,867.1,0.9973
17_5,973.92,998.7,0.9966
17_5,1004.18,1030.42,0.9961
17_5,831.51,846.87,0.9948
17_5,735.1,796.22,0.993
17_5,1036.07,1045.42,0.9839
17_5,699.64,735.1,0.9603
17_5,811.79,826.87,0.9574
17_5,880.04,946.65,0.1364
17_5,614.3,699.61,0.1345
17_5,831.51,846.86,0.1345
17_5,1071.97,1090.52,0.1343
17_5,853.0,867.1,0.1343
17_5,1004.16,1030.43,0.1311
17_5,973.93,998.68,0.1311
17_5,880.05,946.67,0.0184
17_5,831.5,846.86,0.0182
17_5,852.99,867.1,0.0181
17_5,646.11,649.03,0.0159
17_5,769.01,772.32,0.0148
17_5,1045.75,1051.38,0.0134
17_5,614.45,633.63,0.0088
17_5,843.5,848.38,0.0084
17_5,617.21,620.24,0.0079
17_5,941.8,973.81,0.0076
17_5,720.95,740.32,0.0073
17_5,1051.39,1071.87,0.007
17_5,862.7,865.21,0.0069
17_5,847.69,850.68,0.0064
17_5,1022.1,1024.76,0.0062
17_5,1031.15,1036.49,0.0051
17_5,636.46,648.36,0.0047
17_5,1155.31,1158.08,0.0045
17_5,868.57,885.74,0.0041
17_5,781.47,784.26,0.0039
17_5,817.98,821.39,0.0038
17_5,652.26,657.72,0.0038
17_5,773.12,796.07,0.0037
17_5,902.67,914.45,0.0036
17_5,1096.41,1137.35,0.0035
17_5,839.97,843.22,0.0029
17_5,874.93,880.77,0.0027
17_5,1123.61,1134.08,0.0026
17_5,1009.73,1012.77,0.0024
17_5,800.91,812.09,0.0023
17_5,984.87,990.83,0.0022
17_5,753.59,756.6,0.0022
17_5,869.64,875.41,0.0021
17_5,1036.93,1043.03,0.0021
17_5,818.95,825.84,0.002
17_5,751.19,753.79,0.0019
17_5,920.27,931.99,0.0019
17_5,1089.89,1095.12,0.0019
17_5,648.26,653.49,0.0018
17_5,885.53,897.28,0.0018
17_5,804.39,849.73,0.0017
17_5,739.78,762.68,0.0016
17_5,727.72,730.43,0.0016
17_5,858.67,867.86,0.0016
17_5,700.58,725.15,0.0014
17_5,1081.42,1084.2,0.0014
17_5,911.7,942.77,0.0013
17_5,1139.9,1225.44,0.0013
17_5,1027.89,1032.72,0.0013
17_5,1059.09,1069.81,0.0013
17_5,1092.43,1116.85,0.0013
17_5,944.55,976.49,0.0013
17_5,1097.92,1100.62,0.0013
17_5,1053.17,1055.76,0.0012
17_5,815.67,818.43,0.0012
17_5,681.92,687.43,0.0012
17_5,938.83,941.81,0.0012
17_5,1142.03,1144.85,0.0012
17_5,988.68,1031.7,0.0011
17_5,1033.4,1056.47,0.0011
17_5,925.39,928.44,0.0011
17_5,895.53,898.68,0.001
26_39,788.18,876.21,0.9999
26_39,647.15,672.39,0.9987
26_39,775.29,781.08,0.9986
26_39,726.22,730.05,0.9981
26_39,714.97,724.81,0.9975
26_39,688.88,704.91,0.9973
26_39,878.14,889.84,0.9971
26_39,672.71,688.47,0.996
26_39,616.01,646.39,0.995
26_39,964.5,986.88,0.9946
26_39,920.8,956.53,0.9927
26_39,744.94,758.99,0.9913
26_39,917.27,920.22,0.9906
26_39,707.04,713.36,0.9836
26_39,956.89,963.34,0.9805
26_39,890.31,916.72,0.966
26_39,761.44,775.58,0.9657
26_39,731.77,744.39,0.9438
26_39,714.97,724.82,0.1351
26_39,647.17,672.38,0.1348
26_39,672.7,688.46,0.1348
26_39,775.29,781.08,0.1347
26_39,878.15,889.85,0.1344
26_39,917.26,920.22,0.1342
26_39,688.87,704.91,0.1336
26_39,726.22,730.05,0.1335
26_39,964.49,986.87,0.1325
26_39,744.93,758.99,0.1312
26_39,726.22,730.06,0.0181
26_39,672.71,688.47,0.018
26_39,917.26,920.22,0.018
26_39,647.17,672.4,0.0179
26_39,864.46,869.83,0.0141
26_39,991.9,1014.12,0.0096
26_39,1014.17,1025.25,0.0077
26_39,699.48,704.41,0.0076
26_39,614.09,616.2,0.0055
26_39,688.68,694.25,0.0054
26_39,883.51,922.99,0.0052
26_39,937.37,939.8,0.0051
26_39,705.49,715.47,0.0049
26_39,952.71,963.84,0.0045
26_39,758.03,761.2,0.0044
26_39,703.75,706.69,0.0043
26_39,828.26,831.44,0.0041
26_39,855.74,876.73,0.0037
26_39,735.22,741.04,0.0035
26_39,822.38,828.8,0.0034
26_39,798.66,821.36,0.0032
26_39,1136.09,1147.5,0.0027
26_39,968.34,981.58,0.0026
26_39,732.58,735.23,0.0022
26_39,1022.52,1033.48,0.0021
26_39,866.32,869.16,0.0021
26_39,799.51,802.51,0.0021
26_39,914.06,924.33,0.0019
26_39,795.09,800.38,0.0018
26_39,772.86,775.99,0.0018
26_39,785.14,871.75,0.0018
26_39,954.34,957.21,0.0016
26_39,1067.03,1078.87,0.0015
26_39,1058.44,1061.36,0.0014
26_39,920.47,926.82,0.0014
26_39,1038.46,1041.44,0.0014
26_39,980.83,986.0,0.0014
26_39,947.53,953.35,0.0014
26_39,727.62,747.85,0.0013
26_39,772.21,815.65,0.0013
26_39,651.22,656.61,0.0012
26_39,879.61,965.05,0.0012
26_39,614.31,616.73,0.0012
26_39,969.79,972.6,0.0011
26_39,673.16,679.44,0.0011
26_39,844.06,846.35,0.0011
26_39,1113.21,1126.37,0.0011
26_39,927.34,948.7,0.0011
26_39,790.97,794.13,0.0011
26_39,727.04,729.8,0.0011
26_39,755.38,758.17,0.001
26_39,665.8,671.44,0.001
5_11,1021.9,1063.19,0.9997
5_11,911.03,949.76,0.999
5_11,751.47,771.31,0.9984
5_11,808.78,818.74,0.9955
5_11,954.35,983.1,0.9947
5_11,719.09,743.76,0.9946
5_11,949.98,954.1,0.9944
5_11,678.29,689.45,0.9932
5_11,820.27,909.98,0.993
5_11,616.81,676.18,0.9929
5_11,983.51,1021.66,0.9891
5_11,1063.87,1072.47,0.9858
5_11,700.07,716.73,0.9799
5_11,779.89,806.15,0.9724
5_11,716.84,718.0,0.9649
5_11,773.5,779.46,0.961
5_11,751.49,771.32,0.1354
5_11,954.35,983.09,0.1347
5_11,808.79,818.73,0.1346
5_11,820.33,909.97,0.1345
5_11,719.09,743.74,0.1344
5_11,678.29,689.45,0.1341
5_11,949.98,954.1,0.134
5_11,983.52,1021.66,0.1307
5_11,954.32,983.1,0.0183
5_11,949.98,954.1,0.0181
5_11,696.11,699.03,0.0169
5_11,677.01,679.93,0.0169
5_11,714.78,717.54,0.007
5_11,851.09,863.32,0.0069
5_11,1005.57,1017.02,0.0063
5_11,682.56,688.77,0.0057
5_11,836.82,860.94,0.0053
5_11,1027.06,1047.24,0.005
5_11,775.22,811.15,0.0047
5_11,927.4,949.94,0.0046
5_11,1021.64,1024.46,0.0037
5_11,1065.67,1071.73,0.0037
5_11,918.55,929.36,0.0037
5_11,954.04,959.72,0.0035
5_11,788.95,791.68,0.0033
5_11,756.85,759.63,0.0031
5_11,937.05,939.53,0.0031
5_11,662.36,673.45,0.003
5_11,724.7,727.25,0.0029
5_11,1096.04,1099.27,0.0028
5_11,625.2,630.75,0.0026
5_11,644.63,650.22,0.0026
5_11,794.79,797.7,0.0023
5_11,728.1,731.12,0.0023
5_11,898.99,901.68,0.0022
5_11,1049.12,1052.31,0.0022
5_11,1077.93,1121.62,0.0021
5_11,1092.61,1095.41,0.0021
5_11,902.58,908.63,0.0021
5_11,809.83,815.71,0.002
5_11,671.16,674.01,0.002
5_11,765.88,772.44,0.002
5_11,701.9,708.05,0.0018
5_11,672.39,678.01,0.0017
5_11,953.68,956.74,0.0017
5_11,819.48,830.9,0.0017
5_11,803.67,806.99,0.0016
5_11,607.84,619.05,0.0015
5_11,1076.2,1082.77,0.0015
5_11,961.65,964.65,0.0015
5_11,998.41,1010.11,0.0015
5_11,1086.01,1088.84,0.0015
5_11,676.8,695.55,0.0014
5_11,957.0,959.51,0.0013
5_11,860.56,863.22,0.0013
5_11,921.67,924.66,0.0013
5_11,973.6,976.41,0.0012
5_11,1058.27,1071.45,0.0012
5_11,976.95,983.53,0.0012
5_11,837.61,840.56,0.0012
5_11,718.06,720.84,0.0011
5_11,649.26,673.54,0.0011
5_11,1135.09,1141.1,0.0011
15_2,705.67,799.38,0.9995
15_2,839.03,923.76,0.9985
15_2,801.53,814.78,0.9979
15_2,615.68,703.89,0.995
15_2,928.51,1037.08,0.9927
15_2,1211.23,1227.68,0.9927
15_2,1106.3,1122.38,0.9917
15_2,1131.2,1132.71,0.9878
15_2,815.52,838.4,0.9862
15_2,1122.92,1130.9,0.9788
15_2,1202.8,1209.93,0.9766
15_2,1133.78,1189.91,0.975
15_2,1022.04,1054.71,0.9647
15_2,1167.51,1202.29,0.7691
15_2,801.52,814.78,0.134
15_2,615.7,703.9,0.134
15_2,838.9,923.74,0.1323
15_2,1131.2,1132.71,0.1319
15_2,1022.06,1054.67,0.1313
15_2,1202.8,1209.93,0.1308
15_2,928.38,1036.99,0.1249
15_2,1176.89,1179.66,0.0278
15_2,1174.42,1177.46,0.026
15_2,1099.49,1106.11,0.0237
15_2,1106.28,1108.37,0.0197
15_2,1202.81,1209.93,0.0177
15_2,1133.13,1138.62,0.0161
15_2,704.19,750.09,0.0152
15_2,1106.54,1117.12,0.0144
15_2,1168.21,1170.79,0.0104
15_2,1156.42,1162.74,0.01
15_2,616.27,638.78,0.0081
15_2,948.05,950.58,0.0071
15_2,1190.89,1193.3,0.0068
15_2,704.27,717.13,0.0066
15_2,1167.16,1173.24,0.006
15_2,972.99,975.81,0.0056
15_2,779.5,799.54,0.0045
15_2,1161.9,1164.51,0.0045
15_2,840.38,887.68,0.0044
15_2,1145.0,1147.24,0.0039
15_2,1089.47,1091.97,0.0039
15_2,678.98,703.28,0.0038
15_2,1106.37,1108.86,0.0036
15_2,1085.57,1088.2,0.0035
15_2,1116.92,1119.7,0.0035
15_2,634.87,637.74,0.0034
15_2,1124.62,1130.17,0.0031
15_2,1165.83,1168.22,0.0029
15_2,1197.51,1202.08,0.0027
15_2,1021.41,1031.76,0.0026
15_2,618.32,661.0,0.0026
15_2,1221.8,1227.2,0.0022
15_2,1176.31,1194.23,0.0022
15_2,1152.46,1177.19,0.0022
15_2,754.34,798.24,0.0021
15_2,948.05,959.38,0.0021
15_2,839.66,850.15,0.0021
15_2,1085.64,1107.46,0.0021
15_2,1136.51,1138.71,0.0019
15_2,1190.24,1195.32,0.0019
15_2,883.65,925.15,0.0019
15_2,1112.59,1122.95,0.0019
15_2,815.17,820.98,0.0018
15_2,1052.46,1058.04,0.0017
15_2,1162.75,1165.97,0.0017
15_2,1043.94,1053.6,0.0016
15_2,1154.46,1157.09,0.0015
15_2,1081.5,1090.73,0.0014
15_2,812.09,814.63,0.0014
15_2,636.79,643.02,0.0013
15_2,965.67,1015.68,0.0013
15_2,1132.91,1135.95,0.0013
15_2,1139.0,1141.69,0.0013
15_2,1214.66,1228.8,0.0012
15_2,991.96,994.19,0.0012
15_2,1227.88,1228.8,0.0012
15_2,814.85,835.18,0.0011
15_2,1177.25,1180.19,0.0011
15_2,1030.85,1052.68,0.0011
15_2,969.64,972.62,0.0011
15_2,886.43,892.95,0.0011
15_2,1135.54,1208.26,0.001
15_2,1129.71,1132.82,0.001
15_2,957.16,962.75,0.001
27_31,824.05,896.4,0.9994
27_31,960.02,984.35,0.9987
27_31,807.2,823.4,0.9986
27_31,769.13,803.42,0.9977
27_31,704.21,768.52,0.9969
27_31,676.16,695.51,0.9961
27_31,950.06,959.42,0.9953
27_31,896.46,948.73,0.9833
27_31,641.85,672.43,0.9699
27_31,983.75,1005.57,0.9677
27_31,824.03,896.29,0.1353
27_31,950.05,959.41,0.1347
27_31,617.75,662.54,0.0113
27_31,899.5,905.03,0.0083
27_31,758.66,768.32,0.0065
27_31,952.74,958.45,0.0044
27_31,998.91,1004.16,0.0042
27_31,1008.94,1011.28,0.0042
27_31,903.57,909.57,0.0041
27_31,829.65,876.95,0.0038
27_31,1075.26,1081.63,0.0038
27_31,959.3,961.65,0.0038
27_31,644.92,647.87,0.0036
27_31,766.93,778.33,0.0036
27_31,990.91,994.2,0.0031
27_31,811.96,817.99,0.003
27_31,1159.45,1165.54,0.0027
27_31,646.78,658.37,0.0027
27_31,633.25,636.04,0.0025
27_31,1060.34,1080.5,0.0024
27_31,775.53,781.29,0.0024
27_31,706.61,747.38,0.0024
27_31,613.91,616.21,0.0021
27_31,889.86,895.74,0.0021
27_31,790.92,793.97,0.0021
27_31,777.59,789.52,0.002
27_31,759.75,762.42,0.002
27_31,726.09,731.02,0.0019
27_31,1144.77,1147.64,0.0019
27_31,901.66,911.74,0.0017
27_31,618.96,642.82,0.0016
27_31,976.27,982.35,0.0016
27_31,1017.35,1020.08,0.0015
27_31,1157.6,1168.74,0.0014
27_31,947.46,985.77,0.0014
27_31,664.49,671.19,0.0013
27_31,752.3,758.05,0.0013
27_31,985.66,988.8,0.0013
27_31,802.8,805.83,0.0013
27_31,922.63,945.85,0.0013
27_31,843.87,863.27,0.0013
27_31,1010.83,1013.67,0.0013
27_31,722.71,727.77,0.0013
27_31,653.48,656.48,0.0012
27_31,677.46,683.33,0.0012
27_31,696.92,707.01,0.001
27_31,1104.76,1107.52,0.001
27_31,1123.5,1129.36,0.001
2_38,1196.39,1228.8,0.9999
2_38,729.53,838.47,0.9995
2_38,906.11,941.03,0.9946
2_38,840.8,867.82,0.9943
2_38,703.4,725.9,0.9941
2_38,1007.51,1196.8,0.9913
2_38,948.95,1002.99,0.989
2_38,626.8,649.33,0.9855
2_38,694.37,705.65,0.9779
2_38,647.03,687.66,0.9766
2_38,867.83,902.75,0.9662
2_38,1007.33,1196.83,0.1346
2_38,703.34,725.92,0.1337
2_38,626.78,649.31,0.1336
2_38,948.94,1002.93,0.1334
2_38,630.02,722.66,0.0153
2_38,1007.01,1057.6,0.0118
2_38,719.07,725.04,0.0117
2_38,985.29,999.4,0.0051
2_38,729.07,739.52,0.0051
2_38,831.08,836.65,0.005
2_38,995.74,998.82,0.0046
2_38,1211.19,1228.8,0.0046
2_38,958.16,970.6,0.0041
2_38,1175.28,1194.62,0.004
2_38,1061.14,1141.52,0.0037
2_38,727.78,755.53,0.0036
2_38,686.38,691.55,0.0035
2_38,867.18,878.82,0.0034
2_38,621.18,657.63,0.0033
2_38,1193.35,1212.61,0.0033
2_38,879.34,901.28,0.0029
2_38,648.25,668.43,0.0027
2_38,910.82,933.11,0.0023
2_38,840.95,881.53,0.0023
2_38,819.02,837.54,0.0023
2_38,627.24,640.85,0.0021
2_38,1010.1,1015.0,0.002
2_38,928.42,941.31,0.002
2_38,979.99,1001.24,0.0019
2_38,954.72,960.87,0.0019
2_38,1007.31,1041.33,0.0016
2_38,1105.73,1108.77,0.0015
2_38,972.81,985.79,0.0015
2_38,909.23,921.77,0.0015
2_38,1041.43,1052.5,0.0013
2_38,923.47,930.43,0.0012
2_38,1111.48,1204.89,0.0012
2_38,797.42,839.16,0.0011
2_38,689.73,727.56,0.0011
2_38,663.55,684.97,0.0011
2_38,1062.14,1120.33,0.0011
2_38,903.78,906.58,0.0011
2_38,1002.44,1004.92,0.001
5_4,829.02,852.66,0.9998
5_4,740.18,771.81,0.9987
5_4,1017.6,1030.08,0.9981
5_4,995.73,1017.54,0.9979
5_4,810.41,812.81,0.9961
5_4,860.39,933.45,0.9952
5_4,643.05,674.79,0.9945
5_4,953.83,958.02,0.9935
5_4,788.29,806.53,0.9922
5_4,614.4,642.86,0.9916
5_4,818.89,826.62,0.9911
5_4,675.95,734.48,0.9866
5_4,958.16,966.43,0.9865
5_4,966.67,995.51,0.9814
5_4,813.08,817.2,0.9803
5_4,740.17,771.85,0.1357
5_4,860.4,933.51,0.1351
5_4,818.89,826.62,0.1341
5_4,614.37,642.88,0.1329
5_4,675.95,734.38,0.1316
5_4,740.15,771.84,0.0183
5_4,614.39,642.85,0.0181
5_4,676.03,734.39,0.0178
5_4,818.89,826.62,0.0178
5_4,870.48,876.29,0.0092
5_4,1087.61,1128.49,0.0088
5_4,846.95,850.07,0.008
5_4,773.27,784.5,0.0074
5_4,810.22,812.7,0.0071
5_4,960.33,965.85,0.007
5_4,717.96,723.97,0.0064
5_4,929.79,966.95,0.0054
5_4,809.8,819.02,0.0048
5_4,1032.86,1035.37,0.0046
5_4,614.37,617.36,0.0041
5_4,802.25,804.99,0.004
5_4,1156.36,1159.35,0.0036
5_4,790.78,796.63,0.0036
5_4,1088.54,1112.05,0.0033
5_4,865.33,870.84,0.003
5_4,918.76,924.5,0.003
5_4,642.17,648.46,0.0029
5_4,1038.72,1061.08,0.0029
5_4,1019.32,1026.35,0.0028
5_4,794.87,797.75,0.0028
5_4,726.52,735.65,0.0026
5_4,868.81,874.57,0.0025
5_4,808.71,813.81,0.0024
5_4,954.72,957.65,0.0024
5_4,783.62,786.31,0.0024
5_4,637.2,642.92,0.0024
5_4,1015.13,1018.15,0.0022
5_4,614.41,642.87,0.0022
5_4,880.39,926.42,0.0022
5_4,888.58,899.08,0.0019
5_4,681.24,702.74,0.0017
5_4,1144.84,1147.55,0.0016
5_4,882.75,885.81,0.0016
5_4,828.63,831.15,0.0016
5_4,1076.62,1079.96,0.0016
5_4,731.39,734.17,0.0015
5_4,984.77,990.74,0.0015
5_4,1017.35,1039.28,0.0015
5_4,899.03,901.51,0.0015
5_4,754.49,769.86,0.0015
5_4,1111.93,1117.25,0.0015
5_4,1043.21,1087.59,0.0014
5_4,848.34,858.99,0.0013
5_4,770.6,775.96,0.0013
5_4,793.91,805.5,0.0012
5_4,650.25,671.32,0.0012
5_4,1117.6,1120.19,0.0012
5_4,725.71,728.18,0.0012
5_4,845.44,850.65,0.0012
5_4,762.45,765.24,0.0011
5_4,1109.32,1112.63,0.0011
5_4,1139.1,1222.15,0.0011
5_4,832.36,871.37,0.001
5_4,874.83,877.82,0.001
5_4,777.28,788.55,0.001
5_44,729.82,788.46,0.9985
5_44,673.36,696.87,0.9984
5_44,1133.5,1138.4,0.998
5_44,926.25,967.09,0.997
5_44,1030.91,1071.34,0.9959
5_44,862.1,921.79,0.9957
5_44,617.23,670.7,0.9945
5_44,995.22,1002.82,0.9881
5_44,1004.01,1019.78,0.9876
5_44,1115.07,1131.44,0.9808
5_44,1020.69,1030.83,0.9803
5_44,821.39,849.92,0.9786
5_44,1141.98,1153.36,0.9764
5_44,716.99,725.27,0.97
5_44,790.5,812.41,0.9632
5_44,1048.19,1114.01,0.8523
5_44,862.38,921.73,0.1355
5_44,617.21,670.78,0.1354
5_44,729.78,788.48,0.1337
5_44,995.22,1002.82,0.1335
5_44,673.36,696.86,0.133
5_44,1048.26,1113.95,0.1147
5_44,729.78,788.48,0.018
5_44,614.95,620.12,0.012
5_44,701.55,704.3,0.0097
5_44,798.79,801.44,0.0084
5_44,1095.37,1101.87,0.0078
5_44,1103.53,1115.67,0.0057
5_44,826.71,830.01,0.0052
5_44,664.68,667.61,0.0049
5_44,1019.66,1029.78,0.0048
5_44,769.61,850.57,0.0042
5_44,1045.02,1047.67,0.0039
5_44,760.64,763.4,0.0036
5_44,866.39,910.53,0.0034
5_44,694.59,714.93,0.0033
5_44,945.78,966.0,0.0032
5_44,676.11,689.34,0.0027
5_44,1030.76,1042.42,0.0027
5_44,800.72,811.66,0.0027
5_44,777.71,788.6,0.0025
5_44,790.15,800.85,0.0023
5_44,881.92,884.54,0.0021
5_44,997.14,1034.49,0.0021
5_44,724.07,734.89,0.0021
5_44,1131.95,1155.8,0.002
5_44,931.49,953.93,0.0018
5_44,829.79,836.38,0.0017
5_44,820.46,823.27,0.0017
5_44,984.37,986.73,0.0016
5_44,721.34,723.97,0.0016
5_44,646.86,659.55,0.0016
5_44,995.95,1001.4,0.0016
5_44,934.67,937.52,0.0015
5_44,1063.57,1106.95,0.0014
5_44,948.46,954.42,0.0013
5_44,938.77,944.92,0.0012
5_44,654.51,657.48,0.0011
5_44,820.51,864.85,0.0011
5_44,748.6,758.48,0.001
5_44,1041.65,1066.39,0.001
5_44,791.73,797.8,0.001
5_44,1094.46,1115.17,0.001
27_38,845.56,872.13,0.999
27_38,881.73,898.38,0.9966
27_38,795.73,810.76,0.9962
27_38,899.0,907.74,0.9959
27_38,733.34,746.53,0.9953
27_38,652.03,731.27,0.9948
27_38,751.65,791.18,0.9941
27_38,815.06,840.01,0.9853
27_38,617.68,646.93,0.9564
27_38,733.32,746.53,0.1351
27_38,899.0,907.74,0.1347
27_38,652.15,731.21,0.1346
27_38,881.72,898.39,0.1346
27_38,751.65,791.23,0.1345
27_38,845.55,872.16,0.1342
27_38,1128.63,1133.99,0.0166
27_38,617.01,629.28,0.014
27_38,1126.4,1138.55,0.0083
27_38,839.63,845.52,0.0074
27_38,1114.08,1126.02,0.0071
27_38,849.73,852.57,0.0057
27_38,906.87,916.98,0.0046
27_38,1140.36,1151.09,0.004
27_38,685.61,688.1,0.0037
27_38,965.14,976.21,0.0031
27_38,805.93,846.51,0.003
27_38,900.66,906.54,0.0029
27_38,903.06,924.87,0.0027
27_38,965.66,968.3,0.0027
27_38,1009.13,1012.24,0.0026
27_38,746.35,756.41,0.0022
27_38,691.66,694.25,0.0021
27_38,719.35,731.6,0.0021
27_38,1124.69,1145.14,0.0019
27_38,731.43,748.02,0.0018
27_38,1077.5,1089.55,0.0018
27_38,922.06,927.85,0.0017
27_38,1151.49,1154.53,0.0016
27_38,964.76,1046.1,0.0016
27_38,646.99,649.82,0.0016
27_38,821.4,827.61,0.0016
27_38,694.97,697.97,0.0015
27_38,896.43,898.9,0.0015
27_38,741.27,823.64,0.0013
27_38,643.91,646.6,0.0013
27_38,1155.96,1158.58,0.0013
27_38,1019.14,1024.75,0.0013
27_38,904.18,906.95,0.0013
27_38,1007.0,1013.11,0.0013
27_38,887.82,898.89,0.0012
27_38,930.24,935.99,0.0012
27_38,745.11,748.06,0.0012
27_38,647.18,658.48,0.0011
27_38,748.96,771.54,0.001
27_38,869.55,879.87,0.001
28_7,1083.61,1107.71,0.9991
28_7,1040.83,1064.06,0.998
28_7,856.9,894.02,0.9975
28_7,828.1,846.64,0.9962
28_7,1006.48,1030.6,0.9958
28_7,634.81,666.36,0.9952
28_7,1064.99,1082.65,0.9933
28_7,1174.66,1196.92,0.9929
28_7,898.75,943.29,0.9902
28_7,1124.47,1135.61,0.9876
28_7,678.51,687.8,0.9845
28_7,704.59,762.07,0.9801
28_7,779.73,826.22,0.979
28_7,763.05,773.28,0.979
28_7,1109.59,1125.37,0.9748
28_7,990.65,1007.39,0.9738
28_7,961.89,988.81,0.9608
28_7,1083.54,1107.8,0.1376
28_7,856.87,894.04,0.1349
28_7,1040.83,1064.06,0.1338
28_7,1065.0,1082.64,0.1328
28_7,1124.45,1135.59,0.1326
28_7,1006.45,1030.6,0.1319
28_7,961.85,988.79,0.1308
28_7,1112.41,1115.01,0.0182
28_7,1040.8,1064.05,0.0179
28_7,777.65,789.04,0.011
28_7,673.12,693.87,0.0097
28_7,740.71,762.05,0.0095
28_7,1064.95,1070.18,0.0077
28_7,945.49,963.53,0.0069
28_7,900.42,926.17,0.0066
28_7,1122.7,1204.22,0.0065
28_7,607.6,620.81,0.0052
28_7,1158.89,1162.08,0.0044
28_7,846.34,852.01,0.0036
28_7,1123.87,1144.6,0.0029
28_7,779.2,790.69,0.0028
28_7,1189.59,1195.04,0.0028
28_7,828.58,848.22,0.0026
28_7,728.86,742.95,0.0026
28_7,978.52,1066.91,0.0024
28_7,918.34,943.66,0.0024
28_7,614.76,625.95,0.0024
28_7,678.05,689.78,0.0022
28_7,628.86,696.84,0.0021
28_7,1186.28,1189.31,0.002
28_7,802.38,808.42,0.0018
28_7,845.7,927.85,0.0018
28_7,1005.72,1012.29,0.0017
28_7,954.81,957.71,0.0015
28_7,744.09,747.16,0.0014
28_7,897.55,903.01,0.0014
28_7,1143.9,1146.35,0.0014
28_7,775.75,781.71,0.0014
28_7,629.87,641.37,0.0013
28_7,986.61,993.08,0.0012
28_7,866.65,890.95,0.0012
28_7,686.23,696.78,0.0012
28_7,1109.56,1134.06,0.0012
28_7,1005.71,1028.67,0.0012
28_7,939.35,958.28,0.0011
1_19,810.16,839.32,0.9995
1_19,634.75,657.19,0.9993
1_19,697.16,763.05,0.9988
1_19,783.6,810.04,0.9985
1_19,615.4,632.36,0.9965
1_19,874.79,913.55,0.9963
1_19,839.46,873.91,0.9961
1_19,763.52,780.15,0.991
1_19,913.67,963.46,0.9893
1_19,667.57,696.55,0.9881
1_19,966.48,977.89,0.969
1_19,979.88,982.71,0.9688
1_19,839.5,873.89,0.1352
1_19,783.58,810.03,0.1335
1_19,810.16,839.32,0.1334
1_19,634.75,657.18,0.1326
1_19,810.16,839.32,0.0181
1_19,830.21,836.27,0.0091
1_19,760.57,763.52,0.0069
1_19,792.18,797.18,0.0059
1_19,899.96,981.78,0.0057
1_19,798.89,801.17,0.0054
1_19,922.86,928.65,0.0049
1_19,802.74,805.71,0.0044
1_19,614.81,626.97,0.0042
1_19,662.82,665.27,0.0041
1_19,638.45,650.45,0.0039
1_19,1015.75,1021.61,0.0038
1_19,1089.3,1129.49,0.0033
1_19,1060.51,1066.14,0.0032
1_19,1120.08,1126.11,0.003
1_19,1024.27,1047.83,0.003
1_19,874.58,877.01,0.0028
1_19,753.87,764.25,0.0026
1_19,1027.44,1033.46,0.0024
1_19,840.45,846.79,0.0023
1_19,869.92,875.42,0.0023
1_19,1067.19,1090.51,0.0022
1_19,849.14,855.5,0.0021
1_19,905.78,915.99,0.0021
1_19,1082.52,1085.92,0.0021
1_19,936.75,939.38,0.0021
1_19,971.1,976.76,0.002
1_19,1153.98,1176.65,0.0019
1_19,711.33,714.42,0.0019
1_19,783.13,794.93,0.0018
1_19,1142.54,1152.74,0.0018
1_19,922.53,946.43,0.0017
1_19,840.28,865.24,0.0017
1_19,839.61,842.54,0.0016
1_19,880.91,883.62,0.0016
1_19,978.53,983.81,0.0015
1_19,653.08,659.21,0.0014
1_19,710.21,756.83,0.0014
1_19,650.15,653.34,0.0013
1_19,1158.07,1163.45,0.0013
1_19,982.59,994.46,0.0012
1_19,1152.33,1154.89,0.0012
1_19,720.32,726.27,0.0012
1_19,889.63,895.83,0.0012
1_19,955.87,958.93,0.0012
1_19,763.38,811.68,0.0012
1_19,822.75,838.76,0.0012
1_19,1106.73,1111.83,0.0012
1_19,670.73,681.57,0.0011
1_19,1090.75,1095.85,0.0011
1_19,927.94,934.36,0.0011
1_19,964.99,976.64,0.0011
22_6,1007.81,1019.43,0.9999
22_6,865.25,990.37,0.9981
22_6,998.18,1003.22,0.9973
22_6,624.72,666.85,0.997
22_6,730.81,744.72,0.9964
22_6,667.15,671.17,0.9964
22_6,1023.99,1035.5,0.9953
22_6,616.31,622.45,0.9953
22_6,744.99,765.95,0.9953
22_6,671.74,681.67,0.9889
22_6,765.95,863.5,0.9863
22_6,1035.04,1039.28,0.9848
22_6,685.17,730.67,0.9759
22_6,990.28,996.01,0.9546
22_6,624.68,666.82,0.1355
22_6,1023.98,1035.5,0.1348
22_6,616.3,622.45,0.1346
22_6,865.27,990.3,0.1336
22_6,667.15,671.17,0.1332
22_6,1035.03,1039.28,0.1307
22_6,1023.99,1035.5,0.0182
22_6,616.3,622.45,0.018
22_6,622.38,632.45,0.0142
22_6,992.18,1013.47,0.0089
22_6,834.06,856.02,0.0079
22_6,1062.66,1103.57,0.0065
22_6,751.77,823.58,0.0064
22_6,1111.44,1133.52,0.0056
22_6,936.73,948.49,0.0054
22_6,630.62,636.65,0.0051
22_6,623.14,628.93,0.0046
22_6,1056.61,1068.55,0.004
22_6,1152.19,1158.42,0.004
22_6,1037.43,1049.43,0.0037
22_6,847.13,852.9,0.0036
22_6,917.03,929.37,0.0035
22_6,756.05,761.25,0.0034
22_6,1084.89,1090.66,0.0033
22_6,766.21,786.82,0.0028
22_6,1108.4,1111.32,0.0028
22_6,882.9,908.11,0.0026
22_6,806.51,848.47,0.0026
22_6,1074.2,1080.2,0.0024
22_6,1016.95,1019.29,0.0023
22_6,929.36,931.99,0.0022
22_6,773.9,777.01,0.0022
22_6,674.26,752.56,0.0021
22_6,1107.27,1119.23,0.0021
22_6,1090.3,1093.19,0.002
22_6,845.3,848.52,0.002
22_6,672.05,682.97,0.0019
22_6,941.69,944.42,0.0019
22_6,984.94,990.54,0.0019
22_6,1008.69,1011.34,0.0017
22_6,824.22,826.95,0.0017
22_6,776.2,779.12,0.0017
22_6,619.25,698.3,0.0017
22_6,897.49,900.89,0.0016
22_6,995.38,998.36,0.0016
22_6,731.85,738.33,0.0016
22_6,643.42,649.62,0.0015
22_6,967.0,978.0,0.0015
22_6,910.06,912.7,0.0015
22_6,693.86,698.96,0.0015
22_6,661.65,667.45,0.0014
22_6,1118.59,1121.5,0.0014
22_6,1151.24,1154.04,0.0014
22_6,809.76,812.82,0.0014
22_6,673.87,676.63,0.0014
22_6,688.61,691.68,0.0013
22_6,1102.11,1104.71,0.0013
22_6,790.07,813.91,0.0012
22_6,698.2,709.42,0.0012
22_6,919.61,925.82,0.0012
22_6,725.67,730.99,0.0012
22_6,923.06,946.26,0.0012
22_6,780.81,783.83,0.0011
22_6,1078.58,1084.56,0.0011
22_6,859.58,882.77,0.0011
22_6,1134.6,1223.2,0.001
22_6,997.38,1008.16,0.001
2_28,636.69,715.87,0.9978
2_28,961.94,1012.2,0.9968
2_28,1155.72,1195.82,0.9954
2_28,1014.17,1056.96,0.9913
2_28,783.04,808.21,0.9892
2_28,1057.91,1133.71,0.9891
2_28,1134.39,1142.08,0.989
2_28,739.25,780.17,0.9836
2_28,890.16,918.16,0.9788
2_28,619.99,635.81,0.9742
2_28,924.78,955.77,0.9664
2_28,825.94,887.37,0.9562
2_28,651.2,654.4,0.9224
2_28,1138.97,1155.73,0.9067
2_28,915.43,947.49,0.5056
2_28,1058.0,1140.7,0.1817
2_28,1014.09,1056.93,0.135
2_28,636.83,715.93,0.1329
2_28,783.02,808.23,0.1307
2_28,961.88,1012.21,0.127
2_28,1134.39,1142.08,0.1237
2_28,924.83,955.68,0.0674
2_28,1134.4,1142.08,0.0167
2_28,1060.77,1080.74,0.0098
2_28,885.49,915.88,0.0094
2_28,1158.35,1171.09,0.009
2_28,854.08,873.63,0.0076
2_28,1013.19,1034.97,0.0069
2_28,965.57,977.04,0.0062
2_28,810.05,828.9,0.0055
2_28,862.38,886.51,0.0055
2_28,923.38,937.1,0.0049
2_28,630.1,632.88,0.0043
2_28,884.12,890.23,0.0033
2_28,1030.65,1050.17,0.0031
2_28,697.59,717.09,0.0029
2_28,1012.74,1016.06,0.0028
2_28,642.28,648.67,0.0028
2_28,615.95,618.39,0.0027
2_28,641.24,687.18,0.0025
2_28,883.83,886.64,0.0024
2_28,767.96,781.32,0.0022
2_28,815.93,892.25,0.0021
2_28,723.48,806.15,0.0021
2_28,1100.54,1126.28,0.002
2_28,1092.0,1094.7,0.0019
2_28,840.69,853.74,0.0019
2_28,1067.45,1070.2,0.0019
2_28,718.22,735.6,0.0019
2_28,987.74,1010.54,0.0018
2_28,1019.94,1032.3,0.0018
2_28,1157.98,1178.68,0.0018
2_28,679.23,702.89,0.0017
2_28,593.52,622.23,0.0016
2_28,897.16,964.91,0.0016
2_28,887.99,893.39,0.0016
2_28,1058.49,1077.3,0.0016
2_28,999.61,1002.62,0.0016
2_28,1201.91,1228.8,0.0015
2_28,817.15,829.41,0.0015
2_28,619.4,641.47,0.0014
2_28,1089.22,1095.19,0.0012
2_28,913.69,924.99,0.0011
2_28,635.84,641.9,0.0011
2_28,1142.49,1153.86,0.0011
2_28,981.22,983.89,0.0011
18_2,824.94,837.67,0.9997
18_2,884.89,892.43,0.9959
18_2,837.98,848.47,0.9952
18_2,879.45,884.65,0.9933
18_2,711.59,765.63,0.9915
18_2,915.02,970.62,0.9906
18_2,685.55,704.89,0.9905
18_2,818.42,824.84,0.977
18_2,706.37,707.96,0.9682
18_2,959.93,962.82,0.9676
18_2,614.64,683.15,0.958
18_2,861.11,878.58,0.953
18_2,892.5,959.47,0.516
18_2,824.96,837.66,0.1355
18_2,884.89,892.43,0.135
18_2,711.55,765.68,0.132
18_2,959.93,962.82,0.1308
18_2,914.99,970.6,0.0682
18_2,884.89,892.43,0.018
18_2,719.2,721.73,0.0141
18_2,921.88,945.81,0.0099
18_2,1092.59,1098.57,0.0095
18_2,735.59,758.05,0.0071
18_2,1129.78,1132.48,0.0069
18_2,789.56,801.5,0.0067
18_2,674.96,685.76,0.0064
18_2,962.56,964.87,0.0056
18_2,1068.62,1071.17,0.0048
18_2,759.62,796.82,0.0046
18_2,1096.75,1099.42,0.0044
18_2,966.44,972.89,0.0038
18_2,618.63,621.7,0.0037
18_2,705.1,716.19,0.0036
18_2,745.37,752.31,0.0034
18_2,880.52,883.88,0.0032
18_2,755.36,761.78,0.0032
18_2,1086.29,1098.54,0.0031
18_2,1126.04,1128.98,0.003
18_2,945.11,948.01,0.003
18_2,903.62,906.45,0.0028
18_2,1157.43,1160.27,0.0027
18_2,838.58,850.08,0.0026
18_2,975.33,980.58,0.0024
18_2,962.82,968.02,0.0024
18_2,1131.85,1134.74,0.0024
18_2,830.18,836.3,0.0023
18_2,967.13,969.84,0.002
18_2,1047.96,1059.52,0.0019
18_2,764.27,766.58,0.0019
18_2,817.71,889.98,0.0019
18_2,813.83,825.39,0.0018
18_2,1026.46,1032.34,0.0017
18_2,1068.59,1090.06,0.0017
18_2,623.15,671.61,0.0017
18_2,1099.13,1102.34,0.0017
18_2,1004.0,1026.85,0.0016
18_2,715.56,726.56,0.0016
18_2,998.65,1004.63,0.0015
18_2,873.5,885.43,0.0014
18_2,851.72,863.26,0.0014
18_2,1067.65,1073.91,0.0014
18_2,1111.93,1117.52,0.0014
18_2,668.12,687.3,0.0013
18_2,705.57,710.84,0.0013
18_2,805.56,816.5,0.0012
18_2,1107.15,1109.5,0.0012
18_2,1116.38,1118.51,0.0012
18_2,1128.01,1133.37,0.0012
18_2,986.63,992.92,0.0011
18_2,625.33,637.59,0.0011
18_2,1045.75,1051.43,0.0011
18_2,941.01,963.01,0.001
25_5,1094.81,1097.16,0.9989
25_5,752.54,776.5,0.9981
25_5,813.05,980.82,0.9975
25_5,807.63,809.46,0.9963
25_5,981.16,982.97,0.9945
25_5,1216.98,1228.8,0.9939
25_5,728.59,741.35,0.9919
25_5,651.13,667.11,0.9915
25_5,1148.55,1216.42,0.991
25_5,670.29,719.04,0.9896
25_5,1145.36,1147.21,0.9889
25_5,792.46,800.45,0.9835
25_5,1107.86,1121.44,0.9824
25_5,983.01,1012.99,0.9761
25_5,1017.07,1019.2,0.9643
25_5,1126.77,1137.9,0.9616
25_5,1019.23,1094.32,0.9317
25_5,813.04,980.92,0.1353
25_5,792.46,800.45,0.1333
25_5,1216.98,1228.8,0.1327
25_5,1107.87,1121.44,0.1325
25_5,981.16,982.97,0.1321
25_5,651.13,667.1,0.132
25_5,728.59,741.36,0.1319
25_5,670.31,718.96,0.1309
25_5,1216.99,1228.8,0.0179
25_5,651.14,667.09,0.0177
25_5,616.83,662.33,0.0147
25_5,1138.4,1141.13,0.0117
25_5,1157.01,1199.53,0.0113
25_5,1196.54,1212.5,0.0095
25_5,807.61,810.18,0.0079
25_5,1183.58,1196.59,0.0074
25_5,951.01,994.17,0.0068
25_5,650.75,657.26,0.0064
25_5,1145.35,1147.61,0.0056
25_5,668.25,679.68,0.005
25_5,741.48,744.4,0.0049
25_5,812.14,817.79,0.0046
25_5,780.73,792.55,0.0045
25_5,1089.85,1092.66,0.0043
25_5,624.58,647.57,0.0043
25_5,1097.95,1121.1,0.0043
25_5,1025.7,1039.38,0.0043
25_5,1176.56,1182.25,0.0042
25_5,948.68,973.87,0.0035
25_5,650.83,653.74,0.0034
25_5,1148.89,1151.81,0.0031
25_5,1123.36,1126.16,0.0029
25_5,978.26,981.24,0.0026
25_5,663.97,667.09,0.0025
25_5,1093.36,1097.86,0.0025
25_5,726.56,745.56,0.0024
25_5,1174.65,1177.44,0.0024
25_5,718.37,720.72,0.0022
25_5,1019.97,1032.26,0.0021
25_5,760.71,763.45,0.002
25_5,819.09,821.64,0.002
25_5,1108.85,1116.3,0.0018
25_5,972.56,1015.56,0.0017
25_5,1215.99,1228.8,0.0016
25_5,729.11,736.27,0.0016
25_5,1167.1,1187.4,0.0015
25_5,982.88,985.99,0.0014
25_5,692.8,716.51,0.0014
25_5,1016.31,1020.39,0.0013
25_5,1158.98,1161.86,0.0013
25_5,773.08,775.85,0.0013
25_5,1094.67,1096.78,0.0013
25_5,749.66,781.79,0.0012
25_5,660.79,664.09,0.0012
25_5,847.56,850.59,0.0012
25_5,974.95,977.92,0.0012
25_5,1216.59,1223.71,0.0012
25_5,806.92,831.2,0.0011
25_5,1072.71,1095.26,0.0011
25_5,654.17,723.65,0.001
25_5,1138.75,1143.48,0.001
25_5,918.46,921.36,0.001
25_5,831.2,845.02,0.001
25_5,628.53,650.16,0.001
28_16,949.91,1028.46,0.9983
28_16,797.92,860.3,0.9977
28_16,1105.62,1125.12,0.9953
28_16,876.74,945.2,0.995
28_16,862.57,874.27,0.9923
28_16,616.12,675.33,0.9921
28_16,1030.62,1056.11,0.9914
28_16,1067.59,1104.45,0.9914
28_16,903.48,905.04,0.9884
28_16,747.64,771.92,0.9865
28_16,1125.93,1140.63,0.9855
28_16,1141.84,1169.05,0.9852
28_16,945.62,948.81,0.9809
28_16,1176.14,1192.44,0.9777
28_16,677.92,746.45,0.9701
28_16,772.37,796.13,0.9658
28_16,1169.19,1187.77,0.5733
28_16,797.97,860.29,0.1352
28_16,903.48,905.04,0.1342
28_16,1030.61,1056.12,0.1341
28_16,1105.63,1125.13,0.133
28_16,876.79,945.14,0.1327
28_16,1125.93,1140.63,0.1308
28_16,1141.82,1169.06,0.128
28_16,1176.14,1192.44,0.078
28_16,949.24,951.96,0.0393
28_16,1125.93,1140.64,0.0176
28_16,797.89,860.35,0.0176
28_16,881.01,884.1,0.0161
28_16,864.09,867.05,0.0124
28_16,1176.14,1192.44,0.0103
28_16,941.78,1025.39,0.0088
28_16,677.67,698.09,0.0088
28_16,731.4,749.61,0.0085
28_16,804.18,818.21,0.0079
28_16,862.36,864.56,0.0075
28_16,1029.78,1040.54,0.0069
28_16,825.3,857.21,0.0066
28_16,918.47,944.26,0.0058
28_16,751.51,798.96,0.0053
28_16,962.16,968.31,0.0044
28_16,1168.68,1176.4,0.0042
28_16,967.59,974.05,0.0042
28_16,644.5,670.34,0.004
28_16,1142.28,1165.09,0.0039
28_16,828.82,831.84,0.0038
28_16,871.88,874.23,0.0036
28_16,1042.8,1047.97,0.0035
28_16,1054.35,1056.56,0.0034
28_16,863.18,869.63,0.0033
28_16,630.87,656.63,0.0026
28_16,948.64,996.02,0.0025
28_16,798.39,817.11,0.0024
28_16,1133.03,1135.89,0.0022
28_16,1152.55,1155.73,0.002
28_16,797.91,803.95,0.002
28_16,946.57,965.24,0.0019
28_16,770.51,794.45,0.0019
28_16,1184.84,1191.86,0.0018
28_16,828.17,852.13,0.0018
28_16,747.65,767.04,0.0017
28_16,1004.46,1026.19,0.0017
28_16,1069.98,1106.11,0.0017
28_16,739.37,748.0,0.0017
28_16,1092.01,1094.88,0.0016
28_16,1056.9,1068.02,0.0016
28_16,1067.05,1069.72,0.0015
28_16,1194.28,1214.73,0.0014
28_16,1141.13,1146.22,0.0014
28_16,877.8,884.44,0.0014
28_16,884.27,898.4,0.0014
28_16,1122.23,1125.02,0.0014
28_16,1149.54,1152.46,0.0014
28_16,1131.31,1140.35,0.0013
28_16,795.64,797.94,0.0013
28_16,1026.47,1029.08,0.0012
28_16,615.73,629.51,0.0011
28_16,705.3,744.85,0.0011
28_16,760.15,772.17,0.0011
28_16,1051.0,1055.87,0.0011
28_16,1188.48,1228.8,0.0011
8_50,651.39,663.61,0.9994
8_50,713.8,748.64,0.9964
8_50,665.65,699.61,0.9963
8_50,701.47,713.53,0.99
8_50,614.75,651.43,0.9734
8_50,713.78,748.63,0.1351
8_50,701.48,713.53,0.1338
8_50,901.29,906.48,0.0198
8_50,814.5,817.67,0.0162
8_50,750.06,756.21,0.014
8_50,749.0,788.1,0.0122
8_50,808.06,830.09,0.012
8_50,907.63,910.03,0.0106
8_50,654.52,697.65,0.0077
8_50,932.52,935.22,0.0063
8_50,795.89,798.96,0.006
8_50,986.07,988.35,0.0055
8_50,946.18,956.1,0.0052
8_50,738.28,741.26,0.0051
8_50,635.7,641.68,0.005
8_50,622.22,632.62,0.0049
8_50,940.91,943.76,0.0047
8_50,672.12,675.02,0.0037
8_50,649.42,652.17,0.0035
8_50,615.39,625.68,0.0034
8_50,1010.55,1016.15,0.0033
8_50,747.88,750.69,0.003
8_50,692.67,702.37,0.003
8_50,623.77,646.52,0.0027
8_50,625.28,628.0,0.0027
8_50,825.92,831.8,0.0026
8_50,715.3,737.25,0.0025
8_50,630.23,632.61,0.0023
8_50,834.57,837.08,0.0023
8_50,680.78,683.56,0.0023
8_50,786.84,789.95,0.0022
8_50,645.86,648.99,0.0021
8_50,804.94,807.76,0.002
8_50,670.69,681.94,0.0019
8_50,648.7,666.57,0.0018
8_50,860.36,862.45,0.0017
8_50,943.61,946.35,0.0014
8_50,994.59,1006.28,0.0014
8_50,717.24,755.81,0.0014
8_50,846.93,852.98,0.0013
8_50,920.68,931.23,0.0013
8_50,958.18,979.41,0.0012
8_50,1005.76,1012.07,0.0011
8_50,894.97,901.67,0.001
12_43,642.96,646.99,0.9934
12_43,712.36,716.03,0.9884
12_43,656.25,666.46,0.9779
12_43,630.16,637.57,0.9661
12_43,691.02,693.75,0.9624
12_43,642.96,647.0,0.1344
12_43,712.36,716.03,0.1322
12_43,895.19,901.23,0.0227
12_43,945.84,966.72,0.02
12_43,712.36,716.03,0.018
12_43,673.66,676.66,0.012
12_43,826.55,837.84,0.0115
12_43,710.27,712.54,0.0112
12_43,683.03,695.19,0.0104
12_43,622.09,624.81,0.0097
12_43,899.61,905.06,0.0094
12_43,1000.62,1003.38,0.0091
12_43,1012.94,1018.24,0.0091
12_43,636.56,647.8,0.0075
12_43,721.8,724.82,0.0073
12_43,772.61,778.71,0.0062
12_43,959.17,962.03,0.0061
12_43,766.12,768.88,0.0053
12_43,811.5,818.23,0.0049
12_43,892.48,933.16,0.0048
12_43,899.48,902.21,0.0047
12_43,799.12,805.19,0.0044
12_43,983.03,985.95,0.0038
12_43,733.0,739.32,0.0036
12_43,927.31,951.13,0.0033
12_43,727.56,730.75,0.0032
12_43,970.19,972.98,0.0032
12_43,650.7,656.95,0.0031
12_43,771.56,774.42,0.0031
12_43,778.77,781.91,0.003
12_43,754.71,773.8,0.0027
12_43,861.62,864.26,0.0025
12_43,674.8,686.13,0.0023
12_43,941.99,945.01,0.0022
12_43,666.6,669.8,0.0022
12_43,742.67,754.7,0.0021
12_43,716.47,719.46,0.002
12_43,723.49,743.99,0.0019
12_43,827.88,830.95,0.0019
12_43,657.49,663.22,0.0018
12_43,906.85,919.51,0.0018
12_43,693.66,696.22,0.0018
12_43,928.11,934.37,0.0018
12_43,621.21,632.85,0.0018
12_43,1000.85,1006.57,0.0018
12_43,849.27,892.65,0.0017
12_43,646.58,651.03,0.0017
12_43,781.83,784.26,0.0017
12_43,867.72,870.95,0.0016
12_43,670.32,682.13,0.0015
12_43,969.03,1011.66,0.0015
12_43,892.09,894.86,0.0015
12_43,850.95,853.52,0.0013
12_43,729.67,736.12,0.0013
12_43,643.67,646.86,0.0013
12_43,694.49,705.36,0.0013
12_43,877.29,879.66,0.0012
12_43,957.18,962.49,0.0012
12_43,837.2,843.79,0.0012
12_43,625.2,628.14,0.0012
12_43,1021.24,1023.89,0.0012
12_43,678.06,680.99,0.0011
12_43,704.59,706.71,0.0011
12_43,696.08,698.29,0.0011
12_43,852.46,855.29,0.0011
12_43,634.1,636.57,0.0011
12_43,987.0,989.51,0.001
12_43,934.45,977.5,0.001
12_43,613.61,615.12,0.001
12_43,951.23,954.1,0.001
8_25,723.91,740.75,0.9967
8_25,804.48,848.97,0.996
8_25,617.64,652.9,0.9955
8_25,777.09,801.68,0.9943
8_25,741.74,776.22,0.9884
8_25,664.89,722.68,0.9853
8_25,654.49,694.25,0.6783
8_25,617.65,652.91,0.1347
8_25,723.92,740.76,0.1339
8_25,664.9,722.67,0.0893
8_25,664.9,722.65,0.0119
8_25,740.84,761.84,0.0088
8_25,700.91,703.88,0.0069
8_25,768.62,771.61,0.0068
8_25,734.56,737.32,0.0065
8_25,921.03,924.12,0.0054
8_25,692.4,702.73,0.005
8_25,657.18,669.43,0.0035
8_25,902.13,942.73,0.0029
8_25,605.3,666.34,0.0025
8_25,839.0,859.53,0.0023
8_25,759.41,765.81,0.0023
8_25,811.15,816.94,0.0022
8_25,748.02,754.28,0.0017
8_25,692.56,716.45,0.0016
8_25,970.5,992.9,0.0014
8_25,966.38,972.73,0.0013
8_25,771.83,777.01,0.0012
8_25,992.26,998.23,0.0011
8_25,811.76,834.36,0.0011
8_25,996.87,1008.92,0.0011
8_25,767.59,772.97,0.0011
8_25,755.37,767.95,0.001
8_25,636.52,639.15,0.001
8_25,838.67,841.37,0.001
1_20,740.85,772.01,0.9997
1_20,902.32,962.78,0.9995
1_20,811.12,838.64,0.9991
1_20,673.19,700.8,0.9984
1_20,865.33,902.07,0.9977
1_20,614.42,668.68,0.9955
1_20,700.94,733.98,0.9922
1_20,965.35,969.01,0.9899
1_20,969.09,972.61,0.9886
1_20,793.06,810.41,0.9838
1_20,824.46,864.35,0.8102
1_20,752.23,788.85,0.7
1_20,614.51,668.64,0.1359
1_20,865.33,902.04,0.1347
1_20,965.35,969.01,0.1338
1_20,673.17,700.79,0.1336
1_20,902.31,962.8,0.1326
1_20,969.09,972.61,0.1277
1_20,811.1,838.67,0.117
1_20,740.82,772.04,0.0947
1_20,752.21,788.91,0.0637
1_20,1043.36,1049.31,0.0378
1_20,936.6,942.71,0.0187
1_20,673.16,700.81,0.0181
1_20,614.44,668.71,0.0181
1_20,902.25,962.9,0.0175
1_20,811.13,838.64,0.0158
1_20,700.79,718.57,0.0128
1_20,668.03,673.7,0.0108
1_20,743.78,749.59,0.0092
1_20,740.84,772.07,0.0082
1_20,616.88,619.33,0.008
1_20,1050.33,1052.99,0.0073
1_20,783.26,789.52,0.0072
1_20,1075.4,1081.05,0.0067
1_20,914.96,921.45,0.0061
1_20,716.92,722.85,0.0061
1_20,666.87,669.54,0.0056
1_20,1113.51,1126.55,0.0053
1_20,949.0,951.8,0.0046
1_20,962.9,965.71,0.0044
1_20,869.58,875.72,0.0041
1_20,945.9,948.72,0.0039
1_20,673.45,683.93,0.0038
1_20,967.32,1010.89,0.0038
1_20,755.31,771.1,0.0038
1_20,930.23,932.4,0.0037
1_20,1012.17,1052.36,0.0036
1_20,1157.57,1160.09,0.0035
1_20,699.92,702.87,0.0035
1_20,1081.73,1094.32,0.0034
1_20,1057.43,1067.62,0.0031
1_20,1139.16,1142.41,0.0031
1_20,647.57,653.73,0.003
1_20,662.58,668.42,0.0028
1_20,620.5,627.17,0.0028
1_20,925.95,928.98,0.0027
1_20,728.7,739.51,0.0026
1_20,941.5,952.83,0.0026
1_20,814.79,817.42,0.0024
1_20,1062.6,1106.14,0.0023
1_20,651.94,657.75,0.0021
1_20,766.8,769.43,0.002
1_20,932.03,934.69,0.002
1_20,784.88,787.49,0.002
1_20,634.51,645.54,0.0019
1_20,713.26,716.32,0.0018
1_20,921.48,923.99,0.0018
1_20,833.23,836.29,0.0017
1_20,964.87,969.83,0.0017
1_20,943.35,945.9,0.0017
1_20,805.01,897.43,0.0017
1_20,745.11,756.4,0.0016
1_20,928.83,950.35,0.0016
1_20,1092.34,1105.0,0.0016
1_20,835.74,855.03,0.0015
1_20,889.99,902.05,0.0015
1_20,670.68,673.46,0.0015
1_20,774.88,794.71,0.0014
1_20,984.48,995.04,0.0014
1_20,620.43,623.25,0.0014
1_20,1079.63,1085.65,0.0014
1_20,856.9,862.72,0.0013
1_20,1137.1,1143.44,0.0013
1_20,717.71,721.0,0.0012
1_20,645.18,668.54,0.0012
1_20,1072.47,1078.19,0.0012
1_20,922.86,933.19,0.0012
1_20,960.89,963.43,0.0012
1_20,1004.45,1007.17,0.0012
1_20,1021.63,1024.17,0.001
1_20,883.31,889.43,0.001
23_17,680.95,697.03,0.9989
23_17,934.39,960.98,0.9988
23_17,912.21,931.03,0.9973
23_17,1094.58,1151.2,0.9964
23_17,1036.8,1040.0,0.9958
23_17,698.71,742.0,0.9944
23_17,1155.07,1179.49,0.9937
23_17,1027.54,1036.27,0.9931
23_17,845.66,854.51,0.9928
23_17,1039.79,1091.82,0.9921
23_17,856.24,910.51,0.9897
23_17,980.41,1012.09,0.9887
23_17,965.43,975.97,0.9879
23_17,743.64,807.91,0.9874
23_17,646.55,677.07,0.9858
23_17,617.18,643.24,0.9824
23_17,810.16,843.44,0.953
23_17,1155.06,1179.48,0.1345
23_17,743.57,807.93,0.1343
23_17,1094.54,1151.24,0.1342
23_17,845.66,854.52,0.1341
23_17,1036.8,1040.0,0.1339
23_17,646.56,677.08,0.1338
23_17,680.96,697.03,0.1335
23_17,698.64,741.97,0.1332
23_17,856.19,910.52,0.132
23_17,1039.78,1091.83,0.1261
23_17,1194.97,1228.8,0.0197
23_17,646.56,677.09,0.0181
23_17,1036.8,1040.0,0.0179
23_17,1014.22,1025.86,0.0178
23_17,680.97,697.04,0.0178
23_17,743.61,807.9,0.0178
23_17,1118.06,1143.1,0.0118
23_17,1092.62,1104.03,0.0112
23_17,808.81,827.03,0.0103
23_17,818.27,824.1,0.0078
23_17,824.63,842.66,0.0071
23_17,1132.17,1139.6,0.0069
23_17,1027.67,1030.74,0.0065
23_17,1129.3,1131.95,0.0064
23_17,1040.42,1054.08,0.0057
23_17,907.53,910.16,0.0057
23_17,843.44,864.44,0.0056
23_17,1180.97,1183.81,0.0052
23_17,1115.0,1120.7,0.0049
23_17,1152.15,1158.41,0.0047
23_17,1214.17,1228.8,0.0043
23_17,716.84,741.43,0.0043
23_17,1027.07,1036.28,0.0042
23_17,744.56,767.45,0.0039
23_17,834.85,842.12,0.0036
23_17,1091.01,1093.25,0.0034
23_17,661.47,667.78,0.0034
23_17,776.53,802.71,0.0032
23_17,616.19,641.06,0.003
23_17,1186.36,1228.8,0.003
23_17,909.26,929.74,0.0029
23_17,947.72,959.81,0.0027
23_17,979.7,1001.73,0.0026
23_17,675.79,678.11,0.0025
23_17,1086.34,1091.59,0.0024
23_17,1013.02,1037.94,0.0024
23_17,1169.7,1176.91,0.0023
23_17,855.11,868.74,0.0023
23_17,1091.78,1097.39,0.0023
23_17,1040.15,1043.15,0.0022
23_17,1014.13,1016.88,0.0022
23_17,1159.19,1161.86,0.0021
23_17,668.51,675.66,0.0021
23_17,1129.09,1141.91,0.002
23_17,681.02,684.19,0.002
23_17,855.72,936.59,0.0017
23_17,1038.37,1040.12,0.0017
23_17,1012.18,1014.56,0.0016
23_17,1120.22,1126.56,0.0016
23_17,963.52,978.57,0.0016
23_17,645.51,648.41,0.0016
23_17,980.63,991.73,0.0015
23_17,990.57,1013.01,0.0013
23_17,918.59,924.44,0.0012
23_17,1106.75,1111.53,0.0012
23_17,1036.81,1039.24,0.0012
23_17,1015.67,1027.59,0.0012
23_17,1188.5,1191.09,0.0012
23_17,992.38,995.89,0.0012
23_17,806.27,809.69,0.0012
23_17,1155.44,1192.57,0.0011
23_17,1113.93,1116.42,0.0011
23_17,734.99,738.17,0.001
23_17,937.86,960.81,0.001
23_17,912.71,919.7,0.001
4_36,917.48,924.07,0.9997
4_36,939.03,941.89,0.997
4_36,884.48,894.47,0.9969
4_36,956.66,1041.8,0.9968
4_36,1069.71,1087.84,0.9946
4_36,1116.02,1118.97,0.9917
4_36,627.98,689.08,0.9896
4_36,863.59,873.36,0.9893
4_36,759.76,780.48,0.984
4_36,1153.61,1171.21,0.9832
4_36,926.23,931.64,0.9793
4_36,1042.75,1048.8,0.9764
4_36,1140.4,1149.43,0.9741
4_36,798.29,836.85,0.9707
4_36,705.38,745.2,0.9123
4_36,956.63,1041.85,0.1353
4_36,939.03,941.89,0.1351
4_36,627.84,689.0,0.1343
4_36,1116.02,1118.97,0.1338
4_36,759.74,780.47,0.1323
4_36,917.47,924.07,0.1312
4_36,1140.4,1149.43,0.1307
4_36,1042.75,1048.8,0.1303
4_36,1153.61,1171.21,0.1256
4_36,955.33,957.24,0.0295
4_36,939.03,941.89,0.0179
4_36,1116.02,1118.97,0.0178
4_36,627.89,689.1,0.0177
4_36,748.23,757.36,0.0139
4_36,1090.37,1092.85,0.0103
4_36,826.51,837.26,0.01
4_36,880.08,949.75,0.009
4_36,1074.33,1085.76,0.0075
4_36,782.19,784.85,0.0069
4_36,1152.87,1159.52,0.0061
4_36,1118.69,1151.08,0.006
4_36,952.2,957.1,0.0049
4_36,620.07,741.56,0.0047
4_36,916.17,930.68,0.0046
4_36,833.23,836.07,0.0038
4_36,1096.45,1118.46,0.0037
4_36,781.83,788.27,0.0036
4_36,1052.65,1064.17,0.0032
4_36,750.14,755.75,0.0031
4_36,854.41,901.22,0.0031
4_36,1117.75,1127.1,0.0027
4_36,1089.12,1100.72,0.0026
4_36,778.19,847.27,0.0026
4_36,907.35,917.49,0.0024
4_36,757.58,770.09,0.0023
4_36,626.75,653.3,0.0023
4_36,880.48,883.66,0.0023
4_36,888.92,894.29,0.0023
4_36,1016.54,1041.06,0.0021
4_36,790.1,797.18,0.002
4_36,746.61,748.81,0.002
4_36,948.29,954.16,0.0017
4_36,851.66,873.6,0.0017
4_36,1156.74,1169.1,0.0016
4_36,988.7,998.67,0.0015
4_36,1127.27,1141.81,0.0015
4_36,843.78,854.8,0.0014
4_36,743.68,746.43,0.0013
4_36,689.28,716.45,0.0013
4_36,918.56,921.37,0.0013
4_36,778.96,781.24,0.0012
4_36,781.99,799.64,0.0012
4_36,898.96,901.62,0.0012
4_36,846.08,848.71,0.0012
4_36,875.39,886.1,0.0012
4_36,901.66,907.44,0.0011
4_36,843.1,845.61,0.0011
4_36,734.04,747.07,0.0011
4_36,976.63,1018.85,0.0011
4_36,945.63,948.05,0.0011
4_36,622.97,625.99,0.001
4_36,747.31,750.26,0.001
2_26,1127.32,1143.45,0.9993
2_26,756.26,826.18,0.9988
2_26,709.03,729.49,0.9977
2_26,1205.8,1228.8,0.9969
2_26,852.09,877.88,0.9946
2_26,618.68,647.75,0.9938
2_26,1021.97,1059.61,0.9915
2_26,647.78,706.89,0.9914
2_26,944.47,1020.82,0.9886
2_26,730.55,753.12,0.9885
2_26,891.83,926.28,0.9762
2_26,1057.2,1128.27,0.9536
2_26,878.95,893.99,0.9458
2_26,1141.27,1206.93,0.9288
2_26,709.02,729.45,0.1359
2_26,1127.3,1143.47,0.1355
2_26,852.05,877.86,0.135
2_26,647.73,706.99,0.1349
2_26,1205.83,1228.8,0.1347
2_26,756.29,826.22,0.134
2_26,944.48,1020.9,0.1336
2_26,618.7,647.75,0.1332
2_26,891.85,926.22,0.1327
2_26,647.74,706.86,0.0183
2_26,648.64,654.49,0.0134
2_26,754.78,757.55,0.011
2_26,1005.88,1017.72,0.0093
2_26,1106.05,1127.72,0.0072
2_26,1061.38,1081.76,0.0066
2_26,621.16,626.79,0.0065
2_26,812.92,825.77,0.0063
2_26,948.27,954.25,0.0062
2_26,1069.63,1072.3,0.0052
2_26,1039.67,1059.13,0.0051
2_26,877.87,892.87,0.0044
2_26,611.94,643.49,0.004
2_26,755.68,780.73,0.004
2_26,1143.5,1162.23,0.0038
2_26,1087.17,1104.6,0.0038
2_26,738.13,741.3,0.0037
2_26,896.42,908.93,0.0036
2_26,845.6,881.63,0.0035
2_26,1206.37,1217.25,0.0035
2_26,1134.85,1141.5,0.0028
2_26,1215.65,1218.44,0.0026
2_26,786.48,792.2,0.0025
2_26,913.24,926.61,0.0023
2_26,1171.78,1208.12,0.0023
2_26,957.24,1006.35,0.0022
2_26,1143.21,1153.06,0.0022
2_26,1203.88,1206.67,0.0022
2_26,828.83,851.54,0.002
2_26,648.16,653.38,0.0017
2_26,952.15,973.24,0.0017
2_26,1001.32,1004.2,0.0017
2_26,925.76,945.15,0.0016
2_26,825.67,831.37,0.0016
2_26,590.42,626.99,0.0016
2_26,715.77,722.33,0.0015
2_26,948.98,951.79,0.0014
2_26,799.53,824.14,0.0013
2_26,699.78,705.96,0.0012
2_26,1216.12,1228.8,0.0011
2_26,679.36,704.14,0.0011
17_19,979.07,990.51,0.9985
17_19,723.33,733.13,0.9969
17_19,701.41,720.26,0.9969
17_19,614.42,675.6,0.9968
17_19,889.09,899.17,0.9967
17_19,825.44,863.54,0.9931
17_19,930.15,1140.37,0.9901
17_19,754.11,822.15,0.9882
17_19,899.19,930.41,0.9787
17_19,738.63,754.15,0.9665
17_19,949.62,978.34,0.953
17_19,723.34,733.13,0.1351
17_19,614.35,675.53,0.1348
17_19,701.41,720.27,0.1335
17_19,979.08,990.5,0.133
17_19,930.53,1140.33,0.1279
17_19,746.32,749.14,0.0083
17_19,969.29,979.58,0.0069
17_19,977.5,1002.16,0.0069
17_19,733.39,738.84,0.0063
17_19,698.04,703.89,0.006
17_19,810.01,812.47,0.0057
17_19,1050.89,1056.73,0.0053
17_19,832.05,838.38,0.0052
17_19,889.78,900.34,0.0046
17_19,678.41,748.96,0.0043
17_19,1067.51,1091.41,0.0043
17_19,614.33,616.88,0.0042
17_19,702.81,714.21,0.0037
17_19,1081.69,1084.77,0.0034
17_19,688.43,694.2,0.0033
17_19,990.66,1002.17,0.003
17_19,608.01,618.81,0.0029
17_19,786.36,800.15,0.0028
17_19,979.94,982.59,0.0028
17_19,827.05,846.81,0.0026
17_19,679.01,684.54,0.0026
17_19,821.27,824.56,0.0026
17_19,760.37,766.79,0.0025
17_19,719.71,735.41,0.0025
17_19,1001.02,1006.38,0.0024
17_19,742.56,745.43,0.0023
17_19,616.88,639.45,0.0023
17_19,861.64,898.56,0.0022
17_19,654.99,674.4,0.0022
17_19,1091.95,1094.68,0.0021
17_19,1047.97,1060.15,0.0021
17_19,669.29,671.55,0.0019
17_19,900.5,924.12,0.0018
17_19,674.89,677.65,0.0017
17_19,1077.58,1083.51,0.0016
17_19,851.77,863.0,0.0016
17_19,927.23,949.51,0.0015
17_19,1154.77,1157.83,0.0015
17_19,958.5,978.16,0.0015
17_19,1000.16,1067.15,0.0015
17_19,639.67,642.49,0.0014
17_19,830.72,841.95,0.0013
17_19,684.92,687.74,0.0013
17_19,1134.12,1136.76,0.0013
17_19,675.74,699.24,0.0012
17_19,1097.78,1138.18,0.0012
17_19,801.15,807.41,0.0012
17_19,725.06,731.68,0.0012
17_19,680.56,683.51,0.0011
17_19,844.26,849.62,0.0011
17_19,744.68,751.05,0.0011
17_19,759.18,799.01,0.001
17_19,928.0,934.19,0.001
17_19,971.15,976.89,0.001
3_13,806.66,827.57,0.9991
3_13,921.7,929.42,0.9991
3_13,994.86,1073.94,0.9989
3_13,787.14,794.41,0.9987
3_13,702.14,715.31,0.9983
3_13,848.51,884.87,0.9978
3_13,915.79,922.15,0.9967
3_13,757.19,779.83,0.9893
3_13,934.44,966.68,0.9889
3_13,833.96,846.22,0.9856
3_13,623.06,641.68,0.9855
3_13,973.07,989.43,0.9839
3_13,736.22,755.74,0.9669
3_13,653.98,697.55,0.9492
3_13,994.94,1073.93,0.135
3_13,848.55,884.88,0.135
3_13,806.68,827.58,0.1345
3_13,787.14,794.4,0.1344
3_13,934.42,966.67,0.134
3_13,915.79,922.14,0.1335
3_13,928.8,933.73,0.0198
3_13,787.14,794.41,0.0181
3_13,934.43,966.66,0.0173
3_13,1004.05,1010.01,0.0114
3_13,778.26,787.71,0.0102
3_13,1031.24,1051.2,0.0096
3_13,969.88,975.79,0.0095
3_13,892.63,903.95,0.0094
3_13,1071.32,1077.19,0.0082
3_13,737.76,740.61,0.0075
3_13,850.21,853.2,0.0072
3_13,828.51,835.09,0.0069
3_13,739.82,745.23,0.0068
3_13,616.03,650.28,0.0064
3_13,990.86,997.45,0.0064
3_13,642.92,645.78,0.0058
3_13,821.16,824.58,0.0057
3_13,619.09,624.64,0.0055
3_13,808.94,821.44,0.005
3_13,1082.91,1103.53,0.0045
3_13,1120.84,1132.62,0.004
3_13,997.45,1003.96,0.0039
3_13,717.1,722.92,0.0037
3_13,687.07,699.87,0.0036
3_13,893.15,934.61,0.0033
3_13,793.78,803.73,0.0033
3_13,782.31,787.67,0.0032
3_13,1064.82,1070.97,0.0031
3_13,1008.68,1056.76,0.0031
3_13,862.89,874.12,0.003
3_13,903.98,914.39,0.0028
3_13,725.79,731.37,0.0028
3_13,749.82,788.78,0.0028
3_13,811.9,817.79,0.0027
3_13,805.95,808.93,0.0026
3_13,903.2,905.84,0.0026
3_13,701.98,723.17,0.0026
3_13,734.52,737.36,0.0023
3_13,809.63,812.88,0.0022
3_13,1130.25,1135.5,0.0021
3_13,918.44,921.37,0.002
3_13,1043.31,1046.1,0.0019
3_13,1115.81,1121.71,0.0019
3_13,954.12,965.6,0.0018
3_13,829.65,847.98,0.0018
3_13,974.1,993.6,0.0018
3_13,797.75,804.41,0.0016
3_13,969.94,972.6,0.0016
3_13,1053.85,1059.73,0.0015
3_13,1109.07,1111.78,0.0015
3_13,678.66,681.45,0.0014
3_13,909.25,914.42,0.0014
3_13,1090.78,1093.58,0.0014
3_13,913.49,923.08,0.0013
3_13,882.29,885.37,0.0013
3_13,945.34,951.02,0.0012
3_13,975.69,978.4,0.0012
3_13,620.59,623.14,0.0011
3_13,1097.34,1100.14,0.0011
3_13,1129.41,1139.9,0.0011
3_13,655.19,741.44,0.0011
3_13,913.59,915.83,0.0011
3_13,1077.95,1080.9,0.0011
3_13,646.09,648.96,0.001
3_13,716.25,718.68,0.001
9_47,703.07,711.6,0.9977
9_47,642.59,703.84,0.9968
9_47,755.5,778.11,0.9943
9_47,721.44,753.37,0.9938
9_47,874.89,881.29,0.9914
9_47,778.99,807.94,0.9814
9_47,808.4,866.81,0.9811
9_47,620.82,641.29,0.9717
9_47,867.64,875.73,0.9673
9_47,721.41,753.37,0.1349
9_47,642.56,703.82,0.1349
9_47,703.07,711.6,0.1326
9_47,874.89,881.28,0.132
9_47,867.64,875.74,0.1295
9_47,642.62,664.2,0.0208
9_47,721.41,753.35,0.0181
9_47,642.59,703.87,0.0142
9_47,599.41,627.84,0.013
9_47,858.2,868.28,0.0081
9_47,1030.36,1117.54,0.008
9_47,1069.91,1080.81,0.0076
9_47,1085.93,1088.97,0.0056
9_47,716.81,719.79,0.0053
9_47,639.77,642.25,0.0049
9_47,808.98,884.28,0.0044
9_47,890.99,896.42,0.004
9_47,1015.45,1021.66,0.0037
9_47,913.95,995.15,0.0034
9_47,881.06,887.23,0.0032
9_47,1032.87,1035.26,0.0026
9_47,919.48,922.55,0.0024
9_47,685.21,697.09,0.0023
9_47,653.97,675.98,0.0023
9_47,711.45,722.35,0.0021
9_47,869.53,875.02,0.0021
9_47,761.43,764.11,0.0019
9_47,848.84,855.26,0.0019
9_47,1065.16,1068.13,0.0018
9_47,992.21,1013.16,0.0018
9_47,723.98,736.03,0.0018
9_47,953.69,960.01,0.0018
9_47,796.2,807.25,0.0016
9_47,757.42,760.29,0.0016
9_47,812.89,825.42,0.0016
9_47,961.19,967.4,0.0015
9_47,623.01,635.15,0.0015
9_47,785.53,791.15,0.0014
9_47,1044.52,1050.41,0.0014
9_47,633.8,636.61,0.0014
9_47,1109.94,1115.76,0.0013
9_47,891.09,936.33,0.0013
9_47,776.39,782.92,0.0013
9_47,959.57,962.78,0.0012
9_47,703.27,709.3,0.0012
9_47,896.54,899.82,0.0012
9_47,990.29,995.86,0.0011
9_47,847.72,850.42,0.0011
9_47,713.7,716.69,0.001
15_8,950.25,1064.98,0.9984
15_8,616.9,750.42,0.9883
15_8,762.33,904.53,0.9755
15_8,1063.81,1157.06,0.9666
15_8,902.99,940.98,0.858
15_8,1164.85,1191.88,0.4701
15_8,750.48,768.77,0.3972
15_8,1195.27,1207.53,0.3866
15_8,1198.41,1211.64,0.1929
15_8,749.49,761.95,0.1534
15_8,1167.5,1193.96,0.0973
15_8,754.31,767.75,0.0721
15_8,1200.69,1212.85,0.0544
15_8,1187.71,1196.58,0.0485
15_8,759.87,765.45,0.0479
15_8,1170.35,1180.28,0.0475
15_8,744.14,748.95,0.0443
15_8,1178.31,1190.39,0.0362
15_8,1154.61,1166.66,0.0351
15_8,749.82,788.16,0.0344
15_8,616.64,664.3,0.0339
15_8,1112.65,1204.11,0.0315
15_8,1203.53,1209.23,0.0278
15_8,1160.96,1173.12,0.0276
15_8,1194.21,1205.12,0.0256
15_8,763.68,777.14,0.0256
15_8,739.4,748.87,0.0252
15_8,936.16,945.26,0.0251
15_8,899.36,936.42,0.025
15_8,946.68,966.5,0.0241
15_8,635.77,748.94,0.0218
15_8,1189.79,1194.99,0.021
15_8,763.15,765.62,0.0187
15_8,1146.83,1157.75,0.018
15_8,758.37,764.41,0.0174
15_8,899.46,910.48,0.0169
15_8,1211.85,1228.8,0.0155
15_8,1101.78,1147.94,0.0147
15_8,748.29,753.68,0.0143
15_8,754.17,760.34,0.014
15_8,1194.98,1217.54,0.0139
15_8,1177.95,1180.44,0.0133
15_8,1193.74,1198.18,0.013
15_8,1182.19,1193.45,0.0128
15_8,1163.57,1186.12,0.0123
15_8,761.22,763.97,0.0114
15_8,1129.27,1170.29,0.0113
15_8,1207.59,1212.05,0.0111
15_8,885.43,907.4,0.0107
15_8,747.22,749.44,0.0106
15_8,1156.65,1162.45,0.0104
15_8,918.52,939.7,0.0102
15_8,1200.27,1206.08,0.0097
15_8,759.79,893.3,0.0094
15_8,1175.04,1228.8,0.0093
15_8,1062.24,1081.83,0.0093
15_8,766.79,773.47,0.0091
15_8,762.2,767.81,0.0085
15_8,740.87,751.15,0.008
15_8,1150.99,1157.08,0.0073
15_8,1172.57,1178.09,0.0069
15_8,749.06,758.52,0.0065
15_8,1203.81,1206.83,0.0058
15_8,766.59,795.14,0.0056
15_8,1197.38,1203.04,0.0055
15_8,745.98,748.26,0.0053
15_8,1190.59,1196.27,0.0053
15_8,1165.63,1170.7,0.005
15_8,928.35,947.7,0.0049
15_8,757.79,761.09,0.0046
15_8,1158.27,1167.52,0.0046
15_8,749.41,752.24,0.0045
15_8,972.4,1021.84,0.0043
15_8,854.93,898.1,0.0042
15_8,1205.51,1208.34,0.0042
15_8,942.38,951.7,0.0041
15_8,749.97,774.29,0.004
15_8,1017.8,1062.15,0.0039
15_8,1224.12,1228.8,0.0036
15_8,966.55,988.65,0.0036
15_8,1192.95,1195.39,0.0035
15_8,907.06,943.21,0.0034
15_8,653.87,668.8,0.0034
15_8,770.35,776.7,0.0034
15_8,721.4,746.03,0.0034
15_8,1204.88,1214.04,0.0031
15_8,1146.96,1203.95,0.0031
15_8,890.37,901.84,0.0029
15_8,1077.56,1125.69,0.0028
15_8,759.46,762.68,0.0028
15_8,1135.8,1160.05,0.0028
15_8,1071.69,1074.56,0.0027
15_8,748.05,836.05,0.0027
15_8,1167.94,1179.07,0.0027
15_8,774.53,780.79,0.0026
15_8,1188.32,1191.5,0.0026
15_8,761.69,764.62,0.0025
15_8,748.5,751.29,0.0024
15_8,1153.87,1160.19,0.0023
15_8,1174.64,1177.41,0.0022
15_8,617.17,644.4,0.0022
15_8,763.47,766.27,0.0022
15_8,1180.84,1191.62,0.0021
15_8,1177.45,1180.11,0.0021
15_8,1209.29,1216.19,0.002
15_8,765.31,768.56,0.002
15_8,1193.79,1199.81,0.002
15_8,945.42,983.28,0.002
15_8,737.2,747.52,0.002
15_8,948.41,953.03,0.0019
15_8,654.85,685.01,0.0019
15_8,1158.26,1162.91,0.0019
15_8,751.23,757.31,0.0019
15_8,1090.19,1096.29,0.0018
15_8,690.27,761.67,0.0018
15_8,909.76,921.32,0.0018
15_8,1162.39,1167.09,0.0018
15_8,900.52,912.36,0.0017
15_8,667.22,672.5,0.0017
15_8,745.27,747.89,0.0016
15_8,614.62,617.39,0.0016
15_8,1201.65,1228.8,0.0015
15_8,619.68,626.42,0.0015
15_8,1210.19,1213.05,0.0014
15_8,815.85,873.35,0.0014
15_8,1198.91,1205.08,0.0014
15_8,1179.19,1182.3,0.0013
15_8,772.12,785.2,0.0013
15_8,1204.39,1210.31,0.0013
15_8,933.84,944.4,0.0013
15_8,1125.13,1145.49,0.0012
15_8,1157.08,1159.57,0.0012
15_8,1191.75,1194.55,0.0012
15_8,867.93,947.72,0.0012
15_8,1036.96,1061.85,0.0011
15_8,1189.72,1222.76,0.0011
15_8,756.04,759.53,0.0011
15_8,1166.21,1168.87,0.0011
15_8,586.84,634.82,0.0011
15_8,744.13,747.02,0.0011
15_8,760.76,763.5,0.001
15_8,779.42,791.78,0.001
29_34,940.23,953.81,0.9977
29_34,819.98,838.45,0.9967
29_34,615.32,633.97,0.9943
29_34,911.29,935.31,0.9927
29_34,636.24,680.49,0.992
29_34,955.59,967.63,0.9911
29_34,892.35,908.82,0.9911
29_34,683.66,817.01,0.9855
29_34,841.17,889.91,0.9839
29_34,819.97,838.44,0.1349
29_34,615.29,633.99,0.1349
29_34,911.3,935.32,0.1341
29_34,955.6,967.62,0.1324
29_34,841.14,889.88,0.132
29_34,634.28,645.46,0.0105
29_34,895.15,897.67,0.0102
29_34,826.71,832.67,0.0061
29_34,1016.51,1094.71,0.0061
29_34,725.51,731.65,0.0055
29_34,967.18,979.02,0.005
29_34,700.53,723.7,0.0048
29_34,760.58,766.57,0.0048
29_34,915.92,921.09,0.0048
29_34,944.28,947.12,0.0044
29_34,634.39,639.88,0.0042
29_34,954.06,956.47,0.0038
29_34,742.22,752.59,0.0037
29_34,1086.87,1106.11,0.0037
29_34,909.01,911.84,0.0035
29_34,718.15,723.95,0.0034
29_34,815.56,820.68,0.0034
29_34,1074.2,1093.65,0.0032
29_34,757.41,760.4,0.0032
29_34,1093.88,1099.08,0.0031
29_34,684.98,690.61,0.0031
29_34,715.18,718.23,0.003
29_34,1109.89,1122.11,0.003
29_34,783.69,786.34,0.003
29_34,651.13,663.48,0.0027
29_34,687.48,698.89,0.0026
29_34,1088.78,1091.68,0.0026
29_34,723.54,726.06,0.0024
29_34,1073.86,1076.46,0.0023
29_34,783.2,818.42,0.0023
29_34,823.17,895.35,0.0021
29_34,973.48,976.48,0.0021
29_34,880.13,882.98,0.002
29_34,744.11,749.33,0.002
29_34,763.86,788.13,0.0019
29_34,1115.13,1120.91,0.0019
29_34,627.37,630.2,0.0017
29_34,1053.02,1055.83,0.0016
29_34,727.91,746.94,0.0016
29_34,591.6,625.0,0.0015
29_34,665.87,677.75,0.0015
29_34,1037.8,1060.56,0.0013
29_34,704.09,710.39,0.0013
29_34,834.98,840.02,0.0013
29_34,845.95,848.84,0.0012
29_34,792.75,795.63,0.0012
29_34,640.37,642.99,0.0012
29_34,931.61,942.14,0.0011
29_34,856.64,859.46,0.0011
29_34,893.65,898.32,0.001
29_34,614.43,616.78,0.001
29_34,1119.04,1130.09,0.001
29_34,782.74,785.44,0.001
12_38,754.81,760.26,0.9997
12_38,782.29,800.68,0.9992
12_38,671.9,681.64,0.9978
12_38,713.71,721.46,0.9975
12_38,737.02,750.99,0.9964
12_38,693.15,700.93,0.9911
12_38,620.64,627.23,0.9783
12_38,654.82,664.09,0.9626
12_38,634.04,645.64,0.9556
12_38,782.3,800.69,0.1346
12_38,737.01,751.0,0.134
12_38,713.7,721.47,0.1337
12_38,620.64,627.22,0.1294
12_38,701.68,714.2,0.0189
12_38,737.03,750.98,0.0179
12_38,713.71,721.46,0.0178
12_38,620.63,627.23,0.0175
12_38,627.06,633.65,0.0084
12_38,815.06,821.25,0.0076
12_38,843.11,854.77,0.0058
12_38,681.69,692.83,0.0053
12_38,817.4,820.02,0.0049
12_38,755.8,779.85,0.0048
12_38,883.43,886.32,0.0048
12_38,621.05,623.88,0.0042
12_38,626.97,639.93,0.004
12_38,854.76,860.3,0.004
12_38,674.46,680.35,0.0038
12_38,714.66,737.25,0.0038
12_38,800.63,821.96,0.0031
12_38,1001.63,1004.51,0.003
12_38,965.76,968.25,0.0028
12_38,627.45,630.08,0.0028
12_38,663.12,672.88,0.0026
12_38,903.58,906.63,0.0026
12_38,748.98,755.06,0.0026
12_38,615.86,618.33,0.0023
12_38,720.81,731.1,0.0023
12_38,922.71,925.88,0.0021
12_38,770.89,782.06,0.0018
12_38,962.99,983.66,0.0018
12_38,859.62,862.25,0.0017
12_38,745.74,751.58,0.0016
12_38,700.49,712.15,0.0016
12_38,755.16,767.24,0.0016
12_38,805.4,808.4,0.0016
12_38,662.81,665.26,0.0016
12_38,952.98,955.58,0.0015
12_38,653.67,677.66,0.0015
12_38,739.77,745.24,0.0015
12_38,633.8,636.51,0.0014
12_38,819.95,822.87,0.0013
12_38,782.64,787.74,0.0013
12_38,951.22,953.82,0.0012
12_38,657.91,660.59,0.0012
12_38,765.36,770.72,0.0012
12_38,828.01,833.84,0.0012
12_38,905.81,908.7,0.0012
12_38,953.8,965.83,0.0011
12_38,1008.8,1011.63,0.0011
12_38,810.26,813.04,0.0011
12_38,901.06,903.83,0.001
12_38,862.23,864.84,0.001
12_2,745.94,754.55,0.9982
12_2,813.29,830.62,0.9979
12_2,787.78,803.89,0.9968
12_2,642.14,654.77,0.9942
12_2,714.96,732.8,0.9896
12_2,767.98,780.85,0.9864
12_2,629.26,634.21,0.9792
12_2,690.94,700.34,0.9767
12_2,660.74,687.97,0.9524
12_2,745.93,754.56,0.1349
12_2,787.78,803.89,0.1348
12_2,714.96,732.79,0.1341
12_2,813.29,830.62,0.1335
12_2,767.97,780.85,0.1327
12_2,907.76,918.94,0.0187
12_2,787.78,803.88,0.0183
12_2,767.97,780.84,0.018
12_2,627.85,639.1,0.0098
12_2,656.04,667.02,0.0087
12_2,734.21,746.24,0.0068
12_2,636.79,643.5,0.006
12_2,871.61,882.48,0.0055
12_2,618.48,631.24,0.0044
12_2,658.56,664.06,0.0044
12_2,614.42,616.94,0.0043
12_2,834.08,854.85,0.0042
12_2,735.97,756.71,0.0039
12_2,850.99,872.89,0.0037
12_2,653.32,658.95,0.0032
12_2,959.91,966.49,0.0032
12_2,823.83,829.66,0.0032
12_2,892.51,895.48,0.0031
12_2,751.4,768.32,0.003
12_2,665.36,677.58,0.0027
12_2,1004.93,1025.12,0.0021
12_2,983.24,1005.08,0.002
12_2,616.47,638.02,0.0019
12_2,763.33,768.41,0.0019
12_2,1000.71,1007.22,0.0019
12_2,830.45,850.48,0.0017
12_2,739.97,742.93,0.0016
12_2,820.17,822.6,0.0016
12_2,885.99,888.77,0.0015
12_2,910.26,933.02,0.0014
12_2,685.34,690.95,0.0013
12_2,1023.94,1030.5,0.0013
12_2,933.71,944.54,0.0013
12_2,723.7,763.34,0.0013
12_2,720.98,723.5,0.0013
12_2,693.59,699.61,0.0012
12_2,955.96,961.9,0.0012
12_2,659.38,662.35,0.0012
12_2,803.28,813.72,0.0011
12_2,715.6,727.19,0.0011
12_2,798.04,800.94,0.0011
12_2,876.42,879.23,0.001
28_50,982.31,990.94,0.9994
28_50,859.65,903.59,0.999
28_50,916.1,930.58,0.999
28_50,828.33,838.51,0.9989
28_50,726.84,745.25,0.998
28_50,955.28,972.5,0.9973
28_50,622.99,666.06,0.9972
28_50,686.11,706.45,0.9934
28_50,706.86,715.88,0.992
28_50,746.93,827.02,0.9906
28_50,838.13,851.83,0.9902
28_50,993.69,1017.56,0.9897
28_50,936.47,946.26,0.9854
28_50,989.75,994.06,0.9138
28_50,857.09,884.79,0.5459
28_50,916.08,930.57,0.1361
28_50,623.01,666.06,0.1349
28_50,726.85,745.26,0.1348
28_50,706.86,715.88,0.1335
28_50,828.33,838.51,0.1334
28_50,993.68,1017.55,0.1332
28_50,982.31,990.93,0.1315
28_50,859.67,903.55,0.0745
28_50,933.64,936.21,0.0218
28_50,906.08,908.64,0.0215
28_50,916.1,930.57,0.0177
28_50,969.85,993.73,0.0107
28_50,1029.53,1032.27,0.0096
28_50,790.88,793.14,0.0088
28_50,1150.48,1153.43,0.0065
28_50,957.84,964.4,0.0058
28_50,607.62,619.65,0.0057
28_50,712.62,715.51,0.0049
28_50,653.41,664.63,0.0042
28_50,817.21,829.35,0.0042
28_50,885.49,892.13,0.0037
28_50,1021.82,1059.29,0.0037
28_50,1137.85,1226.66,0.0035
28_50,613.93,624.48,0.0033
28_50,930.25,936.58,0.0033
28_50,991.82,1001.5,0.0032
28_50,706.54,726.94,0.0032
28_50,903.49,914.46,0.0032
28_50,1118.98,1141.62,0.0026
28_50,708.2,714.62,0.0026
28_50,659.92,671.55,0.0026
28_50,747.76,754.01,0.0025
28_50,970.55,973.0,0.0025
28_50,838.82,910.72,0.0025
28_50,834.32,836.98,0.0025
28_50,785.59,791.43,0.0024
28_50,1101.08,1107.06,0.0024
28_50,888.56,891.61,0.0022
28_50,914.07,917.22,0.0022
28_50,765.25,775.79,0.0021
28_50,1149.2,1158.63,0.0021
28_50,651.84,654.69,0.0021
28_50,823.04,841.7,0.0021
28_50,670.28,675.85,0.002
28_50,860.19,871.79,0.002
28_50,803.38,826.01,0.002
28_50,1040.11,1050.58,0.002
28_50,945.24,957.14,0.0019
28_50,774.98,780.45,0.0019
28_50,705.8,708.58,0.0019
28_50,1064.63,1070.83,0.0018
28_50,1049.41,1052.02,0.0016
28_50,1009.49,1011.96,0.0015
28_50,1061.51,1067.45,0.0015
28_50,994.09,996.59,0.0014
28_50,659.23,662.35,0.0014
28_50,840.83,846.45,0.0013
28_50,976.42,981.82,0.0013
28_50,931.16,948.72,0.0013
28_50,647.62,653.69,0.0013
28_50,622.91,629.64,0.0012
28_50,790.57,801.34,0.0012
28_50,851.3,854.27,0.0011
28_50,608.74,670.39,0.0011
28_50,1018.64,1038.94,0.0011
28_50,1053.39,1056.35,0.0011
28_50,748.83,769.46,0.0011
28_50,984.5,990.33,0.0011
28_50,1072.77,1078.05,0.0011
28_50,904.87,936.49,0.001
28_50,927.24,929.76,0.001
28_50,867.59,873.39,0.001
28_50,829.86,836.45,0.001
29_129,742.4,772.3,0.9995
29_129,701.58,708.69,0.9985
29_129,709.59,737.13,0.9981
29_129,645.62,680.0,0.9956
29_129,614.4,643.8,0.9892
29_129,817.21,829.54,0.9828
29_129,682.43,700.06,0.9805
29_129,1091.39,1107.74,0.9798
29_129,833.09,1090.76,0.9791
29_129,778.69,808.52,0.9743
29_129,832.27,1091.48,0.1351
29_129,742.42,772.24,0.135
29_129,614.41,643.75,0.1345
29_129,701.58,708.69,0.1339
29_129,709.63,737.12,0.1333
29_129,645.63,679.95,0.1317
29_129,1156.97,1159.7,0.0207
29_129,928.68,999.96,0.0204
29_129,614.4,643.74,0.0182
29_129,701.58,708.69,0.0181
29_129,1090.0,1161.63,0.018
29_129,742.41,772.26,0.018
29_129,694.53,700.46,0.0098
29_129,840.21,884.43,0.0096
29_129,749.07,751.62,0.0073
29_129,709.07,714.19,0.0065
29_129,1106.88,1127.72,0.0062
29_129,911.42,931.22,0.0053
29_129,811.35,814.22,0.0045
29_129,1092.32,1104.54,0.0045
29_129,862.95,868.89,0.0038
29_129,776.77,854.56,0.0037
29_129,678.19,709.36,0.003
29_129,846.3,868.65,0.003
29_129,712.28,747.05,0.003
29_129,896.59,908.06,0.0029
29_129,644.77,663.48,0.0028
29_129,1084.64,1094.01,0.0025
29_129,882.97,887.79,0.0024
29_129,714.62,717.81,0.0024
29_129,939.34,944.75,0.0023
29_129,1141.82,1153.34,0.0021
29_129,1057.89,1071.06,0.002
29_129,1071.18,1083.83,0.002
29_129,831.91,907.31,0.002
29_129,799.24,801.89,0.0019
29_129,1120.62,1132.37,0.0019
29_129,923.57,926.28,0.0019
29_129,726.74,732.33,0.0018
29_129,950.62,953.36,0.0017
29_129,1023.62,1026.45,0.0017
29_129,1114.86,1121.03,0.0017
29_129,965.47,968.42,0.0016
29_129,685.34,690.77,0.0016
29_129,1148.93,1151.69,0.0016
29_129,888.37,890.93,0.0016
29_129,1018.2,1023.85,0.0016
29_129,973.97,977.01,0.0014
29_129,829.03,839.78,0.0014
29_129,862.56,865.38,0.0012
29_129,657.54,681.08,0.0012
29_129,824.75,830.66,0.0012
29_129,1092.45,1098.67,0.0012
29_129,618.7,631.21,0.0012
29_129,1108.25,1114.58,0.0012
29_129,691.76,702.1,0.0011
29_129,614.28,619.02,0.0011
28_29,632.36,651.53,0.998
28_29,729.39,762.53,0.9971
28_29,768.25,773.05,0.9969
28_29,681.14,722.4,0.9953
28_29,904.15,915.22,0.9953
28_29,655.1,679.97,0.989
28_29,858.65,871.23,0.9865
28_29,762.26,767.66,0.985
28_29,834.38,853.23,0.9812
28_29,773.42,814.83,0.9798
28_29,890.7,902.04,0.9724
28_29,814.95,823.34,0.9651
28_29,726.35,728.74,0.9605
28_29,871.23,886.49,0.9492
28_29,729.36,762.55,0.1358
28_29,904.14,915.23,0.1353
28_29,768.25,773.05,0.135
28_29,632.35,651.54,0.1349
28_29,655.12,679.97,0.1339
28_29,858.65,871.22,0.1335
28_29,997.02,999.59,0.0177
28_29,1018.4,1039.59,0.0093
28_29,984.96,987.31,0.0088
28_29,816.17,819.0,0.0088
28_29,932.85,954.0,0.0074
28_29,1142.58,1148.76,0.0063
28_29,614.01,623.86,0.006
28_29,1096.02,1101.87,0.0055
28_29,740.86,752.36,0.0045
28_29,901.06,903.94,0.0045
28_29,803.49,813.99,0.0044
28_29,766.04,774.77,0.0043
28_29,1038.58,1079.57,0.0042
28_29,1037.34,1040.41,0.0038
28_29,836.56,842.7,0.0036
28_29,728.18,733.05,0.0036
28_29,648.74,651.58,0.0032
28_29,666.19,669.29,0.003
28_29,715.51,718.16,0.0028
28_29,780.8,787.16,0.0028
28_29,818.79,821.74,0.0028
28_29,1127.59,1130.56,0.0026
28_29,726.5,729.06,0.0025
28_29,757.66,763.23,0.0024
28_29,815.15,819.49,0.0023
28_29,1082.17,1103.39,0.0022
28_29,741.79,744.31,0.0022
28_29,787.35,790.43,0.002
28_29,728.88,739.48,0.002
28_29,1107.81,1110.62,0.002
28_29,1070.15,1072.83,0.002
28_29,996.42,999.38,0.0019
28_29,850.43,860.15,0.0018
28_29,874.28,877.16,0.0018
28_29,836.3,848.54,0.0016
28_29,634.37,640.94,0.0016
28_29,785.44,788.07,0.0016
28_29,906.0,908.47,0.0016
28_29,1101.92,1105.02,0.0016
28_29,885.93,888.69,0.0016
28_29,1059.73,1062.08,0.0016
28_29,946.72,952.09,0.0016
28_29,977.89,980.63,0.0016
28_29,955.41,960.54,0.0015
28_29,855.35,875.43,0.0015
28_29,711.41,722.21,0.0015
28_29,728.86,731.45,0.0014
28_29,975.6,997.59,0.0014
28_29,932.89,944.2,0.0014
28_29,1013.48,1019.36,0.0013
28_29,773.97,779.33,0.0013
28_29,880.56,883.7,0.0013
28_29,950.72,956.59,0.0013
28_29,1043.25,1064.9,0.0012
28_29,1116.96,1119.93,0.0012
28_29,1155.56,1176.92,0.0012
28_29,1130.95,1143.32,0.0011
28_29,959.08,965.4,0.0011
28_29,845.14,850.79,0.0011
28_29,639.49,680.15,0.0011
28_29,900.27,917.84,0.0011
28_29,685.87,692.0,0.0011
28_29,813.81,834.37,0.001
28_29,878.07,881.04,0.001
28_29,663.07,665.82,0.001
28_29,702.49,707.86,0.001
9_19,787.35,816.37,0.9995
9_19,734.18,747.64,0.9992
9_19,1038.22,1056.64,0.9977
9_19,958.03,1024.05,0.9968
9_19,918.5,951.72,0.9947
9_19,621.37,717.97,0.9941
9_19,897.18,914.2,0.9921
9_19,747.62,763.92,0.9921
9_19,824.9,851.83,0.9854
9_19,857.5,896.49,0.984
9_19,1025.46,1039.65,0.9739
9_19,734.19,747.63,0.1346
9_19,918.48,951.74,0.1345
9_19,1038.22,1056.63,0.1344
9_19,824.9,851.82,0.1272
9_19,850.21,852.38,0.0262
9_19,734.17,747.64,0.0182
9_19,668.74,679.92,0.0156
9_19,815.07,821.21,0.0123
9_19,829.54,842.27,0.0111
9_19,943.96,954.51,0.0105
9_19,1018.35,1020.98,0.0069
9_19,753.13,764.89,0.0064
9_19,965.37,971.88,0.0063
9_19,682.96,689.04,0.005
9_19,1033.17,1036.02,0.0044
9_19,886.43,896.33,0.004
9_19,1056.0,1076.73,0.0038
9_19,1039.59,1052.18,0.0033
9_19,1100.11,1110.38,0.0031
9_19,717.29,728.73,0.0029
9_19,1083.71,1090.0,0.0027
9_19,954.43,957.24,0.0026
9_19,1129.35,1140.87,0.0026
9_19,640.24,646.16,0.0025
9_19,815.98,827.16,0.0023
9_19,1072.53,1074.79,0.0023
9_19,738.86,741.65,0.0022
9_19,956.77,968.48,0.0022
9_19,1120.71,1132.3,0.0022
9_19,711.67,714.54,0.0022
9_19,766.21,778.12,0.0021
9_19,884.42,887.05,0.002
9_19,1061.5,1067.55,0.002
9_19,868.0,870.78,0.0018
9_19,678.56,681.52,0.0017
9_19,779.02,784.48,0.0015
9_19,625.81,637.37,0.0015
9_19,643.32,654.24,0.0014
9_19,898.47,911.12,0.0014
9_19,1007.33,1019.15,0.0014
9_19,1096.12,1101.53,0.0013
9_19,848.22,850.7,0.0013
9_19,803.54,813.78,0.0013
9_19,760.08,763.23,0.0013
9_19,865.23,868.23,0.0012
9_19,734.42,737.39,0.0012
9_19,748.22,767.2,0.0011
9_19,618.38,621.14,0.0011
9_19,1030.51,1036.89,0.0011
9_19,1091.88,1097.1,0.0011
9_19,918.87,942.15,0.0011
9_19,823.4,829.71,0.001
23_16,1072.94,1076.01,0.9991
23_16,709.38,729.16,0.9987
23_16,1057.11,1072.93,0.9984
23_16,839.06,852.67,0.998
23_16,696.18,704.97,0.9978
23_16,759.49,779.26,0.9978
23_16,686.51,693.53,0.9978
23_16,1171.41,1173.57,0.9977
23_16,952.8,1042.57,0.9971
23_16,1044.36,1055.34,0.9969
23_16,733.97,759.03,0.9954
23_16,620.12,682.95,0.9953
23_16,868.09,892.23,0.9953
23_16,896.2,949.4,0.9925
23_16,778.4,832.86,0.9922
23_16,1173.67,1228.8,0.9908
23_16,1126.99,1155.59,0.988
23_16,854.45,864.12,0.9829
23_16,1075.98,1123.46,0.9698
23_16,1166.59,1171.31,0.921
23_16,953.04,1042.48,0.1354
23_16,1072.94,1076.01,0.1347
23_16,839.06,852.68,0.1343
23_16,686.51,693.54,0.1342
23_16,1126.97,1155.61,0.1342
23_16,1171.4,1173.57,0.1341
23_16,759.5,779.26,0.1332
23_16,696.18,704.97,0.1325
23_16,1057.11,1072.93,0.1316
23_16,709.37,729.15,0.1309
23_16,778.41,832.9,0.1298
23_16,951.71,977.91,0.0182
23_16,686.51,693.54,0.0182
23_16,1072.94,1076.02,0.0182
23_16,724.11,726.44,0.0175
23_16,1057.09,1072.94,0.0174
23_16,733.92,746.41,0.0171
23_16,898.04,910.17,0.0158
23_16,1185.44,1224.16,0.0113
23_16,1044.09,1046.65,0.0064
23_16,629.52,632.12,0.0053
23_16,831.87,843.6,0.0052
23_16,624.6,671.8,0.005
23_16,1023.76,1042.44,0.0046
23_16,1173.42,1195.53,0.0041
23_16,709.88,713.13,0.0037
23_16,876.3,890.95,0.0036
23_16,726.59,732.39,0.0035
23_16,782.5,792.67,0.0032
23_16,926.69,950.4,0.003
23_16,614.62,617.5,0.003
23_16,1170.33,1176.59,0.0029
23_16,619.8,626.38,0.0027
23_16,631.42,637.34,0.0026
23_16,1077.37,1083.11,0.0025
23_16,809.02,831.16,0.0023
23_16,690.76,693.52,0.0023
23_16,675.37,678.27,0.0022
23_16,1226.68,1228.8,0.0021
23_16,731.71,771.13,0.002
23_16,763.82,842.13,0.0018
23_16,1092.69,1104.67,0.0018
23_16,614.91,620.04,0.0017
23_16,734.47,737.48,0.0017
23_16,759.46,766.02,0.0016
23_16,855.49,865.87,0.0016
23_16,642.11,655.1,0.0016
23_16,892.27,897.52,0.0015
23_16,1214.38,1220.17,0.0015
23_16,900.5,924.48,0.0015
23_16,838.27,856.82,0.0014
23_16,1133.04,1135.77,0.0014
23_16,897.01,903.87,0.0013
23_16,705.5,738.8,0.0013
23_16,1043.92,1049.1,0.0012
23_16,1067.07,1130.85,0.0012
23_16,951.74,996.14,0.0011
23_16,755.95,758.8,0.0011
23_16,768.09,780.39,0.0011
23_16,870.74,949.33,0.0011
23_16,1126.68,1129.27,0.001
23_16,939.1,950.42,0.001
23_16,1084.14,1094.65,0.001
23_16,1145.36,1152.37,0.001
22_31,951.89,993.94,0.9962
22_31,810.34,881.55,0.996
22_31,904.53,908.26,0.9948
22_31,621.21,683.04,0.9943
22_31,753.34,784.06,0.9929
22_31,919.97,930.85,0.992
22_31,687.23,702.25,0.9914
22_31,881.6,886.4,0.9887
22_31,897.07,904.21,0.9877
22_31,727.77,739.78,0.9851
22_31,701.87,713.87,0.984
22_31,936.12,940.62,0.9813
22_31,941.76,949.63,0.9785
22_31,993.17,997.31,0.9494
22_31,810.35,881.58,0.1337
22_31,904.53,908.27,0.1327
22_31,897.07,904.2,0.1317
22_31,904.53,908.26,0.0177
22_31,885.51,891.95,0.0172
22_31,615.15,632.65,0.0141
22_31,718.0,724.0,0.0119
22_31,632.01,643.45,0.0077
22_31,912.54,915.76,0.0071
22_31,888.35,985.64,0.0058
22_31,633.66,678.68,0.0052
22_31,743.93,749.58,0.0045
22_31,890.9,893.55,0.0044
22_31,1114.44,1125.53,0.0043
22_31,1153.83,1156.87,0.0042
22_31,664.34,740.35,0.0042
22_31,921.02,924.19,0.0041
22_31,828.08,833.91,0.0037
22_31,623.3,633.88,0.0034
22_31,841.81,844.76,0.0034
22_31,882.86,885.76,0.0033
22_31,935.47,940.36,0.0032
22_31,1141.02,1224.12,0.0031
22_31,1119.05,1121.81,0.0029
22_31,826.07,847.03,0.0028
22_31,770.59,782.14,0.0027
22_31,1075.95,1078.89,0.0025
22_31,944.07,950.13,0.0025
22_31,947.19,988.38,0.0024
22_31,801.79,808.72,0.0024
22_31,984.71,987.37,0.0024
22_31,881.92,927.8,0.0023
22_31,642.39,645.05,0.0021
22_31,839.12,880.92,0.0021
22_31,762.44,806.08,0.0018
22_31,728.14,733.37,0.0017
22_31,940.28,946.04,0.0016
22_31,1150.57,1157.57,0.0016
22_31,840.89,846.58,0.0016
22_31,992.36,997.74,0.0013
22_31,859.32,880.25,0.0013
22_31,1058.85,1070.11,0.0012
22_31,618.89,661.35,0.0012
22_31,678.4,684.39,0.0011
22_31,686.26,688.76,0.0011
22_31,1037.49,1048.96,0.0011
22_31,1073.16,1079.49,0.0011
22_31,703.26,709.32,0.0011
22_31,911.44,917.04,0.001
22_31,1128.25,1131.03,0.001
25_4,1132.8,1137.07,0.999
25_4,1143.39,1228.8,0.9986
25_4,1099.03,1131.04,0.9973
25_4,860.21,862.97,0.996
25_4,923.88,1091.4,0.9944
25_4,683.92,690.53,0.9903
25_4,698.29,706.64,0.989
25_4,897.18,913.24,0.9889
25_4,876.04,880.52,0.982
25_4,769.98,774.66,0.9585
25_4,1137.07,1138.13,0.9523
25_4,1143.22,1228.8,0.1352
25_4,860.21,862.97,0.1351
25_4,1099.06,1131.02,0.1333
25_4,1132.8,1137.07,0.133
25_4,876.04,880.52,0.1307
25_4,1138.34,1141.08,0.0366
25_4,897.2,903.73,0.0195
25_4,1172.28,1175.57,0.0117
25_4,679.55,683.76,0.0114
25_4,1061.3,1102.76,0.0103
25_4,913.79,925.75,0.0102
25_4,774.46,779.31,0.0089
25_4,757.98,761.14,0.0089
25_4,880.47,885.67,0.0078
25_4,1095.07,1097.98,0.0074
25_4,896.36,909.5,0.0074
25_4,1133.77,1153.3,0.0071
25_4,657.28,663.41,0.0061
25_4,1007.32,1012.89,0.0058
25_4,613.92,684.43,0.0054
25_4,667.68,671.93,0.0052
25_4,1098.93,1111.51,0.0048
25_4,1162.36,1175.94,0.0048
25_4,734.07,759.19,0.0047
25_4,914.42,964.18,0.0044
25_4,1175.24,1177.99,0.0043
25_4,859.44,864.35,0.0041
25_4,1168.38,1217.58,0.0035
25_4,1063.66,1078.06,0.0034
25_4,968.36,1079.99,0.003
25_4,1207.91,1228.8,0.0029
25_4,696.28,698.71,0.0029
25_4,965.39,968.48,0.0027
25_4,728.7,731.6,0.0027
25_4,1133.02,1135.0,0.0026
25_4,1129.12,1132.23,0.0022
25_4,929.29,939.66,0.0021
25_4,698.08,707.79,0.002
25_4,761.29,775.1,0.0019
25_4,811.26,822.86,0.0019
25_4,1204.92,1207.83,0.0017
25_4,1152.68,1177.38,0.0017
25_4,982.55,988.77,0.0016
25_4,998.14,1000.79,0.0014
25_4,661.92,667.23,0.0013
25_4,944.88,966.97,0.0013
25_4,825.69,846.04,0.0012
25_4,723.94,726.47,0.0012
25_4,776.58,789.03,0.0012
25_4,1018.51,1064.44,0.0012
25_4,872.54,881.72,0.0012
25_4,1087.42,1092.99,0.0012
25_4,1047.1,1052.48,0.0011
25_4,855.39,857.78,0.0011
25_4,1181.08,1228.8,0.0011
25_4,965.56,988.95,0.001
25_4,1169.57,1172.61,0.001
25_4,865.22,875.48,0.001
25_4,814.67,817.5,0.001
25_4,931.99,934.7,0.001
9_2,971.34,978.43,0.9991
9_2,862.45,872.12,0.9977
9_2,979.06,989.39,0.9963
9_2,631.16,676.89,0.9947
9_2,886.96,912.7,0.9946
9_2,834.13,860.51,0.993
9_2,871.48,885.63,0.9919
9_2,781.29,825.04,0.9845
9_2,685.27,754.24,0.9776
9_2,912.81,971.25,0.9771
9_2,754.2,774.19,0.977
9_2,631.15,676.88,0.1344
9_2,862.45,872.12,0.1339
9_2,979.06,989.39,0.1338
9_2,886.9,912.74,0.1335
9_2,834.12,860.51,0.1312
9_2,631.15,676.84,0.0182
9_2,1077.88,1088.98,0.0175
9_2,1044.21,1046.51,0.0149
9_2,1079.72,1123.12,0.0124
9_2,691.43,694.08,0.0076
9_2,885.97,891.03,0.0058
9_2,617.56,620.91,0.0058
9_2,756.01,767.15,0.0052
9_2,1068.97,1090.63,0.0049
9_2,945.44,951.23,0.0048
9_2,923.04,969.91,0.0046
9_2,745.87,748.55,0.0045
9_2,634.7,646.4,0.0043
9_2,639.05,641.98,0.0038
9_2,971.55,981.11,0.0036
9_2,670.79,681.72,0.0036
9_2,872.07,877.86,0.0032
9_2,913.65,937.77,0.0029
9_2,855.57,861.85,0.0029
9_2,697.0,700.12,0.0027
9_2,792.16,803.11,0.0027
9_2,1011.64,1023.38,0.0026
9_2,1059.43,1062.18,0.0023
9_2,787.81,793.14,0.0021
9_2,985.19,1029.15,0.002
9_2,1056.2,1068.67,0.002
9_2,1049.56,1052.65,0.0019
9_2,871.91,882.78,0.0018
9_2,1093.96,1099.35,0.0017
9_2,966.82,972.42,0.0017
9_2,602.3,623.34,0.0016
9_2,1097.18,1120.66,0.0016
9_2,932.9,938.33,0.0016
9_2,779.1,790.68,0.0015
9_2,889.84,895.61,0.0015
9_2,1001.38,1013.36,0.0015
9_2,1031.89,1037.68,0.0015
9_2,764.56,769.56,0.0014
9_2,988.76,999.65,0.0014
9_2,794.84,800.73,0.0013
9_2,1039.5,1060.19,0.0013
9_2,691.47,696.97,0.0012
9_2,703.67,746.97,0.0012
9_2,758.08,764.51,0.0011
9_2,642.93,654.63,0.0011
9_2,1005.55,1008.43,0.001
9_2,863.76,870.66,0.001
9_2,787.12,790.27,0.001
9_2,964.44,970.63,0.001
21_46,894.35,969.06,0.9974
21_46,769.36,791.76,0.9971
21_46,858.38,869.89,0.9967
21_46,720.08,749.51,0.9957
21_46,997.96,1009.48,0.9955
21_46,872.48,892.93,0.9926
21_46,646.41,668.86,0.9903
21_46,693.15,709.17,0.9891
21_46,983.21,999.24,0.9879
21_46,670.75,686.76,0.9875
21_46,617.0,641.92,0.9854
21_46,967.88,984.53,0.9798
21_46,1008.21,1016.52,0.9778
21_46,793.73,848.71,0.977
21_46,894.24,969.04,0.1358
21_46,616.96,641.91,0.1344
21_46,693.16,709.17,0.1333
21_46,997.96,1009.49,0.1333
21_46,1008.21,1016.52,0.1302
21_46,983.23,999.23,0.1286
21_46,1008.2,1016.52,0.0177
21_46,894.16,905.86,0.0162
21_46,851.39,872.89,0.0119
21_46,689.46,726.47,0.011
21_46,720.71,723.52,0.0094
21_46,1091.43,1097.12,0.0087
21_46,1101.65,1112.76,0.008
21_46,753.11,771.44,0.0071
21_46,616.27,619.13,0.0071
21_46,901.3,924.62,0.0068
21_46,701.86,708.23,0.0067
21_46,710.63,722.56,0.0063
21_46,1092.75,1104.53,0.0062
21_46,745.43,756.09,0.0056
21_46,756.38,759.21,0.005
21_46,957.05,967.45,0.0039
21_46,612.3,616.31,0.0037
21_46,620.71,627.06,0.0035
21_46,1099.29,1102.21,0.0034
21_46,1149.4,1152.2,0.0032
21_46,1047.14,1069.31,0.003
21_46,708.18,713.04,0.0029
21_46,967.88,1045.87,0.0026
21_46,1069.64,1090.05,0.0025
21_46,665.68,668.64,0.0024
21_46,658.28,661.19,0.0023
21_46,899.63,943.95,0.0022
21_46,839.66,845.5,0.0022
21_46,765.61,802.81,0.002
21_46,929.24,931.88,0.002
21_46,1066.18,1071.42,0.0019
21_46,817.19,823.36,0.0019
21_46,850.47,852.97,0.0018
21_46,802.2,805.16,0.0018
21_46,683.08,694.66,0.0017
21_46,647.48,653.54,0.0017
21_46,895.82,898.66,0.0016
21_46,1001.44,1008.0,0.0016
21_46,651.06,663.35,0.0016
21_46,845.68,848.16,0.0015
21_46,794.65,817.73,0.0015
21_46,757.39,769.45,0.0014
21_46,855.24,857.75,0.0014
21_46,905.28,916.56,0.0014
21_46,949.85,955.66,0.0014
21_46,1113.98,1119.78,0.0013
21_46,834.63,874.75,0.0013
21_46,958.56,961.51,0.0013
21_46,708.3,718.21,0.0013
21_46,1153.66,1159.3,0.0013
21_46,720.09,726.02,0.0012
21_46,770.47,783.12,0.0012
21_46,675.57,681.2,0.0012
21_46,938.61,941.94,0.0012
21_46,1028.43,1034.4,0.0012
21_46,817.43,839.93,0.0012
21_46,924.08,968.68,0.0011
21_46,859.96,862.66,0.0011
21_46,739.36,745.31,0.0011
21_46,985.2,998.22,0.001
28_14,1100.69,1107.96,0.9985
28_14,767.91,774.61,0.9984
28_14,1006.9,1027.62,0.9971
28_14,880.54,948.52,0.9961
28_14,1033.45,1052.91,0.9951
28_14,1107.98,1192.43,0.9947
28_14,615.31,652.63,0.9941
28_14,856.08,870.66,0.9919
28_14,958.94,1006.87,0.9916
28_14,714.68,767.86,0.9907
28_14,1052.92,1073.79,0.9894
28_14,652.68,680.51,0.9844
28_14,877.72,880.54,0.9835
28_14,774.63,833.52,0.9761
28_14,1073.79,1100.67,0.9678
28_14,680.52,711.59,0.965
28_14,840.92,856.08,0.957
28_14,880.63,948.64,0.1357
28_14,1108.13,1192.46,0.1356
28_14,1033.44,1052.96,0.1348
28_14,856.07,870.65,0.134
28_14,1006.89,1027.63,0.1339
28_14,1100.69,1107.96,0.1338
28_14,714.68,767.78,0.1337
28_14,767.91,774.61,0.1335
28_14,877.72,880.54,0.1321
28_14,680.5,711.6,0.1307
28_14,1073.77,1100.73,0.1306
28_14,871.58,890.38,0.0245
28_14,1100.69,1107.97,0.0182
28_14,856.09,870.66,0.0178
28_14,767.91,774.61,0.0177
28_14,680.54,711.58,0.0174
28_14,931.3,952.84,0.0133
28_14,870.28,874.76,0.0095
28_14,958.42,978.4,0.0087
28_14,992.44,1005.4,0.0057
28_14,1056.14,1070.05,0.0051
28_14,811.46,834.34,0.0049
28_14,839.54,857.02,0.0046
28_14,1075.29,1086.33,0.0039
28_14,873.14,883.96,0.0039
28_14,1170.97,1193.27,0.0037
28_14,638.32,681.7,0.0036
28_14,881.53,893.1,0.0036
28_14,628.01,652.25,0.0029
28_14,738.75,765.53,0.0028
28_14,917.12,919.89,0.0028
28_14,1105.9,1150.76,0.0027
28_14,1195.42,1214.91,0.0027
28_14,652.47,658.05,0.0024
28_14,1186.62,1197.83,0.0022
28_14,890.07,912.86,0.0021
28_14,942.06,948.45,0.0021
28_14,831.75,865.82,0.0019
28_14,918.16,953.5,0.0018
28_14,756.88,832.64,0.0017
28_14,775.81,785.91,0.0016
28_14,1039.55,1042.57,0.0016
28_14,1029.23,1036.07,0.0015
28_14,1072.26,1075.11,0.0014
28_14,946.91,956.33,0.0013
28_14,646.4,652.29,0.0013
28_14,1065.73,1068.64,0.0013
28_14,890.41,892.89,0.0013
28_14,1006.08,1012.21,0.0012
28_14,871.28,877.98,0.0012
28_14,614.69,617.3,0.0011
28_14,1038.77,1052.77,0.0011
4_40,760.33,768.9,0.9977
4_40,857.89,863.14,0.9976
4_40,955.03,960.61,0.9968
4_40,934.42,942.56,0.9963
4_40,916.22,931.77,0.9962
4_40,722.5,752.53,0.9956
4_40,834.76,838.62,0.9946
4_40,845.69,851.16,0.9888
4_40,643.05,695.49,0.9844
4_40,708.18,715.75,0.9835
4_40,946.63,952.08,0.983
4_40,866.36,904.2,0.9826
4_40,839.16,842.22,0.9751
4_40,781.56,793.4,0.9628
4_40,834.76,838.62,0.1346
4_40,916.2,931.79,0.1343
4_40,845.69,851.16,0.134
4_40,722.47,752.56,0.1335
4_40,643.04,695.54,0.1331
4_40,760.33,768.89,0.1309
4_40,787.92,809.89,0.0249
4_40,720.93,723.18,0.0202
4_40,916.22,931.77,0.0183
4_40,834.76,838.62,0.018
4_40,722.49,752.58,0.0174
4_40,873.76,876.45,0.015
4_40,944.22,954.28,0.008
4_40,1142.34,1148.49,0.0079
4_40,698.77,708.8,0.0068
4_40,829.5,912.07,0.0058
4_40,950.31,961.54,0.0047
4_40,672.47,684.82,0.0046
4_40,722.37,724.94,0.0042
4_40,851.42,857.5,0.0038
4_40,772.29,817.52,0.0038
4_40,643.29,646.15,0.0034
4_40,864.15,876.77,0.0033
4_40,1101.06,1106.79,0.0033
4_40,838.44,843.11,0.0032
4_40,1104.94,1145.33,0.0032
4_40,706.38,715.77,0.0029
4_40,1111.24,1117.82,0.0028
4_40,672.72,675.41,0.0028
4_40,783.1,794.23,0.0027
4_40,1134.97,1138.02,0.0025
4_40,973.05,975.89,0.0025
4_40,822.93,825.3,0.0024
4_40,760.39,762.75,0.0024
4_40,716.84,722.7,0.0024
4_40,1159.28,1161.81,0.0023
4_40,618.93,621.78,0.0023
4_40,910.01,915.96,0.0023
4_40,996.33,1002.38,0.0022
4_40,1075.32,1087.66,0.0022
4_40,926.78,929.14,0.0021
4_40,761.74,767.9,0.0021
4_40,835.04,836.81,0.002
4_40,668.51,679.25,0.002
4_40,645.17,647.77,0.0019
4_40,1149.02,1151.75,0.0019
4_40,1012.16,1023.04,0.0018
4_40,1002.92,1008.43,0.0018
4_40,1105.64,1108.87,0.0017
4_40,646.86,658.7,0.0016
4_40,938.71,941.86,0.0016
4_40,846.49,849.64,0.0016
4_40,918.61,921.25,0.0016
4_40,755.34,772.83,0.0016
4_40,863.42,869.05,0.0016
4_40,786.26,789.25,0.0016
4_40,729.46,735.7,0.0015
4_40,1131.84,1134.88,0.0015
4_40,1028.99,1052.38,0.0015
4_40,782.04,784.92,0.0014
4_40,795.41,798.3,0.0014
4_40,752.52,758.02,0.0014
4_40,674.37,676.99,0.0014
4_40,857.06,863.05,0.0014
4_40,931.63,942.29,0.0013
4_40,1072.34,1075.19,0.0013
4_40,1010.27,1013.17,0.0012
4_40,619.71,642.85,0.0012
4_40,811.89,822.42,0.0012
4_40,769.02,775.19,0.0012
4_40,895.22,897.87,0.0012
4_40,843.54,846.05,0.0011
4_40,820.92,830.38,0.0011
4_40,693.19,697.92,0.0011
4_40,892.22,895.45,0.0011
4_40,683.16,688.82,0.001
4_40,1049.58,1052.68,0.001
22_38,1023.84,1035.07,0.9999
22_38,961.57,993.54,0.9998
22_38,642.22,667.94,0.9955
22_38,792.15,816.65,0.9945
22_38,727.35,744.79,0.9938
22_38,993.1,1004.75,0.9918
22_38,1017.62,1024.67,0.9918
22_38,930.83,954.05,0.9917
22_38,867.7,890.95,0.9898
22_38,890.9,926.72,0.9893
22_38,621.87,633.09,0.9889
22_38,766.4,784.24,0.9886
22_38,1004.32,1018.44,0.9874
22_38,815.81,827.43,0.9861
22_38,939.13,951.18,0.5784
22_38,961.55,993.53,0.1356
22_38,642.24,667.96,0.1354
22_38,792.12,816.63,0.1353
22_38,890.92,926.74,0.1343
22_38,1017.61,1024.67,0.134
22_38,727.37,744.78,0.1337
22_38,1023.83,1035.06,0.1287
22_38,632.26,643.23,0.0279
22_38,701.04,724.48,0.0231
22_38,961.54,993.56,0.0182
22_38,1017.61,1024.67,0.0177
22_38,1035.47,1047.2,0.0143
22_38,679.42,721.8,0.0122
22_38,743.98,764.98,0.0083
22_38,815.6,856.23,0.0069
22_38,1002.8,1025.17,0.0055
22_38,614.91,625.57,0.0039
22_38,744.5,757.11,0.0038
22_38,679.15,681.96,0.0038
22_38,979.01,984.09,0.0036
22_38,691.7,697.34,0.0034
22_38,811.16,830.16,0.0031
22_38,966.22,979.37,0.0025
22_38,1053.96,1060.04,0.0025
22_38,667.88,689.39,0.0023
22_38,1036.88,1043.02,0.0023
22_38,842.61,864.97,0.0023
22_38,1069.23,1074.77,0.0021
22_38,784.26,822.55,0.0021
22_38,698.27,710.26,0.0019
22_38,1094.15,1099.08,0.0018
22_38,893.99,915.4,0.0016
22_38,1119.01,1121.88,0.0016
22_38,914.08,924.31,0.0016
22_38,662.01,740.73,0.0015
22_38,928.42,951.5,0.0015
22_38,674.6,680.16,0.0015
22_38,1110.31,1116.74,0.0014
22_38,1134.63,1225.52,0.0014
22_38,782.35,792.46,0.0013
22_38,620.19,642.64,0.0013
22_38,861.08,867.13,0.0012
22_38,617.33,624.26,0.0012
22_38,1033.39,1119.83,0.0011
22_38,704.38,716.97,0.0011
22_38,849.51,852.0,0.0011
22_38,1025.19,1031.39,0.0011
22_38,992.73,998.06,0.001
23_19,614.42,637.3,0.9986
23_19,1069.34,1092.78,0.9983
23_19,1018.69,1044.62,0.9982
23_19,1112.08,1134.96,0.9974
23_19,1045.19,1064.48,0.9972
23_19,708.97,808.92,0.997
23_19,937.36,956.04,0.9964
23_19,1176.75,1228.8,0.9954
23_19,657.84,706.57,0.9939
23_19,990.38,1001.23,0.9937
23_19,638.51,656.59,0.9932
23_19,813.16,936.91,0.9929
23_19,1139.22,1176.54,0.9925
23_19,1006.65,1018.1,0.9917
23_19,1097.62,1111.48,0.9915
23_19,957.81,990.39,0.9914
23_19,1135.41,1137.96,0.9737
23_19,614.4,637.24,0.1369
23_19,1176.47,1228.8,0.136
23_19,1112.09,1134.99,0.1351
23_19,1069.32,1092.81,0.1345
23_19,1139.19,1176.55,0.1336
23_19,1006.64,1018.11,0.1327
23_19,709.09,808.91,0.1319
23_19,614.41,637.3,0.0185
23_19,1112.09,1134.98,0.0183
23_19,1069.33,1092.79,0.0181
23_19,707.4,721.78,0.0128
23_19,800.99,812.72,0.0128
23_19,656.55,669.13,0.0078
23_19,840.58,927.35,0.0073
23_19,706.4,758.14,0.0068
23_19,943.52,954.72,0.0063
23_19,650.25,736.32,0.0056
23_19,1058.81,1063.99,0.0045
23_19,964.61,987.68,0.0043
23_19,1023.49,1026.29,0.0043
23_19,1139.09,1151.86,0.0043
23_19,1035.46,1040.28,0.0041
23_19,1189.62,1192.3,0.0039
23_19,642.31,654.42,0.0037
23_19,989.18,1006.66,0.0037
23_19,1007.66,1042.88,0.0034
23_19,638.43,643.22,0.0031
23_19,937.59,948.9,0.0028
23_19,753.81,798.84,0.0028
23_19,930.26,936.4,0.0027
23_19,1203.44,1227.98,0.0027
23_19,803.82,806.83,0.0024
23_19,1112.72,1114.62,0.0024
23_19,937.51,940.12,0.0023
23_19,917.8,935.86,0.0023
23_19,1016.21,1098.74,0.0022
23_19,1082.63,1092.54,0.0021
23_19,612.91,698.77,0.0021
23_19,1094.12,1110.35,0.0021
23_19,1177.16,1179.25,0.002
23_19,806.09,815.67,0.002
23_19,1201.55,1213.74,0.0019
23_19,1017.78,1023.24,0.0019
23_19,669.93,675.82,0.0019
23_19,1179.03,1202.41,0.0017
23_19,590.69,625.03,0.0017
23_19,1030.6,1041.68,0.0016
23_19,707.28,734.81,0.0016
23_19,828.68,839.75,0.0015
23_19,1047.21,1057.19,0.0015
23_19,794.36,805.7,0.0015
23_19,979.82,985.8,0.0014
23_19,1067.28,1079.95,0.0014
23_19,654.24,656.57,0.0014
23_19,1179.44,1181.84,0.0013
23_19,999.33,1017.75,0.0011
23_19,872.91,917.47,0.0011
23_19,1063.07,1065.96,0.0011
23_19,1068.26,1071.24,0.0011
23_19,1191.97,1194.38,0.0011
23_19,1173.43,1176.3,0.0011
23_19,655.75,667.68,0.0011
23_19,618.73,621.72,0.0011
23_19,1114.05,1126.57,0.0011
23_19,1022.36,1034.42,0.001
3_46,828.52,847.82,0.9994
3_46,725.58,737.0,0.9991
3_46,737.72,749.88,0.9989
3_46,900.78,977.17,0.9988
3_46,691.26,707.33,0.9975
3_46,655.51,687.01,0.9974
3_46,847.1,853.54,0.9969
3_46,869.62,885.35,0.9967
3_46,712.35,725.56,0.9967
3_46,754.9,775.58,0.995
3_46,891.42,901.43,0.995
3_46,619.76,624.77,0.9835
3_46,786.34,801.35,0.9789
3_46,626.23,654.03,0.9697
3_46,655.53,686.94,0.1345
3_46,847.11,853.54,0.1344
3_46,754.9,775.59,0.1343
3_46,828.52,847.81,0.1339
3_46,737.72,749.88,0.133
3_46,869.62,885.35,0.1319
3_46,619.76,624.77,0.1293
3_46,712.34,725.56,0.1292
3_46,850.98,870.54,0.0247
3_46,1136.66,1142.02,0.0194
3_46,737.72,749.87,0.0181
3_46,712.34,725.57,0.0174
3_46,825.93,831.88,0.0148
3_46,853.74,856.38,0.0123
3_46,885.52,888.37,0.0114
3_46,995.54,1036.47,0.0112
3_46,998.74,1001.39,0.0096
3_46,1049.44,1056.04,0.0076
3_46,720.48,725.73,0.0071
3_46,693.34,712.26,0.0071
3_46,781.12,787.1,0.0067
3_46,673.45,676.8,0.0057
3_46,965.53,971.39,0.0053
3_46,752.1,758.25,0.0046
3_46,620.57,655.71,0.0042
3_46,889.27,911.28,0.0034
3_46,705.55,710.76,0.003
3_46,661.71,667.36,0.0027
3_46,1128.29,1149.77,0.0026
3_46,1101.38,1104.48,0.0026
3_46,778.17,801.46,0.0025
3_46,976.69,979.45,0.0025
3_46,614.14,619.43,0.0025
3_46,933.02,944.26,0.0024
3_46,753.15,756.09,0.0024
3_46,684.08,693.68,0.0023
3_46,1115.84,1121.83,0.0023
3_46,762.16,773.27,0.0022
3_46,1103.59,1115.47,0.0021
3_46,662.43,685.44,0.0019
3_46,841.61,847.24,0.0019
3_46,808.25,810.9,0.0018
3_46,1000.63,1007.12,0.0017
3_46,874.92,885.85,0.0016
3_46,1073.5,1093.4,0.0016
3_46,1021.89,1028.23,0.0016
3_46,798.43,801.57,0.0014
3_46,1095.19,1106.33,0.0013
3_46,882.38,885.07,0.0012
3_46,890.06,968.34,0.0012
3_46,742.67,745.53,0.0012
3_46,1097.46,1099.96,0.0011
3_46,887.61,890.61,0.0011
3_46,706.27,708.88,0.0011
3_46,647.91,653.4,0.0011
3_46,863.42,865.77,0.001
3_46,660.15,671.03,0.001
3_46,687.92,690.93,0.001
3_46,683.48,686.06,0.001
23_12,1114.95,1134.82,0.9984
23_12,739.53,824.16,0.998
23_12,618.26,638.12,0.9978
23_12,950.84,982.27,0.9975
23_12,720.81,737.47,0.9973
23_12,1172.63,1192.49,0.9966
23_12,895.76,947.61,0.9961
23_12,677.93,718.88,0.9937
23_12,1166.93,1169.6,0.9929
23_12,1055.35,1071.38,0.9907
23_12,984.16,1050.17,0.9906
23_12,1072.03,1113.03,0.9834
23_12,825.88,892.58,0.9826
23_12,1136.72,1170.72,0.9792
23_12,1195.07,1228.8,0.9773
23_12,642.62,673.99,0.9662
23_12,984.21,1050.23,0.1342
23_12,825.85,892.49,0.1326
23_12,1166.93,1169.6,0.1319
23_12,1114.94,1134.81,0.129
23_12,1087.1,1114.3,0.0141
23_12,801.1,823.06,0.0118
23_12,737.91,748.04,0.0094
23_12,1213.44,1219.03,0.0084
23_12,1215.12,1228.8,0.008
23_12,739.82,742.63,0.0078
23_12,745.89,790.08,0.0067
23_12,1193.66,1196.27,0.0062
23_12,676.48,686.98,0.0058
23_12,813.06,824.12,0.0051
23_12,866.22,891.47,0.0044
23_12,1174.14,1193.84,0.0038
23_12,725.17,737.78,0.0035
23_12,956.36,982.36,0.0033
23_12,825.4,868.31,0.0033
23_12,908.12,947.68,0.003
23_12,895.99,908.29,0.003
23_12,1055.55,1073.45,0.003
23_12,1117.13,1123.38,0.0029
23_12,981.46,984.49,0.0025
23_12,1137.01,1158.88,0.0025
23_12,641.0,725.87,0.0025
23_12,1100.0,1111.03,0.0024
23_12,824.24,826.82,0.0023
23_12,1084.26,1087.15,0.0023
23_12,855.34,861.99,0.0021
23_12,1086.29,1099.12,0.0021
23_12,1071.41,1078.77,0.0021
23_12,892.42,894.42,0.002
23_12,749.78,771.29,0.002
23_12,718.97,725.05,0.0019
23_12,1166.5,1170.68,0.0018
23_12,1122.48,1134.11,0.0016
23_12,1149.64,1170.29,0.0016
23_12,985.26,997.79,0.0015
23_12,626.04,636.93,0.0015
23_12,1177.86,1190.85,0.0015
23_12,649.27,671.5,0.0014
23_12,671.05,676.47,0.0014
23_12,997.04,1049.29,0.0014
23_12,777.48,823.86,0.0014
23_12,668.26,670.23,0.0013
23_12,716.85,718.79,0.0013
23_12,737.94,750.46,0.0012
23_12,872.12,891.83,0.0012
23_12,677.05,684.34,0.0012
23_12,1117.66,1120.09,0.0011
1_25,727.52,792.47,0.9993
1_25,882.31,917.47,0.9978
1_25,634.6,652.1,0.9969
1_25,802.57,822.09,0.9957
1_25,690.38,701.15,0.9954
1_25,701.74,721.14,0.9934
1_25,655.07,685.6,0.9931
1_25,864.67,880.43,0.9897
1_25,619.63,632.77,0.9882
1_25,826.91,864.33,0.9881
1_25,918.53,924.92,0.9798
1_25,925.83,933.33,0.9792
1_25,727.58,792.39,0.1362
1_25,882.32,917.47,0.1347
1_25,655.04,685.63,0.1346
1_25,802.57,822.1,0.1343
1_25,864.66,880.44,0.1334
1_25,619.63,632.77,0.132
1_25,727.5,792.5,0.0183
1_25,655.04,685.62,0.0182
1_25,864.67,880.43,0.0181
1_25,975.07,995.0,0.015
1_25,932.53,941.65,0.0138
1_25,652.89,659.23,0.0121
1_25,702.16,704.92,0.0106
1_25,726.79,729.38,0.0095
1_25,852.01,863.66,0.0087
1_25,734.54,757.49,0.008
1_25,685.69,705.25,0.0072
1_25,928.32,933.63,0.007
1_25,917.51,928.1,0.0058
1_25,939.89,942.72,0.0058
1_25,662.36,665.62,0.0056
1_25,643.28,646.3,0.0051
1_25,838.54,841.49,0.0046
1_25,754.34,760.35,0.0044
1_25,706.83,718.41,0.0041
1_25,920.41,1022.25,0.0041
1_25,760.67,784.4,0.0038
1_25,847.74,850.39,0.003
1_25,685.32,719.85,0.003
1_25,589.19,631.23,0.0029
1_25,927.27,929.74,0.0026
1_25,1123.9,1144.14,0.0026
1_25,1007.61,1018.6,0.0023
1_25,837.26,848.16,0.0021
1_25,856.4,862.85,0.002
1_25,932.57,944.21,0.0019
1_25,905.99,915.72,0.0018
1_25,874.79,880.68,0.0017
1_25,862.98,865.89,0.0017
1_25,1006.29,1008.7,0.0015
1_25,1144.16,1146.95,0.0015
1_25,1103.04,1105.98,0.0014
1_25,1073.74,1084.83,0.0014
1_25,1043.54,1046.03,0.0013
1_25,628.4,631.19,0.0013
1_25,1125.73,1131.65,0.0012
1_25,915.57,935.24,0.0012
1_25,724.96,730.07,0.0012
1_25,928.97,931.38,0.0012
1_25,631.69,634.54,0.0011
1_25,1070.88,1074.15,0.0011
1_25,625.21,711.76,0.0011
1_25,822.31,842.81,0.0011
1_25,675.93,678.59,0.0011
1_25,895.11,897.95,0.001
15_33,642.4,701.23,0.9996
15_33,622.5,640.34,0.9988
15_33,740.23,771.34,0.998
15_33,911.6,921.66,0.9961
15_33,944.08,947.24,0.9956
15_33,776.08,793.65,0.9951
15_33,705.03,739.56,0.9907
15_33,885.46,899.88,0.9893
15_33,901.23,907.55,0.9881
15_33,923.32,932.8,0.9846
15_33,795.31,880.7,0.9735
15_33,949.27,957.84,0.9698
15_33,908.0,910.03,0.9695
15_33,740.28,771.32,0.1361
15_33,911.61,921.66,0.1351
15_33,705.07,739.57,0.1344
15_33,944.08,947.24,0.1344
15_33,642.48,701.15,0.1335
15_33,908.0,910.03,0.1312
15_33,885.45,899.88,0.1303
15_33,1026.17,1047.22,0.0263
15_33,740.27,771.34,0.0182
15_33,642.42,701.21,0.018
15_33,1077.59,1083.54,0.0106
15_33,783.78,786.39,0.0101
15_33,644.88,656.56,0.0094
15_33,738.48,741.17,0.0093
15_33,681.68,688.18,0.0087
15_33,909.96,912.8,0.0073
15_33,899.6,909.58,0.0072
15_33,817.69,829.15,0.0072
15_33,753.91,771.0,0.0062
15_33,690.26,693.2,0.0055
15_33,631.99,637.32,0.0054
15_33,753.13,755.48,0.0053
15_33,734.6,737.33,0.0051
15_33,1023.57,1029.06,0.0049
15_33,646.43,649.39,0.0046
15_33,861.29,867.24,0.0046
15_33,925.78,1016.35,0.0043
15_33,745.67,748.51,0.004
15_33,725.98,736.78,0.0037
15_33,991.01,1002.0,0.0037
15_33,832.03,875.04,0.0036
15_33,880.22,885.86,0.0034
15_33,1007.48,1013.09,0.0033
15_33,1093.41,1099.44,0.0032
15_33,1043.75,1055.21,0.0032
15_33,1031.14,1042.54,0.0029
15_33,978.99,985.54,0.0029
15_33,922.49,927.71,0.0029
15_33,974.49,979.69,0.0028
15_33,944.24,961.24,0.0025
15_33,930.56,932.75,0.0025
15_33,1008.82,1030.29,0.0024
15_33,1047.5,1069.34,0.0023
15_33,1141.46,1162.62,0.0022
15_33,895.27,897.93,0.0022
15_33,1082.53,1094.01,0.0021
15_33,1105.07,1111.27,0.0021
15_33,741.13,746.15,0.002
15_33,904.23,906.91,0.002
15_33,952.92,958.37,0.002
15_33,912.39,918.54,0.0019
15_33,707.02,728.39,0.0018
15_33,851.84,871.7,0.0018
15_33,1028.61,1034.36,0.0017
15_33,1110.89,1116.31,0.0016
15_33,1034.09,1039.94,0.0016
15_33,875.37,886.24,0.0016
15_33,890.02,892.55,0.0016
15_33,1100.21,1105.71,0.0015
15_33,754.41,760.41,0.0015
15_33,720.76,723.57,0.0015
15_33,614.69,620.52,0.0015
15_33,1071.2,1077.07,0.0013
15_33,1105.71,1108.56,0.0013
15_33,888.14,890.85,0.0013
15_33,999.11,1001.84,0.0013
15_33,1067.47,1072.05,0.0013
15_33,727.61,733.57,0.0013
15_33,1118.89,1122.09,0.0012
15_33,852.5,855.34,0.0012
15_33,784.13,786.71,0.0012
15_33,798.54,810.48,0.0012
15_33,969.38,971.91,0.0011
15_33,645.94,669.62,0.0011
15_33,742.28,754.74,0.0011
15_33,961.0,963.33,0.001
15_33,1079.65,1082.37,0.001
1_49,715.76,730.75,0.9995
1_49,740.58,764.05,0.9986
1_49,803.71,811.33,0.9981
1_49,764.97,782.66,0.9978
1_49,783.07,799.43,0.9974
1_49,667.68,693.08,0.9958
1_49,634.08,654.2,0.9901
1_49,730.81,737.83,0.9889
1_49,812.05,816.31,0.9841
1_49,700.0,712.31,0.9789
1_49,654.45,668.69,0.9691
1_49,615.53,631.02,0.9553
1_49,715.76,730.75,0.1355
1_49,764.98,782.64,0.1349
1_49,803.71,811.33,0.1346
1_49,783.08,799.44,0.1341
1_49,730.81,737.83,0.1316
1_49,740.57,764.06,0.1303
1_49,667.69,693.09,0.1301
1_49,715.76,730.75,0.018
1_49,783.08,799.43,0.0178
1_49,803.71,811.33,0.0175
1_49,629.16,631.73,0.0078
1_49,843.07,863.33,0.0046
1_49,811.93,817.34,0.0039
1_49,622.97,629.14,0.0033
1_49,786.39,789.19,0.0032
1_49,709.99,712.95,0.0032
1_49,738.39,741.28,0.0029
1_49,766.45,771.7,0.0028
1_49,614.55,616.91,0.0026
1_49,678.44,680.69,0.0025
1_49,988.55,991.03,0.0024
1_49,811.41,822.16,0.0022
1_49,741.1,752.97,0.0022
1_49,876.94,879.72,0.0021
1_49,823.93,826.47,0.0021
1_49,657.05,696.51,0.0021
1_49,681.27,684.1,0.0018
1_49,746.89,749.87,0.0017
1_49,1013.76,1019.24,0.0017
1_49,828.34,911.61,0.0016
1_49,948.57,951.2,0.0015
1_49,986.87,1009.25,0.0014
1_49,895.05,906.26,0.0014
1_49,692.55,695.06,0.0014
1_49,675.39,681.39,0.0014
1_49,699.76,702.81,0.0014
1_49,623.23,626.19,0.0013
1_49,625.58,630.74,0.0013
1_49,616.81,622.96,0.0013
1_49,723.42,726.24,0.0012
1_49,957.44,960.52,0.0012
1_49,1012.65,1056.44,0.0012
1_49,730.48,740.81,0.0011
1_49,955.32,958.11,0.0011
1_49,693.76,714.71,0.0011
1_49,938.93,944.8,0.0011
1_49,1007.67,1012.9,0.0011
1_49,778.83,784.36,0.001
1_49,764.89,776.18,0.001
1_49,657.27,660.18,0.001
29_17,932.54,947.75,0.9973
29_17,1172.19,1196.65,0.9962
29_17,869.32,873.82,0.9937
29_17,717.68,763.35,0.9923
29_17,620.26,648.25,0.9909
29_17,1000.48,1171.65,0.9885
29_17,899.39,924.93,0.9842
29_17,830.35,863.44,0.9837
29_17,953.29,964.33,0.9771
29_17,773.7,824.11,0.9703
29_17,878.66,897.99,0.9384
29_17,1172.23,1196.66,0.1354
29_17,620.23,648.29,0.1349
29_17,932.56,947.75,0.1338
29_17,773.64,824.02,0.1328
29_17,1000.93,1171.67,0.132
29_17,953.27,964.33,0.1297
29_17,620.26,648.25,0.0183
29_17,932.56,947.76,0.0179
29_17,1153.24,1170.78,0.0107
29_17,688.74,711.34,0.0084
29_17,964.2,984.15,0.0074
29_17,946.48,956.6,0.0066
29_17,649.06,667.8,0.006
29_17,710.26,716.37,0.0056
29_17,698.74,772.64,0.0054
29_17,1166.98,1169.98,0.0051
29_17,803.75,825.43,0.0043
29_17,655.12,657.8,0.0042
29_17,973.37,984.71,0.0037
29_17,924.78,934.07,0.0032
29_17,714.02,719.83,0.0031
29_17,644.68,719.9,0.003
29_17,634.64,641.42,0.0024
29_17,684.72,706.94,0.0023
29_17,871.57,874.16,0.0022
29_17,775.87,854.29,0.002
29_17,1004.33,1009.42,0.002
29_17,993.97,1000.57,0.0019
29_17,883.17,895.91,0.0017
29_17,1192.02,1196.76,0.0017
29_17,1029.1,1075.69,0.0016
29_17,848.54,862.22,0.0016
29_17,697.21,700.09,0.0016
29_17,1158.59,1165.02,0.0016
29_17,729.14,742.54,0.0015
29_17,759.04,770.08,0.0015
29_17,645.74,648.26,0.0014
29_17,917.39,923.45,0.0014
29_17,978.53,1001.06,0.0013
29_17,707.12,717.87,0.0013
29_17,1180.92,1183.93,0.0012
29_17,647.78,687.97,0.0012
29_17,821.65,862.6,0.0011
29_17,750.65,760.36,0.0011
29_17,774.66,796.91,0.0011
29_17,1195.91,1198.77,0.0011
29_17,966.89,969.23,0.0011
29_17,1009.05,1022.7,0.001
29_17,898.49,922.29,0.001
29_17,983.62,989.85,0.001
20_47,617.82,717.9,0.998
20_47,1159.36,1169.35,0.9977
20_47,1067.2,1094.42,0.9976
20_47,1222.05,1228.8,0.9962
20_47,939.85,954.33,0.9961
20_47,1170.91,1189.36,0.9955
20_47,721.46,939.88,0.9952
20_47,1202.74,1213.77,0.9945
20_47,1189.87,1198.49,0.9928
20_47,1098.43,1158.54,0.9804
20_47,782.43,800.54,0.9801
20_47,1058.76,1067.14,0.9785
20_47,872.37,879.72,0.9707
20_47,753.47,777.89,0.9663
20_47,954.79,1066.9,0.9648
20_47,882.5,931.78,0.8715
20_47,806.47,869.17,0.8134
20_47,1202.73,1213.79,0.1353
20_47,1170.89,1189.38,0.1352
20_47,1067.21,1094.41,0.1349
20_47,1222.06,1228.8,0.1329
20_47,872.37,879.72,0.1316
20_47,753.46,777.87,0.1311
20_47,782.44,800.54,0.1305
20_47,882.44,931.76,0.1175
20_47,721.39,939.81,0.0815
20_47,1097.68,1122.58,0.0199
20_47,1067.18,1094.39,0.0181
20_47,872.38,879.72,0.0176
20_47,1015.2,1064.6,0.0132
20_47,1170.55,1172.62,0.0109
20_47,1199.36,1201.82,0.0079
20_47,722.75,745.06,0.0065
20_47,883.82,908.55,0.0063
20_47,620.24,642.5,0.0048
20_47,703.56,717.4,0.0047
20_47,975.58,995.62,0.0047
20_47,943.07,946.05,0.003
20_47,754.55,760.21,0.0027
20_47,1056.62,1066.13,0.0025
20_47,1097.64,1109.84,0.0025
20_47,1090.73,1092.93,0.0024
20_47,1162.93,1169.02,0.0024
20_47,1152.43,1158.43,0.002
20_47,1069.43,1075.91,0.0019
20_47,713.6,716.6,0.0019
20_47,978.93,991.28,0.0018
20_47,1213.9,1223.15,0.0018
20_47,619.86,626.44,0.0018
20_47,989.26,995.11,0.0018
20_47,1103.65,1166.72,0.0017
20_47,952.99,955.25,0.0017
20_47,1169.27,1172.32,0.0017
20_47,628.01,653.42,0.0017
20_47,728.74,753.13,0.0016
20_47,998.15,1010.4,0.0015
20_47,1073.7,1079.11,0.0014
20_47,1199.94,1202.89,0.0013
20_47,1036.7,1043.6,0.0013
20_47,883.22,890.08,0.0012
20_47,804.71,807.07,0.0012
20_47,1066.27,1068.2,0.0012
20_47,1171.72,1177.64,0.0012
20_47,807.37,814.08,0.0011
20_47,916.05,923.12,0.0011
20_47,1189.86,1195.94,0.001
20_47,801.68,804.56,0.001
20_47,958.01,963.8,0.001
17_3,894.15,938.47,0.9991
17_3,693.47,710.57,0.9989
17_3,710.57,728.15,0.9978
17_3,614.56,693.35,0.9962
17_3,855.77,888.6,0.9956
17_3,761.23,805.87,0.9938
17_3,805.82,852.49,0.993
17_3,967.96,976.48,0.99
17_3,938.49,963.86,0.9895
17_3,978.61,988.8,0.9755
17_3,728.14,761.23,0.9716
17_3,614.5,693.47,0.1355
17_3,938.46,963.88,0.1348
17_3,693.46,710.57,0.1335
17_3,710.56,728.16,0.1331
17_3,894.14,938.51,0.1331
17_3,856.81,859.49,0.0155
17_3,622.09,624.8,0.0123
17_3,1088.83,1099.58,0.0092
17_3,1134.01,1136.8,0.0079
17_3,1153.16,1159.09,0.0074
17_3,667.05,690.57,0.006
17_3,614.57,617.48,0.005
17_3,728.85,748.77,0.0047
17_3,801.94,808.64,0.0044
17_3,1039.56,1059.56,0.0039
17_3,723.26,726.27,0.0038
17_3,1008.46,1032.49,0.0034
17_3,684.53,687.14,0.0032
17_3,1125.71,1135.69,0.0029
17_3,1157.1,1159.91,0.0027
17_3,1135.87,1227.19,0.0027
17_3,966.0,976.42,0.0027
17_3,714.67,720.89,0.0026
17_3,624.03,672.92,0.0026
17_3,1132.26,1154.39,0.0024
17_3,972.17,992.11,0.0024
17_3,736.71,748.17,0.0024
17_3,862.99,869.06,0.0021
17_3,872.78,878.83,0.0021
17_3,1101.12,1103.77,0.002
17_3,696.22,707.81,0.0019
17_3,778.49,800.21,0.0019
17_3,756.5,759.3,0.0018
17_3,619.52,643.29,0.0018
17_3,1114.5,1125.14,0.0017
17_3,989.89,1002.39,0.0016
17_3,1050.29,1061.93,0.0015
17_3,883.97,894.72,0.0015
17_3,1136.17,1139.12,0.0015
17_3,1113.44,1116.05,0.0014
17_3,927.41,932.77,0.0014
17_3,1099.04,1110.58,0.0013
17_3,859.97,881.15,0.0013
17_3,748.36,751.42,0.0013
17_3,850.25,860.91,0.0012
17_3,978.43,984.65,0.0012
17_3,909.22,921.94,0.0012
17_3,1002.51,1082.21,0.0011
17_3,809.2,830.85,0.0011
23_32,973.47,992.87,0.9989
23_32,952.09,971.87,0.9978
23_32,1051.84,1058.3,0.9972
23_32,1076.48,1081.33,0.9967
23_32,940.76,950.87,0.996
23_32,781.22,809.9,0.9955
23_32,1081.83,1181.4,0.9948
23_32,1013.07,1037.72,0.9945
23_32,700.46,717.4,0.9944
23_32,1059.53,1075.66,0.9925
23_32,1181.9,1187.56,0.9905
23_32,875.2,877.33,0.9892
23_32,866.13,874.67,0.9889
23_32,1046.19,1051.84,0.9883
23_32,628.66,698.93,0.9883
23_32,815.95,837.37,0.9816
23_32,881.43,937.11,0.9803
23_32,1189.17,1228.8,0.9731
23_32,840.61,864.82,0.9707
23_32,720.26,774.31,0.9696
23_32,811.2,813.33,0.968
23_32,995.3,1007.01,0.9642
23_32,1165.33,1174.93,0.9588
23_32,973.48,992.88,0.1354
23_32,1051.85,1058.3,0.1352
23_32,952.07,971.86,0.1344
23_32,940.77,950.86,0.1343
23_32,1082.01,1181.26,0.1338
23_32,866.13,874.67,0.1334
23_32,1076.48,1081.33,0.1333
23_32,881.38,937.11,0.1327
23_32,1046.19,1051.84,0.1322
23_32,995.32,1007.0,0.1315
23_32,1013.05,1037.71,0.1311
23_32,1181.9,1187.56,0.131
23_32,720.25,774.33,0.1306
23_32,1189.24,1228.8,0.1295
23_32,781.22,809.9,0.1274
23_32,1165.32,1174.94,0.1255
23_32,885.48,888.37,0.0146
23_32,825.99,837.31,0.0067
23_32,704.46,717.17,0.0067
23_32,1183.48,1186.74,0.0055
23_32,1109.27,1116.01,0.0054
23_32,711.97,715.15,0.0052
23_32,914.18,937.29,0.0047
23_32,973.58,985.64,0.0043
23_32,630.68,682.25,0.0037
23_32,768.17,774.27,0.0036
23_32,1186.57,1198.8,0.0034
23_32,951.47,964.98,0.0034
23_32,1065.01,1075.9,0.0032
23_32,857.91,863.73,0.0031
23_32,1175.36,1188.45,0.0031
23_32,1075.97,1094.61,0.003
23_32,1167.79,1174.58,0.0029
23_32,674.99,698.45,0.0027
23_32,719.29,721.78,0.0027
23_32,771.29,807.12,0.0025
23_32,951.81,954.49,0.0025
23_32,1190.65,1228.8,0.0025
23_32,1050.9,1060.68,0.0024
23_32,617.08,639.73,0.0024
23_32,1047.48,1050.67,0.0022
23_32,908.5,915.23,0.002
23_32,880.21,883.08,0.002
23_32,1131.63,1155.99,0.0019
23_32,652.64,655.31,0.0018
23_32,835.56,872.41,0.0017
23_32,1134.79,1137.43,0.0016
23_32,1213.87,1217.1,0.0015
23_32,802.33,808.5,0.0013
23_32,1044.43,1053.06,0.0013
23_32,960.25,972.42,0.0013
23_32,706.01,708.25,0.0012
23_32,958.45,961.54,0.0012
23_32,639.84,652.97,0.0012
23_32,1051.93,1056.51,0.0011
23_32,864.52,874.54,0.001
23_32,1030.63,1036.21,0.001
7_19,1023.85,1050.98,0.9981
7_19,656.95,685.75,0.9972
7_19,685.44,841.36,0.9965
7_19,895.7,907.19,0.9956
7_19,616.36,655.55,0.9946
7_19,906.93,942.06,0.9945
7_19,863.86,890.72,0.9899
7_19,949.74,961.26,0.9854
7_19,982.65,1023.81,0.9837
7_19,960.71,976.63,0.9776
7_19,846.28,856.7,0.9766
7_19,906.91,942.09,0.1353
7_19,656.94,685.77,0.135
7_19,616.35,655.52,0.1347
7_19,863.85,890.74,0.1345
7_19,1023.84,1051.0,0.1337
7_19,982.64,1023.82,0.1309
7_19,895.69,907.19,0.1293
7_19,656.93,685.74,0.0183
7_19,1023.82,1051.0,0.0174
7_19,704.21,794.65,0.0119
7_19,691.06,715.55,0.0107
7_19,690.72,695.84,0.0098
7_19,1099.33,1110.98,0.0096
7_19,637.67,640.21,0.0085
7_19,616.66,639.28,0.0066
7_19,1057.44,1059.98,0.005
7_19,878.34,884.13,0.0049
7_19,860.52,900.35,0.0041
7_19,927.87,940.58,0.0038
7_19,1160.0,1163.04,0.0037
7_19,1111.67,1123.89,0.0035
7_19,1006.04,1081.92,0.0035
7_19,908.12,933.57,0.0032
7_19,967.87,973.99,0.0027
7_19,698.43,701.12,0.0026
7_19,808.14,811.06,0.0026
7_19,813.74,819.93,0.0025
7_19,1126.85,1138.9,0.0025
7_19,614.97,619.96,0.0023
7_19,622.1,624.88,0.0023
7_19,765.03,775.28,0.0022
7_19,844.42,847.09,0.0021
7_19,727.91,769.96,0.002
7_19,689.2,701.84,0.002
7_19,600.65,674.39,0.0019
7_19,1055.79,1077.3,0.0019
7_19,778.24,825.27,0.0018
7_19,1151.92,1158.06,0.0017
7_19,674.54,686.32,0.0017
7_19,773.09,779.8,0.0017
7_19,1158.79,1170.7,0.0015
7_19,958.73,980.07,0.0015
7_19,704.03,706.36,0.0014
7_19,1026.92,1029.75,0.0014
7_19,947.98,950.99,0.0013
7_19,902.35,905.41,0.0013
7_19,1113.66,1120.03,0.0012
7_19,1084.12,1096.11,0.0012
7_19,631.9,656.14,0.0011
7_19,1052.78,1055.24,0.0011
7_19,746.5,753.1,0.0011
17_49,729.14,748.87,0.9997
17_49,935.76,965.71,0.9992
17_49,776.04,831.08,0.9987
17_49,698.17,711.2,0.9977
17_49,967.09,978.37,0.9962
17_49,620.41,661.54,0.9921
17_49,831.89,863.68,0.9891
17_49,711.89,727.39,0.9856
17_49,752.39,767.86,0.9822
17_49,680.56,695.7,0.979
17_49,874.22,931.84,0.9741
17_49,680.59,695.72,0.1344
17_49,935.76,965.69,0.1342
17_49,831.9,863.61,0.134
17_49,711.91,727.38,0.1333
17_49,698.18,711.19,0.1316
17_49,935.78,965.7,0.0182
17_49,711.91,727.38,0.018
17_49,999.15,1009.9,0.0163
17_49,1159.0,1164.61,0.0147
17_49,1125.27,1136.02,0.0142
17_49,938.47,941.32,0.0082
17_49,1111.88,1117.88,0.0071
17_49,681.97,688.04,0.007
17_49,659.56,680.74,0.0063
17_49,944.69,950.3,0.0061
17_49,704.19,707.09,0.0059
17_49,733.32,736.42,0.005
17_49,901.7,904.22,0.0048
17_49,986.66,993.1,0.0044
17_49,1097.84,1103.76,0.0042
17_49,738.77,780.69,0.0039
17_49,1134.08,1144.2,0.0038
17_49,1067.81,1074.12,0.0037
17_49,1008.64,1031.03,0.0036
17_49,675.51,678.07,0.0035
17_49,1040.39,1112.06,0.0033
17_49,821.58,827.65,0.0031
17_49,766.25,772.08,0.0031
17_49,638.59,641.42,0.0029
17_49,1101.99,1104.97,0.0028
17_49,937.51,942.62,0.0027
17_49,790.64,813.2,0.0027
17_49,729.56,732.8,0.0025
17_49,853.97,929.49,0.0025
17_49,1148.19,1153.72,0.0024
17_49,832.43,856.94,0.0023
17_49,1159.37,1162.05,0.0023
17_49,988.28,999.86,0.0022
17_49,1153.17,1159.37,0.0022
17_49,1104.77,1109.77,0.002
17_49,910.7,932.92,0.002
17_49,783.56,795.85,0.0019
17_49,668.3,679.9,0.0018
17_49,876.86,879.66,0.0018
17_49,732.25,743.81,0.0017
17_49,1065.19,1068.03,0.0017
17_49,1002.99,1005.74,0.0017
17_49,858.0,863.37,0.0016
17_49,986.89,989.77,0.0016
17_49,1133.14,1135.8,0.0015
17_49,697.55,714.47,0.0014
17_49,1010.32,1013.22,0.0014
17_49,645.13,656.44,0.0014
17_49,624.06,627.09,0.0013
17_49,744.67,747.65,0.0012
17_49,1034.46,1056.19,0.0011
17_49,1137.15,1143.15,0.0011
17_49,1053.97,1060.21,0.0011
17_49,775.18,777.72,0.0011
17_49,1132.1,1227.25,0.0011
17_49,1090.44,1096.48,0.0011
17_49,635.31,638.18,0.001
17_49,927.16,932.93,0.001
29_5,1072.62,1096.43,0.9932
29_5,618.4,666.13,0.9918
29_5,1058.11,1070.76,0.9902
29_5,699.35,725.45,0.9893
29_5,668.29,684.19,0.9885
29_5,781.26,952.9,0.9808
29_5,1046.17,1057.38,0.9744
29_5,1020.51,1044.33,0.9727
29_5,683.46,699.38,0.9704
29_5,725.8,781.41,0.9662
29_5,954.6,1018.66,0.9574
29_5,618.45,666.03,0.1359
29_5,699.37,725.43,0.1343
29_5,1058.11,1070.76,0.1337
29_5,668.29,684.2,0.1336
29_5,725.75,781.51,0.129
29_5,729.9,754.65,0.0213
29_5,699.37,725.44,0.0181
29_5,668.29,684.2,0.018
29_5,940.62,950.68,0.0098
29_5,652.31,668.33,0.0082
29_5,998.7,1020.89,0.0073
29_5,764.88,775.77,0.0058
29_5,889.12,891.53,0.0054
29_5,1016.21,1066.35,0.005
29_5,1159.5,1161.89,0.0047
29_5,938.27,957.33,0.0047
29_5,756.18,759.59,0.0043
29_5,728.99,742.73,0.0039
29_5,1073.47,1085.99,0.0038
29_5,817.06,829.37,0.0036
29_5,902.21,931.27,0.0034
29_5,829.8,832.38,0.0034
29_5,1088.45,1094.44,0.0033
29_5,1003.42,1014.44,0.0033
29_5,1045.4,1081.43,0.0033
29_5,709.92,727.44,0.0032
29_5,780.49,783.19,0.0031
29_5,713.29,716.13,0.0029
29_5,656.44,659.02,0.0027
29_5,1070.25,1075.67,0.0027
29_5,994.8,1006.68,0.0027
29_5,806.47,812.98,0.0026
29_5,640.04,653.11,0.0026
29_5,751.66,775.67,0.0026
29_5,885.85,898.17,0.0025
29_5,697.4,714.82,0.0025
29_5,676.84,680.0,0.0023
29_5,825.68,828.76,0.0023
29_5,879.37,881.61,0.0023
29_5,1102.68,1179.99,0.0023
29_5,615.47,626.21,0.0022
29_5,610.68,706.09,0.0021
29_5,1045.63,1055.9,0.0021
29_5,724.09,726.71,0.002
29_5,967.97,1011.93,0.002
29_5,740.92,743.74,0.0019
29_5,806.04,808.99,0.0019
29_5,855.97,877.88,0.0018
29_5,684.06,691.57,0.0018
29_5,789.83,801.72,0.0018
29_5,924.22,930.06,0.0017
29_5,875.9,878.83,0.0017
29_5,956.94,980.23,0.0017
29_5,880.36,882.97,0.0016
29_5,1156.57,1159.21,0.0016
29_5,1007.15,1013.18,0.0015
29_5,922.16,925.24,0.0014
29_5,845.68,851.07,0.0014
29_5,901.3,903.8,0.0013
29_5,784.24,794.73,0.0013
29_5,768.09,779.54,0.0013
29_5,752.72,766.23,0.0013
29_5,824.74,827.41,0.0013
29_5,646.15,653.24,0.0013
29_5,841.12,843.41,0.0012
29_5,707.38,791.1,0.0011
29_5,952.36,962.91,0.0011
29_5,618.29,643.66,0.0011
29_5,936.0,941.36,0.0011
3_22,1004.96,1025.34,0.9987
3_22,695.58,719.07,0.9986
3_22,953.9,1003.45,0.9985
3_22,832.88,849.21,0.9914
3_22,738.52,794.09,0.9898
3_22,852.31,881.89,0.9848
3_22,661.86,686.39,0.9835
3_22,889.65,947.75,0.9814
3_22,1034.53,1056.04,0.9792
3_22,805.35,832.39,0.9739
3_22,721.11,736.41,0.9714
3_22,1079.02,1139.22,0.9637
3_22,618.99,627.68,0.9635
3_22,953.92,1003.33,0.1348
3_22,852.29,881.9,0.1326
3_22,881.58,902.67,0.0334
3_22,953.87,1003.36,0.0181
3_22,852.3,881.91,0.0179
3_22,618.63,662.86,0.0144
3_22,782.99,786.17,0.0119
3_22,785.28,791.4,0.0111
3_22,1081.09,1104.41,0.009
3_22,634.35,645.02,0.0089
3_22,1139.56,1228.8,0.0075
3_22,957.64,960.49,0.0072
3_22,888.04,899.4,0.0056
3_22,947.54,953.08,0.0052
3_22,867.7,873.2,0.0052
3_22,771.19,774.39,0.0048
3_22,931.14,934.4,0.0047
3_22,859.31,862.35,0.0046
3_22,1049.28,1052.12,0.0044
3_22,890.39,935.36,0.0036
3_22,729.64,742.13,0.0032
3_22,685.19,696.58,0.003
3_22,634.85,640.92,0.0029
3_22,954.97,975.29,0.0028
3_22,722.38,733.1,0.0028
3_22,1094.45,1097.57,0.0028
3_22,756.28,759.49,0.0027
3_22,718.8,795.88,0.0026
3_22,1115.17,1118.33,0.0025
3_22,848.59,853.59,0.0024
3_22,732.57,735.02,0.0023
3_22,661.08,663.84,0.0023
3_22,978.6,1000.99,0.0021
3_22,1042.39,1048.22,0.002
3_22,944.27,947.02,0.0019
3_22,901.35,912.34,0.0018
3_22,1057.65,1139.79,0.0018
3_22,618.32,621.18,0.0018
3_22,868.24,880.84,0.0017
3_22,820.3,830.74,0.0016
3_22,614.48,619.08,0.0015
3_22,829.14,831.68,0.0014
3_22,620.19,625.86,0.0014
3_22,850.38,852.93,0.0014
3_22,1015.93,1021.65,0.0014
3_22,929.25,932.17,0.0012
3_22,1155.23,1177.17,0.0012
3_22,1110.46,1133.99,0.0011
3_22,791.36,812.48,0.0011
3_22,666.05,677.35,0.0011
3_22,1057.78,1064.43,0.0011
3_22,851.49,863.44,0.001
3_22,748.46,769.91,0.001
3_22,983.65,989.32,0.001
20_29,713.39,736.88,0.9993
20_29,615.21,640.58,0.9968
20_29,1151.43,1174.34,0.9956
20_29,1086.45,1150.36,0.9954
20_29,971.45,983.07,0.993
20_29,986.02,1085.16,0.9905
20_29,1177.53,1185.18,0.9891
20_29,1225.79,1228.8,0.9883
20_29,740.3,835.68,0.9869
20_29,921.15,969.08,0.9862
20_29,644.16,676.28,0.9858
20_29,841.36,918.91,0.9725
20_29,677.84,696.89,0.9606
20_29,1185.57,1228.8,0.8701
20_29,1151.41,1174.34,0.135
20_29,1086.45,1150.43,0.1348
20_29,615.22,640.59,0.1343
20_29,644.19,676.25,0.1341
20_29,985.99,1085.18,0.1323
20_29,921.18,969.07,0.1308
20_29,841.33,918.72,0.1305
20_29,1086.4,1150.36,0.0179
20_29,990.26,1011.74,0.0134
20_29,972.06,974.7,0.0123
20_29,738.09,757.2,0.0106
20_29,1194.21,1207.69,0.0093
20_29,1079.88,1084.62,0.0091
20_29,921.02,947.23,0.0089
20_29,705.41,735.94,0.0059
20_29,871.43,919.82,0.0056
20_29,746.34,772.17,0.0054
20_29,676.17,694.35,0.0052
20_29,627.98,639.94,0.0052
20_29,840.67,866.03,0.0052
20_29,1055.38,1079.18,0.0044
20_29,741.76,747.37,0.0044
20_29,1183.05,1185.77,0.0041
20_29,916.57,922.17,0.004
20_29,1129.99,1143.4,0.004
20_29,949.32,970.02,0.0038
20_29,1021.56,1031.66,0.0037
20_29,1009.28,1021.94,0.0032
20_29,921.3,935.11,0.0031
20_29,839.91,842.19,0.003
20_29,746.76,752.86,0.0029
20_29,966.23,983.01,0.0029
20_29,713.05,718.93,0.0028
20_29,748.18,840.19,0.0027
20_29,836.09,838.59,0.0023
20_29,797.83,811.05,0.0023
20_29,981.36,984.23,0.0022
20_29,1085.71,1108.12,0.0021
20_29,685.28,697.12,0.002
20_29,901.93,920.81,0.002
20_29,744.08,747.16,0.0019
20_29,919.49,922.39,0.0018
20_29,1112.56,1140.66,0.0018
20_29,1180.25,1183.26,0.0018
20_29,986.68,992.91,0.0016
20_29,1185.82,1223.73,0.0016
20_29,1049.3,1052.09,0.0015
20_29,615.6,618.51,0.0014
20_29,1073.27,1079.32,0.0014
20_29,768.9,794.08,0.0014
20_29,988.07,1010.33,0.0014
20_29,742.19,744.76,0.0013
20_29,1076.92,1085.66,0.0013
20_29,708.16,740.47,0.0012
20_29,849.85,942.9,0.0012
20_29,836.82,841.87,0.0011
20_29,734.95,740.87,0.0011
20_29,665.63,677.73,0.0011
20_29,1011.62,1055.26,0.001
20_29,1151.34,1196.65,0.001
20_29,840.92,843.63,0.001
27_45,1108.91,1155.57,0.9984
27_45,810.64,839.18,0.998
27_45,978.37,1008.59,0.9977
27_45,1090.74,1107.17,0.994
27_45,685.26,718.14,0.9938
27_45,1066.52,1078.64,0.9885
27_45,629.09,667.95,0.9861
27_45,1014.67,1031.11,0.9754
27_45,879.75,972.34,0.9657
27_45,1046.66,1060.47,0.9609
27_45,786.42,809.77,0.9577
27_45,1090.75,1107.16,0.1351
27_45,810.63,839.19,0.1345
27_45,1066.53,1078.65,0.1336
27_45,978.37,1008.6,0.1335
27_45,1108.79,1155.65,0.1322
27_45,1090.73,1107.16,0.0183
27_45,1108.9,1155.54,0.0181
27_45,810.63,839.17,0.0181
27_45,978.39,1008.6,0.0179
27_45,1082.45,1089.04,0.0173
27_45,717.42,728.92,0.0157
27_45,1057.0,1063.53,0.0121
27_45,842.32,878.87,0.0118
27_45,1078.36,1089.68,0.0084
27_45,755.21,757.2,0.0075
27_45,849.62,861.54,0.0072
27_45,1032.83,1102.94,0.007
27_45,881.11,902.56,0.0069
27_45,664.87,670.93,0.005
27_45,689.08,692.24,0.0041
27_45,962.8,974.38,0.0038
27_45,1090.28,1099.58,0.0033
27_45,811.83,814.71,0.0033
27_45,1054.7,1080.02,0.0032
27_45,1098.1,1105.98,0.0027
27_45,769.18,772.05,0.0026
27_45,684.5,687.13,0.0026
27_45,1035.58,1042.01,0.0025
27_45,823.94,835.82,0.0024
27_45,675.55,686.31,0.0023
27_45,624.66,629.94,0.0021
27_45,677.49,758.72,0.002
27_45,920.81,923.47,0.002
27_45,614.44,624.19,0.002
27_45,1133.22,1153.22,0.0019
27_45,820.41,823.32,0.0019
27_45,625.33,702.75,0.0018
27_45,737.31,743.08,0.0018
27_45,839.15,873.51,0.0017
27_45,948.63,972.24,0.0015
27_45,809.3,812.15,0.0015
27_45,925.01,931.09,0.0014
27_45,1107.7,1127.42,0.0013
27_45,993.04,1009.7,0.0013
27_45,820.4,826.71,0.0012
27_45,1097.13,1100.29,0.0012
27_45,1031.37,1050.87,0.0012
27_45,981.24,984.45,0.0012
27_45,1108.37,1111.3,0.0011
27_45,1052.3,1055.36,0.0011
27_45,905.49,916.56,0.0011
27_45,651.36,654.41,0.001
27_45,1045.98,1048.87,0.001
27_45,871.53,882.73,0.001
27_45,619.58,622.01,0.001
27_45,602.11,620.62,0.001
13_20,712.91,788.09,0.9996
13_20,889.3,913.58,0.9989
13_20,667.0,686.24,0.998
13_20,1113.22,1134.86,0.9975
13_20,640.98,661.91,0.9971
13_20,867.22,888.15,0.9926
13_20,1053.87,1078.57,0.9915
13_20,1099.67,1112.11,0.986
13_20,853.08,862.13,0.9851
13_20,918.08,1025.88,0.9825
13_20,1078.74,1082.7,0.9724
13_20,698.11,706.59,0.9661
13_20,640.96,661.89,0.1347
13_20,1113.23,1134.87,0.1343
13_20,667.0,686.23,0.1342
13_20,1099.68,1112.1,0.1327
13_20,889.28,913.56,0.1318
13_20,626.25,644.18,0.0128
13_20,708.11,713.16,0.0094
13_20,625.64,704.37,0.0088
13_20,853.3,889.47,0.0074
13_20,1065.72,1068.66,0.0061
13_20,702.19,704.9,0.0058
13_20,705.44,716.17,0.0053
13_20,785.51,787.84,0.0043
13_20,761.05,784.37,0.0042
13_20,948.68,951.3,0.004
13_20,1067.52,1079.2,0.0037
13_20,819.6,824.93,0.0037
13_20,1135.41,1140.85,0.0036
13_20,689.04,698.29,0.0035
13_20,793.52,881.11,0.0035
13_20,1142.81,1148.83,0.0034
13_20,668.16,680.46,0.0032
13_20,1134.02,1153.94,0.0026
13_20,1086.3,1098.87,0.0025
13_20,916.5,919.4,0.0024
13_20,673.78,686.07,0.0024
13_20,998.7,1004.5,0.0024
13_20,1126.26,1132.75,0.0023
13_20,899.72,910.06,0.0023
13_20,1078.4,1090.06,0.0023
13_20,968.56,974.84,0.0022
13_20,885.2,891.39,0.002
13_20,1055.36,1061.01,0.002
13_20,1046.61,1086.42,0.0018
13_20,1039.54,1042.55,0.0018
13_20,1098.04,1139.06,0.0018
13_20,1032.67,1035.66,0.0018
13_20,769.19,775.27,0.0017
13_20,785.85,796.69,0.0017
13_20,990.09,996.17,0.0014
13_20,863.82,887.24,0.0013
13_20,742.08,744.65,0.0012
13_20,651.33,654.34,0.0012
13_20,1012.26,1018.57,0.0012
13_20,1141.13,1223.61,0.0012
13_20,722.19,725.13,0.0012
13_20,857.68,860.96,0.0011
13_20,1094.25,1100.49,0.0011
13_20,1075.52,1078.27,0.0011
13_20,625.29,628.09,0.0011
13_20,1021.42,1043.63,0.0011
13_20,674.77,677.83,0.0011
26_7,1192.72,1213.99,0.9992
26_7,943.52,990.45,0.9986
26_7,1056.42,1096.93,0.9985
26_7,845.56,864.15,0.9975
26_7,910.11,939.52,0.9914
26_7,1015.78,1040.12,0.9913
26_7,675.35,771.74,0.9913
26_7,876.92,901.25,0.9906
26_7,800.58,839.01,0.9904
26_7,774.92,793.58,0.9896
26_7,617.93,628.82,0.9869
26_7,1099.69,1184.58,0.9756
26_7,690.58,691.47,0.9725
26_7,994.99,1009.96,0.9596
26_7,1214.32,1228.8,0.9575
26_7,675.08,771.61,0.1356
26_7,845.56,864.15,0.1349
26_7,910.09,939.53,0.1345
26_7,943.48,990.51,0.1343
26_7,876.91,901.26,0.1338
26_7,690.57,691.47,0.1334
26_7,910.1,939.55,0.0179
26_7,943.47,990.47,0.0176
26_7,977.41,989.59,0.0144
26_7,744.78,768.09,0.0123
26_7,1075.81,1097.5,0.0115
26_7,1137.69,1155.96,0.0093
26_7,1015.65,1018.65,0.0079
26_7,616.24,631.63,0.0078
26_7,633.41,681.27,0.0073
26_7,1099.25,1111.52,0.0063
26_7,689.5,742.0,0.0037
26_7,828.62,839.59,0.0035
26_7,901.71,910.75,0.0034
26_7,992.03,1009.6,0.0031
26_7,615.41,618.41,0.0027
26_7,760.59,771.42,0.0027
26_7,1212.14,1214.41,0.0026
26_7,1015.41,1029.07,0.0025
26_7,1201.41,1228.8,0.0024
26_7,654.28,676.06,0.0023
26_7,881.99,888.72,0.0021
26_7,776.11,789.41,0.0019
26_7,1220.49,1222.97,0.0018
26_7,910.88,922.99,0.0017
26_7,632.88,656.21,0.0017
26_7,1139.15,1144.12,0.0016
26_7,863.15,884.45,0.0016
26_7,1151.64,1154.34,0.0015
26_7,1130.41,1173.02,0.0015
26_7,842.64,861.19,0.0014
26_7,1100.19,1106.11,0.0013
26_7,1122.2,1125.06,0.0013
26_7,944.18,957.86,0.0013
26_7,871.06,877.78,0.0013
26_7,652.91,664.75,0.0013
26_7,926.92,930.28,0.0012
26_7,1112.19,1123.72,0.0011
26_7,674.8,686.61,0.0011
26_7,764.82,769.38,0.0011
26_7,1158.79,1178.2,0.0011
26_7,1092.14,1096.99,0.001
26_7,1075.36,1078.47,0.001
25_48,694.63,707.9,0.9994
25_48,642.62,658.69,0.9957
25_48,886.44,931.22,0.9896
25_48,687.74,690.83,0.9891
25_48,793.61,808.38,0.9888
25_48,860.44,868.85,0.9845
25_48,677.77,682.87,0.9774
25_48,821.83,827.84,0.9745
25_48,871.83,874.79,0.9727
25_48,935.69,951.18,0.9702
25_48,810.13,811.23,0.965
25_48,851.03,854.0,0.9638
25_48,829.81,850.61,0.9626
25_48,720.87,784.7,0.9569
25_48,694.64,707.88,0.1363
25_48,642.59,658.7,0.1356
25_48,886.38,931.19,0.1347
25_48,687.75,690.83,0.1339
25_48,793.61,808.38,0.1335
25_48,821.83,827.84,0.1324
25_48,871.83,874.8,0.1323
25_48,860.44,868.86,0.1309
25_48,851.03,854.0,0.1294
25_48,658.0,675.65,0.0194
25_48,642.62,658.7,0.0183
25_48,848.67,851.48,0.0131
25_48,947.64,960.15,0.0089
25_48,722.4,746.2,0.0078
25_48,809.34,821.03,0.0056
25_48,710.56,713.4,0.0055
25_48,776.61,794.4,0.0049
25_48,997.82,1000.15,0.0042
25_48,770.17,773.25,0.0042
25_48,1004.49,1026.6,0.0042
25_48,974.66,983.83,0.0041
25_48,845.18,934.28,0.0036
25_48,1144.08,1147.1,0.0034
25_48,1062.51,1068.69,0.0033
25_48,633.76,639.59,0.0033
25_48,727.94,739.7,0.0032
25_48,831.32,833.87,0.0032
25_48,669.39,675.04,0.003
25_48,790.04,809.35,0.003
25_48,1127.37,1138.61,0.0028
25_48,961.74,964.51,0.0026
25_48,614.66,626.12,0.0026
25_48,800.72,806.16,0.0025
25_48,644.38,647.61,0.0023
25_48,683.23,694.84,0.0021
25_48,1010.67,1016.17,0.0021
25_48,965.68,987.66,0.0021
25_48,1089.46,1095.19,0.002
25_48,756.05,779.5,0.0018
25_48,899.58,902.12,0.0018
25_48,890.16,912.19,0.0018
25_48,676.62,682.9,0.0017
25_48,911.13,923.19,0.0017
25_48,859.61,862.06,0.0016
25_48,723.22,726.2,0.0015
25_48,633.79,636.43,0.0015
25_48,895.36,898.63,0.0015
25_48,691.91,694.57,0.0015
25_48,1059.17,1062.28,0.0015
25_48,768.19,774.43,0.0015
25_48,682.7,685.62,0.0015
25_48,718.2,751.66,0.0014
25_48,931.75,937.23,0.0014
25_48,866.12,868.55,0.0014
25_48,729.91,732.57,0.0014
25_48,1078.04,1089.69,0.0014
25_48,660.73,704.83,0.0013
25_48,1015.86,1018.5,0.0013
25_48,796.85,800.02,0.0013
25_48,846.45,849.55,0.0013
25_48,794.47,797.03,0.0013
25_48,720.66,723.52,0.0013
25_48,929.22,967.75,0.0013
25_48,1094.54,1107.33,0.0013
25_48,614.53,619.14,0.0012
25_48,979.74,1000.12,0.0012
25_48,836.55,839.26,0.0012
25_48,693.89,696.34,0.0012
25_48,998.94,1004.36,0.0011
25_48,643.12,651.29,0.0011
25_48,868.83,871.92,0.0011
25_48,944.34,947.01,0.0011
25_48,767.71,770.64,0.0011
25_48,738.17,744.63,0.0011
25_48,916.05,921.16,0.001
29_7,881.83,901.49,0.9994
29_7,806.84,880.39,0.9967
29_7,731.39,769.85,0.9962
29_7,618.1,696.88,0.9958
29_7,900.03,980.11,0.9952
29_7,701.96,730.08,0.9942
29_7,774.59,801.67,0.9805
29_7,981.8,1228.8,0.9593
29_7,806.85,880.47,0.1355
29_7,618.2,696.79,0.1351
29_7,774.55,801.68,0.133
29_7,1012.6,1034.51,0.0073
29_7,1206.89,1228.8,0.0059
29_7,914.26,965.53,0.0055
29_7,1181.82,1187.57,0.0041
29_7,956.65,979.96,0.0039
29_7,726.89,767.61,0.0037
29_7,1098.73,1128.24,0.0035
29_7,1137.61,1140.82,0.0033
29_7,615.76,639.43,0.0033
29_7,720.51,723.84,0.0032
29_7,1055.2,1070.06,0.0032
29_7,854.99,876.98,0.0031
29_7,657.56,660.03,0.0028
29_7,1174.89,1218.19,0.0028
29_7,879.78,886.41,0.002
29_7,646.19,653.21,0.0019
29_7,1205.19,1212.14,0.0018
29_7,900.48,925.36,0.0018
29_7,1024.71,1031.55,0.0018
29_7,789.96,801.66,0.0018
29_7,823.11,835.8,0.0017
29_7,693.69,696.41,0.0015
29_7,883.38,903.78,0.0015
29_7,702.28,724.85,0.0014
29_7,1121.49,1228.8,0.0014
29_7,831.0,875.57,0.0013
29_7,980.43,1000.24,0.0012
29_7,866.95,877.49,0.0012
29_7,961.79,975.56,0.0011
29_7,995.29,1122.87,0.0011
29_7,772.26,775.05,0.001
21_44,783.49,805.33,0.9989
21_44,893.48,964.79,0.9986
21_44,1031.86,1051.29,0.9981
21_44,650.0,667.79,0.9973
21_44,1098.21,1119.23,0.9926
21_44,1082.84,1098.2,0.9919
21_44,963.88,994.65,0.9914
21_44,827.2,882.95,0.9877
21_44,1069.09,1082.84,0.9866
21_44,621.69,648.39,0.9816
21_44,1001.94,1033.46,0.9774
21_44,1049.67,1070.7,0.9726
21_44,803.72,819.09,0.9709
21_44,701.8,763.23,0.9451
21_44,893.53,964.71,0.1357
21_44,650.0,667.8,0.135
21_44,1082.84,1098.21,0.1341
21_44,1049.66,1070.71,0.1316
21_44,621.7,648.4,0.1301
21_44,1069.08,1082.84,0.1283
21_44,1082.84,1098.2,0.0176
21_44,1106.66,1112.37,0.0084
21_44,943.5,965.35,0.0077
21_44,851.03,873.48,0.0076
21_44,827.96,839.86,0.007
21_44,708.42,720.63,0.0067
21_44,621.73,633.62,0.0057
21_44,651.05,663.34,0.0045
21_44,1136.36,1157.96,0.0045
21_44,1090.67,1096.56,0.0043
21_44,838.0,859.86,0.0042
21_44,774.61,813.92,0.004
21_44,632.14,637.38,0.0039
21_44,1036.45,1039.25,0.0038
21_44,988.13,1064.6,0.0036
21_44,1124.74,1137.09,0.0029
21_44,820.01,822.47,0.0028
21_44,928.92,940.13,0.0028
21_44,834.24,837.08,0.0028
21_44,817.5,820.07,0.0028
21_44,1155.43,1176.51,0.0026
21_44,890.63,901.6,0.0026
21_44,614.42,619.3,0.0025
21_44,776.62,779.81,0.0025
21_44,1012.28,1104.22,0.0023
21_44,843.87,849.98,0.0022
21_44,647.02,683.74,0.0022
21_44,955.9,961.86,0.0021
21_44,939.5,941.82,0.0021
21_44,687.03,731.29,0.002
21_44,944.19,947.13,0.0019
21_44,825.13,830.41,0.0018
21_44,835.52,838.02,0.0015
21_44,1140.2,1150.94,0.0015
21_44,810.97,823.03,0.0015
21_44,829.84,835.83,0.0015
21_44,703.09,705.92,0.0014
21_44,688.02,690.98,0.0014
21_44,971.28,982.69,0.0014
21_44,1097.91,1116.14,0.0013
21_44,995.67,1005.64,0.0013
21_44,1044.6,1047.31,0.0013
21_44,876.15,881.93,0.0013
21_44,890.24,912.07,0.0012
21_44,1097.05,1102.31,0.0012
21_44,1069.71,1074.81,0.0011
21_44,785.55,806.61,0.0011
21_44,844.47,847.27,0.0011
21_44,756.32,759.37,0.0011
21_44,882.12,892.64,0.0011
22_21,921.9,934.62,0.9981
22_21,764.89,783.82,0.9974
22_21,941.05,945.39,0.9973
22_21,835.63,921.83,0.9953
22_21,983.36,993.6,0.994
22_21,976.33,981.43,0.9927
22_21,945.9,975.56,0.9917
22_21,786.66,835.16,0.9905
22_21,747.21,762.12,0.9844
22_21,721.31,730.42,0.9833
22_21,735.13,745.22,0.9823
22_21,616.9,633.44,0.9818
22_21,704.76,716.79,0.9641
22_21,634.58,699.1,0.962
22_21,921.89,934.6,0.1355
22_21,945.93,975.52,0.135
22_21,983.36,993.6,0.1342
22_21,835.53,921.8,0.1341
22_21,616.89,633.43,0.1335
22_21,764.92,783.82,0.1334
22_21,976.33,981.43,0.1328
22_21,616.91,633.42,0.0182
22_21,945.89,975.55,0.0178
22_21,638.3,643.22,0.0118
22_21,893.49,898.8,0.0098
22_21,978.73,999.15,0.009
22_21,675.01,681.92,0.0084
22_21,993.77,996.81,0.0078
22_21,633.15,655.2,0.0076
22_21,1079.78,1082.25,0.0072
22_21,1054.79,1065.74,0.0059
22_21,902.86,921.76,0.0053
22_21,1108.78,1114.19,0.0047
22_21,692.05,694.68,0.0046
22_21,611.56,615.67,0.0046
22_21,975.87,986.27,0.0045
22_21,906.21,909.17,0.0044
22_21,667.59,689.77,0.0042
22_21,903.65,906.53,0.0041
22_21,626.66,629.78,0.0039
22_21,723.49,729.21,0.0037
22_21,936.53,941.87,0.0036
22_21,843.7,864.81,0.0036
22_21,744.23,765.15,0.0032
22_21,969.41,979.44,0.0029
22_21,949.51,961.56,0.0025
22_21,834.87,846.13,0.0025
22_21,991.25,993.81,0.0024
22_21,1128.84,1141.04,0.0023
22_21,1090.77,1096.09,0.0023
22_21,996.67,1002.73,0.0023
22_21,800.41,811.8,0.0023
22_21,633.83,639.19,0.0023
22_21,694.54,705.12,0.0022
22_21,729.87,735.95,0.0022
22_21,635.02,716.19,0.0021
22_21,761.61,767.81,0.0021
22_21,1067.48,1079.02,0.002
22_21,789.07,791.92,0.0019
22_21,614.65,617.48,0.0019
22_21,827.03,829.62,0.0019
22_21,778.14,842.4,0.0019
22_21,912.21,922.55,0.0018
22_21,1071.62,1074.43,0.0017
22_21,1005.07,1007.69,0.0016
22_21,921.83,927.85,0.0016
22_21,863.45,866.47,0.0016
22_21,973.63,976.4,0.0015
22_21,644.04,646.81,0.0015
22_21,941.15,945.82,0.0014
22_21,1014.46,1024.92,0.0014
22_21,976.6,979.7,0.0014
22_21,1055.35,1061.31,0.0014
22_21,828.8,834.77,0.0013
22_21,806.92,809.32,0.0013
22_21,1109.2,1111.8,0.0013
22_21,666.11,669.43,0.0012
22_21,732.23,751.92,0.0012
22_21,725.63,728.21,0.0012
22_21,1063.44,1066.69,0.0011
22_21,647.52,657.59,0.001
22_21,1013.51,1016.17,0.001
22_21,1032.51,1034.96,0.001
22_21,1088.82,1091.36,0.001
27_3,801.13,888.42,0.9982
27_3,923.77,930.35,0.9978
27_3,723.32,740.05,0.9973
27_3,699.98,713.74,0.997
27_3,892.05,907.02,0.9935
27_3,754.42,761.61,0.992
27_3,624.72,692.1,0.9912
27_3,932.72,950.7,0.9898
27_3,916.59,923.17,0.9882
27_3,953.7,966.85,0.9876
27_3,771.18,799.89,0.9805
27_3,800.92,888.46,0.1363
27_3,699.97,713.73,0.1355
27_3,754.43,761.6,0.1351
27_3,723.31,740.06,0.135
27_3,923.76,930.35,0.1341
27_3,624.68,692.15,0.1335
27_3,916.58,923.17,0.133
27_3,1072.26,1078.12,0.0326
27_3,1077.48,1083.72,0.0282
27_3,699.97,713.71,0.0184
27_3,723.32,740.05,0.0182
27_3,754.42,761.61,0.0181
27_3,771.29,774.33,0.0173
27_3,994.33,1037.32,0.0124
27_3,990.34,1002.57,0.009
27_3,763.66,766.75,0.009
27_3,634.66,645.09,0.0084
27_3,614.25,633.35,0.0067
27_3,889.88,895.29,0.0051
27_3,1048.12,1059.55,0.0051
27_3,886.11,926.39,0.0046
27_3,936.98,948.69,0.0045
27_3,678.0,683.33,0.0041
27_3,1058.39,1064.09,0.0041
27_3,855.39,861.8,0.0036
27_3,771.2,777.33,0.0036
27_3,771.78,807.79,0.0034
27_3,917.23,919.78,0.0033
27_3,1135.51,1141.12,0.0031
27_3,905.29,916.43,0.0031
27_3,845.47,848.53,0.0031
27_3,750.89,754.18,0.0031
27_3,1080.72,1083.55,0.003
27_3,1141.77,1153.39,0.003
27_3,732.05,737.99,0.0027
27_3,1130.02,1133.18,0.0027
27_3,1037.6,1117.61,0.0027
27_3,987.38,990.22,0.0026
27_3,631.57,634.49,0.0026
27_3,949.7,970.6,0.0025
27_3,682.47,698.91,0.0025
27_3,973.64,984.93,0.0022
27_3,745.09,748.19,0.0021
27_3,873.93,876.74,0.0021
27_3,1116.33,1128.2,0.0021
27_3,695.8,698.2,0.002
27_3,616.36,618.97,0.002
27_3,1088.49,1100.09,0.0019
27_3,966.54,969.53,0.0018
27_3,674.36,679.88,0.0017
27_3,869.96,875.0,0.0017
27_3,892.99,904.14,0.0016
27_3,802.78,813.87,0.0016
27_3,926.01,929.16,0.0016
27_3,891.3,894.26,0.0015
27_3,692.89,755.96,0.0015
27_3,838.05,882.51,0.0015
27_3,996.81,1000.0,0.0015
27_3,932.23,937.91,0.0013
27_3,877.23,882.7,0.0013
27_3,816.22,826.73,0.0013
27_3,977.02,980.21,0.0013
27_3,1039.1,1060.12,0.0012
27_3,941.75,951.61,0.0012
27_3,956.96,959.94,0.0012
27_3,679.38,681.95,0.0012
27_3,738.5,743.9,0.0012
27_3,707.25,709.65,0.0011
27_3,725.6,731.74,0.0011
27_3,619.05,631.17,0.0011
27_3,862.9,873.92,0.001
20_22,894.08,898.22,0.9991
20_22,1004.61,1010.09,0.9984
20_22,696.47,708.72,0.9967
20_22,794.67,893.74,0.9966
20_22,791.08,793.98,0.9963
20_22,632.5,671.55,0.9952
20_22,960.35,986.99,0.9931
20_22,929.37,959.13,0.9927
20_22,672.7,695.58,0.9909
20_22,987.43,1003.8,0.9895
20_22,733.44,788.22,0.9853
20_22,1011.86,1026.32,0.9819
20_22,899.18,918.92,0.9769
20_22,919.45,921.91,0.9749
20_22,711.79,732.62,0.9651
20_22,804.36,826.37,0.8988
20_22,625.24,790.2,0.6375
20_22,830.61,882.3,0.5771
20_22,1004.61,1010.09,0.1352
20_22,929.37,959.12,0.1344
20_22,696.47,708.72,0.1332
20_22,987.44,1003.79,0.1327
20_22,672.67,695.59,0.1287
20_22,632.55,671.62,0.1212
20_22,733.46,788.19,0.1066
20_22,830.6,882.21,0.0758
20_22,625.29,790.36,0.0573
20_22,794.61,893.64,0.0414
20_22,929.38,959.12,0.0182
20_22,696.47,708.7,0.0177
20_22,632.85,635.17,0.015
20_22,1027.28,1033.17,0.0125
20_22,733.5,788.17,0.0116
20_22,636.09,643.74,0.0101
20_22,974.59,984.97,0.0093
20_22,701.24,747.69,0.0083
20_22,804.35,817.42,0.0083
20_22,1121.31,1161.47,0.008
20_22,976.18,979.2,0.0076
20_22,1043.87,1055.27,0.0071
20_22,986.56,992.47,0.0055
20_22,917.58,927.51,0.0046
20_22,968.67,974.95,0.0046
20_22,774.53,787.16,0.0046
20_22,894.12,897.17,0.0045
20_22,788.28,799.81,0.0044
20_22,1125.03,1131.78,0.0043
20_22,624.52,629.92,0.0036
20_22,734.21,746.99,0.0035
20_22,856.19,883.5,0.0032
20_22,897.96,904.88,0.003
20_22,1003.22,1011.48,0.003
20_22,888.49,893.98,0.0029
20_22,616.34,628.87,0.0029
20_22,1008.83,1028.45,0.0028
20_22,1044.06,1046.88,0.0026
20_22,797.84,835.93,0.0024
20_22,975.76,1042.8,0.0022
20_22,672.48,678.11,0.0022
20_22,690.76,693.98,0.0021
20_22,1178.9,1190.24,0.002
20_22,634.53,660.84,0.002
20_22,1123.2,1146.72,0.0019
20_22,919.44,922.44,0.0017
20_22,1040.35,1079.87,0.0015
20_22,838.56,866.64,0.0015
20_22,888.11,891.27,0.0013
20_22,631.9,637.13,0.0013
20_22,1047.58,1053.74,0.0013
20_22,903.45,975.4,0.0013
20_22,674.02,687.69,0.0013
20_22,1125.18,1127.73,0.0013
20_22,987.26,1001.03,0.0012
20_22,711.36,723.53,0.0011
20_22,981.28,984.63,0.0011
20_22,1154.74,1166.28,0.0011
21_14,704.24,718.59,0.9993
21_14,756.05,795.15,0.9993
21_14,877.1,886.9,0.9989
21_14,847.87,861.84,0.9989
21_14,694.26,700.07,0.9986
21_14,721.12,738.38,0.9983
21_14,862.2,876.54,0.998
21_14,836.25,847.67,0.9979
21_14,674.51,685.21,0.9977
21_14,888.03,894.22,0.9952
21_14,621.93,644.74,0.9949
21_14,895.04,903.44,0.991
21_14,648.72,660.7,0.9886
21_14,812.64,835.51,0.9781
21_14,621.97,644.76,0.1351
21_14,836.25,847.68,0.135
21_14,888.02,894.22,0.1347
21_14,674.5,685.21,0.1346
21_14,847.86,861.84,0.1344
21_14,694.26,700.06,0.1344
21_14,877.1,886.9,0.134
21_14,895.04,903.44,0.1338
21_14,862.21,876.55,0.1337
21_14,704.25,718.58,0.132
21_14,895.04,903.44,0.018
21_14,836.25,847.67,0.0179
21_14,959.72,962.45,0.0141
21_14,668.62,673.65,0.0095
21_14,1082.76,1101.89,0.0083
21_14,616.56,622.62,0.0079
21_14,755.72,767.33,0.0063
21_14,788.09,799.04,0.0061
21_14,1018.32,1039.49,0.0058
21_14,869.34,889.73,0.0058
21_14,1064.01,1067.34,0.0051
21_14,977.38,989.18,0.0048
21_14,811.46,814.25,0.0048
21_14,906.45,913.05,0.0046
21_14,952.24,964.05,0.0045
21_14,776.34,778.85,0.0044
21_14,1069.9,1076.1,0.0042
21_14,1048.33,1060.55,0.0038
21_14,878.53,881.46,0.0037
21_14,779.56,789.94,0.0037
21_14,977.33,979.96,0.0036
21_14,829.9,832.97,0.0034
21_14,691.35,694.16,0.0033
21_14,1114.16,1138.66,0.0033
21_14,1012.48,1015.26,0.0031
21_14,1031.12,1042.18,0.003
21_14,660.16,662.64,0.003
21_14,836.84,842.75,0.0027
21_14,717.87,729.07,0.0025
21_14,1038.05,1079.72,0.0025
21_14,960.54,984.3,0.0024
21_14,833.22,839.02,0.0023
21_14,825.33,828.24,0.0023
21_14,1073.75,1085.48,0.0022
21_14,769.25,791.2,0.0021
21_14,999.59,1022.2,0.002
21_14,749.07,755.38,0.002
21_14,923.82,936.33,0.002
21_14,879.95,886.16,0.002
21_14,819.4,831.35,0.0019
21_14,698.47,720.18,0.0019
21_14,649.03,652.38,0.0019
21_14,627.23,707.05,0.0019
21_14,886.7,894.44,0.0018
21_14,633.24,636.06,0.0018
21_14,963.84,966.81,0.0018
21_14,660.43,670.94,0.0017
21_14,988.01,999.94,0.0016
21_14,614.56,617.26,0.0016
21_14,637.14,639.72,0.0015
21_14,714.32,754.56,0.0015
21_14,783.93,786.27,0.0015
21_14,797.04,799.66,0.0015
21_14,972.3,975.37,0.0015
21_14,1037.89,1040.84,0.0015
21_14,1086.45,1091.87,0.0015
21_14,672.1,693.09,0.0014
21_14,979.21,982.4,0.0013
21_14,1148.13,1153.78,0.0013
21_14,1133.12,1145.22,0.0013
21_14,947.81,950.9,0.0013
21_14,1104.95,1111.34,0.0013
21_14,860.1,876.8,0.0012
21_14,1017.17,1020.04,0.0012
21_14,789.86,795.22,0.0012
21_14,895.98,899.16,0.0012
21_14,1067.84,1078.82,0.0012
21_14,734.53,807.2,0.0012
21_14,915.5,927.04,0.0011
21_14,622.38,627.88,0.001
21_14,796.31,873.64,0.001
28_26,997.82,1007.79,0.9995
28_26,679.28,732.91,0.9969
28_26,945.44,970.35,0.9965
28_26,663.07,675.96,0.9956
28_26,825.25,847.7,0.9951
28_26,847.69,856.43,0.9944
28_26,1014.46,1024.85,0.9925
28_26,984.52,995.32,0.9895
28_26,857.26,866.41,0.9893
28_26,905.1,917.55,0.9879
28_26,922.97,939.19,0.9806
28_26,756.34,821.86,0.9783
28_26,1025.29,1039.81,0.973
28_26,639.78,658.9,0.9729
28_26,679.31,732.83,0.1341
28_26,945.45,970.35,0.1324
28_26,905.09,917.56,0.1316
28_26,847.69,856.43,0.1313
28_26,739.78,761.07,0.0112
28_26,1081.95,1084.68,0.011
28_26,669.15,674.8,0.0083
28_26,635.82,678.02,0.0068
28_26,886.14,905.24,0.0065
28_26,624.13,635.2,0.0062
28_26,720.53,722.72,0.0057
28_26,711.74,714.38,0.0053
28_26,761.25,764.24,0.005
28_26,948.35,954.59,0.0043
28_26,1046.08,1086.6,0.0041
28_26,996.84,1015.94,0.004
28_26,1016.82,1022.61,0.0039
28_26,874.34,915.66,0.0038
28_26,764.65,807.25,0.0038
28_26,988.98,995.01,0.0036
28_26,1136.19,1139.2,0.0034
28_26,943.15,948.91,0.0034
28_26,727.84,730.35,0.0034
28_26,619.84,661.26,0.0032
28_26,697.75,703.89,0.0032
28_26,936.67,976.11,0.003
28_26,843.63,862.55,0.0029
28_26,629.27,635.69,0.0027
28_26,827.91,833.85,0.0025
28_26,729.95,742.14,0.0024
28_26,676.51,697.6,0.0023
28_26,967.79,978.19,0.0023
28_26,809.49,820.69,0.0023
28_26,749.11,788.99,0.0023
28_26,878.0,884.15,0.0022
28_26,954.88,957.55,0.0021
28_26,986.45,988.92,0.002
28_26,678.05,680.75,0.0019
28_26,865.36,876.52,0.0019
28_26,1030.02,1053.1,0.0018
28_26,772.44,778.55,0.0018
28_26,931.58,942.15,0.0018
28_26,757.1,759.86,0.0017
28_26,1091.65,1097.04,0.0016
28_26,635.18,640.84,0.0015
28_26,1002.7,1005.65,0.0014
28_26,1118.06,1120.81,0.0013
28_26,653.92,663.95,0.0013
28_26,724.85,727.89,0.0013
28_26,722.23,724.42,0.0012
28_26,903.91,927.29,0.0012
28_26,1071.07,1077.46,0.0012
28_26,1107.2,1128.14,0.0012
28_26,1004.43,1014.56,0.0012
28_26,622.59,625.47,0.0011
28_26,1135.25,1140.72,0.0011
28_26,670.84,674.16,0.0011
28_26,715.25,718.32,0.001
10_7,701.08,706.77,0.9988
10_7,660.3,699.89,0.9972
10_7,894.47,907.08,0.9964
10_7,754.44,793.28,0.9961
10_7,806.87,809.35,0.9957
10_7,865.71,873.85,0.9957
10_7,826.61,827.72,0.9943
10_7,812.94,826.45,0.9941
10_7,874.17,884.66,0.9932
10_7,709.44,720.92,0.9922
10_7,616.05,643.22,0.9876
10_7,797.65,805.47,0.9844
10_7,847.39,854.06,0.9831
10_7,643.73,660.26,0.9824
10_7,845.68,847.26,0.9774
10_7,741.46,745.87,0.9762
10_7,860.38,865.17,0.9735
10_7,721.22,737.29,0.9701
10_7,766.34,774.7,0.8839
10_7,660.26,699.88,0.1354
10_7,847.4,854.06,0.1331
10_7,616.07,643.22,0.1331
10_7,754.44,793.32,0.1221
10_7,797.22,799.71,0.0141
10_7,1087.01,1093.12,0.0133
10_7,1029.61,1051.44,0.0118
10_7,1014.6,1020.33,0.0116
10_7,940.32,943.16,0.0111
10_7,905.67,911.98,0.0104
10_7,781.94,788.01,0.0095
10_7,700.61,710.65,0.009
10_7,947.78,959.55,0.0074
10_7,1090.65,1129.31,0.0073
10_7,934.28,936.82,0.007
10_7,994.65,1005.85,0.0069
10_7,907.21,928.25,0.0069
10_7,732.69,752.71,0.0068
10_7,774.53,780.58,0.0059
10_7,646.73,658.53,0.0059
10_7,827.96,829.99,0.0057
10_7,737.21,740.02,0.0057
10_7,709.33,711.58,0.0056
10_7,925.72,928.32,0.0053
10_7,856.29,875.84,0.0051
10_7,785.53,797.41,0.005
10_7,1109.62,1112.42,0.0043
10_7,807.01,809.54,0.0043
10_7,836.59,839.07,0.0042
10_7,721.45,730.38,0.0039
10_7,633.67,636.85,0.0038
10_7,799.37,804.52,0.0036
10_7,927.23,930.05,0.0036
10_7,845.41,848.19,0.0035
10_7,1131.3,1154.98,0.0034
10_7,660.23,670.92,0.0033
10_7,741.36,747.01,0.0029
10_7,629.51,641.68,0.0028
10_7,1079.52,1085.58,0.0028
10_7,911.4,913.79,0.0028
10_7,1025.2,1031.28,0.0027
10_7,814.5,817.53,0.0027
10_7,757.35,760.31,0.0025
10_7,710.52,721.8,0.0025
10_7,848.45,851.68,0.0023
10_7,617.22,628.43,0.0022
10_7,956.37,961.93,0.0022
10_7,1087.67,1090.41,0.0021
10_7,1012.1,1014.76,0.0021
10_7,1112.74,1118.77,0.0021
10_7,805.94,811.56,0.002
10_7,901.3,903.71,0.002
10_7,686.02,688.92,0.0018
10_7,1041.88,1044.53,0.0017
10_7,1127.03,1129.77,0.0017
10_7,983.87,986.37,0.0017
10_7,753.51,766.01,0.0017
10_7,821.38,824.38,0.0017
10_7,699.44,709.0,0.0016
10_7,1081.52,1087.88,0.0016
10_7,967.46,970.53,0.0016
10_7,749.04,754.54,0.0015
10_7,589.77,636.09,0.0015
10_7,936.49,958.67,0.0015
10_7,1125.01,1127.84,0.0014
10_7,1150.36,1153.46,0.0014
10_7,897.06,903.54,0.0014
10_7,1017.52,1039.61,0.0014
10_7,1155.76,1158.96,0.0013
10_7,662.3,685.73,0.0012
10_7,761.1,766.36,0.0011
10_7,924.87,944.81,0.0011
10_7,1053.18,1055.92,0.0011
10_7,1116.03,1136.22,0.0011
10_7,702.5,705.36,0.0011
10_7,824.4,826.5,0.001
10_7,1047.09,1050.02,0.001
10_7,775.41,794.48,0.001
10_7,932.69,934.94,0.001
3_49,840.79,859.3,0.9999
3_49,647.33,677.04,0.9997
3_49,707.14,726.0,0.9991
3_49,906.29,931.19,0.9989
3_49,694.7,701.13,0.9989
3_49,677.83,689.87,0.9989
3_49,943.23,1022.8,0.9985
3_49,628.85,638.49,0.9981
3_49,885.83,903.05,0.9979
3_49,617.59,627.65,0.9977
3_49,729.23,746.12,0.9968
3_49,778.99,801.88,0.9954
3_49,858.52,864.92,0.991
3_49,804.31,818.77,0.9884
3_49,885.83,903.07,0.1356
3_49,943.18,1022.78,0.1353
3_49,677.84,689.87,0.1351
3_49,906.27,931.2,0.135
3_49,647.33,677.04,0.134
3_49,804.32,818.76,0.133
3_49,1046.74,1049.57,0.0218
3_49,647.33,677.04,0.018
3_49,906.28,931.22,0.0179
3_49,1122.54,1134.1,0.0154
3_49,1004.86,1016.97,0.0133
3_49,819.28,838.04,0.0125
3_49,1155.1,1177.12,0.0123
3_49,1065.73,1068.71,0.0121
3_49,645.4,648.28,0.0066
3_49,690.21,701.82,0.0066
3_49,614.42,616.75,0.0054
3_49,1060.91,1082.11,0.0051
3_49,951.37,996.69,0.0048
3_49,777.75,780.73,0.0048
3_49,815.42,820.66,0.0045
3_49,864.17,866.95,0.0044
3_49,1051.78,1057.84,0.0043
3_49,745.14,765.82,0.0042
3_49,806.87,812.77,0.0042
3_49,666.83,669.61,0.0041
3_49,932.53,938.43,0.004
3_49,689.42,694.9,0.0039
3_49,1005.72,1012.38,0.0037
3_49,669.29,674.88,0.0036
3_49,700.06,705.99,0.003
3_49,950.33,970.8,0.0028
3_49,799.43,801.93,0.0028
3_49,1148.89,1193.16,0.0028
3_49,710.99,716.28,0.0026
3_49,912.07,917.87,0.0025
3_49,1142.07,1144.68,0.0024
3_49,636.96,639.8,0.0024
3_49,1079.02,1084.31,0.0022
3_49,658.6,664.33,0.0022
3_49,1082.75,1093.44,0.002
3_49,878.45,881.53,0.0019
3_49,685.82,706.09,0.0019
3_49,771.07,774.34,0.0019
3_49,1114.19,1119.41,0.0019
3_49,894.49,897.66,0.0019
3_49,781.78,788.11,0.0019
3_49,820.19,831.49,0.0017
3_49,717.13,722.74,0.0017
3_49,1028.57,1031.1,0.0017
3_49,864.71,876.65,0.0017
3_49,1032.87,1116.48,0.0017
3_49,988.38,991.35,0.0016
3_49,737.65,740.6,0.0016
3_49,941.77,952.98,0.0015
3_49,923.6,930.04,0.0015
3_49,1120.97,1127.27,0.0015
3_49,958.75,961.3,0.0015
3_49,618.98,624.92,0.0015
3_49,1044.84,1047.81,0.0015
3_49,683.31,686.37,0.0014
3_49,1020.11,1023.49,0.0014
3_49,806.46,809.41,0.0013
3_49,1134.13,1144.37,0.0013
3_49,903.54,949.32,0.0012
3_49,1067.84,1073.89,0.0012
3_49,1022.66,1042.8,0.0012
3_49,782.88,795.93,0.0012
3_49,722.31,725.23,0.0012
3_49,870.53,883.33,0.0011
3_49,981.75,984.24,0.0011
3_49,1039.66,1044.77,0.0011
3_49,830.01,832.83,0.001
3_49,887.88,907.11,0.001
3_49,845.98,852.12,0.001
3_49,709.02,721.19,0.001
3_49,1120.09,1141.67,0.001
3_49,940.36,943.35,0.001
8_45,635.28,647.46,0.9989
8_45,666.19,675.25,0.9928
8_45,616.78,635.15,0.9909
8_45,678.89,750.07,0.9761
8_45,647.46,666.19,0.9644
8_45,753.16,813.52,0.9603
8_45,635.28,647.45,0.1356
8_45,666.19,675.25,0.1343
8_45,635.27,647.45,0.0182
8_45,787.1,809.52,0.0156
8_45,708.47,720.17,0.015
8_45,682.36,692.46,0.0116
8_45,761.43,783.16,0.0113
8_45,657.2,663.24,0.0092
8_45,702.85,746.97,0.0066
8_45,843.84,849.74,0.0064
8_45,745.49,825.96,0.0064
8_45,675.53,685.63,0.0057
8_45,694.19,699.34,0.0052
8_45,977.51,979.73,0.0042
8_45,835.2,841.05,0.0038
8_45,884.4,887.49,0.0035
8_45,647.43,652.14,0.0032
8_45,1022.52,1034.04,0.0032
8_45,795.49,797.83,0.0031
8_45,907.16,912.87,0.0028
8_45,1023.36,1025.95,0.0027
8_45,1001.22,1006.82,0.0025
8_45,924.76,927.86,0.0023
8_45,630.35,632.75,0.0022
8_45,778.15,783.52,0.0022
8_45,1013.32,1019.38,0.0021
8_45,690.98,695.87,0.0021
8_45,756.68,762.65,0.0019
8_45,866.41,869.16,0.0019
8_45,784.44,786.96,0.0019
8_45,615.14,633.7,0.0018
8_45,766.69,769.33,0.0016
8_45,816.58,822.09,0.0016
8_45,656.09,666.37,0.0016
8_45,741.84,747.51,0.0016
8_45,945.14,948.17,0.0015
8_45,675.6,681.35,0.0015
8_45,717.64,728.33,0.0015
8_45,974.03,976.89,0.0014
8_45,979.35,982.12,0.0014
8_45,614.93,618.2,0.0014
8_45,887.18,892.43,0.0013
8_45,881.99,885.12,0.0013
8_45,1003.23,1089.04,0.0013
8_45,944.92,985.37,0.0013
8_45,813.0,818.81,0.0013
8_45,645.78,648.09,0.0013
8_45,1007.3,1013.04,0.0012
8_45,994.6,997.88,0.0012
8_45,875.55,886.53,0.0011
8_45,782.63,785.19,0.0011
8_45,802.96,813.58,0.0011
8_45,648.15,650.9,0.0011
8_45,667.56,670.1,0.0011
8_45,685.09,691.29,0.0011
8_45,915.23,918.32,0.001
9_108,845.7,909.0,0.9974
9_108,695.09,713.0,0.9966
9_108,717.06,731.34,0.9959
9_108,826.91,846.78,0.9947
9_108,924.4,934.11,0.9921
9_108,751.79,760.46,0.9912
9_108,617.01,667.94,0.9904
9_108,792.13,825.82,0.9892
9_108,678.23,694.07,0.9854
9_108,741.57,751.79,0.983
9_108,920.32,925.43,0.9578
9_108,617.11,667.87,0.1355
9_108,845.82,909.09,0.135
9_108,751.79,760.46,0.1343
9_108,717.07,731.35,0.134
9_108,924.41,934.11,0.133
9_108,845.65,909.08,0.0183
9_108,660.8,663.79,0.0121
9_108,831.19,837.28,0.0119
9_108,839.54,845.49,0.0102
9_108,922.75,945.52,0.0088
9_108,647.55,654.04,0.0081
9_108,770.5,790.26,0.008
9_108,620.69,642.87,0.0073
9_108,936.46,942.71,0.0055
9_108,974.45,980.17,0.0048
9_108,946.63,951.79,0.0046
9_108,1001.89,1007.54,0.0043
9_108,700.65,711.79,0.0041
9_108,920.84,923.72,0.004
9_108,852.76,863.81,0.0039
9_108,1020.24,1023.3,0.0036
9_108,1056.03,1058.34,0.0033
9_108,1015.64,1098.18,0.0031
9_108,778.7,785.25,0.0031
9_108,858.31,881.11,0.003
9_108,697.6,700.71,0.0029
9_108,718.14,739.96,0.0029
9_108,635.35,640.55,0.0028
9_108,668.63,671.09,0.0027
9_108,826.82,829.53,0.0026
9_108,655.95,659.09,0.0025
9_108,911.17,933.61,0.0024
9_108,742.5,749.03,0.0023
9_108,978.61,984.19,0.0022
9_108,614.38,620.74,0.0022
9_108,759.55,768.88,0.0021
9_108,720.2,726.07,0.0021
9_108,1030.94,1034.01,0.0019
9_108,680.03,720.04,0.0018
9_108,1096.32,1098.88,0.0018
9_108,1107.72,1119.12,0.0017
9_108,622.99,629.33,0.0017
9_108,1086.71,1097.87,0.0017
9_108,1034.46,1041.2,0.0017
9_108,966.07,987.29,0.0016
9_108,1142.23,1148.82,0.0016
9_108,904.98,916.61,0.0016
9_108,1006.54,1009.43,0.0014
9_108,864.68,867.61,0.0013
9_108,792.43,803.85,0.0013
9_108,1030.47,1051.46,0.0013
9_108,926.91,933.0,0.0013
9_108,758.86,762.14,0.0013
9_108,835.56,841.24,0.0012
9_108,779.28,782.16,0.0012
9_108,678.29,681.54,0.0012
9_108,803.44,809.11,0.0012
9_108,1053.24,1058.7,0.0011
9_108,717.87,789.27,0.0011
9_108,1103.85,1106.31,0.0011
9_108,911.78,923.18,0.0011
9_108,636.31,672.81,0.0011
9_108,715.29,718.27,0.0011
9_108,885.95,888.81,0.001
10_50,630.16,641.27,1.0
10_50,616.59,627.69,0.9994
10_50,677.96,690.51,0.9991
10_50,711.43,720.02,0.9989
10_50,661.36,671.25,0.9987
10_50,641.63,660.66,0.997
10_50,691.27,708.45,0.9944
10_50,731.73,733.33,0.9855
10_50,671.65,674.93,0.9814
10_50,737.08,741.68,0.9799
10_50,720.51,723.49,0.9716
10_50,728.53,730.71,0.9701
10_50,616.59,627.69,0.1344
10_50,677.95,690.52,0.134
10_50,641.62,660.66,0.134
10_50,661.36,671.26,0.1333
10_50,711.44,720.01,0.1332
10_50,671.65,674.93,0.1298
10_50,731.73,733.33,0.1297
10_50,893.91,900.41,0.0117
10_50,812.09,814.51,0.0109
10_50,840.36,846.87,0.0108
10_50,718.74,731.4,0.0102
10_50,879.83,890.96,0.0094
10_50,631.64,637.62,0.0069
10_50,873.83,879.73,0.0057
10_50,660.24,678.01,0.0055
10_50,940.54,947.29,0.0054
10_50,830.88,837.18,0.0044
10_50,757.76,761.22,0.0037
10_50,628.54,647.74,0.0035
10_50,786.69,809.1,0.0032
10_50,719.77,726.45,0.0032
10_50,823.7,829.65,0.0032
10_50,864.58,867.72,0.0032
10_50,776.89,779.35,0.003
10_50,648.8,660.79,0.0029
10_50,1018.61,1040.22,0.0028
10_50,669.88,675.22,0.0027
10_50,691.46,697.4,0.0027
10_50,887.58,890.57,0.0024
10_50,641.03,653.07,0.0022
10_50,916.72,922.69,0.0022
10_50,747.16,758.38,0.0022
10_50,1006.62,1009.36,0.0022
10_50,993.38,996.11,0.0021
10_50,871.05,874.01,0.0021
10_50,705.66,708.61,0.002
10_50,824.42,919.29,0.0018
10_50,633.71,640.04,0.0018
10_50,645.71,648.18,0.0018
10_50,762.88,765.54,0.0017
10_50,732.45,737.47,0.0016
10_50,927.1,937.62,0.0016
10_50,905.24,910.11,0.0016
10_50,675.75,692.17,0.0016
10_50,1001.78,1012.53,0.0015
10_50,760.12,763.07,0.0015
10_50,770.01,772.48,0.0013
10_50,653.38,659.12,0.0012
10_50,669.86,679.05,0.0012
10_50,663.36,670.1,0.001
10_50,1016.98,1022.61,0.001
10_50,816.24,819.16,0.001
12_12,877.82,893.56,0.9991
12_12,750.29,762.94,0.9988
12_12,811.42,823.46,0.9972
12_12,710.13,726.79,0.9964
12_12,831.19,846.0,0.9941
12_12,666.3,698.08,0.9918
12_12,637.11,647.13,0.9909
12_12,782.39,799.68,0.9892
12_12,633.86,636.64,0.9833
12_12,877.82,893.58,0.1356
12_12,831.17,846.0,0.1351
12_12,782.38,799.69,0.1346
12_12,750.27,762.95,0.1345
12_12,710.12,726.8,0.1326
12_12,877.81,893.56,0.0184
12_12,831.19,846.0,0.0182
12_12,750.28,762.94,0.0182
12_12,684.72,697.31,0.0138
12_12,1107.25,1120.1,0.0121
12_12,645.85,655.33,0.0096
12_12,846.73,868.16,0.0095
12_12,1051.22,1056.23,0.0094
12_12,841.81,844.38,0.0084
12_12,855.65,877.11,0.0062
12_12,800.73,812.49,0.0058
12_12,809.25,830.25,0.0055
12_12,848.34,850.81,0.0051
12_12,896.77,920.14,0.0042
12_12,1036.09,1041.78,0.0041
12_12,1053.22,1063.82,0.0032
12_12,1111.77,1117.58,0.003
12_12,688.0,694.51,0.0029
12_12,907.8,927.32,0.0029
12_12,697.95,703.83,0.0027
12_12,848.47,854.29,0.0025
12_12,649.28,652.02,0.0024
12_12,879.86,886.21,0.0024
12_12,1135.39,1147.5,0.0022
12_12,894.28,906.08,0.0021
12_12,1124.29,1130.78,0.0021
12_12,885.22,891.72,0.002
12_12,819.12,822.26,0.0019
12_12,1022.5,1033.88,0.0018
12_12,709.14,721.17,0.0018
12_12,768.94,779.84,0.0017
12_12,933.4,944.9,0.0017
12_12,1047.03,1051.67,0.0017
12_12,1068.93,1071.85,0.0017
12_12,667.95,673.98,0.0016
12_12,838.6,844.59,0.0016
12_12,871.68,874.46,0.0015
12_12,673.11,679.05,0.0015
12_12,633.01,638.35,0.0015
12_12,921.91,933.74,0.0015
12_12,1010.53,1029.79,0.0015
12_12,694.34,770.46,0.0014
12_12,962.35,964.93,0.0014
12_12,1055.0,1057.97,0.0014
12_12,650.41,671.06,0.0014
12_12,1145.44,1167.68,0.0014
12_12,864.45,870.08,0.0014
12_12,1051.59,1054.42,0.0013
12_12,1001.29,1013.16,0.0013
12_12,1078.83,1088.57,0.0013
12_12,934.64,937.4,0.0012
12_12,1117.53,1120.47,0.0011
12_12,763.02,773.42,0.0011
12_12,727.82,748.99,0.0011
12_12,964.8,967.95,0.0011
12_12,1144.2,1147.0,0.0011
12_12,1090.88,1130.4,0.001
13_41,963.69,1063.13,0.9985
13_41,919.34,937.56,0.9982
13_41,761.87,831.06,0.9976
13_41,664.52,686.95,0.995
13_41,857.41,878.7,0.9947
13_41,748.88,755.66,0.9933
13_41,1085.09,1095.28,0.9912
13_41,941.77,960.02,0.99
13_41,1069.16,1082.75,0.9872
13_41,846.96,851.21,0.9632
13_41,671.54,733.22,0.8892
13_41,963.57,1063.17,0.135
13_41,761.83,831.11,0.1349
13_41,857.42,878.7,0.1344
13_41,1069.16,1082.77,0.1331
13_41,919.35,937.57,0.1331
13_41,748.89,755.66,0.1315
13_41,664.52,686.97,0.1203
13_41,713.92,717.25,0.0124
13_41,1094.07,1099.22,0.0078
13_41,950.67,956.49,0.0076
13_41,625.65,628.62,0.0074
13_41,939.58,942.12,0.0074
13_41,873.09,878.58,0.0048
13_41,1071.22,1073.64,0.0047
13_41,652.0,654.7,0.0046
13_41,1065.32,1070.5,0.004
13_41,723.74,745.65,0.0039
13_41,712.11,717.63,0.0037
13_41,1069.01,1146.0,0.0034
13_41,956.91,967.06,0.0032
13_41,628.72,633.98,0.0029
13_41,1127.88,1133.6,0.0027
13_41,924.04,935.78,0.0027
13_41,615.21,626.83,0.0025
13_41,697.73,700.51,0.0023
13_41,662.4,665.49,0.0023
13_41,1061.2,1071.35,0.0022
13_41,940.18,945.73,0.0019
13_41,793.11,796.23,0.0019
13_41,725.19,761.52,0.0019
13_41,961.63,984.69,0.0019
13_41,1087.25,1089.75,0.0019
13_41,899.18,919.04,0.0018
13_41,813.35,816.42,0.0018
13_41,642.71,645.72,0.0017
13_41,807.69,810.59,0.0016
13_41,933.85,939.37,0.0016
13_41,717.48,720.52,0.0016
13_41,764.48,776.41,0.0016
13_41,846.02,856.74,0.0015
13_41,668.7,675.21,0.0015
13_41,713.89,716.32,0.0015
13_41,873.95,876.58,0.0015
13_41,829.75,834.63,0.0015
13_41,699.94,713.17,0.0015
13_41,820.97,823.7,0.0015
13_41,876.64,878.88,0.0015
13_41,805.58,808.14,0.0014
13_41,625.66,667.42,0.0014
13_41,838.69,841.42,0.0013
13_41,763.47,766.03,0.0011
13_41,654.02,657.0,0.0011
13_41,682.12,701.79,0.0011
13_41,880.81,883.29,0.0011
13_41,616.06,619.22,0.0011
13_41,765.11,807.38,0.001
13_41,1106.38,1108.96,0.001
13_41,728.78,731.67,0.001
17_14,766.56,779.61,0.9998
17_14,868.98,887.6,0.9995
17_14,889.84,905.22,0.9992
17_14,924.12,939.36,0.9989
17_14,803.36,819.81,0.9983
17_14,789.67,803.36,0.9979
17_14,614.39,672.48,0.9969
17_14,826.26,846.39,0.9949
17_14,846.38,849.74,0.9928
17_14,672.47,702.24,0.9919
17_14,702.29,755.37,0.9651
17_14,789.66,803.37,0.1353
17_14,889.84,905.21,0.1351
17_14,924.12,939.35,0.1348
17_14,672.5,702.23,0.1343
17_14,614.39,672.53,0.1339
17_14,766.56,779.61,0.1331
17_14,702.28,755.36,0.1302
17_14,889.85,905.19,0.0183
17_14,614.42,672.51,0.0181
17_14,924.1,939.37,0.0181
17_14,672.47,702.24,0.0181
17_14,789.67,803.37,0.0178
17_14,993.15,999.6,0.0176
17_14,923.02,925.73,0.0115
17_14,720.25,723.13,0.0112
17_14,669.04,674.48,0.0094
17_14,852.47,855.18,0.0088
17_14,779.77,790.26,0.008
17_14,940.07,962.27,0.0075
17_14,865.75,886.84,0.007
17_14,769.06,775.27,0.0069
17_14,1019.24,1037.88,0.0068
17_14,717.26,729.14,0.0066
17_14,1012.8,1018.11,0.0064
17_14,705.22,708.15,0.0058
17_14,1125.54,1128.51,0.0052
17_14,906.66,924.36,0.0051
17_14,1039.17,1060.2,0.0047
17_14,969.52,993.08,0.0044
17_14,912.12,915.34,0.0043
17_14,791.89,797.67,0.0034
17_14,754.1,760.68,0.0034
17_14,998.8,1022.87,0.0032
17_14,1103.51,1115.24,0.0032
17_14,879.81,914.11,0.0031
17_14,943.24,955.01,0.0031
17_14,1129.56,1134.42,0.003
17_14,1159.45,1161.84,0.003
17_14,1134.87,1141.19,0.003
17_14,882.45,888.16,0.0028
17_14,1017.26,1096.16,0.0027
17_14,669.88,672.92,0.0026
17_14,623.75,647.6,0.0025
17_14,932.44,938.77,0.0025
17_14,771.72,777.33,0.0025
17_14,645.78,651.5,0.0025
17_14,1061.38,1067.54,0.0024
17_14,769.72,772.66,0.0024
17_14,698.22,701.1,0.0022
17_14,754.7,757.72,0.0022
17_14,917.43,923.36,0.0021
17_14,675.33,686.32,0.0021
17_14,684.09,689.47,0.0019
17_14,718.07,720.86,0.0019
17_14,832.74,835.57,0.0019
17_14,702.72,705.34,0.0018
17_14,780.1,782.68,0.0018
17_14,871.45,882.5,0.0018
17_14,618.69,624.87,0.0018
17_14,738.95,783.3,0.0018
17_14,652.88,655.91,0.0018
17_14,830.52,842.29,0.0017
17_14,1067.37,1072.15,0.0016
17_14,808.47,899.75,0.0015
17_14,962.33,965.43,0.0015
17_14,760.19,762.92,0.0014
17_14,633.81,646.22,0.0014
17_14,894.94,898.13,0.0014
17_14,1140.5,1143.28,0.0014
17_14,942.48,945.63,0.0014
17_14,1113.35,1154.95,0.0013
17_14,1157.59,1160.03,0.0012
17_14,645.08,647.71,0.0011
17_14,1084.55,1087.37,0.001
17_14,627.18,633.25,0.001
17_14,837.4,840.07,0.001
5_2,858.6,900.37,0.9987
5_2,937.73,965.91,0.998
5_2,771.85,779.26,0.9979
5_2,719.99,735.65,0.9964
5_2,678.14,713.65,0.9963
5_2,616.32,623.22,0.9963
5_2,740.99,751.61,0.9956
5_2,755.44,766.5,0.9949
5_2,626.6,635.86,0.9923
5_2,928.36,937.44,0.9913
5_2,919.03,928.07,0.9899
5_2,901.42,917.56,0.9896
5_2,1040.23,1047.45,0.9863
5_2,766.74,857.76,0.9832
5_2,640.72,685.59,0.9113
5_2,1041.62,1048.94,0.3989
5_2,937.76,965.93,0.1359
5_2,616.31,623.22,0.1351
5_2,720.0,735.65,0.1345
5_2,771.85,779.26,0.132
5_2,678.16,713.67,0.1319
5_2,766.74,857.62,0.1289
5_2,1040.22,1047.45,0.0544
5_2,779.19,790.37,0.0231
5_2,719.99,735.65,0.0181
5_2,616.32,623.22,0.0177
5_2,771.86,779.26,0.0176
5_2,937.73,965.91,0.017
5_2,1131.9,1138.12,0.0135
5_2,864.56,870.23,0.0111
5_2,1070.06,1113.92,0.011
5_2,828.77,852.23,0.0087
5_2,895.56,935.89,0.0086
5_2,1032.56,1039.09,0.0084
5_2,969.46,991.97,0.0068
5_2,673.31,683.59,0.0066
5_2,937.46,949.17,0.0057
5_2,1029.55,1032.46,0.0045
5_2,1048.98,1054.75,0.0044
5_2,1025.42,1049.79,0.0042
5_2,752.04,755.03,0.0039
5_2,1018.11,1021.13,0.0039
5_2,994.78,1006.5,0.0039
5_2,704.85,716.31,0.0037
5_2,863.55,866.53,0.0034
5_2,1073.65,1085.54,0.0033
5_2,1031.94,1034.42,0.0033
5_2,621.18,640.7,0.0032
5_2,857.48,863.99,0.0032
5_2,761.12,771.51,0.0032
5_2,1007.17,1019.29,0.0031
5_2,799.45,802.71,0.0029
5_2,1127.48,1133.93,0.0028
5_2,873.31,885.18,0.0028
5_2,736.95,756.45,0.0026
5_2,890.5,901.52,0.0026
5_2,778.65,788.07,0.0026
5_2,829.32,839.39,0.0025
5_2,1108.07,1119.8,0.0024
5_2,1140.08,1142.78,0.0022
5_2,680.47,703.2,0.0021
5_2,1010.06,1055.09,0.0021
5_2,671.13,674.27,0.002
5_2,1042.45,1046.1,0.002
5_2,975.33,977.98,0.0019
5_2,928.98,938.0,0.0019
5_2,763.96,766.83,0.0019
5_2,740.57,743.42,0.0019
5_2,686.17,688.9,0.0018
5_2,638.77,658.88,0.0017
5_2,713.49,715.8,0.0016
5_2,981.91,993.79,0.0016
5_2,623.9,635.48,0.0016
5_2,996.31,999.29,0.0015
5_2,681.39,684.06,0.0015
5_2,1006.87,1013.15,0.0015
5_2,972.71,975.94,0.0015
5_2,704.45,709.92,0.0014
5_2,700.77,703.16,0.0014
5_2,692.5,695.3,0.0014
5_2,1060.74,1066.05,0.0014
5_2,1147.9,1153.47,0.0014
5_2,1102.15,1104.99,0.0013
5_2,881.73,901.75,0.0013
5_2,978.67,983.9,0.0012
5_2,750.04,769.52,0.0012
5_2,1085.54,1090.97,0.0012
5_2,874.22,876.97,0.0011
5_2,1003.61,1010.3,0.0011
5_2,664.15,667.17,0.0011
5_2,778.0,780.65,0.0011
5_2,954.22,965.5,0.001
5_2,1058.73,1061.41,0.001
15_18,942.58,1025.31,0.9979
15_18,847.98,933.81,0.9951
15_18,1074.13,1090.33,0.9927
15_18,1052.48,1073.89,0.9914
15_18,808.28,847.72,0.9871
15_18,1027.12,1050.75,0.9859
15_18,1175.22,1179.64,0.9846
15_18,1155.01,1171.46,0.9834
15_18,779.15,806.96,0.9788
15_18,614.45,777.9,0.9775
15_18,1183.21,1228.8,0.9504
15_18,942.51,1025.33,0.134
15_18,1074.12,1090.34,0.1335
15_18,1027.12,1050.74,0.1324
15_18,1155.01,1171.47,0.1324
15_18,809.86,836.46,0.0101
15_18,1134.53,1154.97,0.008
15_18,753.82,776.85,0.0074
15_18,714.49,765.21,0.0061
15_18,1176.17,1178.66,0.006
15_18,852.42,906.17,0.0054
15_18,1156.06,1165.94,0.0052
15_18,1004.02,1026.69,0.0049
15_18,772.76,805.17,0.0035
15_18,1060.93,1066.29,0.0031
15_18,609.82,660.24,0.003
15_18,1014.03,1025.79,0.0027
15_18,760.51,777.31,0.0026
15_18,948.48,997.95,0.0025
15_18,1065.35,1072.14,0.0021
15_18,1114.75,1139.3,0.0021
15_18,819.94,843.76,0.002
15_18,1095.67,1098.57,0.0019
15_18,657.61,768.79,0.0018
15_18,954.68,960.82,0.0018
15_18,1182.45,1188.15,0.0017
15_18,1140.82,1154.94,0.0016
15_18,848.71,874.16,0.0014
15_18,1130.18,1140.05,0.0013
15_18,1171.36,1194.19,0.0013
15_18,613.81,640.84,0.0013
15_18,663.91,666.49,0.0012
15_18,951.2,953.88,0.0012
15_18,793.41,806.88,0.0011
15_18,781.88,784.77,0.0011
15_18,1175.67,1178.5,0.0011
15_18,1182.44,1207.44,0.001
22_40,628.43,652.76,0.9988
22_40,755.85,768.15,0.9978
22_40,843.74,850.13,0.9976
22_40,655.86,664.39,0.9955
22_40,724.33,744.92,0.9954
22_40,836.86,840.66,0.9937
22_40,820.99,831.41,0.9915
22_40,812.94,817.67,0.9912
22_40,767.92,780.24,0.9912
22_40,748.02,755.37,0.9912
22_40,616.77,624.59,0.9864
22_40,697.08,707.51,0.9849
22_40,780.48,784.03,0.9807
22_40,667.24,679.79,0.9642
22_40,816.73,819.57,0.9495
22_40,836.87,840.66,0.1347
22_40,748.02,755.37,0.1338
22_40,780.48,784.03,0.1332
22_40,655.87,664.39,0.1331
22_40,755.84,768.15,0.1325
22_40,767.92,780.24,0.1315
22_40,812.94,817.67,0.1262
22_40,833.67,836.75,0.023
22_40,836.87,840.66,0.0182
22_40,780.48,784.03,0.0181
22_40,748.03,755.36,0.0179
22_40,781.62,805.0,0.014
22_40,959.73,962.41,0.0099
22_40,799.35,804.84,0.0076
22_40,633.32,646.19,0.0072
22_40,660.5,704.68,0.0061
22_40,715.42,726.18,0.006
22_40,1001.39,1007.89,0.006
22_40,684.09,690.0,0.0053
22_40,842.77,854.62,0.0052
22_40,624.7,627.65,0.0047
22_40,823.74,829.46,0.0041
22_40,809.92,819.97,0.0035
22_40,663.86,669.49,0.0033
22_40,1051.91,1063.74,0.0033
22_40,657.3,663.19,0.0027
22_40,1032.61,1038.72,0.0026
22_40,822.14,824.96,0.0024
22_40,737.36,743.29,0.0023
22_40,1015.78,1022.06,0.0023
22_40,722.44,725.2,0.0023
22_40,931.41,934.29,0.0021
22_40,845.51,848.3,0.0021
22_40,713.24,718.42,0.002
22_40,794.7,805.56,0.0019
22_40,727.77,733.19,0.0017
22_40,910.75,931.79,0.0017
22_40,990.79,1001.42,0.0016
22_40,928.74,950.25,0.0016
22_40,648.76,667.18,0.0015
22_40,779.98,800.69,0.0015
22_40,896.86,907.79,0.0015
22_40,784.2,786.98,0.0014
22_40,837.11,839.95,0.0013
22_40,1042.33,1052.74,0.0013
22_40,962.87,973.73,0.0013
22_40,864.33,876.18,0.0013
22_40,631.82,644.37,0.0013
22_40,726.12,748.07,0.0012
22_40,821.88,832.49,0.0012
22_40,870.48,873.35,0.0011
22_40,1001.23,1004.1,0.0011
22_40,1036.12,1038.63,0.0011
22_40,648.98,654.89,0.0011
22_40,760.96,766.7,0.001
22_40,841.56,852.15,0.001
22_40,969.11,971.5,0.001
22_40,805.49,808.6,0.001
22_40,643.72,649.2,0.001
22_40,1000.53,1021.83,0.001
8_33,742.52,752.16,0.9977
8_33,752.65,771.44,0.9965
8_33,721.27,742.21,0.9936
8_33,705.82,719.09,0.9931
8_33,632.79,705.59,0.9873
8_33,616.38,631.03,0.9665
8_33,742.52,752.15,0.1354
8_33,752.64,771.44,0.1351
8_33,721.27,742.21,0.1342
8_33,791.45,797.38,0.0215
8_33,702.03,705.09,0.0147
8_33,771.24,791.43,0.0135
8_33,883.71,891.12,0.0126
8_33,899.21,905.55,0.0089
8_33,677.09,679.95,0.0082
8_33,860.38,863.43,0.0064
8_33,778.65,781.01,0.0063
8_33,762.97,765.38,0.0047
8_33,725.07,727.78,0.0046
8_33,736.71,741.97,0.0046
8_33,630.48,641.41,0.0043
8_33,773.28,783.16,0.0043
8_33,753.46,759.02,0.0041
8_33,950.47,971.32,0.0037
8_33,699.2,719.45,0.0033
8_33,662.01,673.95,0.0032
8_33,879.49,884.63,0.0031
8_33,683.69,686.87,0.0031
8_33,906.75,909.63,0.003
8_33,781.53,784.13,0.0029
8_33,865.36,868.01,0.0028
8_33,622.47,630.63,0.0026
8_33,986.8,997.53,0.0025
8_33,871.28,882.9,0.0025
8_33,841.79,847.49,0.0021
8_33,698.28,701.17,0.002
8_33,994.79,997.87,0.0018
8_33,616.1,636.46,0.0018
8_33,924.05,926.69,0.0017
8_33,901.94,924.07,0.0017
8_33,670.06,672.83,0.0016
8_33,824.12,835.18,0.0015
8_33,834.03,840.12,0.0015
8_33,948.63,951.13,0.0014
8_33,681.67,684.6,0.0014
8_33,844.98,847.6,0.0014
8_33,878.85,881.47,0.0014
8_33,844.74,927.8,0.0012
8_33,680.16,701.33,0.0012
8_33,818.36,821.15,0.0012
8_33,635.33,638.19,0.0011
8_33,826.94,829.51,0.0011
8_33,976.06,987.18,0.0011
27_37,771.43,783.36,0.9981
27_37,843.5,860.31,0.9972
27_37,803.24,824.49,0.9963
27_37,720.1,770.11,0.9963
27_37,825.82,835.99,0.9953
27_37,784.7,800.61,0.9944
27_37,673.23,712.56,0.9944
27_37,869.61,876.69,0.9934
27_37,618.34,643.17,0.9898
27_37,861.21,870.06,0.984
27_37,650.23,663.94,0.96
27_37,771.41,783.36,0.1352
27_37,825.83,836.0,0.1343
27_37,843.51,860.32,0.1339
27_37,869.61,876.69,0.1323
27_37,720.21,770.12,0.1313
27_37,720.14,770.11,0.0175
27_37,774.05,776.92,0.0097
27_37,669.53,672.25,0.0088
27_37,1020.62,1023.11,0.0079
27_37,688.13,693.81,0.0076
27_37,1034.8,1055.77,0.0075
27_37,656.24,662.11,0.0071
27_37,981.95,993.81,0.0049
27_37,843.94,855.06,0.0048
27_37,618.8,621.83,0.0046
27_37,1045.22,1051.43,0.0045
27_37,866.36,869.22,0.0045
27_37,1064.26,1086.46,0.0041
27_37,876.4,881.89,0.0039
27_37,641.38,652.07,0.0036
27_37,936.52,975.17,0.0034
27_37,841.83,844.74,0.0034
27_37,947.77,950.0,0.0033
27_37,865.82,907.73,0.0032
27_37,737.12,743.43,0.0029
27_37,1013.44,1019.73,0.0027
27_37,908.02,928.34,0.0026
27_37,651.4,654.18,0.0026
27_37,1077.75,1089.73,0.0024
27_37,780.8,783.78,0.0024
27_37,662.1,664.97,0.0024
27_37,1092.84,1104.68,0.0023
27_37,947.48,953.21,0.0023
27_37,730.84,736.73,0.0023
27_37,748.62,768.91,0.0023
27_37,839.26,841.7,0.0022
27_37,1058.5,1064.34,0.0022
27_37,644.68,722.78,0.0021
27_37,658.79,661.79,0.002
27_37,679.08,691.14,0.0019
27_37,634.3,637.07,0.0017
27_37,703.4,713.6,0.0017
27_37,773.21,779.74,0.0017
27_37,883.58,895.95,0.0017
27_37,815.58,818.59,0.0016
27_37,717.38,723.0,0.0016
27_37,871.3,874.8,0.0016
27_37,614.56,634.87,0.0015
27_37,944.67,947.58,0.0015
27_37,940.37,943.36,0.0014
27_37,1046.34,1049.63,0.0014
27_37,1048.24,1060.23,0.0014
27_37,984.45,1028.38,0.0013
27_37,807.71,813.63,0.0013
27_37,754.54,760.42,0.0013
27_37,942.67,945.2,0.0013
27_37,992.06,995.01,0.0013
27_37,665.65,671.99,0.0012
27_37,896.18,899.14,0.0012
27_37,1066.63,1079.64,0.0012
27_37,966.53,972.33,0.0012
27_37,1043.69,1046.86,0.0012
27_37,953.41,956.02,0.0011
27_37,1050.12,1053.42,0.0011
27_37,785.17,805.82,0.0011
27_37,1022.34,1024.76,0.001
27_37,1028.28,1031.42,0.001
9_12,858.86,876.91,0.9991
9_12,677.08,694.56,0.9982
9_12,697.39,731.3,0.9975
9_12,946.36,953.69,0.9966
9_12,781.53,808.02,0.9965
9_12,618.37,677.61,0.9962
9_12,761.19,775.29,0.9955
9_12,737.48,760.06,0.9954
9_12,832.33,859.99,0.9942
9_12,878.05,946.23,0.9889
9_12,952.57,965.55,0.9835
9_12,737.46,760.04,0.1353
9_12,858.85,876.91,0.1336
9_12,832.32,859.98,0.1324
9_12,952.56,965.55,0.1322
9_12,946.36,953.69,0.1308
9_12,878.09,946.26,0.13
9_12,946.34,953.7,0.0178
9_12,628.25,650.08,0.0178
9_12,966.68,978.18,0.01
9_12,680.9,693.02,0.0092
9_12,797.81,804.31,0.0077
9_12,880.32,886.11,0.0068
9_12,935.49,946.67,0.0067
9_12,901.03,911.28,0.006
9_12,701.13,724.06,0.0053
9_12,614.79,620.56,0.005
9_12,858.68,865.04,0.0048
9_12,812.62,815.38,0.0043
9_12,770.91,782.32,0.004
9_12,802.11,808.5,0.004
9_12,1071.55,1094.09,0.0036
9_12,616.3,639.97,0.0036
9_12,842.8,855.72,0.0031
9_12,979.49,982.43,0.0031
9_12,784.08,790.28,0.0028
9_12,1101.73,1125.38,0.0027
9_12,1031.03,1033.87,0.0026
9_12,1018.69,1029.26,0.0025
9_12,990.45,1002.02,0.0023
9_12,729.42,761.97,0.0023
9_12,774.82,815.55,0.0021
9_12,766.69,769.3,0.0021
9_12,948.07,995.26,0.002
9_12,808.19,811.13,0.0019
9_12,617.29,629.15,0.0019
9_12,674.47,677.11,0.0019
9_12,838.41,841.6,0.0018
9_12,905.46,917.44,0.0018
9_12,1111.04,1115.97,0.0017
9_12,979.53,991.37,0.0014
9_12,765.44,871.38,0.0014
9_12,1042.18,1065.56,0.0014
9_12,1138.15,1144.66,0.0013
9_12,691.53,693.89,0.0013
9_12,914.09,924.71,0.0012
9_12,1071.02,1084.04,0.0012
9_12,1056.05,1061.95,0.0012
9_12,759.81,762.56,0.0012
9_12,1042.32,1045.17,0.0012
9_12,764.01,775.66,0.0011
9_12,639.02,641.92,0.0011
9_12,811.05,813.51,0.001
9_12,710.5,730.53,0.001
29_18,614.39,639.9,0.9998
29_18,759.71,798.79,0.999
29_18,879.86,1005.88,0.9988
29_18,840.59,876.14,0.9982
29_18,640.74,722.9,0.9976
29_18,1049.27,1061.87,0.9975
29_18,800.45,837.1,0.9971
29_18,1007.14,1023.46,0.9906
29_18,1033.22,1048.11,0.9852
29_18,723.32,756.57,0.9848
29_18,1024.61,1031.49,0.9745
29_18,614.41,639.89,0.136
29_18,840.59,876.12,0.1352
29_18,759.7,798.72,0.1346
29_18,1049.27,1061.87,0.1345
29_18,1062.23,1072.89,0.0261
29_18,928.48,949.17,0.0181
29_18,968.08,973.56,0.015
29_18,880.47,926.85,0.0142
29_18,1045.94,1051.21,0.0103
29_18,614.41,617.49,0.0091
29_18,743.72,823.38,0.0084
29_18,736.23,755.55,0.0079
29_18,759.61,765.49,0.0071
29_18,662.15,703.99,0.007
29_18,880.18,903.41,0.0069
29_18,1089.46,1099.59,0.0058
29_18,830.52,833.5,0.0045
29_18,1153.7,1156.62,0.0042
29_18,667.3,672.37,0.0042
29_18,824.03,829.28,0.0042
29_18,988.34,999.42,0.0039
29_18,1061.62,1081.84,0.0036
29_18,980.82,983.79,0.0036
29_18,902.08,907.22,0.0036
29_18,636.82,647.76,0.0036
29_18,950.3,994.23,0.0034
29_18,1146.28,1149.21,0.0033
29_18,965.85,968.29,0.0032
29_18,811.08,816.54,0.0031
29_18,741.0,752.57,0.0026
29_18,903.09,914.6,0.0025
29_18,817.31,820.09,0.0025
29_18,1015.19,1017.94,0.0024
29_18,614.51,626.74,0.0023
29_18,723.12,725.58,0.0021
29_18,1003.04,1008.55,0.0021
29_18,1121.21,1131.98,0.002
29_18,1070.22,1075.84,0.002
29_18,1021.24,1026.62,0.0019
29_18,783.09,785.96,0.0018
29_18,1156.87,1159.82,0.0017
29_18,1030.47,1033.57,0.0017
29_18,1005.39,1026.23,0.0016
29_18,638.88,645.03,0.0016
29_18,646.16,668.15,0.0015
29_18,968.26,971.26,0.0015
29_18,975.2,981.2,0.0014
29_18,798.15,800.92,0.0014
29_18,1146.34,1157.63,0.0014
29_18,914.35,995.98,0.0014
29_18,727.88,739.82,0.0013
29_18,1117.07,1122.99,0.0013
29_18,833.39,838.87,0.0013
29_18,714.92,720.72,0.0013
29_18,651.56,654.35,0.0013
29_18,1077.24,1090.22,0.0013
29_18,646.66,649.18,0.0012
29_18,856.56,876.09,0.0012
29_18,1154.66,1176.78,0.0011
29_18,1045.59,1048.42,0.0011
29_18,666.21,671.63,0.0011
29_18,1081.59,1084.44,0.001
12_19,687.39,699.44,0.9999
12_19,627.33,632.37,0.9981
12_19,743.51,756.88,0.9979
12_19,717.65,731.46,0.9953
12_19,632.53,638.95,0.994
12_19,765.85,786.28,0.9825
12_19,704.94,711.51,0.9775
12_19,799.84,811.73,0.9726
12_19,650.36,679.94,0.9663
12_19,627.33,632.37,0.1352
12_19,717.65,731.46,0.135
12_19,743.52,756.89,0.1335
12_19,653.49,664.8,0.0111
12_19,854.43,857.51,0.0095
12_19,819.94,822.65,0.0083
12_19,675.29,686.9,0.007
12_19,814.53,819.72,0.0061
12_19,918.52,929.36,0.0055
12_19,712.69,718.2,0.0054
12_19,788.64,791.3,0.0053
12_19,632.07,643.72,0.0051
12_19,665.6,671.9,0.0048
12_19,642.03,644.52,0.0046
12_19,614.46,617.43,0.0044
12_19,632.64,635.48,0.0043
12_19,906.2,909.44,0.0041
12_19,894.64,906.07,0.0036
12_19,832.92,843.97,0.0035
12_19,757.56,763.56,0.0034
12_19,937.36,948.42,0.0034
12_19,672.37,678.01,0.0034
12_19,867.5,873.11,0.0033
12_19,700.22,712.11,0.0032
12_19,901.69,904.37,0.0032
12_19,654.11,656.81,0.003
12_19,613.68,624.08,0.003
12_19,966.28,973.0,0.003
12_19,797.03,839.89,0.0029
12_19,847.21,869.12,0.0028
12_19,1020.0,1022.95,0.0028
12_19,731.04,736.62,0.0026
12_19,647.58,650.4,0.0021
12_19,792.69,798.44,0.002
12_19,978.11,984.17,0.002
12_19,681.06,683.95,0.002
12_19,990.57,993.44,0.0019
12_19,649.7,652.37,0.0019
12_19,1023.47,1026.46,0.0019
12_19,754.54,757.28,0.0018
12_19,711.3,792.23,0.0018
12_19,1002.15,1009.28,0.0017
12_19,668.49,671.29,0.0016
12_19,617.47,627.52,0.0015
12_19,743.27,766.13,0.0015
12_19,778.51,781.21,0.0015
12_19,940.93,962.41,0.0013
12_19,902.94,906.04,0.0013
12_19,823.44,829.5,0.0012
12_19,873.06,878.46,0.0012
12_19,1004.76,1088.65,0.0012
12_19,678.63,681.07,0.0012
12_19,634.98,637.67,0.0011
12_19,936.71,939.67,0.0011
12_19,1022.15,1034.26,0.0011
12_19,828.27,833.51,0.001
8_35,795.01,835.43,0.9996
8_35,693.68,734.07,0.9955
8_35,661.02,691.97,0.9948
8_35,774.4,793.25,0.9943
8_35,737.26,767.32,0.9791
8_35,618.46,661.13,0.9622
8_35,767.35,772.97,0.9538
8_35,794.97,835.48,0.1352
8_35,693.72,734.07,0.1345
8_35,978.96,983.72,0.0147
8_35,637.22,643.07,0.0146
8_35,999.16,1004.55,0.0131
8_35,786.56,796.43,0.01
8_35,667.05,669.4,0.0096
8_35,805.58,811.58,0.0094
8_35,841.79,864.9,0.008
8_35,645.92,651.27,0.0078
8_35,795.13,805.67,0.0076
8_35,762.4,767.59,0.0076
8_35,689.9,692.63,0.0074
8_35,975.14,997.0,0.0046
8_35,1017.88,1029.9,0.0038
8_35,930.51,955.41,0.0038
8_35,862.0,864.8,0.0035
8_35,773.44,776.17,0.0029
8_35,624.45,647.19,0.0029
8_35,892.04,904.5,0.0028
8_35,916.1,927.01,0.0027
8_35,954.89,974.2,0.0025
8_35,699.44,724.46,0.0025
8_35,695.71,701.62,0.0024
8_35,811.36,833.15,0.0024
8_35,928.09,931.16,0.0022
8_35,959.44,962.49,0.0021
8_35,761.41,794.88,0.0019
8_35,740.48,746.29,0.0017
8_35,614.49,617.37,0.0015
8_35,1024.28,1030.12,0.0015
8_35,987.93,993.86,0.0015
8_35,615.18,637.74,0.0014
8_35,861.11,867.15,0.0014
8_35,693.05,695.97,0.0013
8_35,655.27,661.06,0.0013
8_35,763.21,773.23,0.0012
8_35,669.56,743.58,0.0012
8_35,743.53,765.3,0.0012
8_35,646.07,648.98,0.001
10_24,754.4,762.51,0.9999
10_24,716.33,731.33,0.9995
10_24,938.3,951.0,0.9976
10_24,699.73,712.04,0.9972
10_24,673.16,699.48,0.9971
10_24,616.22,642.67,0.9971
10_24,891.21,913.58,0.9957
10_24,916.8,934.4,0.9938
10_24,646.51,673.0,0.9912
10_24,883.25,891.47,0.9903
10_24,781.98,793.78,0.989
10_24,800.59,822.64,0.9886
10_24,872.67,875.67,0.9885
10_24,875.86,878.14,0.9868
10_24,731.69,747.83,0.9852
10_24,839.48,843.13,0.9837
10_24,961.01,975.78,0.9831
10_24,877.93,882.89,0.9734
10_24,829.97,839.25,0.9657
10_24,891.18,913.56,0.1358
10_24,754.4,762.5,0.135
10_24,699.73,712.04,0.1338
10_24,731.7,747.84,0.1333
10_24,839.48,843.13,0.1333
10_24,716.33,731.34,0.1331
10_24,646.54,673.03,0.1328
10_24,616.2,642.67,0.1324
10_24,877.94,882.89,0.1323
10_24,673.15,699.5,0.132
10_24,781.98,793.79,0.1314
10_24,938.29,951.0,0.1307
10_24,875.86,878.14,0.1268
10_24,754.39,762.5,0.0183
10_24,646.52,673.03,0.0179
10_24,716.33,731.33,0.0179
10_24,781.98,793.77,0.0178
10_24,1116.75,1127.54,0.0173
10_24,746.97,749.69,0.0136
10_24,994.62,1034.82,0.0125
10_24,1063.21,1065.82,0.0109
10_24,1048.05,1051.35,0.0105
10_24,868.29,889.97,0.0093
10_24,1103.54,1106.54,0.0075
10_24,950.96,956.59,0.0069
10_24,673.25,675.99,0.0062
10_24,749.21,754.47,0.0059
10_24,1094.83,1106.57,0.0059
10_24,723.74,729.05,0.0058
10_24,986.74,992.43,0.0054
10_24,687.2,693.02,0.0046
10_24,876.72,889.34,0.0044
10_24,835.84,838.91,0.0039
10_24,667.87,673.44,0.0037
10_24,927.74,951.93,0.0037
10_24,783.22,788.99,0.0037
10_24,887.15,890.01,0.0036
10_24,858.53,869.19,0.0036
10_24,617.87,624.08,0.0035
10_24,838.2,843.71,0.0035
10_24,779.13,827.01,0.0034
10_24,855.13,860.29,0.0034
10_24,1063.16,1075.13,0.0033
10_24,960.42,982.7,0.0032
10_24,729.34,733.72,0.0031
10_24,778.86,781.71,0.0029
10_24,765.43,784.49,0.0027
10_24,1076.49,1082.37,0.0025
10_24,909.84,913.04,0.0024
10_24,955.98,961.68,0.0024
10_24,1011.43,1017.24,0.0022
10_24,772.86,777.97,0.002
10_24,892.55,904.49,0.002
10_24,1149.98,1156.04,0.002
10_24,674.89,686.66,0.002
10_24,762.17,770.71,0.0019
10_24,707.31,710.26,0.0018
10_24,1025.31,1027.97,0.0018
10_24,842.65,845.01,0.0018
10_24,1134.6,1137.28,0.0017
10_24,981.51,987.23,0.0016
10_24,1061.72,1067.3,0.0016
10_24,733.99,745.95,0.0016
10_24,630.5,636.74,0.0015
10_24,1117.37,1122.65,0.0014
10_24,1025.82,1048.13,0.0014
10_24,1074.03,1085.28,0.0013
10_24,823.28,825.87,0.0013
10_24,848.16,851.11,0.0013
10_24,929.79,934.76,0.0013
10_24,825.95,830.91,0.0013
10_24,805.95,808.94,0.0013
10_24,1053.06,1059.55,0.0012
10_24,1037.4,1042.82,0.0012
10_24,776.8,779.6,0.0012
10_24,709.39,712.5,0.0012
10_24,664.72,667.67,0.0011
10_24,888.16,934.27,0.0011
10_24,913.42,916.04,0.0011
10_24,1086.21,1092.26,0.001
15_46,682.65,700.93,0.9994
15_46,704.26,724.79,0.9993
15_46,765.01,768.12,0.999
15_46,1220.83,1228.8,0.9978
15_46,1046.39,1201.07,0.9977
15_46,725.9,764.56,0.9955
15_46,951.46,1001.3,0.9939
15_46,936.53,945.82,0.9927
15_46,946.64,950.07,0.9926
15_46,934.44,936.0,0.9922
15_46,834.82,934.43,0.9911
15_46,616.09,678.21,0.9894
15_46,1007.98,1013.05,0.9864
15_46,770.27,785.38,0.9863
15_46,1019.6,1037.36,0.986
15_46,1201.64,1210.87,0.9843
15_46,1039.45,1045.81,0.9827
15_46,820.86,834.14,0.9826
15_46,1220.78,1228.8,0.136
15_46,704.25,724.78,0.1348
15_46,765.02,768.12,0.1343
15_46,725.86,764.54,0.1342
15_46,934.44,936.0,0.134
15_46,1007.98,1013.05,0.1335
15_46,1201.65,1210.86,0.1331
15_46,770.29,785.38,0.1315
15_46,951.46,1001.33,0.1306
15_46,1039.44,1045.8,0.128
15_46,765.01,768.12,0.018
15_46,770.27,785.38,0.0179
15_46,924.37,935.89,0.0131
15_46,1063.87,1086.02,0.0124
15_46,998.84,1017.05,0.0112
15_46,828.27,834.12,0.0109
15_46,782.03,824.39,0.0094
15_46,995.21,1001.02,0.0089
15_46,738.38,750.61,0.0084
15_46,1220.2,1222.58,0.0079
15_46,816.34,819.11,0.0074
15_46,978.78,1000.56,0.0061
15_46,952.17,977.77,0.0061
15_46,808.56,811.62,0.0052
15_46,785.1,804.02,0.0048
15_46,1052.29,1054.46,0.0043
15_46,1024.22,1036.71,0.0041
15_46,893.97,934.07,0.004
15_46,1135.24,1142.88,0.004
15_46,683.81,701.92,0.0039
15_46,616.54,622.57,0.0035
15_46,838.3,851.16,0.0033
15_46,856.21,867.69,0.0032
15_46,936.64,942.73,0.0031
15_46,1062.02,1160.81,0.0031
15_46,1210.92,1220.98,0.003
15_46,1188.26,1194.71,0.0027
15_46,734.12,759.45,0.0023
15_46,1062.66,1074.79,0.0021
15_46,1000.26,1014.49,0.002
15_46,1194.39,1201.77,0.002
15_46,1073.67,1084.97,0.002
15_46,809.86,812.41,0.002
15_46,614.21,692.13,0.0018
15_46,701.78,704.27,0.0017
15_46,1013.51,1019.47,0.0017
15_46,1101.89,1105.04,0.0016
15_46,1085.65,1092.17,0.0016
15_46,667.52,680.33,0.0015
15_46,1048.43,1069.08,0.0015
15_46,689.04,700.48,0.0015
15_46,827.47,862.72,0.0015
15_46,726.57,729.36,0.0015
15_46,852.2,854.66,0.0013
15_46,1207.39,1209.97,0.0013
15_46,1196.75,1199.76,0.0013
15_46,1010.36,1012.76,0.0013
15_46,1221.63,1224.15,0.0013
15_46,848.48,892.8,0.0012
15_46,903.9,906.29,0.0012
15_46,987.57,1001.21,0.0012
15_46,1129.02,1134.85,0.0012
15_46,949.2,951.65,0.0011
15_46,1085.02,1132.68,0.0011
15_46,947.24,1020.51,0.001
15_46,1016.08,1036.44,0.001
15_46,784.43,795.68,0.001
29_49,617.55,654.33,0.9981
29_49,892.19,913.95,0.998
29_49,1001.89,1017.43,0.9979
29_49,715.78,836.15,0.9976
29_49,981.12,1001.6,0.9972
29_49,664.18,683.66,0.996
29_49,859.73,888.8,0.9925
29_49,914.52,980.88,0.9847
29_49,1017.69,1025.47,0.9839
29_49,838.25,853.0,0.9765
29_49,685.21,715.04,0.9461
29_49,715.93,836.1,0.1352
29_49,859.77,888.79,0.1348
29_49,617.51,654.32,0.1347
29_49,892.17,913.94,0.1346
29_49,1001.88,1017.42,0.1344
29_49,914.4,980.87,0.1327
29_49,981.14,1001.62,0.1315
29_49,652.19,657.77,0.0243
29_49,1001.88,1017.43,0.0182
29_49,859.77,888.77,0.0179
29_49,914.44,980.92,0.0179
29_49,1093.39,1096.52,0.0078
29_49,649.84,652.37,0.0078
29_49,783.81,786.66,0.0065
29_49,834.62,855.68,0.0065
29_49,727.86,748.92,0.0057
29_49,717.79,728.19,0.0054
29_49,820.37,823.43,0.0046
29_49,823.46,836.39,0.0046
29_49,894.74,901.05,0.0043
29_49,676.47,679.38,0.0039
29_49,919.72,941.06,0.0036
29_49,1073.19,1079.24,0.0034
29_49,1094.73,1116.17,0.0033
29_49,728.81,731.41,0.0031
29_49,1118.59,1129.61,0.0031
29_49,937.9,975.44,0.0028
29_49,976.85,979.66,0.0028
29_49,622.79,649.36,0.0028
29_49,796.86,808.66,0.0028
29_49,665.46,678.5,0.0026
29_49,824.61,827.42,0.0025
29_49,919.73,925.49,0.0025
29_49,970.09,975.93,0.0023
29_49,720.73,723.38,0.0022
29_49,608.46,617.66,0.0022
29_49,653.45,664.87,0.0021
29_49,1139.57,1145.41,0.0021
29_49,696.98,707.36,0.0021
29_49,806.19,808.88,0.0021
29_49,787.25,790.27,0.002
29_49,666.24,669.36,0.0018
29_49,1114.24,1154.58,0.0017
29_49,1015.99,1027.87,0.0016
29_49,1117.18,1122.91,0.0016
29_49,685.88,725.24,0.0016
29_49,983.79,986.41,0.0015
29_49,622.93,626.27,0.0015
29_49,931.34,942.57,0.0014
29_49,909.2,914.97,0.0014
29_49,803.33,825.67,0.0014
29_49,958.26,960.86,0.0013
29_49,1147.32,1228.8,0.0013
29_49,1048.38,1058.75,0.0012
29_49,772.59,784.47,0.0012
29_49,1158.79,1171.01,0.0012
29_49,617.69,620.56,0.0011
29_49,697.16,702.61,0.0011
29_49,983.27,996.13,0.0011
29_49,765.45,770.81,0.001
3_5,724.76,745.4,0.9988
3_5,662.38,675.85,0.998
3_5,710.34,721.43,0.9979
3_5,648.28,655.78,0.9968
3_5,684.89,707.64,0.9968
3_5,622.17,643.78,0.9962
3_5,834.78,844.96,0.9955
3_5,797.89,813.19,0.9954
3_5,853.06,859.06,0.9936
3_5,816.78,825.48,0.9903
3_5,761.59,786.52,0.9878
3_5,862.98,920.28,0.9855
3_5,747.82,758.0,0.9832
3_5,614.4,618.9,0.982
3_5,710.35,721.43,0.1347
3_5,761.61,786.49,0.1347
3_5,622.18,643.8,0.1346
3_5,853.06,859.06,0.1343
3_5,648.28,655.78,0.1341
3_5,862.95,920.21,0.1333
3_5,834.77,844.97,0.1326
3_5,662.38,675.85,0.1311
3_5,1110.25,1112.95,0.0192
3_5,648.28,655.78,0.0181
3_5,1031.37,1050.32,0.0071
3_5,624.05,636.04,0.0068
3_5,798.54,810.96,0.0059
3_5,908.12,910.79,0.0057
3_5,643.68,661.01,0.0048
3_5,1090.25,1112.37,0.0039
3_5,788.83,791.73,0.0035
3_5,768.73,771.58,0.0034
3_5,1126.99,1130.16,0.0033
3_5,874.21,899.7,0.0033
3_5,629.06,634.47,0.0032
3_5,850.64,861.14,0.0031
3_5,1078.49,1081.55,0.0031
3_5,954.05,965.92,0.0027
3_5,1009.59,1021.71,0.0027
3_5,770.76,818.01,0.0026
3_5,1032.02,1042.53,0.0025
3_5,663.86,667.0,0.0025
3_5,641.73,723.76,0.0024
3_5,1071.77,1083.57,0.0024
3_5,888.53,912.09,0.0023
3_5,658.94,680.53,0.0019
3_5,1110.63,1113.06,0.0019
3_5,907.22,919.05,0.0017
3_5,1144.23,1146.86,0.0016
3_5,727.78,733.54,0.0016
3_5,675.33,686.27,0.0016
3_5,940.39,945.61,0.0015
3_5,619.72,625.86,0.0015
3_5,741.06,743.69,0.0014
3_5,1118.43,1121.37,0.0014
3_5,918.5,929.54,0.0013
3_5,837.67,843.63,0.0013
3_5,1059.46,1062.38,0.0013
3_5,1027.24,1033.96,0.0013
3_5,981.83,1059.77,0.0013
3_5,1039.01,1114.29,0.0012
3_5,782.04,785.07,0.0012
3_5,643.72,648.38,0.0011
3_5,953.83,956.65,0.0011
3_5,961.27,964.07,0.0011
3_5,610.6,618.26,0.0011
3_5,719.61,725.46,0.001
3_5,851.29,872.26,0.001
3_5,725.91,728.88,0.001
3_5,689.31,695.1,0.001
2_47,1117.17,1129.84,0.9993
2_47,921.85,930.9,0.999
2_47,996.91,1012.28,0.9987
2_47,781.45,886.25,0.9972
2_47,741.9,763.61,0.9968
2_47,1035.86,1068.35,0.9952
2_47,764.51,785.34,0.9947
2_47,708.44,716.59,0.9945
2_47,624.37,678.58,0.9939
2_47,677.67,709.33,0.991
2_47,1070.09,1119.88,0.9908
2_47,932.68,996.01,0.9871
2_47,906.47,918.25,0.9862
2_47,1013.2,1034.0,0.9799
2_47,715.51,725.12,0.9723
2_47,1130.7,1176.82,0.9595
2_47,764.5,785.3,0.1346
2_47,996.92,1012.3,0.134
2_47,932.71,996.1,0.134
2_47,624.41,678.58,0.1339
2_47,1117.18,1129.85,0.1337
2_47,741.87,763.6,0.1334
2_47,906.47,918.24,0.1325
2_47,1070.14,1119.93,0.1312
2_47,715.51,725.11,0.1268
2_47,614.78,624.46,0.0232
2_47,761.6,763.92,0.0199
2_47,1117.19,1129.86,0.018
2_47,932.71,996.05,0.0179
2_47,996.91,1012.29,0.0178
2_47,897.8,900.56,0.0151
2_47,872.95,919.56,0.0099
2_47,786.76,788.82,0.0096
2_47,943.36,954.4,0.0094
2_47,711.81,732.87,0.0062
2_47,1015.0,1028.31,0.0053
2_47,785.99,803.35,0.005
2_47,677.37,683.71,0.0049
2_47,624.66,637.66,0.0045
2_47,962.59,993.22,0.0044
2_47,1109.9,1113.15,0.0044
2_47,824.6,827.73,0.0044
2_47,723.1,741.31,0.0037
2_47,615.34,625.65,0.0035
2_47,1076.96,1079.57,0.0035
2_47,990.42,1030.04,0.0033
2_47,853.1,866.38,0.0031
2_47,1008.83,1013.86,0.0028
2_47,1138.16,1141.18,0.0027
2_47,1056.91,1130.65,0.0026
2_47,663.38,676.33,0.0024
2_47,993.79,1000.51,0.0024
2_47,751.76,762.93,0.0023
2_47,981.13,993.73,0.0023
2_47,717.91,724.16,0.0023
2_47,1050.06,1062.42,0.0022
2_47,742.52,748.59,0.0021
2_47,822.62,828.78,0.0021
2_47,687.63,709.3,0.0021
2_47,623.92,649.9,0.002
2_47,922.17,931.84,0.0019
2_47,1078.82,1081.31,0.0019
2_47,808.49,820.24,0.0017
2_47,1057.77,1060.7,0.0016
2_47,937.88,943.69,0.0016
2_47,852.17,854.6,0.0015
2_47,761.82,764.5,0.0015
2_47,704.52,709.3,0.0015
2_47,782.24,869.48,0.0014
2_47,1177.93,1190.92,0.0014
2_47,1107.38,1113.67,0.0013
2_47,999.67,1005.7,0.0013
2_47,743.02,746.1,0.0012
2_47,893.37,896.44,0.0012
2_47,768.12,771.36,0.0012
2_47,1033.85,1036.55,0.0011
2_47,779.89,782.82,0.0011
2_47,957.66,964.42,0.0011
2_47,816.99,819.59,0.0011
2_47,986.09,992.06,0.0011
2_47,1171.97,1174.77,0.001
17_11,934.36,965.72,0.9971
17_11,965.77,990.46,0.9965
17_11,990.49,999.03,0.9955
17_11,880.35,891.62,0.9952
17_11,614.45,675.25,0.9952
17_11,680.1,787.3,0.995
17_11,1000.89,1020.87,0.9937
17_11,812.53,843.43,0.9908
17_11,849.08,874.71,0.9854
17_11,791.32,812.51,0.9834
17_11,900.17,929.76,0.9765
17_11,965.73,990.49,0.1365
17_11,614.33,675.13,0.1363
17_11,934.38,965.73,0.134
17_11,880.35,891.62,0.1326
17_11,679.25,702.21,0.0348
17_11,697.23,709.57,0.0135
17_11,916.83,919.6,0.0123
17_11,694.53,697.46,0.0118
17_11,628.86,641.6,0.0111
17_11,1033.96,1056.84,0.0096
17_11,981.54,987.3,0.0095
17_11,924.5,927.18,0.0085
17_11,780.81,783.84,0.0082
17_11,1008.56,1021.23,0.0077
17_11,1072.74,1075.47,0.0074
17_11,1085.8,1108.08,0.0071
17_11,674.13,679.07,0.007
17_11,717.92,721.07,0.0066
17_11,1056.49,1062.3,0.006
17_11,919.65,993.4,0.0051
17_11,619.86,625.45,0.0049
17_11,624.54,647.04,0.0049
17_11,626.3,629.21,0.0041
17_11,955.22,964.77,0.004
17_11,770.41,782.18,0.0038
17_11,708.6,720.83,0.0038
17_11,1056.48,1076.51,0.0036
17_11,1097.2,1102.57,0.0033
17_11,709.24,758.97,0.0033
17_11,806.69,809.48,0.0033
17_11,1031.75,1034.25,0.0032
17_11,1091.77,1096.84,0.0031
17_11,911.9,929.42,0.0031
17_11,799.41,843.45,0.0029
17_11,899.76,910.07,0.0026
17_11,1052.53,1133.29,0.0026
17_11,664.71,667.65,0.0023
17_11,680.55,686.68,0.0023
17_11,997.73,1019.21,0.0023
17_11,771.92,774.9,0.0023
17_11,619.52,661.63,0.0022
17_11,698.58,704.61,0.0021
17_11,1155.5,1161.32,0.0021
17_11,885.35,888.4,0.002
17_11,1075.55,1081.34,0.0019
17_11,728.15,739.5,0.0019
17_11,1057.36,1059.98,0.0019
17_11,904.3,906.92,0.0018
17_11,1151.08,1191.44,0.0018
17_11,617.13,622.42,0.0017
17_11,760.63,766.83,0.0016
17_11,816.02,819.1,0.0016
17_11,656.53,662.16,0.0016
17_11,804.25,810.35,0.0015
17_11,875.86,878.92,0.0015
17_11,893.87,934.27,0.0014
17_11,990.95,997.36,0.0014
17_11,890.62,901.2,0.0014
17_11,944.11,950.37,0.0013
17_11,828.55,839.85,0.0012
17_11,1062.12,1065.0,0.0012
17_11,999.05,1004.01,0.0011
17_11,871.81,881.45,0.0011
17_11,675.78,688.98,0.0011
17_11,638.66,641.55,0.0011
17_11,1081.05,1087.01,0.001
17_11,1045.62,1051.24,0.001
17_11,1059.26,1062.26,0.001
17_11,936.48,959.12,0.001
17_11,669.05,675.17,0.001
7_35,742.43,750.52,0.9997
7_35,679.64,695.46,0.9996
7_35,717.17,741.9,0.9996
7_35,753.07,760.54,0.9984
7_35,697.68,714.34,0.997
7_35,770.13,787.43,0.9959
7_35,788.3,804.23,0.9936
7_35,615.4,643.32,0.9904
7_35,650.59,664.43,0.9741
7_35,751.26,769.16,0.7024
7_35,697.66,714.36,0.1359
7_35,788.28,804.23,0.135
7_35,615.38,643.34,0.1347
7_35,770.12,787.43,0.1341
7_35,753.07,760.53,0.0946
7_35,886.54,889.6,0.0229
7_35,697.65,714.35,0.0184
7_35,803.97,816.8,0.0179
7_35,788.28,804.23,0.0179
7_35,760.1,765.55,0.0125
7_35,753.07,760.53,0.0124
7_35,699.75,702.99,0.0105
7_35,874.25,877.12,0.0093
7_35,809.11,812.24,0.0082
7_35,646.65,685.74,0.0072
7_35,675.63,680.88,0.0069
7_35,975.64,980.68,0.0067
7_35,704.31,747.84,0.0056
7_35,806.82,809.89,0.0054
7_35,740.87,752.07,0.0051
7_35,1012.51,1015.09,0.0046
7_35,1000.87,1003.5,0.0045
7_35,923.53,926.21,0.0042
7_35,914.8,917.48,0.0038
7_35,839.3,849.49,0.0036
7_35,790.34,792.72,0.0036
7_35,762.99,769.05,0.0036
7_35,680.27,683.0,0.0035
7_35,644.84,650.18,0.0034
7_35,717.52,724.23,0.0033
7_35,726.81,729.49,0.0033
7_35,615.15,656.66,0.0027
7_35,948.17,951.28,0.0026
7_35,706.97,712.39,0.0025
7_35,781.29,786.46,0.0025
7_35,826.42,828.79,0.0025
7_35,680.81,698.32,0.0023
7_35,813.41,816.29,0.0023
7_35,882.98,890.08,0.0022
7_35,968.88,974.83,0.0021
7_35,662.32,673.43,0.002
7_35,695.19,697.6,0.0019
7_35,846.3,852.15,0.0019
7_35,890.07,911.93,0.0019
7_35,771.37,774.43,0.0019
7_35,718.54,721.38,0.0018
7_35,737.16,740.12,0.0018
7_35,903.46,906.63,0.0017
7_35,861.07,866.76,0.0017
7_35,943.97,946.09,0.0017
7_35,741.07,743.32,0.0016
7_35,644.45,647.18,0.0016
7_35,620.73,633.38,0.0015
7_35,970.79,991.75,0.0015
7_35,803.58,806.0,0.0015
7_35,832.43,838.0,0.0014
7_35,786.83,792.3,0.0014
7_35,784.01,787.16,0.0014
7_35,838.04,840.69,0.0013
7_35,670.55,673.18,0.0013
7_35,839.82,845.87,0.0013
7_35,883.52,886.14,0.0012
7_35,781.75,784.12,0.0012
7_35,878.37,880.78,0.0011
7_35,726.06,806.29,0.0011
7_35,899.48,902.23,0.0011
7_35,733.21,735.73,0.0011
7_35,793.33,796.02,0.001
7_35,773.49,779.66,0.001
7_35,992.84,999.7,0.001
17_45,618.81,639.92,0.9988
17_45,898.31,919.85,0.9986
17_45,658.69,696.13,0.9976
17_45,939.39,952.13,0.9976
17_45,709.33,726.83,0.9973
17_45,735.63,760.72,0.9963
17_45,768.79,856.06,0.9961
17_45,1009.56,1023.51,0.9953
17_45,961.82,1003.59,0.994
17_45,861.19,893.99,0.991
17_45,924.61,935.79,0.9772
17_45,939.39,952.13,0.1355
17_45,768.79,855.87,0.1355
17_45,658.64,696.09,0.1353
17_45,618.81,639.91,0.1353
17_45,735.63,760.75,0.1347
17_45,1009.57,1023.51,0.1324
17_45,735.62,760.72,0.0183
17_45,939.39,952.14,0.0181
17_45,781.67,805.63,0.0166
17_45,1011.37,1014.09,0.0127
17_45,638.76,659.07,0.0118
17_45,1139.59,1151.5,0.0101
17_45,690.39,695.99,0.009
17_45,768.78,780.18,0.0084
17_45,927.13,933.32,0.008
17_45,709.22,731.7,0.0079
17_45,1092.7,1095.09,0.0045
17_45,698.89,768.49,0.0045
17_45,959.97,966.4,0.0044
17_45,1072.91,1110.62,0.0042
17_45,1125.0,1127.75,0.004
17_45,796.49,803.37,0.0038
17_45,759.65,762.34,0.0037
17_45,868.99,889.74,0.0034
17_45,1028.34,1070.93,0.0034
17_45,730.5,733.94,0.0034
17_45,1020.49,1023.08,0.0028
17_45,1052.82,1063.48,0.0026
17_45,1062.8,1074.41,0.0026
17_45,707.99,721.45,0.0025
17_45,1159.22,1164.65,0.0024
17_45,1104.23,1106.93,0.0023
17_45,780.76,787.04,0.002
17_45,1151.15,1192.76,0.002
17_45,608.74,617.11,0.0018
17_45,633.76,701.44,0.0018
17_45,940.22,945.83,0.0017
17_45,992.99,1011.9,0.0017
17_45,1109.65,1112.4,0.0015
17_45,936.06,941.05,0.0015
17_45,951.09,953.93,0.0015
17_45,807.3,818.39,0.0014
17_45,800.12,803.21,0.0014
17_45,1130.16,1135.46,0.0014
17_45,1153.94,1156.52,0.0013
17_45,684.02,694.3,0.0013
17_45,1054.04,1060.14,0.0013
17_45,694.58,712.69,0.0013
17_45,999.43,1005.67,0.0013
17_45,917.91,936.98,0.0012
17_45,1136.34,1227.86,0.0012
17_45,620.42,623.42,0.0011
17_45,633.03,636.11,0.0011
17_45,960.85,963.5,0.0011
17_45,1071.77,1083.11,0.001
17_45,732.67,737.33,0.001
17_45,1096.14,1109.56,0.001
17_45,1037.47,1043.01,0.001
17_45,1150.0,1152.79,0.001
9_25,713.0,734.72,0.9983
9_25,860.88,885.49,0.9979
9_25,796.35,835.47,0.9978
9_25,931.19,956.51,0.9953
9_25,627.39,710.89,0.9948
9_25,957.99,1034.79,0.9945
9_25,913.77,930.45,0.9936
9_25,1038.45,1047.87,0.9913
9_25,836.17,855.05,0.9912
9_25,892.02,907.24,0.9864
9_25,1048.59,1068.16,0.986
9_25,931.15,956.53,0.1357
9_25,796.37,835.43,0.1353
9_25,860.85,885.5,0.1344
9_25,957.96,1034.83,0.1339
9_25,712.99,734.7,0.1336
9_25,860.86,885.49,0.0181
9_25,765.46,787.89,0.0126
9_25,1086.22,1088.8,0.0116
9_25,813.63,816.43,0.0112
9_25,1049.77,1062.13,0.0074
9_25,966.55,978.92,0.0067
9_25,1079.7,1092.29,0.0067
9_25,1114.71,1117.66,0.006
9_25,1070.59,1084.19,0.0059
9_25,965.44,1013.15,0.0057
9_25,956.55,967.81,0.0054
9_25,694.02,696.83,0.0054
9_25,837.07,849.13,0.0053
9_25,724.55,730.38,0.0045
9_25,886.51,908.61,0.0042
9_25,1091.25,1097.55,0.0038
9_25,716.33,719.29,0.0038
9_25,827.89,830.71,0.0038
9_25,745.37,793.85,0.0034
9_25,1125.73,1131.11,0.0031
9_25,962.64,968.31,0.0026
9_25,797.57,800.39,0.0025
9_25,1039.27,1045.19,0.0023
9_25,1006.33,1017.11,0.0022
9_25,783.55,795.16,0.0021
9_25,1119.53,1142.53,0.0018
9_25,715.38,726.92,0.0018
9_25,1036.64,1113.86,0.0017
9_25,764.1,770.03,0.0016
9_25,887.73,893.52,0.0015
9_25,688.84,691.37,0.0015
9_25,1119.25,1125.14,0.0015
9_25,766.95,844.72,0.0015
9_25,1131.42,1134.48,0.0014
9_25,1098.83,1105.13,0.0013
9_25,670.09,676.32,0.0013
9_25,620.68,632.88,0.0013
9_25,649.32,672.83,0.0013
9_25,1014.28,1025.28,0.0013
9_25,1031.3,1050.52,0.0012
9_25,1055.34,1057.85,0.0012
9_25,1107.79,1113.07,0.0012
9_25,987.04,992.55,0.0012
9_25,835.36,890.46,0.0011
9_25,736.53,748.54,0.0011
9_25,632.18,644.21,0.0011
9_25,885.25,925.15,0.0011
9_25,924.92,930.79,0.0011
9_25,1062.25,1068.82,0.001
9_25,1007.02,1013.44,0.001
16_17,653.86,679.32,0.999
16_17,959.85,997.87,0.999
16_17,1121.24,1142.83,0.9988
16_17,1149.88,1167.4,0.9981
16_17,682.47,708.02,0.9973
16_17,794.46,857.14,0.9961
16_17,1080.67,1115.8,0.996
16_17,1170.18,1228.8,0.9947
16_17,747.39,789.81,0.9923
16_17,618.2,651.06,0.9895
16_17,1000.55,1040.53,0.989
16_17,1045.67,1074.35,0.9828
16_17,917.9,956.31,0.9826
16_17,860.96,915.16,0.9617
16_17,794.59,857.22,0.1357
16_17,1149.88,1167.37,0.1354
16_17,1080.71,1115.77,0.1351
16_17,1121.24,1142.84,0.1347
16_17,1000.52,1040.5,0.1342
16_17,682.43,708.0,0.1323
16_17,618.18,651.06,0.1323
16_17,1045.65,1074.33,0.1321
16_17,794.46,857.17,0.0179
16_17,939.13,1005.39,0.0132
16_17,891.74,915.57,0.0117
16_17,713.27,752.39,0.0115
16_17,870.0,890.12,0.0109
16_17,917.45,923.94,0.0095
16_17,978.28,1045.44,0.0068
16_17,1167.65,1209.14,0.0062
16_17,884.99,960.73,0.0061
16_17,999.44,1004.28,0.0058
16_17,654.16,687.53,0.0052
16_17,736.26,757.11,0.0051
16_17,860.91,871.89,0.0049
16_17,754.18,792.14,0.0046
16_17,1068.61,1144.49,0.0044
16_17,1073.96,1085.21,0.004
16_17,945.33,956.79,0.0036
16_17,1169.86,1191.86,0.0034
16_17,640.44,651.86,0.0034
16_17,1060.94,1073.18,0.0032
16_17,1049.09,1060.48,0.0031
16_17,979.71,985.18,0.003
16_17,795.89,816.53,0.003
16_17,987.07,1006.51,0.0029
16_17,855.2,915.71,0.0026
16_17,914.27,920.12,0.0025
16_17,844.9,847.93,0.0024
16_17,712.8,718.66,0.0023
16_17,788.38,791.27,0.0023
16_17,1196.52,1228.8,0.0022
16_17,902.29,970.95,0.002
16_17,854.2,856.95,0.0019
16_17,1003.84,1028.11,0.0019
16_17,653.52,659.2,0.0018
16_17,794.45,800.66,0.0018
16_17,975.59,996.34,0.0018
16_17,645.59,651.2,0.0017
16_17,871.89,892.98,0.0016
16_17,1079.84,1092.58,0.0015
16_17,717.35,719.58,0.0014
16_17,639.28,641.97,0.0014
16_17,1070.87,1079.94,0.0014
16_17,1000.94,1013.28,0.0014
16_17,917.0,943.26,0.0014
16_17,1140.87,1150.41,0.0013
16_17,1037.16,1070.63,0.0013
16_17,871.25,873.59,0.0013
16_17,711.77,794.11,0.0013
16_17,1044.23,1046.7,0.0012
16_17,859.58,864.77,0.0012
16_17,1092.69,1116.19,0.0011
16_17,855.16,860.48,0.0011
16_17,1164.67,1166.97,0.001
16_17,1116.9,1145.45,0.001
20_9,1127.26,1202.87,0.9912
20_9,859.0,892.51,0.9899
20_9,893.2,918.38,0.9869
20_9,918.26,944.89,0.9826
20_9,655.44,778.29,0.9811
20_9,945.13,1118.15,0.9775
20_9,1214.15,1228.8,0.977
20_9,614.49,726.44,0.663
20_9,945.28,1117.96,0.1306
20_9,858.97,892.51,0.1301
20_9,918.25,944.89,0.1294
20_9,790.26,862.31,0.0102
20_9,616.5,629.86,0.0066
20_9,629.22,642.75,0.0066
20_9,878.56,963.17,0.0055
20_9,1175.96,1188.1,0.0053
20_9,1071.12,1116.72,0.0039
20_9,902.06,915.31,0.0036
20_9,1226.52,1228.8,0.0035
20_9,621.73,672.6,0.0027
20_9,1017.37,1081.29,0.0026
20_9,765.19,850.9,0.0026
20_9,1129.03,1177.86,0.0024
20_9,900.52,943.83,0.0023
20_9,849.51,859.69,0.0021
20_9,1213.49,1228.8,0.0019
20_9,615.35,617.8,0.0018
20_9,1161.77,1212.05,0.0015
20_9,1193.97,1228.8,0.0013
20_9,617.12,645.43,0.0013
20_9,910.24,913.61,0.0012
20_9,853.15,957.79,0.0012
20_9,1151.53,1161.86,0.0011
20_9,638.06,676.73,0.001
20_9,1186.76,1198.85,0.001
7_44,854.54,874.77,0.998
7_44,835.49,854.37,0.9976
7_44,752.71,770.74,0.9971
7_44,817.29,831.69,0.9968
7_44,629.65,660.44,0.9968
7_44,788.96,801.71,0.9951
7_44,661.76,675.84,0.9945
7_44,802.04,817.13,0.9899
7_44,615.23,627.15,0.9882
7_44,676.57,752.17,0.9775
7_44,772.56,788.63,0.9733
7_44,752.68,770.72,0.1362
7_44,854.53,874.75,0.1354
7_44,629.65,660.43,0.1346
7_44,817.29,831.69,0.1333
7_44,661.77,675.84,0.133
7_44,788.95,801.71,0.1318
7_44,629.66,660.43,0.0182
7_44,1067.28,1078.73,0.0177
7_44,860.0,862.94,0.0141
7_44,1069.0,1071.87,0.0102
7_44,811.89,817.66,0.009
7_44,681.81,687.81,0.0085
7_44,910.01,921.34,0.0083
7_44,1063.67,1069.76,0.0068
7_44,1048.21,1053.39,0.0063
7_44,774.47,780.62,0.0054
7_44,664.58,667.65,0.0049
7_44,998.92,1004.3,0.0046
7_44,701.91,708.12,0.0043
7_44,947.08,953.46,0.004
7_44,785.99,791.04,0.0038
7_44,1084.56,1096.24,0.0038
7_44,1008.45,1014.33,0.0038
7_44,732.74,752.89,0.0037
7_44,647.37,653.6,0.0035
7_44,929.18,949.32,0.0031
7_44,902.27,904.59,0.003
7_44,821.51,824.51,0.0029
7_44,1031.3,1033.88,0.0026
7_44,780.22,782.35,0.0026
7_44,771.48,789.78,0.0023
7_44,816.36,835.78,0.0023
7_44,918.88,924.36,0.0022
7_44,974.61,996.81,0.0022
7_44,754.04,765.7,0.0021
7_44,1073.27,1085.86,0.0019
7_44,751.04,754.0,0.0017
7_44,754.39,757.09,0.0017
7_44,835.11,845.87,0.0017
7_44,936.36,938.84,0.0017
7_44,953.56,975.33,0.0017
7_44,707.9,710.7,0.0016
7_44,804.42,807.28,0.0016
7_44,1060.55,1066.35,0.0016
7_44,688.41,694.41,0.0016
7_44,765.61,768.33,0.0016
7_44,1013.08,1035.47,0.0015
7_44,679.09,682.08,0.0015
7_44,807.5,810.47,0.0015
7_44,879.59,890.85,0.0015
7_44,679.93,718.95,0.0014
7_44,618.84,624.99,0.0014
7_44,740.89,746.34,0.0014
7_44,832.24,838.22,0.0014
7_44,1068.81,1075.21,0.0014
7_44,932.12,934.56,0.0013
7_44,1094.6,1100.76,0.0013
7_44,1032.07,1037.37,0.0012
7_44,999.56,1022.88,0.0012
7_44,915.21,934.92,0.0011
7_44,768.41,774.08,0.0011
7_44,826.04,831.34,0.0011
7_44,804.17,816.74,0.0011
20_17,686.53,779.04,0.9996
20_17,655.42,672.97,0.9993
20_17,1169.67,1228.8,0.9985
20_17,906.26,995.96,0.9965
20_17,1147.95,1169.06,0.9962
20_17,673.3,683.6,0.9962
20_17,998.02,1073.15,0.994
20_17,1078.68,1131.81,0.9919
20_17,614.82,654.85,0.9851
20_17,798.34,904.92,0.9594
20_17,1169.7,1228.8,0.1357
20_17,655.41,672.98,0.1349
20_17,998.0,1073.13,0.1343
20_17,1147.95,1169.04,0.1329
20_17,614.8,654.8,0.1323
20_17,1078.68,1131.77,0.1323
20_17,1133.02,1151.0,0.016
20_17,685.57,733.31,0.0096
20_17,1171.24,1183.91,0.0085
20_17,956.03,980.87,0.0062
20_17,1173.96,1220.31,0.0061
20_17,917.23,923.41,0.0047
20_17,906.43,908.98,0.0045
20_17,1136.45,1146.54,0.0041
20_17,1082.93,1093.75,0.004
20_17,652.52,683.56,0.0038
20_17,1179.49,1193.0,0.0036
20_17,997.49,1008.75,0.0035
20_17,1161.99,1165.25,0.003
20_17,617.83,639.25,0.0029
20_17,1145.84,1148.57,0.0026
20_17,1029.35,1071.16,0.0023
20_17,834.41,846.19,0.0022
20_17,956.48,967.44,0.0022
20_17,686.53,712.36,0.0019
20_17,673.73,684.79,0.0016
20_17,1144.86,1189.06,0.0016
20_17,654.9,667.89,0.0015
20_17,751.94,776.25,0.0014
20_17,904.0,988.29,0.0014
20_17,996.77,1018.5,0.0014
20_17,797.18,807.23,0.0014
20_17,583.09,646.66,0.0014
20_17,863.58,906.05,0.0013
20_17,1165.62,1168.41,0.0012
20_17,647.8,651.17,0.0012
20_17,787.17,862.77,0.0012
20_17,618.55,621.07,0.0012
20_17,1205.07,1228.8,0.0011
20_17,915.94,927.24,0.0011
7_5,804.39,819.86,0.9994
7_5,882.61,897.29,0.9982
7_5,844.68,866.9,0.997
7_5,898.27,914.36,0.996
7_5,866.52,880.81,0.9958
7_5,828.01,844.48,0.9947
7_5,652.33,674.16,0.9911
7_5,675.17,802.47,0.9909
7_5,614.79,651.89,0.99
7_5,820.46,827.21,0.9892
7_5,914.17,929.64,0.988
7_5,882.6,897.29,0.1352
7_5,866.52,880.81,0.135
7_5,898.27,914.36,0.1346
7_5,804.38,819.87,0.1342
7_5,844.68,866.9,0.1334
7_5,652.32,674.17,0.1333
7_5,820.46,827.21,0.133
7_5,898.28,914.36,0.0183
7_5,804.38,819.87,0.018
7_5,882.59,897.29,0.018
7_5,1083.94,1089.62,0.0159
7_5,783.54,804.21,0.0103
7_5,990.04,1001.68,0.0098
7_5,948.67,951.25,0.0089
7_5,952.24,963.57,0.0071
7_5,865.59,945.61,0.0062
7_5,1131.36,1154.91,0.006
7_5,1059.01,1070.36,0.0041
7_5,913.43,931.71,0.0037
7_5,898.91,901.67,0.0037
7_5,615.83,686.32,0.0033
7_5,818.91,828.93,0.0033
7_5,744.62,751.12,0.0031
7_5,970.9,973.55,0.003
7_5,1129.01,1140.54,0.0027
7_5,1009.35,1015.15,0.0027
7_5,1064.04,1069.28,0.0027
7_5,778.94,802.22,0.0026
7_5,850.6,856.44,0.0025
7_5,1040.0,1046.51,0.0025
7_5,1107.46,1113.02,0.0025
7_5,679.04,723.29,0.0023
7_5,1069.15,1081.44,0.0022
7_5,1006.33,1012.24,0.0022
7_5,1048.92,1058.92,0.0022
7_5,822.34,825.62,0.002
7_5,1135.33,1147.11,0.0019
7_5,1080.61,1090.69,0.0018
7_5,824.04,867.18,0.0018
7_5,1112.91,1115.5,0.0018
7_5,1093.69,1096.12,0.0017
7_5,627.97,652.07,0.0017
7_5,913.37,915.97,0.0016
7_5,1145.08,1151.24,0.0016
7_5,655.59,667.21,0.0016
7_5,761.6,783.64,0.0016
7_5,899.31,909.76,0.0015
7_5,1115.42,1118.18,0.0014
7_5,697.05,719.5,0.0013
7_5,939.89,950.67,0.0013
7_5,972.89,975.9,0.0013
7_5,614.8,620.36,0.0012
7_5,747.76,771.34,0.0012
7_5,1037.35,1048.55,0.0011
7_5,646.74,682.89,0.0011
7_5,684.91,687.93,0.0011
7_5,712.78,724.61,0.0011
7_5,643.89,646.92,0.001
7_5,738.12,744.52,0.001
23_39,672.01,740.16,0.9995
23_39,857.81,882.89,0.9988
23_39,820.21,823.35,0.9981
23_39,744.36,753.92,0.9971
23_39,784.18,798.79,0.9969
23_39,829.87,839.47,0.9951
23_39,1081.91,1105.92,0.9949
23_39,886.54,926.75,0.9931
23_39,1030.38,1079.29,0.9899
23_39,1112.74,1143.57,0.9894
23_39,1144.08,1150.85,0.9855
23_39,640.0,671.45,0.9853
23_39,758.55,782.09,0.9838
23_39,805.07,820.2,0.9794
23_39,966.46,994.14,0.979
23_39,1168.21,1228.8,0.9783
23_39,928.83,960.7,0.9718
23_39,828.56,855.73,0.775
23_39,1030.4,1079.31,0.134
23_39,639.99,671.52,0.1336
23_39,820.21,823.35,0.1333
23_39,784.18,798.79,0.1327
23_39,672.02,740.12,0.1314
23_39,805.07,820.21,0.1314
23_39,1081.91,1105.91,0.1311
23_39,1168.04,1228.8,0.1297
23_39,758.56,782.1,0.1288
23_39,828.6,855.72,0.1038
23_39,1145.19,1147.96,0.0191
23_39,1081.35,1087.77,0.0179
23_39,784.18,798.79,0.0175
23_39,805.08,820.21,0.0175
23_39,828.53,855.73,0.014
23_39,1211.83,1223.6,0.012
23_39,1120.23,1131.95,0.0067
23_39,983.03,990.28,0.0062
23_39,1078.92,1081.8,0.0057
23_39,757.52,760.47,0.0052
23_39,780.05,784.27,0.0049
23_39,1173.65,1176.37,0.0048
23_39,916.49,918.99,0.0045
23_39,1206.25,1213.03,0.0043
23_39,668.3,716.99,0.0043
23_39,967.22,989.46,0.0042
23_39,882.05,884.41,0.004
23_39,759.67,770.67,0.0039
23_39,998.77,1004.16,0.0036
23_39,928.22,958.75,0.0031
23_39,1118.09,1142.2,0.003
23_39,1199.64,1202.38,0.0025
23_39,991.6,994.31,0.0024
23_39,692.84,738.22,0.0024
23_39,996.38,1017.47,0.0023
23_39,617.11,639.43,0.0023
23_39,858.38,890.07,0.0023
23_39,837.93,851.45,0.0023
23_39,641.93,657.75,0.0023
23_39,1025.24,1028.23,0.0022
23_39,1167.59,1172.78,0.0022
23_39,823.74,829.26,0.0019
23_39,1197.66,1200.11,0.0018
23_39,733.76,740.39,0.0018
23_39,1140.49,1143.32,0.0018
23_39,742.95,753.08,0.0018
23_39,1009.45,1081.78,0.0018
23_39,1113.99,1117.47,0.0017
23_39,1223.52,1228.8,0.0016
23_39,1143.28,1152.31,0.0015
23_39,1149.78,1170.07,0.0015
23_39,806.44,809.73,0.0014
23_39,658.26,660.28,0.0014
23_39,718.5,740.53,0.0013
23_39,1132.08,1138.06,0.0013
23_39,867.49,881.65,0.0013
23_39,1054.4,1078.89,0.0012
23_39,795.17,798.27,0.0012
23_39,1138.27,1140.87,0.0011
23_39,798.85,803.7,0.0011
23_39,885.03,888.03,0.0011
23_39,1073.22,1079.08,0.0011
23_39,1192.93,1213.94,0.001
23_39,960.7,992.94,0.001
1_14,923.0,963.36,0.9984
1_14,681.25,716.81,0.9976
1_14,769.37,794.35,0.9964
1_14,664.27,678.57,0.9959
1_14,842.88,872.57,0.9946
1_14,874.25,919.5,0.9945
1_14,979.38,984.27,0.9943
1_14,749.25,766.66,0.9934
1_14,798.31,840.56,0.9882
1_14,614.89,661.17,0.986
1_14,721.28,746.56,0.9806
1_14,984.27,986.02,0.9765
1_14,749.24,766.64,0.135
1_14,979.38,984.27,0.1343
1_14,842.88,872.58,0.134
1_14,769.35,794.33,0.1339
1_14,923.01,963.38,0.1336
1_14,664.26,678.57,0.1336
1_14,1011.42,1055.45,0.0215
1_14,664.27,678.57,0.0178
1_14,842.87,872.58,0.0176
1_14,1103.6,1108.55,0.012
1_14,985.3,1026.51,0.0104
1_14,973.05,979.08,0.0101
1_14,678.13,697.18,0.0054
1_14,970.07,980.16,0.0047
1_14,653.95,656.8,0.0045
1_14,711.63,717.76,0.0045
1_14,615.03,620.21,0.0039
1_14,725.72,731.69,0.0035
1_14,962.58,968.25,0.0033
1_14,893.89,915.34,0.0033
1_14,798.45,822.38,0.0029
1_14,1072.91,1095.03,0.0029
1_14,623.91,647.27,0.0025
1_14,619.69,626.19,0.0023
1_14,732.35,743.78,0.0022
1_14,790.74,793.32,0.0021
1_14,616.89,619.43,0.002
1_14,694.33,697.52,0.0017
1_14,717.87,721.12,0.0017
1_14,721.35,733.67,0.0016
1_14,753.71,765.0,0.0016
1_14,847.33,858.98,0.0015
1_14,627.63,633.56,0.0015
1_14,1054.79,1066.32,0.0015
1_14,809.73,812.6,0.0014
1_14,1067.27,1072.75,0.0014
1_14,1029.42,1040.0,0.0013
1_14,1130.64,1133.69,0.0013
1_14,871.79,889.17,0.0013
1_14,661.21,667.63,0.0013
1_14,969.81,990.88,0.0013
1_14,649.8,721.4,0.0012
1_14,1127.04,1130.02,0.0012
1_14,1078.67,1123.27,0.0012
1_14,971.45,974.2,0.0012
1_14,615.02,633.66,0.0011
1_14,899.8,902.81,0.0011
2_4,1018.57,1028.78,0.9993
2_4,784.23,798.68,0.9991
2_4,805.54,852.18,0.9989
2_4,709.54,781.66,0.998
2_4,641.61,667.91,0.9978
2_4,682.32,709.47,0.9967
2_4,615.2,641.45,0.9961
2_4,925.29,1018.48,0.996
2_4,669.59,681.47,0.996
2_4,1028.9,1080.57,0.9953
2_4,913.32,922.65,0.9946
2_4,862.35,877.64,0.9886
2_4,877.63,914.18,0.9831
2_4,1090.78,1132.41,0.978
2_4,852.18,863.2,0.9579
2_4,1080.62,1091.6,0.9431
2_4,669.59,681.49,0.1356
2_4,682.31,709.52,0.1354
2_4,709.59,781.58,0.1354
2_4,784.22,798.68,0.1353
2_4,641.58,667.89,0.1351
2_4,615.22,641.44,0.1347
2_4,913.32,922.64,0.1347
2_4,1028.78,1080.56,0.1343
2_4,669.6,681.47,0.0182
2_4,784.22,798.67,0.0182
2_4,682.3,709.52,0.0175
2_4,850.24,853.37,0.0107
2_4,683.83,689.69,0.0079
2_4,1020.78,1026.86,0.0071
2_4,700.29,703.42,0.0064
2_4,888.96,891.57,0.0063
2_4,843.32,848.58,0.0058
2_4,1047.47,1050.0,0.0052
2_4,864.96,871.15,0.0051
2_4,710.43,732.5,0.0045
2_4,689.07,691.99,0.0045
2_4,676.42,679.09,0.0036
2_4,1037.34,1061.89,0.0036
2_4,629.09,671.51,0.0034
2_4,885.33,891.57,0.0034
2_4,840.24,843.02,0.0033
2_4,764.97,770.83,0.0032
2_4,823.47,826.63,0.003
2_4,1031.74,1037.38,0.003
2_4,1141.82,1153.95,0.0029
2_4,852.64,855.03,0.0029
2_4,820.56,842.27,0.0028
2_4,650.94,663.24,0.0028
2_4,708.4,714.71,0.0027
2_4,913.32,919.68,0.0026
2_4,655.26,657.7,0.0025
2_4,1128.25,1131.16,0.0024
2_4,1135.19,1137.7,0.0022
2_4,879.17,885.02,0.0019
2_4,723.37,729.11,0.0019
2_4,794.14,871.49,0.0019
2_4,1054.01,1057.09,0.0018
2_4,1086.39,1089.46,0.0018
2_4,707.05,711.61,0.0018
2_4,757.54,763.46,0.0017
2_4,1089.16,1099.68,0.0017
2_4,1094.63,1135.68,0.0016
2_4,927.41,949.05,0.0016
2_4,1153.67,1156.49,0.0015
2_4,976.59,981.74,0.0015
2_4,1046.53,1070.51,0.0014
2_4,617.76,623.89,0.0013
2_4,954.81,960.9,0.0013
2_4,1079.55,1082.58,0.0013
2_4,1159.53,1161.89,0.0013
2_4,712.87,758.03,0.0012
2_4,1138.25,1224.88,0.0012
2_4,697.73,700.51,0.0011
2_4,799.11,810.07,0.0011
2_4,1093.91,1096.9,0.0011
2_4,714.4,717.22,0.0011
2_4,1131.5,1137.8,0.001
2_4,941.11,963.14,0.001
2_22,672.29,694.81,0.9997
2_22,1099.63,1114.43,0.9981
2_22,860.23,878.89,0.998
2_22,700.0,712.86,0.9933
2_22,1115.06,1163.35,0.9922
2_22,842.22,858.94,0.9918
2_22,756.78,829.24,0.9888
2_22,618.96,671.01,0.9877
2_22,1032.06,1045.55,0.9829
2_22,830.64,842.22,0.9823
2_22,940.68,955.47,0.9771
2_22,1044.15,1101.02,0.9752
2_22,714.13,748.95,0.9682
2_22,694.2,701.28,0.9659
2_22,957.98,1031.94,0.9655
2_22,899.51,938.65,0.9451
2_22,756.64,829.23,0.1348
2_22,1115.01,1163.38,0.1346
2_22,1099.62,1114.42,0.1343
2_22,700.0,712.85,0.1325
2_22,842.21,858.95,0.1323
2_22,1032.06,1045.55,0.1302
2_22,618.91,671.04,0.1297
2_22,958.02,1031.92,0.1258
2_22,967.58,970.26,0.0253
2_22,1193.46,1214.68,0.0199
2_22,1099.62,1114.43,0.0181
2_22,1032.07,1045.56,0.0173
2_22,904.75,910.94,0.0151
2_22,941.23,944.75,0.0133
2_22,1047.69,1053.73,0.0117
2_22,932.82,935.09,0.0106
2_22,913.84,919.03,0.0088
2_22,1194.2,1204.75,0.0081
2_22,762.68,803.67,0.0074
2_22,898.03,904.6,0.0052
2_22,670.09,675.95,0.0047
2_22,823.57,843.36,0.0046
2_22,979.26,985.23,0.0046
2_22,670.89,708.75,0.0038
2_22,982.83,989.14,0.0037
2_22,1043.42,1046.26,0.0037
2_22,718.7,725.48,0.0033
2_22,916.44,918.96,0.0029
2_22,1122.65,1147.48,0.0028
2_22,1057.08,1068.66,0.0027
2_22,1046.53,1049.04,0.0026
2_22,940.62,947.69,0.0025
2_22,787.04,795.65,0.0024
2_22,713.86,719.33,0.0023
2_22,902.38,922.66,0.0023
2_22,1171.9,1192.33,0.0022
2_22,719.69,748.57,0.0022
2_22,886.77,889.4,0.002
2_22,795.43,820.24,0.0019
2_22,836.42,839.25,0.0019
2_22,695.93,699.37,0.0018
2_22,920.95,934.29,0.0018
2_22,773.0,796.78,0.0018
2_22,1029.09,1033.8,0.0018
2_22,877.95,880.93,0.0018
2_22,990.61,997.37,0.0018
2_22,867.45,873.1,0.0018
2_22,1149.96,1163.14,0.0017
2_22,942.72,954.4,0.0017
2_22,1062.71,1068.5,0.0016
2_22,1100.07,1106.0,0.0015
2_22,670.99,674.1,0.0015
2_22,937.54,940.97,0.0015
2_22,1084.3,1096.01,0.0014
2_22,1100.43,1169.2,0.0013
2_22,1066.96,1072.69,0.0013
2_22,889.69,895.51,0.0013
2_22,999.87,1022.68,0.0013
2_22,639.93,666.95,0.0013
2_22,764.77,770.81,0.0012
2_22,1192.27,1195.01,0.0012
2_22,756.29,761.91,0.0012
2_22,1139.29,1150.97,0.0012
2_22,1115.98,1121.96,0.0012
2_22,1032.74,1100.1,0.0011
2_22,1014.16,1016.82,0.0011
2_22,1171.27,1228.8,0.0011
2_22,859.01,877.24,0.0011
2_22,637.44,640.73,0.0011
2_22,709.94,715.06,0.001
2_22,960.71,963.72,0.001
2_22,926.01,932.46,0.001
8_19,656.38,697.6,0.9982
8_19,698.75,741.08,0.9977
8_19,803.53,845.9,0.9965
8_19,614.4,654.43,0.9963
8_19,845.38,887.19,0.9928
8_19,778.57,803.57,0.9833
8_19,741.29,778.76,0.9813
8_19,656.43,697.69,0.1368
8_19,698.79,741.12,0.1356
8_19,803.55,845.94,0.1352
8_19,845.41,887.22,0.1347
8_19,614.38,654.42,0.1344
8_19,778.59,803.57,0.1333
8_19,709.24,715.2,0.0078
8_19,634.4,645.61,0.0071
8_19,589.09,637.69,0.0068
8_19,681.61,692.77,0.0063
8_19,897.98,979.01,0.0054
8_19,900.42,903.27,0.0052
8_19,1136.83,1139.56,0.0041
8_19,993.2,1004.13,0.0035
8_19,665.96,671.62,0.0028
8_19,834.88,837.59,0.0028
8_19,730.01,732.61,0.0026
8_19,1012.25,1054.39,0.0026
8_19,806.97,831.57,0.0025
8_19,614.51,617.55,0.0025
8_19,708.8,792.21,0.0024
8_19,716.04,718.88,0.0023
8_19,676.84,682.4,0.0021
8_19,906.82,909.56,0.0021
8_19,1063.96,1086.82,0.0019
8_19,752.46,757.73,0.0018
8_19,802.44,808.16,0.0018
8_19,1014.24,1020.72,0.0018
8_19,953.6,975.67,0.0018
8_19,1038.33,1043.83,0.0017
8_19,852.99,879.04,0.0016
8_19,704.11,706.82,0.0015
8_19,683.57,686.02,0.0015
8_19,767.18,777.38,0.0014
8_19,724.18,734.94,0.0014
8_19,748.57,754.92,0.0013
8_19,1105.31,1108.01,0.0012
8_19,967.51,970.58,0.0012
8_19,670.59,673.4,0.0012
8_19,1146.36,1149.03,0.0012
8_19,1127.84,1133.36,0.0012
8_19,910.15,916.01,0.0012
8_19,960.51,963.52,0.0011
8_19,754.3,756.81,0.001
20_44,883.86,890.36,0.9999
20_44,925.2,937.71,0.9994
20_44,795.31,833.04,0.9987
20_44,703.95,716.81,0.9983
20_44,721.39,730.93,0.9982
20_44,731.21,737.87,0.9977
20_44,833.6,882.13,0.9965
20_44,919.28,924.68,0.9953
20_44,771.44,783.21,0.9923
20_44,614.71,633.04,0.9919
20_44,740.58,769.44,0.9891
20_44,890.38,918.81,0.9884
20_44,660.67,684.27,0.9884
20_44,786.3,789.87,0.9726
20_44,828.26,833.96,0.9621
20_44,689.49,701.32,0.9494
20_44,634.12,709.5,0.7723
20_44,731.2,737.86,0.135
20_44,925.2,937.72,0.1349
20_44,771.45,783.2,0.1348
20_44,740.58,769.39,0.1337
20_44,919.28,924.68,0.1336
20_44,833.55,882.14,0.1325
20_44,795.36,833.05,0.1312
20_44,703.94,716.81,0.1306
20_44,883.86,890.36,0.1305
20_44,786.3,789.87,0.1304
20_44,721.38,730.93,0.1301
20_44,660.66,684.27,0.1027
20_44,634.12,709.45,0.0843
20_44,925.04,927.66,0.0274
20_44,937.51,949.49,0.0184
20_44,731.2,737.86,0.0181
20_44,740.55,769.42,0.0179
20_44,703.95,716.8,0.0173
20_44,925.21,937.71,0.0163
20_44,1041.79,1044.63,0.0145
20_44,1015.74,1021.56,0.0131
20_44,999.98,1005.79,0.0116
20_44,794.76,797.82,0.0087
20_44,760.6,763.5,0.0087
20_44,879.81,916.48,0.0077
20_44,1126.41,1132.74,0.0075
20_44,616.64,619.75,0.0071
20_44,1122.07,1125.16,0.0055
20_44,651.57,661.91,0.0055
20_44,1002.5,1005.14,0.0048
20_44,799.2,801.88,0.0042
20_44,742.17,749.09,0.0038
20_44,1063.9,1069.42,0.0037
20_44,906.9,912.73,0.0036
20_44,966.79,1011.28,0.0034
20_44,869.12,875.96,0.0032
20_44,879.4,884.66,0.0032
20_44,1005.58,1017.19,0.0028
20_44,856.4,867.68,0.0028
20_44,717.97,737.66,0.0027
20_44,914.39,925.22,0.0026
20_44,1155.1,1176.34,0.0025
20_44,1071.04,1112.63,0.0025
20_44,770.02,789.8,0.0025
20_44,714.13,716.73,0.0025
20_44,1107.51,1119.29,0.0024
20_44,835.22,841.28,0.0024
20_44,885.04,888.06,0.0023
20_44,634.44,645.29,0.0022
20_44,828.68,834.81,0.0022
20_44,1115.36,1137.55,0.0022
20_44,614.57,623.41,0.0021
20_44,1159.06,1164.55,0.002
20_44,784.31,790.57,0.002
20_44,738.19,741.22,0.002
20_44,883.63,894.37,0.0019
20_44,994.46,1000.14,0.0018
20_44,1014.09,1025.61,0.0017
20_44,1144.27,1147.02,0.0017
20_44,1093.52,1099.36,0.0016
20_44,803.21,814.31,0.0016
20_44,941.43,944.27,0.0016
20_44,895.23,897.86,0.0016
20_44,673.48,679.54,0.0015
20_44,716.4,721.79,0.0015
20_44,664.69,667.62,0.0015
20_44,981.65,987.48,0.0015
20_44,903.25,914.17,0.0015
20_44,1128.51,1131.78,0.0015
20_44,1030.41,1052.47,0.0014
20_44,1011.28,1014.44,0.0014
20_44,841.64,865.77,0.0014
20_44,740.74,744.04,0.0014
20_44,778.82,849.53,0.0013
20_44,960.16,963.01,0.0013
20_44,712.72,715.26,0.0013
20_44,1107.57,1112.9,0.0013
20_44,751.08,753.89,0.0012
20_44,734.39,737.38,0.0012
20_44,743.06,745.73,0.0012
20_44,988.94,994.91,0.0012
20_44,911.83,948.31,0.0012
20_44,893.05,903.48,0.0011
20_44,965.93,968.88,0.0011
20_44,696.14,699.04,0.0011
20_44,1100.32,1105.66,0.0011
20_44,805.4,808.19,0.0011
20_44,704.24,707.14,0.001
16_39,979.98,983.67,0.9994
16_39,648.63,676.24,0.9982
16_39,952.0,955.84,0.9976
16_39,852.29,884.35,0.9969
16_39,961.41,979.93,0.9966
16_39,921.35,927.71,0.9958
16_39,759.45,766.95,0.9946
16_39,678.47,696.39,0.9931
16_39,772.7,783.14,0.9902
16_39,787.27,831.71,0.9885
16_39,618.78,643.16,0.9811
16_39,742.8,759.35,0.9794
16_39,841.02,851.92,0.9713
16_39,699.5,735.78,0.9682
16_39,930.33,946.05,0.9679
16_39,888.4,894.58,0.9621
16_39,900.55,917.62,0.9607
16_39,949.33,954.14,0.7685
16_39,979.98,983.67,0.1355
16_39,648.64,676.24,0.1352
16_39,961.41,979.94,0.1347
16_39,772.7,783.14,0.1344
16_39,921.35,927.7,0.1318
16_39,951.99,955.84,0.1077
16_39,1029.83,1051.9,0.0444
16_39,979.98,983.67,0.018
16_39,952.0,955.84,0.0146
16_39,1015.74,1018.54,0.0143
16_39,964.98,967.78,0.0123
16_39,976.64,978.86,0.0089
16_39,1126.62,1129.55,0.0077
16_39,955.91,961.78,0.0073
16_39,996.73,1035.09,0.0072
16_39,1132.03,1154.53,0.007
16_39,1044.24,1055.87,0.0058
16_39,652.79,658.86,0.0058
16_39,789.45,795.72,0.0056
16_39,610.9,643.17,0.0054
16_39,948.98,958.14,0.0048
16_39,980.34,991.83,0.0047
16_39,854.45,878.62,0.0045
16_39,932.36,935.3,0.0045
16_39,934.34,940.11,0.0043
16_39,701.76,723.41,0.0041
16_39,745.66,748.61,0.0041
16_39,960.19,962.87,0.004
16_39,835.38,841.31,0.0039
16_39,968.97,979.89,0.0038
16_39,798.61,809.94,0.0038
16_39,632.72,635.64,0.0033
16_39,881.86,959.01,0.0032
16_39,829.32,832.46,0.0029
16_39,856.94,859.26,0.0026
16_39,1032.83,1044.84,0.0026
16_39,734.54,745.23,0.0026
16_39,995.3,1001.19,0.0025
16_39,646.48,649.32,0.0024
16_39,617.77,620.7,0.0023
16_39,941.98,945.06,0.0023
16_39,1142.76,1145.56,0.0022
16_39,949.35,951.72,0.0022
16_39,1018.21,1023.42,0.002
16_39,721.8,733.35,0.0019
16_39,960.48,966.03,0.0019
16_39,676.79,682.44,0.0019
16_39,658.59,664.23,0.0018
16_39,755.77,758.81,0.0018
16_39,800.11,806.27,0.0017
16_39,889.76,892.82,0.0017
16_39,735.07,737.97,0.0016
16_39,850.4,853.12,0.0015
16_39,1006.04,1008.81,0.0015
16_39,1028.79,1031.78,0.0014
16_39,965.39,971.78,0.0014
16_39,918.01,921.08,0.0014
16_39,737.4,743.2,0.0013
16_39,669.65,672.36,0.0013
16_39,998.07,1000.98,0.0012
16_39,975.83,979.89,0.0012
16_39,717.38,720.52,0.0011
16_39,886.08,897.34,0.0011
16_39,956.08,958.53,0.0011
16_39,810.74,823.48,0.0011
16_39,651.5,654.18,0.0011
16_39,1129.01,1134.52,0.0011
16_39,973.34,1046.37,0.001
16_39,821.99,824.81,0.001
16_39,848.14,850.92,0.001
16_39,921.37,924.04,0.001
16_39,759.86,765.76,0.001
16_39,614.25,616.8,0.001
2_3,857.82,880.45,0.9993
2_3,1063.67,1228.8,0.9979
2_3,1044.6,1063.01,0.9974
2_3,1002.12,1043.12,0.9968
2_3,615.8,658.3,0.996
2_3,883.28,894.59,0.9936
2_3,789.88,843.59,0.9933
2_3,666.79,690.81,0.9922
2_3,700.7,785.65,0.9918
2_3,846.48,854.97,0.9782
2_3,898.89,969.64,0.9777
2_3,968.21,1002.11,0.9651
2_3,615.81,658.24,0.1337
2_3,883.27,894.59,0.1332
2_3,700.79,785.63,0.132
2_3,968.18,1002.1,0.1307
2_3,693.72,698.79,0.0193
2_3,846.14,858.54,0.0108
2_3,843.76,845.78,0.0096
2_3,1026.0,1028.53,0.0093
2_3,738.9,744.33,0.0087
2_3,867.01,878.16,0.0063
2_3,916.02,965.53,0.006
2_3,1001.45,1038.78,0.0056
2_3,712.3,738.08,0.0049
2_3,739.25,763.36,0.0048
2_3,1065.33,1085.56,0.0048
2_3,1093.58,1115.33,0.0047
2_3,676.39,689.06,0.0043
2_3,1062.86,1065.18,0.0038
2_3,616.05,698.46,0.0035
2_3,968.44,970.96,0.0035
2_3,1090.04,1201.36,0.0035
2_3,964.51,1053.53,0.0034
2_3,1087.08,1097.41,0.0033
2_3,617.13,622.46,0.0032
2_3,846.66,853.41,0.0031
2_3,838.92,842.01,0.003
2_3,851.34,888.16,0.003
2_3,1033.65,1043.16,0.0029
2_3,887.85,893.29,0.0028
2_3,739.43,742.35,0.0027
2_3,1160.32,1214.45,0.0026
2_3,1140.53,1151.27,0.0025
2_3,881.08,901.38,0.0024
2_3,768.11,784.0,0.0023
2_3,690.05,692.6,0.0023
2_3,618.02,644.86,0.0022
2_3,644.93,657.16,0.0022
2_3,1150.29,1152.49,0.0022
2_3,1192.35,1199.06,0.002
2_3,790.42,867.28,0.002
2_3,1099.65,1106.09,0.0019
2_3,734.8,772.36,0.0019
2_3,842.33,847.2,0.0018
2_3,999.27,1001.57,0.0017
2_3,1026.8,1042.18,0.0016
2_3,819.75,843.04,0.0016
2_3,909.25,920.81,0.0016
2_3,853.2,855.57,0.0016
2_3,919.85,925.4,0.0016
2_3,785.01,791.47,0.0015
2_3,689.65,701.86,0.0014
2_3,970.45,973.01,0.0014
2_3,1095.5,1098.21,0.0014
2_3,1088.47,1090.88,0.0014
2_3,1004.83,1025.32,0.0014
2_3,791.69,804.65,0.0013
2_3,870.6,876.91,0.0013
2_3,1193.77,1219.73,0.0013
2_3,977.51,1000.47,0.0012
2_3,772.63,776.07,0.0012
2_3,1020.16,1022.57,0.0012
2_3,1048.4,1060.83,0.0012
2_3,657.95,672.05,0.0011
2_3,1097.78,1100.55,0.001
2_3,1100.41,1103.03,0.001
7_48,663.91,715.58,0.9985
7_48,616.82,625.29,0.9984
7_48,627.9,660.57,0.9975
7_48,883.39,911.8,0.9962
7_48,912.61,934.39,0.9912
7_48,870.09,880.37,0.9891
7_48,854.39,865.87,0.9876
7_48,836.85,854.17,0.9861
7_48,821.14,835.24,0.9782
7_48,794.37,820.52,0.9753
7_48,718.88,792.66,0.9714
7_48,664.0,715.54,0.1362
7_48,883.41,911.81,0.1347
7_48,627.89,660.57,0.1346
7_48,912.61,934.37,0.1346
7_48,794.39,820.49,0.1332
7_48,627.89,660.57,0.0179
7_48,1124.09,1146.47,0.0174
7_48,728.2,776.28,0.012
7_48,867.12,870.45,0.0102
7_48,936.37,949.26,0.0094
7_48,1025.23,1036.16,0.0079
7_48,841.95,851.62,0.0073
7_48,1096.35,1109.53,0.0071
7_48,775.54,781.78,0.0069
7_48,687.93,710.5,0.0064
7_48,723.48,726.27,0.006
7_48,621.77,624.23,0.0058
7_48,823.19,830.17,0.0058
7_48,830.84,833.24,0.0054
7_48,662.87,685.63,0.0049
7_48,895.51,908.71,0.0048
7_48,747.04,752.85,0.0046
7_48,992.65,995.57,0.0046
7_48,1115.1,1137.84,0.0044
7_48,603.75,618.99,0.0041
7_48,831.03,875.17,0.0039
7_48,654.27,656.83,0.0038
7_48,1016.57,1022.81,0.0038
7_48,976.07,987.08,0.0038
7_48,1040.34,1050.26,0.0035
7_48,1085.0,1087.96,0.0035
7_48,996.72,999.89,0.0035
7_48,754.45,757.21,0.0031
7_48,771.4,777.82,0.0031
7_48,1073.19,1076.14,0.0031
7_48,1019.39,1095.92,0.0029
7_48,1020.46,1025.6,0.0029
7_48,869.07,871.7,0.0025
7_48,980.12,982.64,0.0025
7_48,639.84,642.51,0.0024
7_48,928.52,934.1,0.0023
7_48,730.76,732.82,0.0022
7_48,619.71,625.52,0.0022
7_48,786.48,792.17,0.0022
7_48,692.87,695.87,0.0021
7_48,813.06,818.56,0.0021
7_48,1154.7,1157.7,0.0021
7_48,986.88,992.78,0.0019
7_48,1139.9,1151.05,0.0019
7_48,841.43,843.95,0.0018
7_48,1037.23,1040.54,0.0018
7_48,871.21,876.66,0.0018
7_48,939.8,964.26,0.0016
7_48,781.08,786.83,0.0016
7_48,998.7,1004.81,0.0014
7_48,732.81,739.23,0.0013
7_48,1062.74,1068.71,0.0013
7_48,640.2,646.3,0.0012
7_48,848.32,869.44,0.0012
7_48,634.14,637.26,0.0012
7_48,964.89,970.2,0.0012
7_48,1140.51,1143.46,0.0011
7_48,797.91,810.16,0.0011
7_48,922.21,933.86,0.0011
7_48,1081.9,1087.75,0.0011
7_48,811.53,814.11,0.0011
7_48,882.17,884.92,0.0011
7_48,616.78,619.57,0.0011
7_48,954.86,960.83,0.001
7_48,627.11,630.23,0.001
7_48,1157.58,1160.16,0.001
15_19,794.79,819.37,0.9968
15_19,820.01,839.58,0.9964
15_19,752.08,790.87,0.9931
15_19,966.94,981.33,0.9926
15_19,841.34,936.29,0.9907
15_19,941.65,945.1,0.9855
15_19,1133.89,1202.24,0.9851
15_19,993.04,1035.21,0.9843
15_19,1054.83,1099.59,0.9821
15_19,951.72,966.4,0.9752
15_19,624.29,750.45,0.9685
15_19,1203.64,1228.8,0.9219
15_19,820.0,839.59,0.1349
15_19,794.79,819.4,0.1348
15_19,752.07,790.82,0.1346
15_19,941.65,945.1,0.134
15_19,1134.0,1202.14,0.1332
15_19,966.92,981.34,0.133
15_19,951.72,966.39,0.1288
15_19,966.94,981.32,0.0182
15_19,941.65,945.11,0.0181
15_19,614.15,622.76,0.0144
15_19,1179.86,1199.68,0.0094
15_19,702.15,746.4,0.0094
15_19,631.69,644.19,0.0075
15_19,794.02,803.39,0.0071
15_19,743.27,749.57,0.007
15_19,1084.61,1109.86,0.0055
15_19,1052.34,1055.45,0.0053
15_19,1035.7,1054.19,0.0049
15_19,1202.11,1205.23,0.0037
15_19,794.75,799.51,0.0031
15_19,1137.48,1139.94,0.003
15_19,1144.47,1193.48,0.0029
15_19,654.33,743.07,0.0028
15_19,791.03,795.47,0.0028
15_19,1018.84,1104.57,0.0028
15_19,921.24,941.74,0.0027
15_19,966.93,981.32,0.0025
15_19,1139.38,1150.66,0.0024
15_19,612.35,622.61,0.0024
15_19,936.2,941.31,0.0023
15_19,904.51,927.14,0.0022
15_19,980.7,986.8,0.0021
15_19,623.91,648.78,0.002
15_19,1203.41,1228.8,0.0018
15_19,769.99,791.07,0.0018
15_19,1096.94,1109.24,0.0016
15_19,753.17,765.51,0.0016
15_19,632.46,638.64,0.0016
15_19,622.5,631.88,0.0014
15_19,1216.1,1228.8,0.0014
15_19,949.24,966.59,0.0013
15_19,913.24,919.19,0.0013
15_19,844.33,896.25,0.0011
15_19,1106.8,1116.87,0.0011
15_19,726.09,748.93,0.0011
15_19,1012.78,1034.18,0.001
3_36,847.29,894.06,0.9991
3_36,819.02,845.82,0.9985
3_36,774.73,817.09,0.9981
3_36,940.8,954.97,0.9979
3_36,645.58,662.15,0.9972
3_36,710.88,746.91,0.9969
3_36,750.32,772.25,0.9966
3_36,921.61,938.12,0.9963
3_36,671.88,707.49,0.9961
3_36,982.75,995.88,0.9925
3_36,938.67,940.27,0.9904
3_36,615.39,625.6,0.9857
3_36,961.8,981.29,0.9848
3_36,896.51,913.56,0.9764
3_36,940.27,941.33,0.9759
3_36,996.61,1118.2,0.9671
3_36,819.03,845.82,0.1355
3_36,750.33,772.28,0.1354
3_36,921.6,938.13,0.135
3_36,710.85,746.93,0.1344
3_36,938.67,940.27,0.1342
3_36,940.81,954.97,0.1327
3_36,1052.46,1055.31,0.0309
3_36,819.05,845.83,0.0183
3_36,936.49,938.6,0.0116
3_36,631.92,669.83,0.0102
3_36,926.93,929.99,0.0101
3_36,976.21,978.76,0.0088
3_36,699.87,702.55,0.0073
3_36,1016.75,1040.12,0.0072
3_36,957.44,960.23,0.0069
3_36,969.21,972.05,0.0061
3_36,589.32,632.33,0.0059
3_36,1110.62,1116.45,0.0056
3_36,809.55,812.6,0.0054
3_36,1086.42,1088.77,0.0047
3_36,967.58,970.62,0.0043
3_36,896.08,902.17,0.0041
3_36,1030.73,1053.24,0.0041
3_36,922.41,930.53,0.004
3_36,1055.1,1065.85,0.0039
3_36,1091.96,1094.66,0.0039
3_36,800.13,812.54,0.0038
3_36,943.05,948.79,0.0035
3_36,965.39,976.29,0.0034
3_36,614.86,639.78,0.0029
3_36,887.66,890.24,0.0029
3_36,947.45,950.27,0.0029
3_36,847.03,849.89,0.0027
3_36,643.92,649.26,0.0027
3_36,747.01,783.01,0.0027
3_36,1017.83,1023.3,0.0024
3_36,930.5,936.14,0.0022
3_36,981.13,991.13,0.0022
3_36,864.45,876.94,0.0021
3_36,708.36,714.42,0.002
3_36,991.96,1004.67,0.002
3_36,972.46,975.02,0.0018
3_36,912.6,915.54,0.0018
3_36,956.71,962.86,0.0018
3_36,845.7,852.17,0.0018
3_36,936.48,953.76,0.0018
3_36,652.8,655.89,0.0017
3_36,747.42,826.31,0.0017
3_36,1007.2,1019.08,0.0017
3_36,679.36,690.64,0.0017
3_36,818.7,823.88,0.0017
3_36,750.38,753.69,0.0016
3_36,1137.28,1223.88,0.0016
3_36,889.94,895.51,0.0016
3_36,935.64,938.6,0.0015
3_36,776.94,782.93,0.0014
3_36,735.26,741.11,0.0014
3_36,648.58,660.74,0.0014
3_36,948.26,951.56,0.0013
3_36,667.25,705.46,0.0013
3_36,1152.69,1155.57,0.0012
3_36,769.94,772.65,0.0012
3_36,823.99,827.17,0.0012
3_36,751.5,756.98,0.0012
3_36,866.02,868.54,0.0012
3_36,717.51,741.13,0.0012
3_36,902.51,908.47,0.0012
3_36,954.39,957.4,0.0011
3_36,695.68,698.58,0.0011
3_36,1061.5,1104.87,0.0011
3_36,680.48,685.4,0.001
20_32,787.07,902.47,0.9988
20_32,987.76,1174.33,0.9978
20_32,763.8,785.05,0.9972
20_32,1222.76,1228.8,0.9959
20_32,1122.93,1126.81,0.9911
20_32,1174.73,1223.47,0.99
20_32,667.46,697.41,0.988
20_32,938.63,987.53,0.9868
20_32,646.18,657.68,0.9814
20_32,706.03,759.59,0.98
20_32,1102.48,1119.82,0.9756
20_32,987.96,1006.65,0.9721
20_32,616.55,644.82,0.9655
20_32,902.44,937.65,0.9598
20_32,1138.25,1174.38,0.9241
20_32,1212.58,1222.16,0.9112
20_32,1009.39,1050.43,0.9054
20_32,763.82,785.05,0.1343
20_32,1122.93,1126.81,0.134
20_32,938.55,987.56,0.133
20_32,646.18,657.69,0.1322
20_32,1102.49,1119.8,0.1315
20_32,787.04,902.25,0.1309
20_32,1138.25,1174.34,0.1244
20_32,1212.58,1222.16,0.1237
20_32,1009.43,1050.33,0.1219
20_32,1174.67,1223.47,0.1138
20_32,987.6,1174.15,0.0897
20_32,1122.93,1126.81,0.0181
20_32,1044.49,1088.96,0.009
20_32,614.46,626.68,0.0084
20_32,650.85,657.17,0.0084
20_32,856.07,899.85,0.0058
20_32,669.43,682.95,0.0055
20_32,987.54,1005.28,0.0053
20_32,614.78,620.6,0.005
20_32,1035.52,1042.28,0.0045
20_32,794.44,841.04,0.0044
20_32,709.15,777.46,0.0044
20_32,914.7,920.68,0.0043
20_32,963.21,988.6,0.0043
20_32,653.26,656.67,0.0042
20_32,681.24,688.18,0.0039
20_32,929.42,931.63,0.0036
20_32,758.56,764.28,0.0036
20_32,1126.65,1129.45,0.0035
20_32,671.27,677.37,0.0033
20_32,1174.37,1192.79,0.0032
20_32,978.22,988.19,0.0031
20_32,738.91,761.8,0.0031
20_32,619.3,622.08,0.0031
20_32,1035.9,1038.7,0.003
20_32,1009.39,1020.57,0.0028
20_32,659.79,665.4,0.0025
20_32,1089.96,1092.79,0.0025
20_32,1047.2,1101.05,0.0025
20_32,920.68,923.59,0.0022
20_32,1144.56,1159.18,0.002
20_32,786.58,809.72,0.002
20_32,938.61,948.28,0.0019
20_32,612.66,640.89,0.0018
20_32,1004.17,1007.45,0.0017
20_32,668.66,703.86,0.0017
20_32,710.39,713.47,0.0016
20_32,795.87,802.06,0.0014
20_32,878.43,902.38,0.0013
20_32,706.02,718.72,0.0013
20_32,786.6,797.05,0.0012
20_32,1151.96,1158.46,0.0012
20_32,745.93,759.67,0.0011
20_32,689.66,692.76,0.0011
20_32,1139.37,1144.91,0.0011
20_32,647.29,653.81,0.0011
16_35,824.47,832.57,0.9996
16_35,733.59,813.68,0.9988
16_35,648.45,689.22,0.9986
16_35,871.34,891.24,0.9985
16_35,692.99,722.33,0.9944
16_35,1001.1,1124.5,0.9942
16_35,619.14,647.78,0.9936
16_35,894.6,907.43,0.9932
16_35,1168.74,1185.47,0.9923
16_35,996.86,1000.49,0.9913
16_35,921.45,995.18,0.9908
16_35,1124.9,1163.65,0.9905
16_35,1224.39,1228.8,0.9894
16_35,835.59,866.96,0.9851
16_35,913.84,920.91,0.9821
16_35,1204.81,1223.52,0.9815
16_35,1187.97,1202.3,0.9795
16_35,995.39,996.47,0.9781
16_35,733.48,813.64,0.1362
16_35,871.34,891.24,0.135
16_35,648.49,689.27,0.1347
16_35,894.62,907.43,0.1341
16_35,995.38,996.47,0.1324
16_35,1204.8,1223.52,0.1323
16_35,996.86,1000.49,0.1321
16_35,824.48,832.57,0.1316
16_35,619.13,647.77,0.1309
16_35,732.2,734.36,0.0119
16_35,1190.42,1193.56,0.0106
16_35,648.53,655.14,0.0084
16_35,750.74,756.85,0.0053
16_35,648.33,667.49,0.0052
16_35,1187.56,1205.67,0.005
16_35,1223.56,1228.8,0.0043
16_35,1169.46,1174.76,0.0042
16_35,844.64,869.55,0.0039
16_35,678.61,690.33,0.0034
16_35,1212.97,1228.8,0.0032
16_35,612.47,642.35,0.0032
16_35,1153.52,1164.35,0.003
16_35,690.35,726.16,0.003
16_35,913.27,924.27,0.0025
16_35,918.72,944.12,0.0023
16_35,978.04,995.47,0.0022
16_35,1206.51,1220.73,0.0022
16_35,1174.85,1184.75,0.0022
16_35,1135.03,1160.03,0.002
16_35,913.27,916.19,0.0019
16_35,734.19,745.88,0.0018
16_35,1151.27,1153.61,0.0017
16_35,824.01,827.28,0.0016
16_35,719.1,725.02,0.0016
16_35,864.15,869.87,0.0016
16_35,905.76,916.04,0.0016
16_35,807.78,813.54,0.0016
16_35,634.28,645.65,0.0015
16_35,618.76,621.72,0.0015
16_35,868.65,905.46,0.0014
16_35,993.5,1038.59,0.0014
16_35,1104.9,1118.51,0.0013
16_35,999.71,1013.39,0.0011
16_35,1153.6,1155.8,0.0011
16_35,834.73,837.15,0.0011
16_35,1193.84,1200.1,0.0011
16_35,1168.44,1182.61,0.0011
16_35,637.37,723.18,0.001
16_35,1224.18,1228.8,0.001
23_5,617.49,660.16,0.9995
23_5,845.89,881.24,0.9984
23_5,1156.82,1176.71,0.9963
23_5,1063.38,1079.83,0.9953
23_5,820.96,841.64,0.9928
23_5,661.92,692.38,0.9926
23_5,1154.71,1156.66,0.9921
23_5,694.32,776.13,0.9914
23_5,998.86,1063.9,0.9893
23_5,931.18,958.58,0.9884
23_5,1119.43,1154.74,0.9852
23_5,883.1,930.58,0.9818
23_5,961.08,996.36,0.9777
23_5,1082.25,1119.47,0.9747
23_5,787.42,817.85,0.9743
23_5,1178.65,1228.8,0.9566
23_5,1156.82,1176.72,0.1349
23_5,661.92,692.38,0.1339
23_5,961.06,996.4,0.1331
23_5,931.15,958.61,0.1321
23_5,1178.54,1228.8,0.1302
23_5,998.84,1064.01,0.1279
23_5,1096.01,1182.67,0.0181
23_5,661.88,692.43,0.018
23_5,998.82,1064.03,0.0173
23_5,1176.57,1187.63,0.0149
23_5,999.78,1024.43,0.0109
23_5,787.21,832.73,0.0094
23_5,1064.21,1076.91,0.0079
23_5,732.58,772.1,0.0071
23_5,1064.83,1067.52,0.0069
23_5,776.5,788.99,0.0064
23_5,769.73,774.32,0.0041
23_5,780.99,850.94,0.0036
23_5,916.6,922.56,0.0035
23_5,1072.13,1149.37,0.0033
23_5,1038.83,1061.59,0.0031
23_5,695.33,785.2,0.0027
23_5,1170.94,1228.8,0.0025
23_5,1154.33,1156.54,0.0023
23_5,1085.37,1088.38,0.0023
23_5,1129.3,1151.29,0.0023
23_5,850.47,875.03,0.0023
23_5,954.09,957.09,0.0021
23_5,661.69,673.61,0.0021
23_5,1064.73,1071.06,0.002
23_5,1187.41,1190.24,0.002
23_5,643.28,646.21,0.0018
23_5,774.48,794.43,0.0018
23_5,845.63,856.11,0.0017
23_5,752.32,774.09,0.0016
23_5,981.58,994.04,0.0016
23_5,1076.97,1079.96,0.0015
23_5,840.15,845.45,0.0014
23_5,1074.84,1077.62,0.0014
23_5,697.72,746.15,0.0014
23_5,813.97,816.75,0.0013
23_5,1111.8,1114.27,0.0013
23_5,971.06,977.17,0.0013
23_5,1084.06,1089.94,0.0012
23_5,822.39,829.01,0.0012
23_5,1164.98,1176.48,0.0012
23_5,652.21,658.01,0.0011
23_5,691.74,704.31,0.0011
23_5,1186.62,1228.8,0.0011
23_5,614.94,626.43,0.0011
23_5,1081.25,1084.05,0.0011
27_26,790.47,816.6,0.9996
27_26,758.74,766.83,0.9984
27_26,838.99,858.89,0.9979
27_26,865.16,898.07,0.996
27_26,818.45,837.73,0.996
27_26,617.5,657.31,0.9954
27_26,898.72,913.01,0.9945
27_26,913.03,929.21,0.9841
27_26,778.02,786.74,0.9778
27_26,684.78,751.36,0.9687
27_26,758.73,766.83,0.1353
27_26,898.72,913.02,0.1351
27_26,865.11,898.1,0.1349
27_26,617.57,657.32,0.1346
27_26,790.46,816.59,0.1312
27_26,1121.76,1124.8,0.0183
27_26,758.73,766.83,0.0183
27_26,898.72,913.02,0.0181
27_26,868.54,874.79,0.017
27_26,766.5,771.82,0.0137
27_26,1052.86,1063.28,0.0128
27_26,906.23,909.48,0.0109
27_26,821.56,824.15,0.0089
27_26,930.94,941.93,0.0065
27_26,834.66,839.8,0.0064
27_26,1138.45,1141.96,0.0055
27_26,900.86,903.89,0.0051
27_26,752.49,758.16,0.0048
27_26,1024.77,1027.35,0.0047
27_26,861.02,864.08,0.0047
27_26,964.86,970.29,0.0037
27_26,789.65,792.19,0.0036
27_26,1115.4,1118.46,0.0035
27_26,1122.2,1128.53,0.0031
27_26,1039.19,1051.19,0.0029
27_26,1102.06,1104.68,0.0027
27_26,888.33,899.04,0.0025
27_26,942.02,944.9,0.0024
27_26,949.55,955.39,0.0022
27_26,726.88,749.23,0.0022
27_26,1106.64,1111.98,0.0021
27_26,752.88,787.95,0.0019
27_26,1067.56,1090.92,0.0018
27_26,1102.13,1123.94,0.0017
27_26,959.93,963.21,0.0017
27_26,916.32,926.36,0.0017
27_26,727.93,730.48,0.0017
27_26,630.26,632.74,0.0017
27_26,1043.58,1064.27,0.0017
27_26,1006.07,1009.14,0.0016
27_26,867.25,890.19,0.0016
27_26,681.95,684.66,0.0013
27_26,826.15,864.93,0.0013
27_26,927.16,929.87,0.0012
27_26,697.79,700.63,0.0012
27_26,786.05,828.07,0.0012
27_26,1149.06,1151.84,0.0012
27_26,1001.09,1006.17,0.0012
27_26,753.2,758.77,0.0011
27_26,1152.03,1190.05,0.0011
27_26,899.8,904.9,0.0011
27_26,998.5,1001.46,0.0011
27_26,955.41,965.37,0.0011
27_26,762.26,766.53,0.0011
27_26,1128.61,1131.71,0.0011
27_26,638.8,645.17,0.0011
27_26,835.49,838.22,0.0011
27_26,718.15,721.05,0.001
27_26,685.37,688.52,0.001
27_26,660.85,680.64,0.001
27_26,1108.35,1111.26,0.001
10_47,700.84,713.07,0.9993
10_47,772.38,776.66,0.9992
10_47,615.54,625.43,0.999
10_47,677.54,696.12,0.9986
10_47,741.47,747.18,0.9979
10_47,665.35,676.08,0.9971
10_47,804.96,813.51,0.9958
10_47,836.26,843.52,0.9957
10_47,846.6,858.1,0.9945
10_47,754.89,764.29,0.9944
10_47,829.33,835.74,0.9942
10_47,645.98,653.86,0.9925
10_47,653.94,664.82,0.9902
10_47,631.24,645.94,0.9886
10_47,821.87,828.79,0.9774
10_47,778.77,799.64,0.9749
10_47,818.51,821.52,0.9744
10_47,727.63,741.07,0.9732
10_47,740.82,741.36,0.9304
10_47,804.94,813.52,0.1363
10_47,700.83,713.07,0.1353
10_47,665.34,676.09,0.1352
10_47,631.23,645.97,0.1344
10_47,836.26,843.53,0.1343
10_47,645.98,653.85,0.1341
10_47,846.61,858.08,0.1341
10_47,818.51,821.52,0.1317
10_47,829.34,835.74,0.1288
10_47,1005.84,1012.02,0.0326
10_47,863.87,866.32,0.0259
10_47,741.42,743.73,0.0219
10_47,700.85,713.07,0.0183
10_47,645.97,653.86,0.0182
10_47,631.23,645.94,0.0181
10_47,836.26,843.52,0.018
10_47,1064.69,1067.39,0.0169
10_47,872.37,917.32,0.0153
10_47,877.39,882.61,0.0141
10_47,931.78,942.37,0.0113
10_47,1024.14,1026.94,0.0097
10_47,733.01,738.94,0.0085
10_47,923.77,926.76,0.0082
10_47,615.12,624.1,0.0078
10_47,975.46,978.49,0.0074
10_47,850.4,856.09,0.0071
10_47,666.74,673.18,0.006
10_47,627.88,630.84,0.006
10_47,1031.12,1034.0,0.0059
10_47,856.71,866.73,0.0059
10_47,760.11,762.9,0.0056
10_47,675.48,678.14,0.0052
10_47,749.44,752.47,0.0051
10_47,715.72,722.06,0.0049
10_47,737.73,740.68,0.0047
10_47,800.42,819.99,0.0046
10_47,994.94,1000.12,0.0043
10_47,894.66,897.49,0.0039
10_47,743.14,745.69,0.0038
10_47,902.98,906.03,0.0037
10_47,855.24,857.77,0.0037
10_47,963.3,966.12,0.0036
10_47,812.61,822.42,0.0035
10_47,1035.7,1038.08,0.0033
10_47,1057.64,1067.84,0.0033
10_47,776.9,779.35,0.0031
10_47,955.0,957.61,0.003
10_47,783.71,794.94,0.0029
10_47,818.66,829.69,0.0028
10_47,747.09,752.85,0.0027
10_47,850.0,852.61,0.0027
10_47,756.12,762.45,0.0027
10_47,866.27,872.24,0.0025
10_47,880.54,886.35,0.0025
10_47,845.66,848.01,0.0024
10_47,1020.63,1023.03,0.0024
10_47,766.19,772.24,0.0023
10_47,987.13,996.98,0.0023
10_47,638.17,644.42,0.0023
10_47,1070.76,1074.11,0.0022
10_47,1059.39,1062.03,0.0021
10_47,692.61,701.83,0.002
10_47,780.42,782.4,0.002
10_47,861.75,942.24,0.002
10_47,713.27,736.98,0.0019
10_47,836.09,847.35,0.0019
10_47,929.14,948.56,0.0018
10_47,682.35,692.3,0.0018
10_47,965.88,971.24,0.0018
10_47,863.24,866.11,0.0017
10_47,805.76,811.61,0.0017
10_47,761.29,840.73,0.0017
10_47,789.6,795.51,0.0017
10_47,726.12,728.81,0.0016
10_47,893.14,899.3,0.0016
10_47,661.87,701.51,0.0016
10_47,1024.54,1035.87,0.0015
10_47,1046.44,1057.78,0.0015
10_47,739.86,777.37,0.0015
10_47,625.32,631.3,0.0014
10_47,971.63,978.47,0.0014
10_47,998.0,1003.12,0.0014
10_47,1062.77,1065.12,0.0014
10_47,828.67,837.23,0.0013
10_47,867.91,870.75,0.0013
10_47,979.31,985.34,0.0013
10_47,935.7,938.49,0.0013
10_47,951.68,957.79,0.0012
10_47,996.1,998.59,0.0012
10_47,613.72,614.88,0.0012
10_47,712.86,724.72,0.0012
10_47,698.96,701.44,0.0012
10_47,1002.27,1005.16,0.0011
10_47,822.21,827.79,0.0011
10_47,908.02,910.6,0.0011
10_47,655.67,665.82,0.0011
10_47,703.01,709.58,0.0011
10_47,810.98,813.63,0.001
10_47,632.68,639.03,0.001
10_47,1002.82,1045.96,0.001
22_26,852.29,894.0,0.9997
22_26,700.51,709.2,0.9945
22_26,910.4,916.8,0.9944
22_26,760.84,789.29,0.9942
22_26,791.41,813.88,0.993
22_26,734.71,745.19,0.9923
22_26,891.62,898.81,0.9913
22_26,820.81,827.11,0.9904
22_26,665.7,670.51,0.99
22_26,669.91,688.81,0.9854
22_26,633.02,662.67,0.9697
22_26,832.5,847.21,0.9535
22_26,760.81,789.32,0.1356
22_26,700.5,709.2,0.135
22_26,665.7,670.51,0.1337
22_26,910.4,916.79,0.1336
22_26,820.81,827.11,0.1329
22_26,852.32,894.0,0.1323
22_26,891.62,898.82,0.1312
22_26,891.61,898.82,0.0176
22_26,1055.83,1062.65,0.0121
22_26,953.73,956.75,0.0093
22_26,871.19,874.02,0.0077
22_26,690.37,700.67,0.0068
22_26,790.57,802.23,0.0068
22_26,982.66,1004.91,0.0066
22_26,858.83,869.76,0.0057
22_26,675.35,754.64,0.0052
22_26,985.9,991.69,0.0051
22_26,666.13,668.48,0.0045
22_26,786.94,789.64,0.0043
22_26,710.01,731.77,0.004
22_26,930.99,934.28,0.0037
22_26,911.12,913.85,0.0033
22_26,745.75,748.57,0.0033
22_26,822.96,826.34,0.0032
22_26,1019.96,1031.42,0.003
22_26,656.94,659.41,0.0029
22_26,670.48,675.8,0.0026
22_26,662.52,665.66,0.0026
22_26,690.48,693.04,0.0024
22_26,981.75,1067.26,0.0021
22_26,1097.08,1108.79,0.0021
22_26,887.12,889.86,0.002
22_26,879.9,882.42,0.002
22_26,777.1,788.41,0.002
22_26,941.14,943.81,0.0018
22_26,686.56,691.57,0.0018
22_26,933.5,939.47,0.0018
22_26,844.09,919.24,0.0017
22_26,619.84,641.85,0.0017
22_26,1129.71,1135.67,0.0015
22_26,747.74,793.11,0.0015
22_26,924.45,935.3,0.0014
22_26,984.1,995.51,0.0014
22_26,901.65,923.75,0.0014
22_26,1114.86,1117.68,0.0014
22_26,1043.49,1049.46,0.0014
22_26,1089.67,1129.55,0.0013
22_26,798.66,801.33,0.0013
22_26,742.28,744.85,0.0012
22_26,995.37,1006.65,0.0012
22_26,647.74,653.39,0.0011
22_26,639.72,642.45,0.0011
22_26,729.97,732.61,0.0011
22_26,734.53,740.14,0.0011
22_26,937.27,975.35,0.0011
22_26,1135.11,1147.8,0.0011
22_26,1028.58,1031.28,0.0011
22_26,744.82,750.49,0.0011
22_26,616.62,619.64,0.001
22_26,709.11,720.29,0.001
22_26,795.31,798.4,0.001
22_26,866.21,890.36,0.001
7_24,933.22,961.74,0.9998
7_24,871.45,883.53,0.998
7_24,720.46,868.87,0.9978
7_24,615.97,653.79,0.9959
7_24,967.01,1011.38,0.9945
7_24,654.8,680.79,0.9943
7_24,691.32,719.4,0.9914
7_24,883.03,907.46,0.9891
7_24,907.21,930.86,0.9868
7_24,1013.73,1024.79,0.9855
7_24,961.5,967.16,0.9731
7_24,720.96,868.43,0.1383
7_24,871.44,883.54,0.1357
7_24,615.96,653.76,0.1346
7_24,654.82,680.79,0.1346
7_24,691.34,719.37,0.1345
7_24,907.23,930.85,0.1319
7_24,871.44,883.53,0.0183
7_24,691.34,719.39,0.018
7_24,848.08,858.78,0.0134
7_24,1139.35,1151.52,0.0106
7_24,784.7,787.27,0.0093
7_24,862.83,871.96,0.0078
7_24,625.62,637.79,0.0068
7_24,1152.25,1158.23,0.0059
7_24,770.31,776.48,0.0057
7_24,1052.22,1063.57,0.0056
7_24,1014.92,1017.91,0.0054
7_24,1007.57,1013.13,0.0052
7_24,859.82,865.88,0.0049
7_24,908.77,910.97,0.0049
7_24,755.62,813.14,0.0048
7_24,1062.31,1075.26,0.0047
7_24,1145.94,1151.7,0.0047
7_24,1111.33,1124.05,0.0043
7_24,681.16,692.63,0.0041
7_24,925.0,960.12,0.0039
7_24,691.99,694.74,0.0036
7_24,720.06,739.61,0.0034
7_24,950.06,960.55,0.0032
7_24,1012.7,1023.86,0.0029
7_24,776.56,779.6,0.0027
7_24,966.38,972.37,0.0027
7_24,733.62,738.77,0.0026
7_24,1021.37,1026.59,0.0025
7_24,1133.76,1226.04,0.0025
7_24,717.28,722.69,0.0024
7_24,1073.74,1085.21,0.0021
7_24,865.51,871.2,0.0021
7_24,874.25,877.29,0.002
7_24,841.03,852.87,0.0019
7_24,928.43,933.96,0.0019
7_24,1130.04,1139.94,0.0019
7_24,938.31,941.43,0.0019
7_24,834.4,840.45,0.0019
7_24,984.08,996.06,0.0018
7_24,878.02,883.8,0.0017
7_24,808.76,811.46,0.0017
7_24,697.56,709.45,0.0016
7_24,924.87,927.88,0.0016
7_24,816.2,839.4,0.0015
7_24,673.54,675.76,0.0015
7_24,977.59,982.93,0.0014
7_24,658.65,696.96,0.0014
7_24,1099.45,1110.6,0.0014
7_24,759.31,765.78,0.0014
7_24,650.02,652.59,0.0013
7_24,1056.02,1076.61,0.0013
7_24,662.6,665.4,0.0013
7_24,803.47,809.6,0.0013
7_24,728.92,734.76,0.0013
7_24,734.04,745.72,0.0012
7_24,933.53,971.08,0.0012
7_24,1030.53,1036.76,0.0012
7_24,1043.61,1054.85,0.0011
7_24,1013.04,1015.57,0.0011
7_24,1084.34,1087.2,0.0011
7_24,906.53,909.06,0.001
7_24,617.61,643.17,0.001
28_45,817.8,870.81,0.9992
28_45,1035.29,1039.6,0.9983
28_45,892.82,943.37,0.9981
28_45,623.51,688.63,0.9963
28_45,873.83,881.61,0.9956
28_45,945.92,957.15,0.9949
28_45,745.63,754.26,0.9933
28_45,983.48,1008.52,0.9918
28_45,960.61,975.28,0.9864
28_45,793.1,813.41,0.9847
28_45,708.94,740.0,0.9693
28_45,1020.61,1036.15,0.9598
28_45,691.67,706.78,0.9286
28_45,817.79,870.75,0.1359
28_45,873.84,881.6,0.1355
28_45,745.63,754.26,0.1345
28_45,623.46,688.7,0.1338
28_45,983.47,1008.52,0.1332
28_45,1035.29,1039.6,0.1321
28_45,892.82,943.3,0.1304
28_45,623.45,688.64,0.0181
28_45,873.84,881.61,0.018
28_45,817.7,870.75,0.0177
28_45,736.0,745.61,0.0111
28_45,1148.17,1153.75,0.0084
28_45,793.22,803.7,0.0082
28_45,918.27,941.52,0.0075
28_45,1037.46,1078.98,0.0072
28_45,956.5,961.56,0.007
28_45,658.42,661.27,0.0062
28_45,881.27,892.83,0.006
28_45,737.78,740.5,0.0046
28_45,1069.24,1080.97,0.0046
28_45,1005.23,1025.85,0.0045
28_45,777.91,780.77,0.0042
28_45,955.74,976.37,0.0042
28_45,686.63,689.4,0.004
28_45,900.91,913.02,0.0036
28_45,1078.45,1084.74,0.0036
28_45,690.58,700.89,0.0033
28_45,623.77,658.99,0.0032
28_45,824.81,835.38,0.0031
28_45,753.28,765.62,0.003
28_45,933.17,944.46,0.0028
28_45,1044.64,1047.29,0.0025
28_45,780.59,793.4,0.0023
28_45,793.55,799.88,0.0023
28_45,896.55,899.63,0.0023
28_45,1123.66,1129.29,0.0022
28_45,1153.28,1156.11,0.0022
28_45,942.44,961.32,0.0021
28_45,1109.7,1112.21,0.002
28_45,798.22,810.37,0.0019
28_45,991.58,994.6,0.0019
28_45,993.97,1006.52,0.0018
28_45,925.08,931.27,0.0018
28_45,979.34,984.86,0.0017
28_45,663.06,685.08,0.0017
28_45,713.33,716.08,0.0017
28_45,939.78,945.93,0.0016
28_45,1155.51,1160.77,0.0016
28_45,750.03,753.04,0.0015
28_45,1064.62,1070.77,0.0015
28_45,619.86,622.66,0.0015
28_45,868.03,870.58,0.0014
28_45,910.96,917.32,0.0014
28_45,652.12,657.83,0.0013
28_45,960.7,966.19,0.0013
28_45,882.31,888.26,0.0013
28_45,813.52,818.75,0.0012
28_45,710.9,731.45,0.0012
28_45,678.54,681.4,0.0012
28_45,1013.64,1019.27,0.0012
28_45,965.19,971.72,0.0012
28_45,734.55,737.64,0.0011
28_45,865.02,874.43,0.0011
28_45,1114.14,1125.14,0.0011
28_45,694.33,700.25,0.0011
28_45,1084.15,1095.91,0.0011
28_45,1154.59,1176.43,0.001
28_45,1094.3,1096.8,0.001
21_24,828.95,853.34,0.9998
21_24,615.09,644.16,0.9988
21_24,666.51,701.67,0.9978
21_24,851.99,952.77,0.9963
21_24,644.2,663.79,0.9962
21_24,1018.5,1025.27,0.9957
21_24,1025.96,1036.09,0.991
21_24,727.38,743.26,0.9898
21_24,952.15,982.62,0.9894
21_24,983.33,1003.6,0.9894
21_24,743.78,764.33,0.9874
21_24,701.87,715.67,0.9825
21_24,772.97,828.69,0.9822
21_24,1003.61,1015.11,0.9793
21_24,727.41,743.25,0.1349
21_24,952.19,982.64,0.1346
21_24,828.94,853.35,0.1332
21_24,615.09,644.17,0.1297
21_24,952.18,982.64,0.018
21_24,964.97,971.65,0.0096
21_24,704.26,710.51,0.0089
21_24,660.5,741.27,0.0057
21_24,986.24,997.84,0.0047
21_24,744.51,756.85,0.0046
21_24,716.94,719.76,0.0042
21_24,982.08,1065.91,0.0038
21_24,704.31,727.75,0.0034
21_24,649.97,655.79,0.0031
21_24,849.77,861.66,0.003
21_24,765.03,787.72,0.003
21_24,1034.5,1120.36,0.0028
21_24,885.29,906.79,0.0024
21_24,856.27,867.56,0.0024
21_24,720.22,722.93,0.0023
21_24,1021.36,1024.43,0.002
21_24,613.47,648.89,0.0019
21_24,1013.41,1034.23,0.0019
21_24,908.9,911.94,0.0018
21_24,779.22,782.36,0.0018
21_24,672.07,678.52,0.0018
21_24,618.14,620.36,0.0018
21_24,1135.53,1225.23,0.0017
21_24,1118.33,1123.62,0.0017
21_24,737.38,743.17,0.0017
21_24,831.15,833.99,0.0014
21_24,1094.61,1107.13,0.0014
21_24,1027.49,1033.93,0.0013
21_24,827.85,830.69,0.0013
21_24,1076.61,1082.46,0.0013
21_24,790.96,796.72,0.0012
21_24,1129.85,1132.43,0.0012
21_24,889.99,902.25,0.0012
21_24,980.24,1018.94,0.0012
21_24,850.73,853.66,0.0012
21_24,918.72,924.48,0.0012
21_24,976.3,981.95,0.0012
21_24,692.76,695.44,0.0012
21_24,743.8,749.87,0.0012
21_24,651.37,654.48,0.0011
21_24,746.94,830.76,0.0011
21_24,945.08,948.12,0.0011
21_24,722.69,761.67,0.001
21_24,1009.51,1056.29,0.001
12_9,835.38,849.46,0.9997
12_9,787.64,798.35,0.9968
12_9,728.94,739.89,0.9936
12_9,661.09,679.24,0.9909
12_9,712.77,721.16,0.9887
12_9,626.4,633.19,0.9867
12_9,750.57,766.23,0.983
12_9,641.27,645.44,0.9799
12_9,689.8,702.38,0.974
12_9,626.4,633.18,0.134
12_9,835.39,849.48,0.1338
12_9,835.38,849.47,0.018
12_9,882.3,888.74,0.0176
12_9,822.02,833.9,0.0109
12_9,798.74,809.78,0.0105
12_9,768.45,774.0,0.0095
12_9,1009.46,1015.22,0.0089
12_9,924.16,936.27,0.0069
12_9,673.35,710.59,0.0062
12_9,729.51,771.32,0.0061
12_9,615.25,626.52,0.0059
12_9,984.11,995.49,0.0058
12_9,849.06,893.22,0.0057
12_9,768.12,792.81,0.0057
12_9,661.93,664.85,0.0056
12_9,730.14,735.93,0.0054
12_9,688.31,690.99,0.0053
12_9,790.81,796.63,0.0051
12_9,614.69,617.39,0.0044
12_9,1004.56,1017.43,0.0043
12_9,629.38,632.48,0.0041
12_9,876.06,881.95,0.0034
12_9,720.42,730.2,0.0032
12_9,766.61,778.17,0.0032
12_9,879.93,890.27,0.0029
12_9,831.84,834.52,0.0029
12_9,662.88,682.94,0.0028
12_9,753.78,764.92,0.0027
12_9,700.78,712.4,0.0026
12_9,1025.42,1048.49,0.0024
12_9,929.72,935.11,0.0021
12_9,836.49,842.7,0.0019
12_9,824.5,834.59,0.0019
12_9,763.09,768.71,0.0018
12_9,670.22,675.9,0.0017
12_9,637.4,660.32,0.0017
12_9,820.24,826.65,0.0017
12_9,923.65,970.74,0.0016
12_9,806.84,812.4,0.0015
12_9,861.88,864.93,0.0015
12_9,738.15,748.12,0.0014
12_9,795.97,798.61,0.0014
12_9,979.35,985.52,0.0014
12_9,1014.13,1034.32,0.0014
12_9,631.96,634.33,0.0014
12_9,886.09,888.73,0.0014
12_9,685.22,705.64,0.0013
12_9,765.07,841.45,0.0012
12_9,775.08,777.96,0.0011
12_9,1026.82,1031.77,0.0011
12_9,856.63,863.03,0.0011
8_11,752.4,779.9,0.9986
8_11,618.27,663.63,0.9978
8_11,781.8,799.88,0.9957
8_11,667.67,707.1,0.9952
8_11,707.75,732.26,0.9902
8_11,799.76,836.26,0.97
8_11,733.26,749.68,0.9664
8_11,781.79,799.89,0.1353
8_11,707.73,732.22,0.135
8_11,752.39,779.89,0.1342
8_11,667.67,707.1,0.1324
8_11,667.01,673.01,0.0093
8_11,707.38,710.24,0.0083
8_11,942.5,945.51,0.008
8_11,763.79,776.47,0.0072
8_11,1015.88,1028.64,0.0072
8_11,660.13,662.8,0.0067
8_11,648.1,727.55,0.0057
8_11,734.75,746.43,0.0043
8_11,1003.51,1027.75,0.0042
8_11,910.57,913.4,0.0041
8_11,800.27,820.66,0.004
8_11,900.39,903.23,0.0038
8_11,747.56,750.13,0.0036
8_11,919.08,921.72,0.0032
8_11,687.5,693.28,0.0031
8_11,987.33,990.24,0.0029
8_11,993.69,999.08,0.0029
8_11,619.96,642.21,0.0027
8_11,878.33,884.5,0.0027
8_11,860.2,863.41,0.0025
8_11,711.23,713.78,0.0025
8_11,890.75,897.0,0.0025
8_11,1010.27,1013.11,0.0024
8_11,678.67,703.39,0.0024
8_11,967.45,978.39,0.0023
8_11,839.29,845.52,0.0021
8_11,926.27,928.84,0.002
8_11,906.8,912.99,0.0019
8_11,1024.02,1037.13,0.0019
8_11,739.67,745.12,0.0019
8_11,787.3,792.96,0.0019
8_11,992.41,994.73,0.0018
8_11,670.09,672.68,0.0017
8_11,867.92,870.53,0.0017
8_11,617.91,620.26,0.0016
8_11,693.49,699.58,0.0016
8_11,831.39,837.01,0.0016
8_11,897.7,977.55,0.0015
8_11,982.44,993.53,0.0015
8_11,844.98,857.01,0.0015
8_11,648.12,653.52,0.0014
8_11,947.84,953.11,0.0014
8_11,673.68,676.56,0.0013
8_11,744.29,746.92,0.0012
8_11,638.32,644.1,0.0011
8_11,939.54,942.19,0.0011
26_30,890.99,923.91,0.9994
26_30,934.05,948.26,0.9983
26_30,732.79,762.81,0.9981
26_30,827.61,843.72,0.9977
26_30,663.86,679.97,0.9971
26_30,767.3,797.68,0.9964
26_30,616.33,636.48,0.996
26_30,853.15,880.03,0.9942
26_30,1016.0,1033.65,0.9938
26_30,703.98,727.21,0.9934
26_30,797.99,820.9,0.9923
26_30,1034.37,1076.41,0.9903
26_30,643.64,663.11,0.9902
26_30,948.27,953.07,0.9893
26_30,953.53,961.02,0.9867
26_30,966.27,1014.97,0.9788
26_30,820.46,823.32,0.9725
26_30,934.04,948.28,0.1361
26_30,663.88,679.98,0.1358
26_30,732.81,762.8,0.1354
26_30,890.99,923.92,0.1351
26_30,853.11,880.07,0.1345
26_30,767.28,797.69,0.1339
26_30,953.53,961.03,0.1325
26_30,1034.4,1076.43,0.1321
26_30,663.87,679.97,0.0183
26_30,732.81,762.79,0.0182
26_30,853.1,880.07,0.0181
26_30,767.3,797.66,0.0181
26_30,934.04,948.27,0.0173
26_30,1036.77,1061.65,0.0118
26_30,724.76,729.95,0.0111
26_30,1021.22,1026.62,0.0101
26_30,919.94,925.66,0.0092
26_30,617.73,620.55,0.0088
26_30,848.99,855.52,0.0081
26_30,615.12,634.36,0.0063
26_30,1152.24,1154.81,0.0056
26_30,928.39,930.99,0.0052
26_30,1155.52,1158.32,0.0052
26_30,1119.05,1122.1,0.0048
26_30,1142.45,1145.64,0.0048
26_30,948.48,954.03,0.0046
26_30,640.53,651.92,0.0045
26_30,862.11,868.09,0.0039
26_30,691.04,693.46,0.0036
26_30,1144.8,1150.38,0.0035
26_30,588.43,636.03,0.0035
26_30,1046.77,1070.3,0.003
26_30,1007.18,1010.02,0.003
26_30,793.96,796.67,0.0029
26_30,893.03,895.65,0.0029
26_30,1080.12,1082.92,0.0027
26_30,852.75,858.16,0.0027
26_30,1101.68,1104.15,0.0024
26_30,896.08,902.35,0.0022
26_30,692.59,695.13,0.0022
26_30,651.66,657.9,0.0021
26_30,982.77,1006.5,0.0021
26_30,1092.92,1095.6,0.002
26_30,822.91,825.3,0.002
26_30,667.85,670.67,0.0019
26_30,881.54,892.97,0.0019
26_30,683.65,705.72,0.0019
26_30,792.69,795.55,0.0019
26_30,1114.45,1119.83,0.0018
26_30,749.22,761.17,0.0018
26_30,1107.34,1110.37,0.0018
26_30,725.99,728.78,0.0017
26_30,1084.47,1087.12,0.0017
26_30,676.42,679.31,0.0017
26_30,909.25,914.99,0.0017
26_30,779.67,791.51,0.0016
26_30,969.46,972.07,0.0015
26_30,1086.39,1089.67,0.0014
26_30,961.15,967.21,0.0014
26_30,1132.89,1145.62,0.0014
26_30,762.01,767.7,0.0014
26_30,636.73,643.01,0.0013
26_30,664.5,672.63,0.0013
26_30,696.1,707.34,0.0013
26_30,983.84,989.65,0.0013
26_30,849.45,852.18,0.0012
26_30,877.48,880.33,0.0012
26_30,1014.58,1017.53,0.0012
26_30,950.89,961.7,0.0012
26_30,890.89,893.57,0.0012
26_30,880.88,885.83,0.0012
26_30,770.65,773.6,0.0012
26_30,772.64,778.59,0.0011
26_30,1063.97,1073.85,0.0011
26_30,846.66,849.43,0.0011
26_30,673.2,676.02,0.0011
26_30,690.62,696.08,0.0011
26_30,832.31,843.73,0.0011
26_30,719.93,726.33,0.0011
26_30,808.19,813.49,0.001
26_30,975.13,977.88,0.001
26_30,1073.59,1084.67,0.001
22_4,797.25,801.21,0.9996
22_4,777.19,797.26,0.9983
22_4,983.28,1005.55,0.9966
22_4,650.68,776.77,0.9926
22_4,1203.72,1212.31,0.9913
22_4,1028.75,1169.28,0.9898
22_4,869.49,890.13,0.9896
22_4,801.25,864.6,0.9843
22_4,900.58,924.01,0.9686
22_4,1169.01,1187.88,0.968
22_4,1212.84,1227.41,0.9636
22_4,616.25,645.94,0.9559
22_4,777.17,797.26,0.1352
22_4,1028.71,1169.11,0.1336
22_4,750.07,752.89,0.0125
22_4,1139.27,1145.47,0.0099
22_4,1092.6,1104.59,0.0089
22_4,803.83,813.57,0.0082
22_4,868.38,902.21,0.008
22_4,1200.6,1225.92,0.0066
22_4,808.98,848.94,0.0066
22_4,843.01,864.78,0.0061
22_4,1101.76,1104.35,0.0058
22_4,900.45,903.53,0.0052
22_4,1117.99,1124.34,0.0046
22_4,651.6,662.74,0.0037
22_4,1016.92,1019.99,0.0035
22_4,1006.4,1011.74,0.0024
22_4,891.42,923.42,0.0023
22_4,1220.3,1226.92,0.0022
22_4,778.42,791.63,0.0021
22_4,774.19,776.66,0.0021
22_4,729.65,770.18,0.002
22_4,615.98,626.18,0.0019
22_4,633.97,645.41,0.0019
22_4,923.62,961.11,0.0019
22_4,1203.7,1213.35,0.0017
22_4,1035.5,1055.87,0.0017
22_4,742.98,748.26,0.0017
22_4,911.33,923.67,0.0017
22_4,654.6,749.74,0.0015
22_4,1074.09,1086.05,0.0015
22_4,624.86,637.45,0.0015
22_4,622.56,625.42,0.0015
22_4,1116.13,1135.02,0.0015
22_4,946.21,1033.67,0.0013
22_4,643.85,649.06,0.0013
22_4,1113.47,1116.14,0.0013
22_4,957.7,960.24,0.0013
22_4,1025.22,1036.08,0.0012
22_4,1150.39,1163.12,0.0012
22_4,1081.72,1084.9,0.0012
22_4,768.26,777.01,0.0011
22_4,795.14,804.92,0.0011
22_4,923.5,928.63,0.0011
22_4,1188.26,1194.55,0.001
4_32,951.77,983.67,0.9976
4_32,678.08,692.66,0.9964
4_32,1001.82,1014.77,0.9962
4_32,737.34,747.11,0.995
4_32,762.8,765.33,0.9884
4_32,785.33,788.6,0.983
4_32,799.56,932.76,0.9781
4_32,765.34,767.13,0.9737
4_32,796.11,797.5,0.9734
4_32,715.3,726.73,0.9668
4_32,993.0,997.18,0.9653
4_32,634.01,662.43,0.9621
4_32,960.67,966.46,0.9313
4_32,1001.81,1014.76,0.1351
4_32,678.07,692.67,0.1342
4_32,762.8,765.33,0.1335
4_32,785.33,788.6,0.1322
4_32,765.34,767.13,0.129
4_32,951.72,983.66,0.1273
4_32,960.67,966.46,0.1182
4_32,1143.7,1146.63,0.0185
4_32,678.08,692.66,0.0181
4_32,1001.79,1014.77,0.018
4_32,951.74,983.65,0.016
4_32,960.67,966.46,0.0149
4_32,797.44,799.64,0.0128
4_32,947.65,953.24,0.0127
4_32,870.82,919.56,0.0114
4_32,984.83,990.74,0.0094
4_32,1016.77,1039.22,0.0089
4_32,617.14,620.04,0.0076
4_32,725.47,728.35,0.0073
4_32,816.13,837.83,0.007
4_32,674.37,677.27,0.0068
4_32,783.7,789.27,0.006
4_32,952.13,961.65,0.0058
4_32,879.06,891.45,0.0055
4_32,629.37,632.5,0.0053
4_32,620.19,622.85,0.0051
4_32,1042.77,1065.34,0.005
4_32,1138.46,1144.42,0.0049
4_32,696.05,718.27,0.0049
4_32,836.38,848.13,0.0049
4_32,1118.2,1123.69,0.0044
4_32,712.13,716.49,0.0043
4_32,1002.56,1005.13,0.0042
4_32,746.58,751.55,0.0038
4_32,692.51,703.49,0.0037
4_32,1129.57,1139.76,0.0036
4_32,671.67,674.52,0.0036
4_32,1159.29,1162.15,0.0034
4_32,627.43,639.2,0.0033
4_32,660.56,678.54,0.0033
4_32,1123.88,1126.57,0.0032
4_32,1108.09,1119.0,0.0032
4_32,1135.03,1137.91,0.003
4_32,992.45,1002.94,0.003
4_32,1026.59,1028.92,0.0029
4_32,893.99,900.01,0.0028
4_32,792.09,813.73,0.0028
4_32,1031.6,1038.19,0.0027
4_32,975.24,981.29,0.0027
4_32,938.83,941.73,0.0025
4_32,738.3,744.12,0.0024
4_32,1123.24,1129.31,0.0022
4_32,812.95,824.91,0.0021
4_32,778.4,781.12,0.002
4_32,1109.63,1112.28,0.002
4_32,679.17,682.17,0.0019
4_32,852.04,864.33,0.0019
4_32,1045.26,1051.76,0.0019
4_32,1140.87,1143.82,0.0018
4_32,1001.8,1007.63,0.0017
4_32,1022.52,1025.21,0.0017
4_32,674.91,677.61,0.0017
4_32,906.72,913.03,0.0016
4_32,789.35,792.46,0.0016
4_32,768.5,780.29,0.0015
4_32,1156.09,1158.67,0.0015
4_32,1147.42,1150.14,0.0014
4_32,830.34,851.35,0.0014
4_32,1158.66,1164.64,0.0013
4_32,656.85,661.69,0.0013
4_32,752.53,758.21,0.0013
4_32,1098.56,1101.06,0.0012
4_32,1077.96,1081.14,0.0012
4_32,785.08,791.06,0.0012
4_32,1013.81,1019.61,0.0012
4_32,662.51,673.85,0.0012
4_32,826.04,828.48,0.0012
4_32,896.27,898.95,0.0011
4_32,867.79,911.32,0.0011
4_32,1013.27,1053.15,0.0011
4_32,700.11,712.17,0.0011
4_32,771.31,774.31,0.0011
4_32,936.84,939.42,0.001
4_32,680.13,683.07,0.001
4_32,990.59,993.39,0.001
4_32,741.95,747.22,0.001
4_32,1096.19,1099.06,0.001
27_4,631.38,637.39,0.9996
27_4,757.31,762.79,0.999
27_4,732.68,754.56,0.9986
27_4,679.02,728.8,0.9978
27_4,772.68,855.16,0.9963
27_4,944.02,957.71,0.9955
27_4,869.02,892.53,0.9951
27_4,911.72,925.96,0.993
27_4,927.06,943.48,0.9915
27_4,659.31,672.98,0.99
27_4,903.51,910.08,0.99
27_4,772.66,855.32,0.1353
27_4,757.31,762.79,0.1348
27_4,911.72,925.96,0.1343
27_4,869.02,892.54,0.1343
27_4,631.37,637.4,0.1342
27_4,679.02,728.84,0.1337
27_4,820.85,823.89,0.0216
27_4,911.73,925.95,0.0179
27_4,1097.38,1109.07,0.0165
27_4,1068.0,1070.51,0.016
27_4,762.55,768.77,0.012
27_4,637.49,647.81,0.0119
27_4,828.52,839.83,0.0078
27_4,749.31,752.38,0.0063
27_4,769.28,774.67,0.0062
27_4,961.71,966.73,0.0061
27_4,896.55,899.59,0.0058
27_4,1063.46,1069.33,0.0058
27_4,681.25,692.64,0.0058
27_4,930.96,941.53,0.0042
27_4,745.24,748.06,0.0041
27_4,889.17,892.05,0.0039
27_4,638.72,658.44,0.0037
27_4,849.16,855.26,0.0036
27_4,715.98,722.02,0.0034
27_4,823.84,829.35,0.0033
27_4,1042.84,1065.04,0.0032
27_4,966.0,968.87,0.0031
27_4,1085.49,1107.4,0.0029
27_4,666.15,669.4,0.0028
27_4,976.36,981.72,0.0025
27_4,754.24,773.56,0.0025
27_4,779.38,800.54,0.0025
27_4,796.26,842.62,0.0023
27_4,753.54,756.79,0.0022
27_4,738.41,751.18,0.0022
27_4,865.21,867.97,0.0021
27_4,1045.84,1049.12,0.0021
27_4,1026.57,1038.62,0.002
27_4,720.04,726.26,0.0019
27_4,940.07,945.72,0.0019
27_4,658.99,678.15,0.0018
27_4,681.24,703.22,0.0018
27_4,955.77,974.13,0.0018
27_4,1083.16,1088.88,0.0017
27_4,984.08,1066.72,0.0016
27_4,1032.63,1035.39,0.0015
27_4,960.18,963.02,0.0015
27_4,900.79,903.96,0.0013
27_4,1149.45,1154.74,0.0013
27_4,968.26,971.12,0.0013
27_4,1130.41,1135.74,0.0012
27_4,988.9,991.77,0.0012
27_4,882.24,892.37,0.0012
27_4,796.03,798.62,0.0012
27_4,1013.51,1019.76,0.0012
27_4,1076.28,1082.33,0.0012
27_4,783.88,794.95,0.0011
27_4,921.28,924.31,0.0011
27_4,1112.66,1115.41,0.0011
27_4,707.9,710.83,0.0011
27_4,934.07,936.82,0.0011
27_4,620.93,639.84,0.001
22_24,781.23,805.07,0.9956
22_24,619.24,724.69,0.9938
22_24,744.63,769.13,0.9915
22_24,856.96,898.69,0.99
22_24,819.17,853.73,0.9893
22_24,812.23,816.65,0.9868
22_24,901.92,1024.1,0.9864
22_24,1026.31,1228.8,0.9564
22_24,725.69,744.06,0.9335
22_24,744.65,769.14,0.1344
22_24,812.23,816.65,0.1334
22_24,901.64,1024.11,0.1332
22_24,619.01,724.66,0.1331
22_24,744.6,769.12,0.0184
22_24,767.97,783.8,0.0112
22_24,1028.0,1073.93,0.0106
22_24,1145.21,1157.7,0.0064
22_24,778.78,780.91,0.005
22_24,772.04,805.14,0.0047
22_24,978.42,1001.93,0.0044
22_24,768.0,778.2,0.004
22_24,1083.2,1225.54,0.0039
22_24,1177.31,1184.6,0.0039
22_24,872.61,899.21,0.0037
22_24,856.49,875.85,0.0035
22_24,1216.88,1224.13,0.0035
22_24,989.66,992.29,0.0032
22_24,833.98,854.12,0.0031
22_24,729.17,742.78,0.0025
22_24,1088.3,1090.93,0.0025
22_24,1134.53,1160.5,0.0024
22_24,909.45,934.01,0.0024
22_24,1024.16,1042.36,0.0022
22_24,861.99,867.47,0.0022
22_24,799.07,805.62,0.002
22_24,693.63,715.68,0.002
22_24,1004.87,1007.69,0.0019
22_24,1059.13,1066.07,0.0017
22_24,996.24,1018.79,0.0017
22_24,619.49,631.28,0.0016
22_24,1115.5,1122.51,0.0016
22_24,613.68,615.0,0.0014
22_24,810.9,898.22,0.0014
22_24,1155.66,1158.84,0.0014
22_24,856.64,858.68,0.0013
22_24,1192.06,1228.8,0.0013
22_24,777.45,782.19,0.0013
22_24,1161.07,1186.08,0.0012
22_24,727.49,730.6,0.0012
22_24,1052.82,1140.07,0.0012
22_24,809.78,830.1,0.0011
22_24,890.7,900.2,0.0011
22_24,1011.21,1017.68,0.0011
22_24,806.96,809.34,0.001
10_31,614.41,637.35,0.9986
10_31,728.13,737.56,0.9984
10_31,653.86,682.78,0.9979
10_31,817.05,826.95,0.9975
10_31,780.3,794.43,0.9971
10_31,737.66,748.23,0.996
10_31,748.3,770.22,0.9949
10_31,697.12,714.25,0.9924
10_31,684.39,695.71,0.9884
10_31,795.2,797.86,0.9878
10_31,643.35,652.71,0.9835
10_31,806.56,807.76,0.9789
10_31,809.07,812.27,0.9655
10_31,813.87,816.53,0.9649
10_31,711.6,727.93,0.9611
10_31,807.96,808.84,0.9541
10_31,728.13,737.55,0.1353
10_31,653.84,682.79,0.135
10_31,780.29,794.44,0.1349
10_31,614.4,637.36,0.1349
10_31,817.05,826.94,0.1345
10_31,806.55,807.76,0.1341
10_31,697.1,714.27,0.1325
10_31,684.39,695.71,0.1321
10_31,813.87,816.53,0.1309
10_31,795.2,797.86,0.13
10_31,711.61,727.92,0.1281
10_31,1005.78,1016.92,0.0266
10_31,614.43,637.35,0.0183
10_31,653.88,682.76,0.0181
10_31,780.28,794.44,0.018
10_31,802.05,804.59,0.0157
10_31,984.75,990.51,0.0148
10_31,808.69,814.23,0.0135
10_31,794.87,816.69,0.0115
10_31,786.51,788.89,0.0114
10_31,878.62,881.22,0.01
10_31,599.15,632.12,0.0098
10_31,972.07,977.47,0.0094
10_31,733.16,735.53,0.0075
10_31,897.01,899.3,0.0071
10_31,923.98,926.66,0.0071
10_31,826.25,846.95,0.0056
10_31,793.52,795.45,0.0043
10_31,965.59,976.64,0.0043
10_31,786.25,792.44,0.0041
10_31,729.29,734.6,0.0038
10_31,630.71,636.16,0.0037
10_31,1015.87,1021.52,0.0032
10_31,794.14,806.34,0.003
10_31,1001.55,1003.87,0.0029
10_31,636.55,654.29,0.0026
10_31,1005.05,1007.77,0.0025
10_31,714.47,727.05,0.0025
10_31,893.24,896.55,0.0025
10_31,1020.17,1039.65,0.0025
10_31,681.21,686.39,0.0024
10_31,709.89,713.26,0.0023
10_31,635.27,637.45,0.0023
10_31,920.85,923.38,0.0021
10_31,956.82,962.91,0.002
10_31,948.32,958.33,0.0018
10_31,751.77,754.4,0.0018
10_31,654.38,664.83,0.0018
10_31,932.46,938.45,0.0017
10_31,823.99,914.87,0.0017
10_31,1000.68,1006.85,0.0016
10_31,648.85,651.59,0.0016
10_31,634.67,640.53,0.0016
10_31,995.38,998.21,0.0015
10_31,733.29,772.95,0.0015
10_31,641.52,644.81,0.0013
10_31,939.82,942.9,0.0013
10_31,794.65,801.11,0.0013
10_31,745.2,750.45,0.0013
10_31,860.56,863.21,0.0012
10_31,873.2,878.57,0.0012
10_31,775.82,778.41,0.0011
10_31,696.56,703.03,0.0011
10_31,679.38,681.66,0.0011
10_31,670.87,677.03,0.0011
10_31,904.72,917.18,0.0011
10_31,722.01,728.89,0.001
10_31,643.4,649.93,0.001
17_37,669.17,718.26,0.9996
17_37,903.25,926.15,0.998
17_37,926.41,942.92,0.995
17_37,945.07,953.06,0.9949
17_37,968.54,991.03,0.994
17_37,758.84,802.28,0.9914
17_37,960.53,964.27,0.9905
17_37,806.13,859.36,0.9904
17_37,630.14,665.79,0.9854
17_37,723.95,736.31,0.9794
17_37,862.72,899.52,0.9699
17_37,903.25,926.13,0.1351
17_37,758.9,802.34,0.1348
17_37,806.08,859.32,0.1342
17_37,926.4,942.93,0.1341
17_37,669.15,718.38,0.1337
17_37,960.53,964.27,0.1336
17_37,945.06,953.06,0.1334
17_37,968.53,991.03,0.1323
17_37,960.53,964.27,0.0182
17_37,937.67,940.59,0.0103
17_37,633.53,656.17,0.0073
17_37,1124.38,1145.36,0.0067
17_37,694.56,697.63,0.0063
17_37,716.11,754.08,0.0056
17_37,954.69,961.04,0.0053
17_37,861.04,947.03,0.005
17_37,676.0,697.63,0.0048
17_37,909.04,920.93,0.0045
17_37,888.08,899.38,0.0043
17_37,665.23,675.09,0.0041
17_37,1091.7,1097.23,0.0036
17_37,894.72,905.48,0.0035
17_37,940.41,945.73,0.0031
17_37,693.04,714.85,0.0031
17_37,911.55,914.75,0.003
17_37,1008.08,1011.18,0.003
17_37,924.46,927.21,0.0026
17_37,846.7,849.39,0.0025
17_37,903.4,909.73,0.0021
17_37,816.37,818.98,0.0021
17_37,1089.02,1099.86,0.002
17_37,802.31,808.35,0.002
17_37,1118.32,1124.1,0.0019
17_37,617.63,628.18,0.0018
17_37,761.76,767.85,0.0014
17_37,717.52,724.01,0.0013
17_37,934.98,938.0,0.0013
17_37,864.03,867.08,0.0013
17_37,1141.39,1147.63,0.0013
17_37,645.9,666.07,0.0013
17_37,800.5,871.19,0.0013
17_37,772.27,797.39,0.0012
17_37,689.22,695.54,0.0012
17_37,725.29,731.71,0.0011
17_37,1122.64,1125.69,0.0011
17_37,813.81,820.19,0.0011
17_37,797.15,802.97,0.001
8_3,695.75,705.78,0.9987
8_3,767.56,791.08,0.9974
8_3,647.24,695.57,0.995
8_3,706.25,736.35,0.9923
8_3,736.83,766.13,0.9809
8_3,615.25,646.69,0.9706
8_3,791.54,832.62,0.9678
8_3,695.77,705.79,0.1362
8_3,647.32,695.51,0.1361
8_3,767.52,791.12,0.1349
8_3,706.23,736.39,0.1333
8_3,998.98,1001.96,0.0274
8_3,767.53,791.08,0.0183
8_3,706.22,736.38,0.018
8_3,647.25,695.6,0.0178
8_3,933.31,953.19,0.0067
8_3,705.44,716.16,0.0066
8_3,738.7,750.84,0.0066
8_3,860.23,872.36,0.005
8_3,1011.88,1024.03,0.0047
8_3,937.0,942.57,0.0045
8_3,686.05,696.12,0.0042
8_3,783.05,789.52,0.0038
8_3,950.65,956.88,0.0037
8_3,994.89,997.57,0.0037
8_3,657.36,663.42,0.0036
8_3,914.55,924.94,0.0033
8_3,843.17,854.67,0.003
8_3,903.62,915.04,0.0029
8_3,761.34,770.3,0.0028
8_3,614.84,654.95,0.0027
8_3,1010.44,1013.16,0.0023
8_3,614.57,616.68,0.0022
8_3,892.54,904.28,0.0021
8_3,629.75,635.33,0.0021
8_3,663.98,667.16,0.002
8_3,658.26,660.9,0.002
8_3,615.27,626.43,0.0019
8_3,812.75,815.76,0.0018
8_3,706.41,712.36,0.0018
8_3,647.86,668.24,0.0017
8_3,957.05,967.14,0.0017
8_3,924.65,965.05,0.0015
8_3,910.35,913.49,0.0014
8_3,667.8,688.64,0.0013
8_3,733.96,740.22,0.0012
8_3,975.53,980.8,0.0011
8_3,997.27,1008.61,0.0011
8_3,844.99,850.92,0.0011
8_3,620.5,633.28,0.0011
8_3,869.49,875.44,0.0011
8_3,698.67,704.75,0.001
20_14,835.75,860.6,0.9982
20_14,614.91,702.72,0.9976
20_14,1177.0,1228.8,0.9953
20_14,886.19,961.89,0.991
20_14,867.62,883.68,0.9887
20_14,704.47,775.65,0.9796
20_14,776.99,834.43,0.975
20_14,972.8,1172.95,0.9645
20_14,835.74,860.61,0.1344
20_14,1176.9,1228.8,0.1343
20_14,614.87,702.73,0.134
20_14,704.42,775.58,0.1315
20_14,777.05,834.47,0.1305
20_14,1177.0,1228.8,0.0182
20_14,941.36,962.71,0.0117
20_14,1073.81,1175.29,0.0112
20_14,1228.09,1228.8,0.0089
20_14,1130.93,1172.35,0.0077
20_14,811.85,833.46,0.0076
20_14,700.6,725.64,0.0066
20_14,988.01,1009.5,0.0057
20_14,908.44,989.42,0.0055
20_14,659.7,700.8,0.005
20_14,778.25,791.55,0.0048
20_14,867.03,879.31,0.0046
20_14,956.79,966.92,0.0041
20_14,1015.8,1041.65,0.004
20_14,963.69,969.2,0.0035
20_14,615.8,638.05,0.0035
20_14,751.08,775.37,0.0034
20_14,872.03,953.96,0.0034
20_14,887.0,890.04,0.0033
20_14,688.81,765.55,0.0028
20_14,886.61,897.6,0.0027
20_14,1002.33,1008.73,0.0027
20_14,997.19,1134.43,0.0027
20_14,969.27,972.16,0.0025
20_14,1148.19,1167.74,0.002
20_14,1176.62,1187.88,0.002
20_14,1010.65,1024.14,0.0018
20_14,899.54,926.57,0.0018
20_14,616.77,619.58,0.0018
20_14,990.61,993.22,0.0017
20_14,773.06,775.8,0.0016
20_14,1147.18,1152.93,0.0016
20_14,762.18,773.62,0.0015
20_14,616.46,625.73,0.0015
20_14,777.01,796.1,0.0014
20_14,700.8,707.44,0.0014
20_14,986.74,992.88,0.0012
20_14,980.88,983.79,0.0012
20_14,835.37,858.24,0.0012
20_14,674.35,699.92,0.0011
20_14,1201.48,1228.8,0.0011
20_14,621.87,672.05,0.0011
20_14,965.03,987.86,0.001
20_14,773.72,779.01,0.001
20_14,702.16,750.27,0.001
25_42,783.52,785.99,0.9994
25_42,704.06,711.08,0.9957
25_42,1051.2,1063.72,0.9954
25_42,1133.97,1145.01,0.9953
25_42,719.38,730.04,0.9922
25_42,1117.87,1122.93,0.9906
25_42,1067.35,1104.83,0.9886
25_42,740.84,749.06,0.9879
25_42,966.4,968.66,0.9876
25_42,766.9,777.61,0.9871
25_42,972.19,1039.63,0.9857
25_42,1062.93,1066.13,0.9829
25_42,1043.53,1045.16,0.981
25_42,757.7,760.03,0.9797
25_42,801.04,965.94,0.9772
25_42,1155.67,1225.52,0.9713
25_42,1152.35,1155.73,0.964
25_42,783.52,785.98,0.136
25_42,1051.19,1063.72,0.1348
25_42,704.06,711.08,0.1347
25_42,1117.87,1122.92,0.1342
25_42,704.06,711.08,0.0182
25_42,1090.2,1092.26,0.0174
25_42,719.05,725.46,0.0138
25_42,990.49,1015.59,0.0121
25_42,674.99,712.19,0.0068
25_42,782.91,788.58,0.0061
25_42,728.65,749.68,0.0058
25_42,618.56,643.29,0.0056
25_42,973.14,975.69,0.0047
25_42,1112.37,1118.72,0.0047
25_42,969.23,971.29,0.0046
25_42,1157.02,1159.73,0.0045
25_42,779.7,826.16,0.0045
25_42,1045.25,1065.77,0.0041
25_42,710.69,718.75,0.0041
25_42,956.78,963.33,0.0038
25_42,757.11,760.06,0.0036
25_42,684.35,686.55,0.0034
25_42,1122.48,1128.05,0.0034
25_42,813.7,834.2,0.0029
25_42,1057.69,1148.93,0.0029
25_42,695.78,705.99,0.0029
25_42,785.79,788.36,0.0025
25_42,1151.71,1156.23,0.0025
25_42,1147.97,1150.45,0.0024
25_42,831.87,834.37,0.0023
25_42,757.86,778.86,0.0021
25_42,837.68,840.97,0.0021
25_42,963.66,969.41,0.002
25_42,1073.25,1076.08,0.0019
25_42,775.47,786.56,0.0018
25_42,657.74,681.49,0.0018
25_42,1103.37,1126.0,0.0018
25_42,876.8,888.6,0.0017
25_42,790.71,814.38,0.0017
25_42,1043.41,1052.62,0.0016
25_42,642.36,648.31,0.0016
25_42,1163.81,1174.82,0.0016
25_42,1127.62,1144.55,0.0015
25_42,743.52,745.78,0.0015
25_42,707.22,710.52,0.0014
25_42,615.44,618.76,0.0014
25_42,685.19,696.63,0.0014
25_42,1046.13,1116.9,0.0014
25_42,1043.47,1045.64,0.0013
25_42,984.63,994.74,0.0013
25_42,897.24,923.48,0.0013
25_42,1062.63,1066.67,0.0013
25_42,923.26,928.61,0.0012
25_42,1151.48,1153.96,0.0011
25_42,1119.57,1122.42,0.0011
25_42,731.43,740.89,0.0011
25_42,1218.49,1228.8,0.001
28_49,1111.19,1127.15,0.9967
28_49,1145.49,1156.72,0.9958
28_49,910.4,916.61,0.9956
28_49,1183.93,1198.7,0.995
28_49,952.12,974.59,0.9938
28_49,620.97,692.97,0.9934
28_49,916.6,938.49,0.9922
28_49,707.81,782.87,0.9912
28_49,882.67,906.12,0.9912
28_49,1078.66,1105.85,0.988
28_49,989.37,1005.32,0.9879
28_49,1199.92,1218.82,0.9869
28_49,793.0,801.88,0.9809
28_49,1008.26,1070.97,0.9764
28_49,1165.59,1183.29,0.9743
28_49,803.07,862.75,0.968
28_49,916.62,938.49,0.1347
28_49,707.82,782.91,0.1341
28_49,1145.49,1156.72,0.133
28_49,1199.9,1218.81,0.132
28_49,882.64,906.1,0.131
28_49,910.4,916.61,0.1303
28_49,620.96,692.98,0.1297
28_49,1111.19,1127.16,0.1294
28_49,703.5,716.51,0.0391
28_49,704.28,710.08,0.0142
28_49,1007.6,1020.03,0.0121
28_49,1185.8,1198.16,0.0104
28_49,863.76,870.3,0.0087
28_49,794.24,799.83,0.0081
28_49,801.24,809.18,0.0078
28_49,974.25,995.15,0.0069
28_49,805.29,849.2,0.0063
28_49,1076.71,1078.9,0.0043
28_49,619.78,633.91,0.0039
28_49,1178.94,1181.8,0.0038
28_49,1110.66,1121.84,0.0038
28_49,914.13,998.31,0.0035
28_49,702.94,713.92,0.0034
28_49,1170.05,1176.91,0.003
28_49,847.0,850.19,0.003
28_49,729.16,772.12,0.0029
28_49,861.72,882.72,0.0027
28_49,1092.33,1104.9,0.0025
28_49,940.09,977.14,0.0024
28_49,1223.06,1228.8,0.002
28_49,1135.18,1146.87,0.002
28_49,1011.72,1087.41,0.002
28_49,991.34,1004.5,0.0019
28_49,825.3,913.8,0.0019
28_49,1058.79,1069.88,0.0018
28_49,884.09,896.58,0.0016
28_49,693.18,695.68,0.0015
28_49,1159.86,1163.38,0.0014
28_49,1219.19,1228.8,0.0013
28_49,1166.94,1170.11,0.0013
28_49,937.38,949.65,0.0012
28_49,1214.08,1217.08,0.0011
28_49,803.28,809.5,0.0011
28_49,1127.38,1137.86,0.001
22_8,712.69,724.85,0.9999
22_8,617.39,654.32,0.9965
22_8,733.04,751.81,0.9962
22_8,761.28,849.52,0.9958
22_8,858.63,867.91,0.9945
22_8,919.47,925.11,0.9943
22_8,687.55,700.34,0.994
22_8,726.46,728.91,0.9919
22_8,868.67,912.44,0.9913
22_8,705.6,710.27,0.9912
22_8,853.94,856.63,0.988
22_8,908.27,918.94,0.9722
22_8,701.34,704.68,0.9626
22_8,667.86,681.12,0.9618
22_8,705.6,710.27,0.1348
22_8,919.47,925.11,0.1348
22_8,617.44,654.34,0.1342
22_8,858.64,867.91,0.1334
22_8,868.75,912.47,0.1329
22_8,853.94,856.63,0.1326
22_8,726.46,728.91,0.1324
22_8,687.54,700.34,0.1321
22_8,710.75,713.49,0.0161
22_8,912.38,931.52,0.0131
22_8,716.03,722.07,0.013
22_8,1000.54,1003.71,0.0127
22_8,853.4,859.13,0.0113
22_8,674.85,685.58,0.0109
22_8,1017.93,1020.51,0.0076
22_8,885.0,906.85,0.0062
22_8,1028.49,1034.35,0.0061
22_8,728.2,733.34,0.006
22_8,975.76,978.55,0.0059
22_8,969.89,972.5,0.0049
22_8,962.4,965.21,0.0048
22_8,848.51,854.19,0.0047
22_8,765.88,787.65,0.0046
22_8,713.11,716.02,0.0045
22_8,1105.54,1111.07,0.004
22_8,867.34,870.1,0.0039
22_8,617.14,620.37,0.0038
22_8,624.4,647.11,0.0037
22_8,972.87,979.16,0.0036
22_8,816.16,826.64,0.0036
22_8,1033.81,1044.75,0.0035
22_8,666.65,669.85,0.0034
22_8,860.02,866.07,0.0034
22_8,728.93,731.31,0.0034
22_8,995.66,1036.62,0.0033
22_8,814.7,817.54,0.0033
22_8,1136.35,1142.14,0.0033
22_8,711.73,723.56,0.003
22_8,649.1,654.63,0.0028
22_8,893.03,898.84,0.0026
22_8,614.48,623.71,0.0025
22_8,1144.68,1150.79,0.0025
22_8,822.81,828.26,0.0024
22_8,730.56,741.64,0.0024
22_8,1090.27,1130.37,0.0024
22_8,1134.58,1137.33,0.0024
22_8,941.78,952.65,0.0023
22_8,688.05,691.23,0.0023
22_8,1059.68,1065.57,0.0022
22_8,1075.53,1087.51,0.0021
22_8,785.64,788.59,0.0021
22_8,652.09,658.23,0.002
22_8,685.48,703.63,0.0019
22_8,776.64,782.78,0.0019
22_8,1028.7,1031.07,0.0019
22_8,908.12,910.46,0.0018
22_8,641.2,643.94,0.0018
22_8,897.74,902.92,0.0018
22_8,1005.23,1010.95,0.0017
22_8,877.48,882.38,0.0017
22_8,614.5,617.4,0.0017
22_8,756.81,762.21,0.0016
22_8,945.82,966.43,0.0016
22_8,663.44,666.62,0.0014
22_8,724.41,726.8,0.0014
22_8,1152.41,1154.97,0.0014
22_8,966.02,968.9,0.0014
22_8,929.27,932.09,0.0013
22_8,811.2,816.46,0.0013
22_8,1086.63,1089.05,0.0013
22_8,977.84,980.64,0.0013
22_8,890.49,893.04,0.0013
22_8,1097.53,1100.01,0.0012
22_8,1129.79,1149.3,0.0012
22_8,869.74,872.18,0.0011
22_8,818.23,824.03,0.0011
22_8,1150.02,1152.84,0.0011
22_8,872.83,893.58,0.0011
22_8,972.68,976.08,0.0011
22_8,1092.77,1095.01,0.001
22_8,1134.47,1225.04,0.001
22_8,643.21,649.5,0.001
22_8,981.06,985.86,0.001
17_10,614.35,740.14,0.9995
17_10,849.85,870.13,0.9987
17_10,977.03,990.21,0.9971
17_10,877.48,897.59,0.9968
17_10,917.23,974.46,0.9958
17_10,1042.16,1055.67,0.9956
17_10,996.35,1038.76,0.9939
17_10,744.61,771.68,0.9902
17_10,777.48,846.75,0.9853
17_10,901.48,915.6,0.9785
17_10,1055.65,1076.84,0.9757
17_10,849.87,870.11,0.1358
17_10,614.64,740.09,0.1357
17_10,977.02,990.22,0.1354
17_10,917.22,974.54,0.1342
17_10,744.59,771.68,0.1336
17_10,777.47,846.73,0.1328
17_10,1042.15,1055.68,0.1281
17_10,672.36,677.71,0.0284
17_10,977.03,990.2,0.0183
17_10,917.22,974.51,0.018
17_10,723.31,729.54,0.0161
17_10,1077.21,1098.23,0.0137
17_10,1134.08,1139.76,0.0123
17_10,769.71,772.35,0.0103
17_10,615.94,621.36,0.0102
17_10,951.69,975.71,0.0085
17_10,854.57,857.45,0.0057
17_10,857.47,864.23,0.0045
17_10,830.14,850.1,0.0044
17_10,615.24,626.0,0.0042
17_10,1007.78,1010.45,0.0042
17_10,847.7,916.06,0.0041
17_10,1009.95,1021.09,0.0041
17_10,987.82,990.65,0.0041
17_10,715.88,718.79,0.0041
17_10,995.52,998.38,0.004
17_10,1088.11,1128.91,0.004
17_10,696.82,720.76,0.0037
17_10,743.58,746.63,0.0035
17_10,879.86,883.25,0.003
17_10,775.06,778.02,0.003
17_10,905.62,908.62,0.0029
17_10,617.01,637.26,0.0026
17_10,1099.4,1102.54,0.0025
17_10,772.75,775.95,0.0025
17_10,1039.41,1044.92,0.0025
17_10,1149.2,1151.74,0.0024
17_10,676.76,688.31,0.0024
17_10,735.33,738.11,0.0022
17_10,1109.86,1121.26,0.0022
17_10,637.16,642.87,0.002
17_10,689.55,700.86,0.002
17_10,902.03,921.42,0.002
17_10,999.82,1005.58,0.0019
17_10,754.42,757.28,0.0019
17_10,869.81,875.21,0.0019
17_10,925.1,935.51,0.0018
17_10,655.06,657.93,0.0017
17_10,1081.46,1083.75,0.0016
17_10,794.61,844.48,0.0015
17_10,720.05,731.45,0.0015
17_10,901.66,904.25,0.0015
17_10,991.52,1014.08,0.0014
17_10,678.23,723.16,0.0014
17_10,669.06,672.03,0.0014
17_10,685.57,688.23,0.0014
17_10,1152.32,1155.08,0.0013
17_10,885.62,891.49,0.0012
17_10,653.03,665.47,0.0012
17_10,917.7,948.21,0.0011
17_10,953.32,956.23,0.0011
17_10,1013.72,1019.59,0.0011
17_10,863.79,866.68,0.001
17_10,949.48,952.51,0.001
28_42,1136.13,1144.11,0.9993
28_42,794.08,856.07,0.9989
28_42,988.08,1030.72,0.9986
28_42,622.4,705.43,0.9975
28_42,865.68,880.59,0.9966
28_42,707.62,751.73,0.996
28_42,771.74,793.59,0.9949
28_42,954.07,983.83,0.9933
28_42,1056.8,1073.84,0.9929
28_42,1145.16,1162.73,0.9915
28_42,882.17,915.7,0.9903
28_42,925.84,943.94,0.9886
28_42,753.89,762.93,0.9867
28_42,1079.17,1094.61,0.9858
28_42,1039.78,1056.82,0.9854
28_42,1112.71,1136.63,0.9853
28_42,1097.26,1113.25,0.9447
28_42,794.05,856.12,0.1359
28_42,1136.12,1144.11,0.1354
28_42,865.66,880.6,0.1346
28_42,954.04,983.88,0.1345
28_42,771.75,793.6,0.1343
28_42,1145.17,1162.74,0.1342
28_42,753.88,762.93,0.1329
28_42,882.19,915.69,0.1328
28_42,1112.73,1136.62,0.1324
28_42,707.58,751.7,0.132
28_42,1056.79,1073.83,0.1293
28_42,1039.79,1056.79,0.1279
28_42,865.67,880.59,0.0181
28_42,954.08,983.83,0.018
28_42,1136.12,1144.11,0.0179
28_42,794.07,856.13,0.0176
28_42,1106.36,1109.07,0.0071
28_42,867.44,870.18,0.0066
28_42,1095.08,1111.59,0.0058
28_42,991.1,996.43,0.0053
28_42,833.06,855.52,0.0052
28_42,1049.84,1055.64,0.0047
28_42,1110.7,1113.13,0.0041
28_42,881.76,904.24,0.0039
28_42,615.79,639.57,0.0035
28_42,990.8,1015.99,0.0034
28_42,793.04,812.88,0.0032
28_42,1097.98,1104.02,0.0028
28_42,1130.14,1135.27,0.0028
28_42,693.7,705.16,0.0027
28_42,705.72,719.12,0.0026
28_42,620.91,673.8,0.0025
28_42,958.89,962.19,0.0024
28_42,876.24,878.62,0.0024
28_42,700.23,703.3,0.0024
28_42,1101.36,1111.86,0.0023
28_42,762.49,773.8,0.0023
28_42,966.92,1042.74,0.0022
28_42,1143.8,1156.29,0.0022
28_42,1040.85,1088.59,0.0022
28_42,615.61,626.62,0.0021
28_42,968.52,981.01,0.0019
28_42,981.31,987.61,0.0019
28_42,1080.16,1091.25,0.0018
28_42,986.61,989.16,0.0018
28_42,1093.24,1095.6,0.0016
28_42,1039.71,1051.91,0.0016
28_42,872.15,877.47,0.0015
28_42,661.93,702.48,0.0015
28_42,726.06,749.8,0.0015
28_42,1007.69,1030.32,0.0014
28_42,761.35,764.18,0.0013
28_42,792.14,797.41,0.0012
28_42,903.41,914.74,0.0012
28_42,858.33,861.17,0.0012
28_42,1154.26,1160.34,0.0011
28_42,756.24,762.33,0.0011
28_42,717.04,722.69,0.0011
28_42,1057.17,1068.66,0.0011
28_42,865.78,940.71,0.0011
28_42,747.45,750.01,0.001
28_42,1113.15,1126.83,0.001
27_49,735.79,827.94,0.9992
27_49,718.91,736.6,0.9978
27_49,637.93,647.88,0.9917
27_49,680.44,703.56,0.9895
27_49,852.42,858.31,0.9892
27_49,618.47,628.88,0.987
27_49,857.86,875.94,0.9864
27_49,711.24,718.48,0.9857
27_49,843.37,850.16,0.985
27_49,832.06,843.83,0.9714
27_49,649.7,670.98,0.9703
27_49,718.91,736.58,0.1353
27_49,618.47,628.88,0.1339
27_49,637.92,647.88,0.1325
27_49,808.75,830.41,0.0182
27_49,655.09,660.91,0.0124
27_49,1041.92,1052.94,0.0079
27_49,674.74,680.07,0.0075
27_49,737.35,756.87,0.006
27_49,628.09,638.72,0.0045
27_49,956.33,967.97,0.004
27_49,614.89,632.3,0.0038
27_49,611.05,617.22,0.0033
27_49,981.95,986.99,0.0032
27_49,1046.64,1049.51,0.0029
27_49,684.84,697.53,0.0029
27_49,638.91,645.42,0.0027
27_49,905.05,916.25,0.0027
27_49,990.2,995.87,0.0026
27_49,943.18,955.31,0.0022
27_49,1105.7,1108.66,0.0021
27_49,675.64,678.43,0.0019
27_49,819.98,831.38,0.0018
27_49,1086.9,1106.93,0.0018
27_49,1029.64,1051.37,0.0017
27_49,668.15,671.39,0.0016
27_49,779.78,790.55,0.0016
27_49,858.65,870.14,0.0015
27_49,1022.13,1027.79,0.0015
27_49,909.58,912.23,0.0014
27_49,802.12,808.6,0.0014
27_49,636.14,676.8,0.0014
27_49,681.56,683.85,0.0014
27_49,864.8,908.19,0.0013
27_49,989.99,992.97,0.0012
27_49,692.37,717.27,0.0011
27_49,958.82,965.31,0.0011
27_49,894.07,896.93,0.0011
15_28,925.28,940.71,0.9982
15_28,670.47,678.98,0.9977
15_28,622.93,643.69,0.9976
15_28,752.36,760.24,0.9976
15_28,768.11,810.66,0.9976
15_28,824.81,876.12,0.9954
15_28,912.68,922.45,0.9948
15_28,732.52,749.22,0.9938
15_28,699.45,701.34,0.9932
15_28,902.92,911.42,0.9928
15_28,942.94,1052.58,0.9924
15_28,679.28,693.15,0.9895
15_28,1074.26,1087.17,0.9891
15_28,1052.84,1055.36,0.9863
15_28,878.99,896.3,0.9862
15_28,752.37,760.23,0.136
15_28,622.95,643.68,0.1359
15_28,824.86,876.1,0.1356
15_28,768.09,810.62,0.1355
15_28,925.28,940.71,0.1347
15_28,732.5,749.21,0.1337
15_28,1074.27,1087.18,0.1335
15_28,1052.84,1055.36,0.133
15_28,942.95,1052.52,0.1324
15_28,679.29,693.15,0.1304
15_28,941.0,952.84,0.0283
15_28,752.36,760.24,0.0184
15_28,925.28,940.7,0.0183
15_28,832.72,835.7,0.0072
15_28,773.65,797.14,0.0069
15_28,940.35,963.37,0.0053
15_28,1143.69,1149.38,0.0052
15_28,644.11,646.56,0.0052
15_28,1155.24,1176.18,0.0051
15_28,851.28,872.77,0.0048
15_28,702.05,707.79,0.0048
15_28,1132.17,1154.81,0.0042
15_28,613.92,623.7,0.004
15_28,678.77,701.45,0.0039
15_28,884.4,947.22,0.0034
15_28,1093.92,1099.4,0.0031
15_28,960.01,963.06,0.0031
15_28,619.98,656.59,0.003
15_28,1062.81,1074.39,0.003
15_28,706.63,709.72,0.003
15_28,726.48,729.68,0.003
15_28,1008.13,1011.05,0.0028
15_28,1043.14,1045.36,0.0026
15_28,670.5,676.28,0.0025
15_28,692.86,702.12,0.0025
15_28,872.11,904.81,0.0024
15_28,784.58,787.68,0.0024
15_28,954.87,960.63,0.0022
15_28,771.6,776.94,0.0021
15_28,711.14,732.3,0.002
15_28,936.47,939.65,0.002
15_28,1031.14,1034.02,0.002
15_28,844.94,851.08,0.0019
15_28,876.84,879.81,0.0019
15_28,1156.75,1168.57,0.0018
15_28,1071.65,1094.32,0.0018
15_28,1099.32,1110.69,0.0017
15_28,663.1,666.02,0.0017
15_28,926.17,932.23,0.0017
15_28,1122.32,1125.09,0.0017
15_28,881.25,893.28,0.0016
15_28,806.06,808.88,0.0016
15_28,815.34,887.71,0.0016
15_28,714.39,717.38,0.0015
15_28,995.42,1006.12,0.0014
15_28,699.26,709.42,0.0014
15_28,614.52,620.49,0.0014
15_28,1007.24,1013.02,0.0013
15_28,1027.91,1030.73,0.0013
15_28,915.33,921.27,0.0013
15_28,675.13,755.06,0.0013
15_28,685.96,691.87,0.0012
15_28,737.46,739.99,0.0012
15_28,1088.74,1100.77,0.0012
15_28,634.74,641.16,0.0012
15_28,1123.52,1129.06,0.0012
15_28,701.22,703.91,0.0011
15_28,940.03,942.79,0.0011
15_28,788.31,794.65,0.0011
15_28,1041.99,1053.08,0.0011
15_28,755.2,758.38,0.0011
15_28,893.63,896.27,0.0011
15_28,850.69,853.94,0.0011
15_28,723.84,726.83,0.001
16_2,910.32,951.09,0.9988
16_2,1138.51,1143.21,0.9983
16_2,873.19,889.43,0.998
16_2,614.49,661.51,0.9972
16_2,663.7,700.22,0.995
16_2,966.75,977.23,0.9941
16_2,952.16,964.73,0.9932
16_2,701.36,714.99,0.9927
16_2,1066.71,1106.66,0.9922
16_2,720.42,749.3,0.9909
16_2,1111.93,1137.05,0.9886
16_2,979.92,1050.1,0.9853
16_2,1060.43,1065.94,0.9846
16_2,894.63,909.4,0.9828
16_2,1143.8,1186.1,0.9811
16_2,793.92,823.09,0.98
16_2,1051.05,1060.11,0.9795
16_2,754.62,786.58,0.9778
16_2,1197.67,1228.8,0.9718
16_2,1188.78,1196.5,0.9671
16_2,823.89,866.71,0.9606
16_2,873.19,889.41,0.1351
16_2,1138.51,1143.21,0.1348
16_2,966.75,977.23,0.1344
16_2,1066.72,1106.69,0.134
16_2,979.97,1050.22,0.1339
16_2,1143.73,1186.1,0.1333
16_2,793.99,823.11,0.1325
16_2,894.63,909.39,0.1319
16_2,952.15,964.73,0.1317
16_2,754.59,786.57,0.1312
16_2,1111.95,1137.05,0.1295
16_2,873.18,889.42,0.018
16_2,894.64,909.4,0.0176
16_2,786.56,793.03,0.0127
16_2,1186.21,1189.4,0.0117
16_2,714.73,719.29,0.0113
16_2,866.2,872.89,0.0089
16_2,1134.85,1137.2,0.0082
16_2,1190.08,1196.78,0.0081
16_2,1060.11,1065.42,0.0059
16_2,916.85,919.05,0.0057
16_2,1053.14,1059.1,0.0057
16_2,651.03,662.92,0.0054
16_2,881.9,887.42,0.0049
16_2,1144.76,1168.69,0.0042
16_2,702.6,720.02,0.0041
16_2,781.56,787.04,0.0041
16_2,753.82,776.26,0.004
16_2,724.68,738.2,0.004
16_2,911.65,913.61,0.004
16_2,614.83,657.36,0.0038
16_2,912.56,983.24,0.0037
16_2,972.28,975.54,0.0036
16_2,941.83,952.07,0.0035
16_2,1067.4,1078.98,0.0031
16_2,1185.11,1228.8,0.003
16_2,666.76,669.73,0.003
16_2,702.83,752.75,0.0025
16_2,1189.46,1192.32,0.0025
16_2,614.43,617.27,0.0023
16_2,890.55,892.87,0.0023
16_2,625.69,628.28,0.0022
16_2,856.12,868.17,0.0021
16_2,960.94,967.43,0.0021
16_2,920.38,926.75,0.0021
16_2,620.15,622.76,0.0019
16_2,871.01,873.61,0.0018
16_2,938.92,941.75,0.0017
16_2,1114.25,1145.96,0.0017
16_2,664.62,685.49,0.0017
16_2,1056.6,1059.26,0.0016
16_2,641.19,662.7,0.0016
16_2,735.89,749.25,0.0016
16_2,618.29,620.78,0.0016
16_2,751.08,753.9,0.0014
16_2,720.4,731.19,0.0013
16_2,953.57,960.32,0.0013
16_2,689.52,701.45,0.0012
16_2,888.17,893.14,0.0012
16_2,913.51,940.16,0.0012
16_2,1099.98,1106.63,0.0012
16_2,845.81,869.15,0.0011
16_2,1111.95,1120.79,0.0011
16_2,788.81,830.0,0.0011
16_2,942.62,945.27,0.0011
16_2,983.0,988.45,0.0011
4_22,971.44,1011.07,0.9987
4_22,777.1,785.72,0.9983
4_22,656.07,672.02,0.9981
4_22,625.73,641.65,0.9975
4_22,700.32,711.13,0.9968
4_22,715.23,751.23,0.9964
4_22,766.69,775.94,0.9962
4_22,790.86,801.89,0.9944
4_22,1068.68,1087.2,0.9943
4_22,815.93,957.55,0.9918
4_22,966.81,970.93,0.9877
4_22,1058.4,1065.59,0.986
4_22,675.63,697.25,0.9858
4_22,813.5,815.52,0.9768
4_22,1025.46,1031.12,0.9554
4_22,625.71,641.67,0.1359
4_22,766.68,775.94,0.1357
4_22,1068.68,1087.19,0.1345
4_22,656.08,672.0,0.1342
4_22,966.81,970.93,0.132
4_22,790.86,801.89,0.1314
4_22,1058.39,1065.59,0.1296
4_22,625.72,641.67,0.0183
4_22,800.73,820.64,0.0092
4_22,884.75,928.02,0.0078
4_22,948.59,954.67,0.0067
4_22,958.99,965.09,0.0061
4_22,755.74,767.58,0.0061
4_22,725.77,731.52,0.0057
4_22,642.13,654.8,0.0052
4_22,728.19,739.82,0.0042
4_22,758.33,778.04,0.004
4_22,978.67,984.38,0.0039
4_22,752.42,754.88,0.0039
4_22,1151.67,1156.88,0.0038
4_22,941.49,952.7,0.0036
4_22,916.3,936.32,0.0036
4_22,748.4,751.32,0.0035
4_22,626.6,632.39,0.0035
4_22,729.83,732.77,0.0034
4_22,712.72,715.38,0.0032
4_22,1086.99,1106.31,0.0032
4_22,780.62,821.95,0.0031
4_22,742.94,754.18,0.003
4_22,892.56,903.7,0.003
4_22,1064.25,1066.96,0.0029
4_22,1021.24,1026.37,0.0029
4_22,625.4,703.67,0.0028
4_22,662.96,668.34,0.0028
4_22,679.26,760.4,0.0024
4_22,819.59,832.28,0.0024
4_22,862.5,873.64,0.0024
4_22,964.78,976.82,0.0022
4_22,1041.71,1066.64,0.0021
4_22,711.41,717.72,0.002
4_22,836.8,840.02,0.0019
4_22,1034.62,1037.82,0.0018
4_22,1013.72,1019.75,0.0018
4_22,699.35,710.44,0.0018
4_22,652.02,654.47,0.0017
4_22,783.93,804.41,0.0016
4_22,1128.6,1134.92,0.0016
4_22,742.03,747.55,0.0015
4_22,717.19,723.05,0.0015
4_22,801.01,812.08,0.0015
4_22,967.45,970.61,0.0014
4_22,1093.95,1116.86,0.0014
4_22,833.0,874.31,0.0014
4_22,947.33,950.09,0.0013
4_22,684.11,690.08,0.0013
4_22,997.12,1008.93,0.0012
4_22,907.27,919.27,0.0012
4_22,1124.78,1129.94,0.0011
4_22,615.34,626.14,0.0011
4_22,732.61,735.24,0.0011
4_22,663.54,666.74,0.0011
4_22,1048.39,1051.03,0.001
28_28,768.12,858.65,0.9991
28_28,1004.25,1015.51,0.9991
28_28,681.15,728.67,0.998
28_28,739.55,761.67,0.9977
28_28,1016.74,1031.21,0.9973
28_28,940.69,953.16,0.9972
28_28,913.72,933.06,0.9971
28_28,616.41,622.84,0.9906
28_28,983.31,1004.25,0.9899
28_28,860.22,871.49,0.9809
28_28,880.36,910.92,0.9765
28_28,622.87,679.58,0.967
28_28,913.72,933.05,0.1351
28_28,1004.25,1015.52,0.135
28_28,681.22,728.55,0.135
28_28,768.11,858.45,0.1318
28_28,616.41,622.85,0.1315
28_28,1128.78,1134.34,0.0233
28_28,681.15,728.63,0.0184
28_28,1004.26,1015.52,0.0177
28_28,725.59,737.47,0.0115
28_28,733.84,778.94,0.008
28_28,1023.0,1029.43,0.0068
28_28,652.38,657.73,0.0059
28_28,957.27,962.73,0.0058
28_28,681.2,692.84,0.0047
28_28,665.86,671.43,0.0045
28_28,1035.79,1079.56,0.0044
28_28,898.03,910.4,0.0041
28_28,1015.19,1017.87,0.004
28_28,885.79,891.69,0.0037
28_28,678.66,681.43,0.0037
28_28,862.12,864.74,0.0034
28_28,1155.05,1177.1,0.0034
28_28,816.49,822.01,0.0033
28_28,803.3,850.96,0.0032
28_28,676.51,679.2,0.003
28_28,1089.95,1092.74,0.003
28_28,712.87,718.69,0.0029
28_28,933.74,936.28,0.0028
28_28,912.54,918.38,0.0028
28_28,937.38,955.71,0.0028
28_28,994.37,1081.23,0.0026
28_28,784.14,790.47,0.0024
28_28,1137.16,1156.49,0.0024
28_28,745.05,750.74,0.0023
28_28,635.29,678.48,0.0023
28_28,931.85,941.88,0.0023
28_28,696.24,707.32,0.0023
28_28,693.69,696.2,0.002
28_28,1119.67,1122.52,0.002
28_28,992.78,1004.01,0.0019
28_28,622.35,628.15,0.0018
28_28,952.89,955.49,0.0018
28_28,684.82,687.76,0.0017
28_28,1074.1,1080.29,0.0017
28_28,954.94,974.17,0.0017
28_28,726.09,805.56,0.0017
28_28,832.84,855.84,0.0016
28_28,815.52,827.23,0.0016
28_28,756.52,759.28,0.0016
28_28,1052.26,1135.63,0.0016
28_28,1016.16,1038.76,0.0015
28_28,928.8,933.71,0.0014
28_28,852.4,928.0,0.0014
28_28,1059.26,1070.02,0.0014
28_28,894.25,899.95,0.0014
28_28,657.15,660.11,0.0013
28_28,717.94,720.92,0.0013
28_28,767.01,777.45,0.0012
28_28,1045.76,1051.31,0.0012
28_28,887.11,890.17,0.0012
28_28,854.12,860.76,0.0011
28_28,1030.43,1033.37,0.0011
28_28,630.27,632.69,0.0011
28_28,1001.98,1017.58,0.001
28_28,1142.25,1153.42,0.001
28_28,646.93,652.21,0.001
20_48,905.85,909.63,0.9992
20_48,937.87,995.79,0.9988
20_48,883.22,896.59,0.9988
20_48,862.87,874.87,0.9981
20_48,931.87,937.68,0.998
20_48,615.33,651.5,0.9979
20_48,753.22,803.72,0.9973
20_48,812.29,844.8,0.9956
20_48,997.28,1010.36,0.9949
20_48,705.45,722.02,0.9941
20_48,724.2,737.1,0.9935
20_48,849.64,860.12,0.9927
20_48,653.3,702.43,0.9908
20_48,739.69,751.63,0.9904
20_48,876.97,882.97,0.9685
20_48,897.42,904.54,0.9662
20_48,910.53,919.99,0.9523
20_48,862.88,874.88,0.1358
20_48,937.78,995.88,0.1357
20_48,883.23,896.6,0.1356
20_48,812.27,844.8,0.1342
20_48,739.69,751.63,0.1336
20_48,653.28,702.49,0.1335
20_48,724.2,737.11,0.1334
20_48,997.28,1010.36,0.1328
20_48,931.87,937.68,0.1324
20_48,897.42,904.55,0.1305
20_48,753.23,803.73,0.1302
20_48,938.28,951.35,0.0383
20_48,981.64,987.87,0.0226
20_48,897.42,904.55,0.0172
20_48,937.74,995.83,0.0162
20_48,766.48,769.56,0.0132
20_48,1090.08,1093.36,0.0115
20_48,1052.79,1058.87,0.0108
20_48,749.95,752.9,0.0097
20_48,1155.59,1176.42,0.009
20_48,1045.14,1051.86,0.0084
20_48,967.03,978.52,0.0077
20_48,920.15,931.96,0.0076
20_48,813.05,887.82,0.0074
20_48,758.35,760.79,0.0067
20_48,714.53,717.12,0.0066
20_48,1006.22,1008.81,0.0063
20_48,727.86,733.94,0.0059
20_48,939.92,942.9,0.0051
20_48,675.85,757.34,0.005
20_48,909.21,912.54,0.005
20_48,830.45,833.38,0.0049
20_48,1067.09,1072.91,0.0046
20_48,1089.19,1095.24,0.0044
20_48,1102.8,1109.11,0.004
20_48,933.27,936.66,0.004
20_48,936.81,939.55,0.004
20_48,815.43,818.56,0.004
20_48,706.25,724.41,0.0039
20_48,882.37,907.6,0.0039
20_48,769.91,772.6,0.0036
20_48,618.62,631.29,0.0035
20_48,1094.71,1097.55,0.0033
20_48,658.6,680.96,0.0032
20_48,772.37,775.41,0.0031
20_48,912.31,918.45,0.0029
20_48,1028.73,1034.35,0.0027
20_48,626.07,646.51,0.0027
20_48,1059.49,1070.02,0.0027
20_48,864.95,871.34,0.0027
20_48,734.97,740.95,0.0026
20_48,1115.0,1125.63,0.0026
20_48,766.12,771.84,0.0026
20_48,988.92,995.18,0.0026
20_48,1152.25,1155.15,0.0025
20_48,1157.92,1168.43,0.0024
20_48,849.13,852.27,0.0024
20_48,1130.91,1136.69,0.0022
20_48,955.7,961.81,0.0021
20_48,964.65,970.18,0.0021
20_48,949.18,951.74,0.0018
20_48,701.99,704.74,0.0017
20_48,1103.86,1115.04,0.0017
20_48,1057.74,1060.59,0.0017
20_48,1052.52,1055.23,0.0016
20_48,1055.65,1058.32,0.0016
20_48,642.73,645.88,0.0016
20_48,635.73,642.24,0.0016
20_48,633.26,709.22,0.0016
20_48,952.51,955.41,0.0015
20_48,711.85,752.41,0.0015
20_48,897.51,900.14,0.0015
20_48,962.05,993.19,0.0015
20_48,1100.44,1103.33,0.0014
20_48,1151.01,1228.8,0.0013
20_48,751.27,840.17,0.0013
20_48,1014.52,1017.36,0.0013
20_48,799.09,804.79,0.0013
20_48,992.37,994.93,0.0013
20_48,754.42,757.03,0.0013
20_48,694.43,704.5,0.0013
20_48,617.05,628.29,0.0012
20_48,845.63,848.37,0.0012
20_48,1128.84,1131.33,0.0012
20_48,741.66,747.42,0.0011
20_48,683.91,690.01,0.0011
20_48,807.6,810.38,0.0011
20_48,852.25,858.23,0.001
29_6,661.55,722.62,0.9989
29_6,935.39,956.36,0.9975
29_6,729.58,779.13,0.9967
29_6,779.62,833.11,0.9859
29_6,838.68,928.51,0.9826
29_6,1060.43,1222.2,0.9824
29_6,624.68,652.07,0.9804
29_6,965.27,1039.45,0.9797
29_6,1047.51,1055.23,0.9684
29_6,729.55,779.23,0.1349
29_6,779.56,833.03,0.1333
29_6,661.44,722.74,0.1332
29_6,935.37,956.34,0.1332
29_6,624.67,652.05,0.1306
29_6,661.43,722.64,0.0175
29_6,1074.36,1080.2,0.0114
29_6,862.8,869.26,0.008
29_6,936.56,939.34,0.0078
29_6,885.54,912.6,0.0062
29_6,663.18,675.9,0.0057
29_6,967.78,994.29,0.0042
29_6,1062.23,1106.63,0.0039
29_6,912.55,926.46,0.0037
29_6,940.98,952.86,0.0036
29_6,701.21,723.27,0.0036
29_6,1047.98,1053.15,0.0034
29_6,1085.78,1091.86,0.0032
29_6,742.63,745.48,0.0023
29_6,956.04,967.19,0.0021
29_6,874.14,884.13,0.0021
29_6,1168.62,1183.0,0.0021
29_6,971.44,983.46,0.0021
29_6,776.26,785.85,0.0021
29_6,643.24,650.04,0.0021
29_6,1108.5,1158.02,0.002
29_6,885.76,888.08,0.002
29_6,1018.03,1038.09,0.002
29_6,1061.56,1066.82,0.0019
29_6,608.22,618.69,0.0019
29_6,831.41,852.23,0.0017
29_6,772.89,775.69,0.0017
29_6,724.96,796.64,0.0017
29_6,956.14,958.76,0.0015
29_6,659.65,664.43,0.0015
29_6,733.88,740.69,0.0014
29_6,881.52,927.99,0.0014
29_6,1200.86,1228.8,0.0013
29_6,672.47,679.61,0.0013
29_6,1160.7,1163.57,0.0013
29_6,855.95,875.3,0.0013
29_6,773.18,839.36,0.0011
29_6,1152.89,1155.28,0.0011
29_6,587.09,636.23,0.001
28_10,828.93,840.82,0.9983
28_10,741.9,786.04,0.9982
28_10,935.66,947.02,0.9974
28_10,803.72,808.1,0.9966
28_10,861.4,881.26,0.9965
28_10,840.82,861.39,0.9963
28_10,1124.01,1135.92,0.995
28_10,709.64,738.12,0.9942
28_10,669.67,701.16,0.994
28_10,1107.58,1124.01,0.9922
28_10,810.77,826.15,0.9913
28_10,958.7,1106.0,0.9882
28_10,1142.64,1194.89,0.9855
28_10,615.99,668.57,0.9854
28_10,893.62,933.05,0.975
28_10,1135.93,1142.66,0.9727
28_10,785.99,801.32,0.9698
28_10,828.94,840.82,0.1354
28_10,1124.01,1135.92,0.1344
28_10,958.95,1105.79,0.134
28_10,803.72,808.1,0.134
28_10,1142.65,1194.83,0.1338
28_10,840.85,861.41,0.1337
28_10,616.06,668.53,0.1333
28_10,1107.59,1124.02,0.1331
28_10,741.91,786.04,0.1329
28_10,669.68,701.17,0.1295
28_10,709.64,738.13,0.1282
28_10,882.47,893.6,0.02
28_10,828.94,840.82,0.0182
28_10,1107.58,1124.01,0.018
28_10,1142.64,1194.79,0.0176
28_10,1012.93,1036.07,0.0163
28_10,1086.8,1106.43,0.015
28_10,887.28,893.76,0.0082
28_10,997.31,1051.1,0.0063
28_10,953.93,956.65,0.0058
28_10,666.52,668.9,0.0051
28_10,804.78,807.8,0.005
28_10,786.87,793.94,0.0038
28_10,930.84,935.71,0.0038
28_10,861.74,864.16,0.0034
28_10,737.28,739.29,0.0034
28_10,669.59,694.81,0.0032
28_10,615.95,625.49,0.0031
28_10,717.8,795.44,0.0029
28_10,680.16,684.91,0.0028
28_10,712.91,718.8,0.0027
28_10,956.02,958.46,0.0026
28_10,936.19,947.06,0.0025
28_10,973.61,985.75,0.0024
28_10,808.13,826.52,0.0024
28_10,854.5,861.26,0.0022
28_10,894.03,900.13,0.0021
28_10,1071.07,1077.16,0.002
28_10,670.7,673.21,0.0019
28_10,862.48,883.05,0.0019
28_10,732.81,735.91,0.0018
28_10,835.83,840.73,0.0018
28_10,842.64,856.25,0.0017
28_10,1128.57,1135.09,0.0017
28_10,684.64,703.13,0.0016
28_10,821.72,827.72,0.0016
28_10,1204.39,1228.8,0.0015
28_10,1190.49,1206.7,0.0015
28_10,844.94,848.04,0.0015
28_10,894.12,915.57,0.0013
28_10,736.08,740.93,0.0013
28_10,741.2,752.29,0.0013
28_10,958.85,969.62,0.0012
28_10,702.74,705.54,0.0012
28_10,790.83,831.42,0.0012
28_10,928.3,931.14,0.0012
28_10,615.6,640.19,0.0012
28_10,960.93,1003.69,0.0011
28_10,1115.06,1122.97,0.0011
28_10,625.12,628.23,0.0011
28_10,713.19,716.21,0.0011
28_10,1035.92,1082.97,0.0011
28_10,1136.85,1143.62,0.001
28_10,815.91,822.44,0.001
21_17,1030.78,1055.43,0.9985
21_17,965.78,1029.47,0.9982
21_17,855.0,942.47,0.9974
21_17,633.09,644.47,0.9973
21_17,698.12,707.87,0.9967
21_17,1105.13,1117.62,0.9957
21_17,1057.29,1074.79,0.9949
21_17,746.05,783.04,0.9945
21_17,715.99,733.86,0.9901
21_17,1098.16,1102.85,0.9891
21_17,671.3,681.05,0.9889
21_17,947.29,960.43,0.9869
21_17,1091.05,1098.55,0.9596
21_17,821.87,851.55,0.9316
21_17,855.04,942.38,0.1358
21_17,1030.75,1055.45,0.1356
21_17,965.79,1029.5,0.1353
21_17,633.09,644.48,0.1351
21_17,746.05,783.11,0.134
21_17,698.11,707.87,0.1331
21_17,947.29,960.42,0.1328
21_17,965.83,1029.44,0.0184
21_17,815.01,855.34,0.0067
21_17,1029.43,1118.33,0.0067
21_17,1061.07,1071.3,0.0059
21_17,694.33,739.86,0.0053
21_17,855.39,890.47,0.0051
21_17,958.86,965.41,0.0049
21_17,652.87,659.33,0.0035
21_17,1074.85,1084.76,0.0033
21_17,624.02,634.1,0.003
21_17,746.21,749.4,0.0029
21_17,644.87,685.75,0.0029
21_17,689.24,710.4,0.0025
21_17,910.04,947.08,0.0021
21_17,638.02,641.01,0.0019
21_17,955.24,958.45,0.0017
21_17,1133.9,1140.49,0.0016
21_17,643.33,653.93,0.0016
21_17,989.24,1025.61,0.0016
21_17,1061.36,1064.4,0.0016
21_17,896.09,898.88,0.0016
21_17,1097.84,1102.77,0.0016
21_17,900.04,902.53,0.0015
21_17,963.32,966.22,0.0015
21_17,1068.94,1075.12,0.0013
21_17,997.38,1003.13,0.0013
21_17,760.18,783.65,0.0013
21_17,1044.39,1055.17,0.0013
21_17,863.03,912.54,0.0013
21_17,1035.48,1046.93,0.0012
21_17,1114.51,1125.4,0.0012
21_17,985.81,998.05,0.0012
21_17,661.16,704.63,0.0012
21_17,864.06,870.51,0.0012
21_17,940.38,943.23,0.0011
21_17,729.37,748.14,0.0011
21_17,854.81,860.56,0.0011
27_17,1054.42,1065.39,0.9983
27_17,809.71,834.01,0.997
27_17,637.91,655.99,0.997
27_17,848.75,934.51,0.9958
27_17,980.69,997.17,0.9934
27_17,937.54,972.82,0.99
27_17,832.45,846.56,0.9883
27_17,1067.78,1096.77,0.9819
27_17,1009.78,1051.28,0.9748
27_17,677.19,765.16,0.9686
27_17,796.37,804.21,0.9534
27_17,637.92,655.97,0.1354
27_17,832.45,846.56,0.1339
27_17,809.69,834.0,0.1334
27_17,809.73,834.0,0.018
27_17,1073.17,1079.27,0.0061
27_17,832.99,855.24,0.006
27_17,998.93,1010.33,0.0053
27_17,847.45,859.37,0.0042
27_17,814.06,816.97,0.004
27_17,1124.43,1136.95,0.0038
27_17,724.03,726.61,0.0034
27_17,1028.57,1034.46,0.0033
27_17,1049.85,1132.42,0.0029
27_17,621.9,639.76,0.0028
27_17,947.23,950.27,0.0026
27_17,736.2,742.01,0.0026
27_17,655.64,676.66,0.0024
27_17,818.16,829.61,0.0023
27_17,1159.86,1162.45,0.0021
27_17,890.36,892.91,0.0021
27_17,1152.72,1155.87,0.0019
27_17,966.88,978.86,0.0018
27_17,867.66,873.49,0.0017
27_17,682.02,687.46,0.0017
27_17,1134.61,1137.54,0.0017
27_17,729.73,732.47,0.0016
27_17,940.59,943.03,0.0014
27_17,792.46,803.65,0.0014
27_17,717.32,720.52,0.0014
27_17,1120.45,1140.87,0.0014
27_17,1052.62,1070.76,0.0013
27_17,671.41,676.88,0.0012
27_17,642.92,645.58,0.0012
27_17,750.98,754.06,0.0012
27_17,980.14,984.78,0.0011
27_17,1084.66,1095.62,0.0011
27_17,615.58,618.58,0.0011
27_17,697.3,720.07,0.001
16_10,988.71,999.32,0.9984
16_10,1181.76,1219.2,0.998
16_10,655.01,692.08,0.9974
16_10,1068.26,1072.31,0.9957
16_10,831.01,843.33,0.9956
16_10,1133.76,1150.9,0.9951
16_10,846.25,862.54,0.9945
16_10,897.0,934.6,0.9929
16_10,972.34,979.35,0.992
16_10,798.92,826.75,0.9917
16_10,1219.45,1227.15,0.9904
16_10,999.53,1065.81,0.9887
16_10,1072.84,1076.47,0.9886
16_10,614.31,654.76,0.9883
16_10,1153.5,1178.38,0.9882
16_10,692.5,719.29,0.9882
16_10,765.68,796.56,0.9874
16_10,722.57,754.21,0.9866
16_10,866.04,890.77,0.9856
16_10,937.11,971.9,0.9843
16_10,1178.69,1187.52,0.956
16_10,1077.11,1090.45,0.9548
16_10,1123.14,1132.96,0.9528
16_10,614.37,654.83,0.135
16_10,1072.84,1076.46,0.1346
16_10,831.02,843.33,0.1345
16_10,1219.44,1227.15,0.1344
16_10,999.64,1065.84,0.1343
16_10,722.59,754.2,0.1341
16_10,765.69,796.6,0.134
16_10,897.0,934.62,0.1337
16_10,972.35,979.35,0.1337
16_10,1068.26,1072.31,0.1328
16_10,692.5,719.28,0.1315
16_10,1153.54,1178.35,0.1315
16_10,798.93,826.75,0.13
16_10,1178.69,1187.52,0.1299
16_10,1181.77,1219.19,0.1231
16_10,972.34,979.35,0.0181
16_10,722.62,754.21,0.018
16_10,1072.84,1076.47,0.0179
16_10,765.68,796.58,0.0179
16_10,1219.45,1227.14,0.0178
16_10,999.62,1065.86,0.0178
16_10,979.38,991.45,0.0115
16_10,995.86,998.74,0.0078
16_10,1150.54,1155.68,0.0054
16_10,993.19,995.93,0.0044
16_10,669.27,692.85,0.0042
16_10,1168.58,1174.12,0.0037
16_10,952.45,959.2,0.0037
16_10,1211.09,1219.84,0.0034
16_10,935.88,945.92,0.0033
16_10,839.63,842.76,0.0031
16_10,1076.53,1099.7,0.0031
16_10,1134.36,1148.93,0.0029
16_10,1066.25,1072.48,0.0029
16_10,1226.9,1228.8,0.0029
16_10,1122.35,1132.26,0.0026
16_10,980.55,983.22,0.0026
16_10,636.14,648.22,0.0025
16_10,931.96,934.45,0.0024
16_10,714.96,720.6,0.0023
16_10,803.8,845.25,0.0021
16_10,693.36,700.17,0.0017
16_10,1226.1,1228.41,0.0017
16_10,865.85,879.47,0.0015
16_10,1006.74,1019.4,0.0015
16_10,900.29,906.31,0.0015
16_10,1187.71,1198.49,0.0015
16_10,642.56,654.11,0.0015
16_10,859.16,864.62,0.0014
16_10,1043.59,1064.08,0.0013
16_10,879.76,890.73,0.0013
16_10,847.54,850.43,0.0012
16_10,949.32,951.38,0.0012
16_10,741.18,838.4,0.0012
16_10,930.7,935.78,0.0011
16_10,772.67,784.74,0.0011
16_10,934.73,998.37,0.0011
16_10,867.62,870.17,0.001
16_10,685.38,690.53,0.001
4_30,647.22,674.36,0.9998
4_30,956.27,992.79,0.9975
4_30,838.4,851.21,0.9974
4_30,819.45,829.18,0.9971
4_30,947.24,954.18,0.9961
4_30,711.88,719.45,0.9961
4_30,743.2,752.51,0.995
4_30,755.32,785.44,0.9935
4_30,856.76,924.22,0.9902
4_30,1009.88,1030.48,0.9881
4_30,806.83,809.13,0.986
4_30,1004.32,1008.16,0.9821
4_30,851.28,854.98,0.9771
4_30,792.19,803.72,0.9762
4_30,680.1,702.02,0.97
4_30,947.24,954.17,0.1355
4_30,647.24,674.33,0.1347
4_30,819.45,829.17,0.1346
4_30,743.2,752.5,0.1342
4_30,755.3,785.44,0.1335
4_30,711.87,719.45,0.1334
4_30,1004.32,1008.16,0.1326
4_30,651.01,657.16,0.0298
4_30,711.88,719.46,0.0179
4_30,1004.32,1008.16,0.0179
4_30,647.22,674.36,0.0158
4_30,999.64,1004.75,0.0139
4_30,700.93,712.03,0.0087
4_30,762.1,765.45,0.0085
4_30,773.4,784.02,0.0074
4_30,957.16,963.06,0.0066
4_30,608.99,642.77,0.0062
4_30,997.11,999.39,0.0061
4_30,1132.38,1154.4,0.0058
4_30,946.89,958.67,0.0055
4_30,673.56,676.64,0.0053
4_30,700.94,703.85,0.0046
4_30,1069.56,1080.16,0.0043
4_30,714.12,754.02,0.0043
4_30,1127.46,1138.31,0.0039
4_30,882.61,888.4,0.0038
4_30,848.2,859.13,0.0037
4_30,984.14,989.53,0.0036
4_30,727.6,733.94,0.0034
4_30,614.5,617.6,0.0034
4_30,803.92,806.88,0.0033
4_30,753.53,759.06,0.0032
4_30,930.61,933.05,0.0031
4_30,865.45,871.29,0.0031
4_30,990.61,1002.17,0.003
4_30,1048.62,1054.86,0.0029
4_30,860.11,865.6,0.0028
4_30,963.88,966.61,0.0027
4_30,911.07,914.01,0.0026
4_30,787.7,807.43,0.0025
4_30,920.91,927.71,0.0025
4_30,1033.67,1117.77,0.0024
4_30,973.33,978.69,0.0024
4_30,855.83,858.55,0.0024
4_30,941.07,946.59,0.0023
4_30,967.75,970.48,0.0022
4_30,1159.27,1170.3,0.0021
4_30,1142.64,1148.31,0.002
4_30,866.65,908.86,0.002
4_30,706.12,712.0,0.0019
4_30,728.86,731.36,0.0019
4_30,623.64,626.58,0.0019
4_30,960.22,966.21,0.0018
4_30,992.22,997.85,0.0018
4_30,756.66,780.39,0.0017
4_30,692.07,694.7,0.0016
4_30,781.78,788.14,0.0016
4_30,1049.63,1052.49,0.0016
4_30,924.09,930.19,0.0015
4_30,905.16,916.59,0.0015
4_30,776.04,779.39,0.0015
4_30,875.19,880.9,0.0014
4_30,1077.0,1098.59,0.0014
4_30,690.11,700.65,0.0014
4_30,616.25,638.7,0.0014
4_30,789.18,833.0,0.0013
4_30,948.62,1031.02,0.0012
4_30,928.58,940.3,0.0012
4_30,744.41,751.42,0.0012
4_30,1027.1,1030.14,0.0011
4_30,953.03,955.45,0.0011
4_30,732.8,743.35,0.0011
4_30,642.49,648.45,0.0011
4_30,656.45,659.16,0.0011
4_30,659.92,662.67,0.0011
4_30,721.34,727.25,0.001
4_30,857.18,860.31,0.001
4_30,788.07,793.11,0.001
15_30,651.94,672.78,0.9996
15_30,846.73,853.64,0.9995
15_30,866.25,880.75,0.9982
15_30,688.86,729.43,0.9981
15_30,793.26,812.55,0.9976
15_30,855.3,865.74,0.9963
15_30,831.14,836.0,0.9963
15_30,731.51,758.93,0.9947
15_30,925.2,928.04,0.9905
15_30,760.32,792.79,0.9902
15_30,884.84,924.96,0.9884
15_30,640.28,646.44,0.9881
15_30,673.66,686.56,0.9805
15_30,930.19,953.05,0.9782
15_30,617.28,638.75,0.9746
15_30,835.86,844.89,0.9717
15_30,813.05,825.27,0.9642
15_30,828.74,830.61,0.9638
15_30,731.49,758.96,0.1354
15_30,866.24,880.75,0.1354
15_30,855.31,865.75,0.1353
15_30,846.72,853.64,0.1351
15_30,831.15,836.0,0.1346
15_30,925.2,928.03,0.1337
15_30,640.28,646.45,0.1334
15_30,930.19,953.07,0.1323
15_30,828.75,830.61,0.1299
15_30,673.67,686.55,0.1291
15_30,731.53,758.92,0.0184
15_30,846.72,853.64,0.0175
15_30,651.23,654.12,0.0113
15_30,1126.3,1129.51,0.0091
15_30,840.18,845.22,0.0068
15_30,627.77,639.88,0.0067
15_30,756.45,790.29,0.0064
15_30,880.29,902.44,0.0058
15_30,870.47,873.24,0.0057
15_30,1041.91,1044.57,0.0057
15_30,629.57,632.38,0.0056
15_30,1048.32,1059.55,0.0055
15_30,965.42,968.43,0.005
15_30,1104.12,1147.26,0.0048
15_30,1054.66,1066.57,0.0046
15_30,813.09,833.87,0.0042
15_30,697.89,700.69,0.004
15_30,897.25,903.06,0.0036
15_30,1151.58,1154.55,0.0035
15_30,857.71,863.94,0.0034
15_30,808.69,811.29,0.0028
15_30,1065.02,1070.78,0.0027
15_30,902.81,922.91,0.0026
15_30,651.08,663.38,0.0026
15_30,999.64,1005.99,0.0025
15_30,735.4,740.99,0.0023
15_30,872.49,874.89,0.0022
15_30,1055.18,1058.13,0.002
15_30,947.01,1030.92,0.002
15_30,759.69,778.12,0.002
15_30,936.96,942.52,0.002
15_30,1031.94,1042.16,0.002
15_30,1059.76,1081.64,0.0019
15_30,981.97,984.89,0.0019
15_30,1137.45,1143.31,0.0018
15_30,1022.33,1033.86,0.0018
15_30,655.19,657.92,0.0018
15_30,637.31,653.21,0.0017
15_30,861.92,864.75,0.0017
15_30,762.27,844.17,0.0016
15_30,849.92,852.5,0.0016
15_30,743.12,754.88,0.0016
15_30,1152.01,1158.27,0.0015
15_30,867.87,870.73,0.0015
15_30,653.25,691.06,0.0014
15_30,1044.03,1046.76,0.0014
15_30,832.33,835.14,0.0013
15_30,917.83,923.19,0.0013
15_30,984.52,995.21,0.0012
15_30,709.96,713.0,0.0012
15_30,875.48,877.99,0.0012
15_30,835.51,841.43,0.0012
15_30,694.25,731.67,0.0012
15_30,615.43,626.78,0.0012
15_30,870.2,872.98,0.0012
15_30,674.15,677.22,0.0011
15_30,1109.0,1111.75,0.0011
15_30,1132.79,1139.1,0.0011
15_30,728.06,733.4,0.001
9_22,862.07,889.02,0.9991
9_22,1053.63,1069.67,0.9976
9_22,818.38,859.9,0.9975
9_22,768.85,812.52,0.9968
9_22,904.32,919.61,0.9959
9_22,739.69,751.34,0.995
9_22,947.22,1034.09,0.9939
9_22,679.95,741.14,0.9934
9_22,918.89,946.53,0.9931
9_22,626.64,657.4,0.9916
9_22,1033.97,1055.83,0.9888
9_22,862.02,889.05,0.1363
9_22,818.35,859.84,0.1359
9_22,679.94,741.2,0.1351
9_22,918.88,946.55,0.1339
9_22,739.68,751.34,0.1334
9_22,768.83,812.49,0.1332
9_22,918.9,946.53,0.0181
9_22,679.98,741.09,0.0181
9_22,860.88,909.55,0.0068
9_22,663.23,669.88,0.0065
9_22,770.79,793.51,0.0055
9_22,603.86,618.9,0.0053
9_22,678.12,683.06,0.0053
9_22,795.57,808.41,0.0052
9_22,642.81,645.62,0.0052
9_22,734.67,737.54,0.0051
9_22,637.2,642.76,0.0046
9_22,740.94,775.3,0.0046
9_22,1031.06,1033.87,0.0045
9_22,862.77,874.49,0.0042
9_22,1146.93,1149.63,0.0034
9_22,1038.94,1051.94,0.0031
9_22,986.36,997.65,0.0029
9_22,1104.09,1107.14,0.0028
9_22,950.34,961.26,0.0027
9_22,1117.23,1119.8,0.0026
9_22,1096.7,1099.5,0.0025
9_22,716.83,719.59,0.0025
9_22,685.65,696.7,0.0024
9_22,917.48,920.43,0.002
9_22,1063.79,1104.68,0.002
9_22,822.86,828.54,0.002
9_22,627.4,630.26,0.0019
9_22,1056.94,1068.0,0.0019
9_22,832.34,855.25,0.0018
9_22,759.06,761.94,0.0017
9_22,1092.82,1116.3,0.0016
9_22,795.35,798.22,0.0016
9_22,1014.29,1025.15,0.0016
9_22,655.52,676.62,0.0015
9_22,944.28,946.87,0.0014
9_22,997.53,1000.47,0.0014
9_22,973.77,985.04,0.0013
9_22,764.17,769.49,0.0013
9_22,887.76,905.27,0.0013
9_22,1156.49,1159.44,0.0013
9_22,1069.6,1081.14,0.0012
9_22,870.32,876.85,0.0012
9_22,631.51,634.56,0.0011
9_22,648.72,654.27,0.0011
9_22,1113.33,1115.95,0.0011
9_22,1067.9,1070.56,0.0011
9_22,920.32,931.8,0.001
9_22,897.42,903.11,0.001
9_22,640.96,643.09,0.001
9_22,738.99,762.28,0.001
9_22,948.05,950.71,0.001
9_22,930.04,942.79,0.001
13_14,1042.46,1054.5,0.9998
13_14,635.4,648.07,0.9977
13_14,978.23,990.19,0.9971
13_14,839.58,942.77,0.9966
13_14,718.18,789.68,0.9961
13_14,804.49,811.67,0.996
13_14,657.72,684.31,0.9956
13_14,1019.0,1024.75,0.994
13_14,1028.58,1034.33,0.9932
13_14,797.79,801.66,0.9924
13_14,818.85,835.61,0.9865
13_14,699.62,707.3,0.9705
13_14,635.41,648.07,0.1349
13_14,657.73,684.3,0.1347
13_14,978.23,990.19,0.1341
13_14,1042.47,1054.51,0.1335
13_14,804.5,811.67,0.1324
13_14,819.86,822.85,0.0222
13_14,978.23,990.19,0.0181
13_14,615.91,636.68,0.0143
13_14,649.89,659.5,0.0143
13_14,777.16,782.27,0.0142
13_14,785.3,791.48,0.0135
13_14,1049.7,1133.53,0.0087
13_14,1046.73,1053.2,0.0087
13_14,838.45,851.06,0.0077
13_14,1116.22,1118.56,0.007
13_14,682.88,685.52,0.0061
13_14,660.93,663.9,0.0051
13_14,823.21,825.93,0.0049
13_14,743.95,749.59,0.0049
13_14,1088.14,1090.68,0.0047
13_14,732.09,771.75,0.0038
13_14,690.54,695.87,0.0037
13_14,1043.09,1049.6,0.0036
13_14,619.24,655.19,0.0034
13_14,669.85,673.07,0.0031
13_14,1091.13,1097.53,0.0025
13_14,971.39,974.21,0.0024
13_14,850.03,861.09,0.0024
13_14,959.49,962.71,0.0023
13_14,806.98,810.04,0.0022
13_14,1021.1,1023.59,0.0022
13_14,1056.86,1059.57,0.0022
13_14,915.38,937.22,0.0021
13_14,706.22,715.32,0.002
13_14,933.67,939.48,0.002
13_14,801.75,804.78,0.0019
13_14,981.35,984.33,0.0019
13_14,908.24,921.1,0.0018
13_14,657.06,705.48,0.0018
13_14,735.31,740.72,0.0018
13_14,796.85,801.74,0.0018
13_14,644.91,647.91,0.0017
13_14,1098.61,1104.77,0.0016
13_14,890.66,896.93,0.0016
13_14,788.04,790.58,0.0015
13_14,804.03,816.33,0.0014
13_14,995.29,1036.05,0.0014
13_14,760.57,762.96,0.0013
13_14,975.1,977.96,0.0013
13_14,966.81,969.46,0.0012
13_14,742.47,745.38,0.0012
13_14,689.02,708.07,0.0012
13_14,818.52,828.93,0.0012
13_14,616.02,619.18,0.0012
13_14,1053.12,1063.93,0.0012
13_14,761.97,773.65,0.0011
13_14,927.49,949.67,0.0011
13_14,674.15,680.34,0.0011
13_14,990.19,992.97,0.0011
13_14,1069.68,1080.46,0.0011
13_14,658.51,661.08,0.0011
13_14,992.6,997.9,0.0011
13_14,791.74,797.7,0.0011
13_14,834.26,855.23,0.001
13_14,1019.4,1022.14,0.001
13_14,1101.13,1182.96,0.001
13_14,784.33,786.8,0.001
13_14,1066.73,1069.77,0.001
5_22,972.65,979.43,0.9985
5_22,794.79,802.84,0.997
5_22,1045.76,1104.1,0.9954
5_22,987.06,1045.5,0.9946
5_22,770.53,791.88,0.9918
5_22,807.7,819.68,0.9913
5_22,623.27,682.97,0.9885
5_22,979.65,986.88,0.9879
5_22,742.8,754.46,0.982
5_22,686.07,705.18,0.9799
5_22,1104.4,1109.43,0.9795
5_22,821.45,903.03,0.9766
5_22,712.48,742.23,0.961
5_22,806.33,807.41,0.9594
5_22,867.85,971.79,0.833
5_22,833.83,965.35,0.2175
5_22,623.41,682.92,0.1355
5_22,972.65,979.43,0.1353
5_22,794.79,802.84,0.1352
5_22,987.06,1045.41,0.1349
5_22,807.7,819.69,0.1341
5_22,821.55,903.06,0.0733
5_22,794.79,802.84,0.0183
5_22,972.65,979.43,0.0181
5_22,987.07,1045.49,0.0179
5_22,877.2,882.84,0.0105
5_22,1073.55,1079.15,0.0088
5_22,824.43,835.82,0.0073
5_22,993.27,995.87,0.0064
5_22,995.41,1006.04,0.0057
5_22,787.3,790.26,0.0051
5_22,1049.68,1123.3,0.0051
5_22,913.67,936.83,0.0048
5_22,1105.39,1148.91,0.0039
5_22,880.45,901.76,0.0039
5_22,809.44,812.09,0.0038
5_22,833.07,876.71,0.0035
5_22,654.69,667.89,0.0032
5_22,784.06,795.17,0.0031
5_22,1035.34,1040.62,0.0027
5_22,798.73,802.57,0.0026
5_22,771.56,777.45,0.0024
5_22,888.72,894.96,0.0023
5_22,627.67,639.17,0.0023
5_22,781.11,786.92,0.0023
5_22,1152.57,1157.79,0.0023
5_22,931.6,937.31,0.0021
5_22,838.42,844.78,0.0021
5_22,802.56,805.13,0.002
5_22,722.27,727.86,0.0019
5_22,976.46,978.68,0.0018
5_22,928.75,931.49,0.0017
5_22,701.34,706.76,0.0016
5_22,828.5,838.94,0.0015
5_22,627.21,659.02,0.0014
5_22,1067.67,1074.24,0.0014
5_22,1138.9,1141.76,0.0014
5_22,804.27,820.67,0.0013
5_22,848.19,854.17,0.0013
5_22,771.49,774.37,0.0013
5_22,1109.3,1115.66,0.0013
5_22,705.22,746.89,0.0013
5_22,1064.97,1067.31,0.0012
5_22,1081.8,1084.79,0.0012
5_22,943.79,979.85,0.0012
5_22,1147.06,1152.83,0.0011
5_22,816.85,819.44,0.0011
5_22,1025.83,1046.18,0.0011
5_22,1050.11,1055.59,0.0011
5_22,648.51,654.71,0.0011
5_22,614.75,620.43,0.001
20_39,675.53,711.7,0.9998
20_39,621.09,656.93,0.9981
20_39,829.28,836.92,0.9974
20_39,863.24,866.51,0.9957
20_39,935.93,942.42,0.995
20_39,713.13,731.19,0.9942
20_39,665.86,673.97,0.9942
20_39,739.71,829.12,0.9908
20_39,658.18,665.63,0.9862
20_39,735.61,739.13,0.9839
20_39,850.25,862.51,0.983
20_39,912.15,918.83,0.9813
20_39,873.17,903.19,0.9554
20_39,903.72,935.81,0.8781
20_39,837.41,874.62,0.7875
20_39,829.29,836.92,0.135
20_39,658.17,665.64,0.1343
20_39,935.93,942.41,0.131
20_39,735.6,739.13,0.1308
20_39,863.25,866.51,0.1306
20_39,850.25,862.51,0.1056
20_39,837.37,874.64,0.085
20_39,829.29,836.92,0.0183
20_39,1034.98,1040.44,0.0111
20_39,1046.3,1088.08,0.0097
20_39,739.28,750.2,0.0096
20_39,1066.16,1071.71,0.008
20_39,738.81,741.71,0.008
20_39,965.12,967.9,0.0074
20_39,823.16,886.9,0.0065
20_39,942.01,947.95,0.0063
20_39,1017.01,1022.23,0.0054
20_39,822.71,828.36,0.0052
20_39,630.98,633.66,0.0048
20_39,741.19,762.34,0.0047
20_39,651.59,672.23,0.0041
20_39,838.87,851.1,0.0041
20_39,902.17,904.67,0.0038
20_39,616.61,622.7,0.0037
20_39,1124.74,1161.83,0.0035
20_39,890.13,900.81,0.0034
20_39,733.94,746.29,0.0034
20_39,862.67,867.64,0.0034
20_39,1003.6,1005.94,0.0028
20_39,751.25,763.05,0.0028
20_39,848.17,851.06,0.0027
20_39,1110.43,1113.54,0.0025
20_39,1048.78,1059.01,0.0025
20_39,667.83,670.98,0.0025
20_39,685.47,688.33,0.0025
20_39,909.95,912.69,0.0023
20_39,1155.57,1158.02,0.0023
20_39,787.5,790.0,0.0023
20_39,731.28,734.27,0.0022
20_39,1022.06,1061.27,0.0022
20_39,798.33,803.94,0.0021
20_39,999.66,1010.5,0.0021
20_39,817.61,829.23,0.0021
20_39,1067.81,1070.77,0.002
20_39,1063.25,1065.83,0.002
20_39,658.94,664.3,0.0019
20_39,768.1,774.12,0.0019
20_39,885.56,888.22,0.0019
20_39,975.25,1019.84,0.0018
20_39,872.7,907.57,0.0018
20_39,616.1,618.95,0.0018
20_39,996.86,1002.54,0.0017
20_39,837.23,843.65,0.0017
20_39,957.7,978.75,0.0017
20_39,709.84,715.5,0.0015
20_39,703.2,709.29,0.0015
20_39,1108.18,1118.32,0.0015
20_39,918.06,929.61,0.0014
20_39,756.0,762.41,0.0014
20_39,933.72,943.92,0.0013
20_39,762.99,765.56,0.0013
20_39,770.18,791.2,0.0012
20_39,1134.32,1223.82,0.0012
20_39,892.14,897.97,0.0011
20_39,997.3,999.62,0.0011
20_39,985.93,997.94,0.0011
20_39,871.57,882.0,0.001
20_39,615.72,626.09,0.001
26_19,1066.97,1085.52,0.9997
26_19,815.69,836.07,0.999
26_19,659.36,676.1,0.9974
26_19,701.1,755.13,0.9969
26_19,839.38,871.72,0.9949
26_19,760.52,773.45,0.9928
26_19,1105.67,1116.68,0.9921
26_19,937.51,939.5,0.989
26_19,1122.6,1211.8,0.989
26_19,1011.86,1065.71,0.9887
26_19,1093.27,1105.34,0.9871
26_19,1214.39,1228.8,0.978
26_19,781.19,811.81,0.9769
26_19,680.01,700.73,0.9767
26_19,872.17,884.64,0.9656
26_19,945.04,997.59,0.9614
26_19,619.6,656.61,0.9569
26_19,889.33,936.68,0.9567
26_19,1193.62,1206.33,0.9339
26_19,659.34,676.1,0.1355
26_19,815.7,836.06,0.1352
26_19,760.51,773.44,0.1335
26_19,1093.27,1105.35,0.1329
26_19,701.13,755.15,0.1326
26_19,937.51,939.5,0.1326
26_19,781.22,811.82,0.1304
26_19,1122.64,1211.82,0.1266
26_19,1193.62,1206.32,0.1213
26_19,1207.05,1211.81,0.0203
26_19,659.35,676.09,0.0182
26_19,1093.28,1105.34,0.018
26_19,701.05,755.14,0.0179
26_19,781.22,811.8,0.0176
26_19,659.41,662.07,0.0129
26_19,1014.08,1019.42,0.0118
26_19,1181.93,1194.24,0.0105
26_19,1148.47,1172.32,0.0095
26_19,909.8,933.02,0.009
26_19,662.0,669.22,0.0085
26_19,701.26,723.86,0.0082
26_19,1167.42,1179.35,0.008
26_19,1065.16,1093.78,0.0073
26_19,620.36,623.41,0.0065
26_19,1074.41,1076.98,0.0061
26_19,934.58,937.28,0.0061
26_19,615.31,627.1,0.0044
26_19,919.55,932.03,0.0037
26_19,973.51,997.37,0.0035
26_19,1014.31,1025.47,0.003
26_19,1133.9,1140.13,0.0028
26_19,836.87,862.4,0.0028
26_19,1010.31,1013.26,0.0027
26_19,1089.53,1117.12,0.0026
26_19,782.06,796.21,0.0025
26_19,1070.22,1073.74,0.0024
26_19,1082.78,1092.75,0.0023
26_19,755.35,757.89,0.0023
26_19,1183.13,1206.95,0.002
26_19,1076.16,1082.86,0.0019
26_19,1002.65,1014.77,0.0016
26_19,1016.19,1039.61,0.0015
26_19,619.65,624.61,0.0014
26_19,1141.29,1147.53,0.0014
26_19,757.88,776.38,0.0013
26_19,1088.14,1091.01,0.0013
26_19,750.28,753.05,0.0012
26_19,1113.69,1116.54,0.0012
26_19,696.64,699.32,0.0012
26_19,623.34,648.37,0.0012
26_19,1214.94,1226.57,0.0011
26_19,1095.47,1102.24,0.0011
26_19,869.93,887.09,0.001
25_11,765.44,798.14,0.9993
25_11,699.5,744.55,0.9985
25_11,868.12,963.02,0.998
25_11,975.57,990.68,0.9967
25_11,1131.69,1143.19,0.9953
25_11,1097.43,1099.39,0.9941
25_11,963.14,975.12,0.991
25_11,1212.17,1228.8,0.9909
25_11,823.59,836.66,0.9874
25_11,1108.71,1121.61,0.9851
25_11,990.07,992.57,0.9838
25_11,841.24,845.83,0.9828
25_11,799.88,809.51,0.9775
25_11,1147.78,1152.37,0.9748
25_11,1153.99,1211.35,0.9727
25_11,668.05,690.3,0.9663
25_11,994.48,1096.71,0.9416
25_11,765.38,798.24,0.137
25_11,699.45,744.56,0.1353
25_11,1097.43,1099.39,0.1353
25_11,868.06,963.0,0.1346
25_11,1212.17,1228.8,0.1344
25_11,823.61,836.65,0.1341
25_11,975.58,990.68,0.1322
25_11,1108.69,1121.63,0.1312
25_11,1153.82,1211.34,0.1311
25_11,704.6,716.89,0.035
25_11,975.58,990.69,0.0176
25_11,966.03,971.66,0.0164
25_11,1031.56,1033.65,0.0154
25_11,699.43,744.52,0.0153
25_11,1148.15,1150.33,0.0152
25_11,837.33,839.29,0.0093
25_11,1122.86,1125.46,0.0084
25_11,879.86,928.64,0.007
25_11,991.01,1015.59,0.0069
25_11,737.62,743.6,0.0068
25_11,1132.55,1139.7,0.0064
25_11,1098.17,1108.66,0.0056
25_11,871.33,873.53,0.0054
25_11,629.01,651.78,0.005
25_11,1120.95,1142.92,0.0043
25_11,879.2,890.9,0.0042
25_11,989.87,992.37,0.0041
25_11,622.67,694.18,0.004
25_11,803.84,808.78,0.0037
25_11,1094.91,1097.29,0.0037
25_11,737.04,748.19,0.0036
25_11,996.12,1034.87,0.0032
25_11,791.92,797.92,0.0029
25_11,1001.92,1004.61,0.0029
25_11,763.35,773.45,0.0029
25_11,800.5,806.18,0.0027
25_11,1067.79,1090.71,0.0025
25_11,652.17,662.68,0.0024
25_11,1108.85,1116.29,0.0023
25_11,1152.57,1228.55,0.0023
25_11,963.16,965.74,0.0023
25_11,839.54,859.69,0.0021
25_11,806.17,808.81,0.0021
25_11,967.85,970.39,0.0021
25_11,842.31,845.09,0.0019
25_11,869.89,875.03,0.0018
25_11,1211.83,1224.51,0.0017
25_11,1095.76,1099.82,0.0016
25_11,1083.75,1090.3,0.0016
25_11,1125.17,1132.05,0.0015
25_11,765.36,789.81,0.0015
25_11,865.66,868.73,0.0014
25_11,802.82,825.05,0.0013
25_11,879.62,882.47,0.0013
25_11,664.34,667.03,0.0013
25_11,1149.97,1152.12,0.0013
25_11,654.89,694.64,0.0013
25_11,794.2,797.43,0.0012
25_11,773.03,775.84,0.0012
25_11,617.51,636.69,0.0012
25_11,959.49,991.1,0.0012
25_11,1093.06,1095.69,0.0012
25_11,1191.29,1193.8,0.0011
25_11,1120.93,1123.2,0.0011
25_11,1195.91,1207.11,0.0011
25_11,940.93,953.37,0.001
18_24,1162.5,1169.79,0.9998
18_24,1008.16,1050.64,0.9991
18_24,840.44,962.39,0.9972
18_24,1073.51,1082.2,0.995
18_24,618.2,652.86,0.9941
18_24,760.93,780.18,0.9931
18_24,781.03,830.97,0.9911
18_24,655.92,757.22,0.9902
18_24,996.44,1005.48,0.9892
18_24,1061.98,1073.43,0.9891
18_24,1172.91,1184.21,0.9885
18_24,1084.38,1162.37,0.9752
18_24,963.13,996.14,0.9742
18_24,1162.5,1169.79,0.1351
18_24,618.2,652.94,0.1351
18_24,1008.16,1050.63,0.1349
18_24,656.02,757.17,0.1344
18_24,760.93,780.17,0.1343
18_24,1172.91,1184.21,0.1338
18_24,1061.99,1073.44,0.1334
18_24,781.08,830.95,0.1331
18_24,840.49,897.42,0.0236
18_24,1162.51,1169.79,0.0181
18_24,963.56,966.98,0.0122
18_24,1082.6,1094.5,0.0103
18_24,994.0,999.09,0.0101
18_24,656.92,675.49,0.0069
18_24,954.88,957.66,0.0059
18_24,896.24,922.16,0.0049
18_24,779.09,807.17,0.0046
18_24,989.87,993.04,0.0044
18_24,1060.86,1080.64,0.0042
18_24,733.54,757.09,0.0041
18_24,946.22,965.5,0.0037
18_24,926.75,929.37,0.0034
18_24,950.42,953.5,0.0033
18_24,947.28,949.95,0.0032
18_24,1010.83,1037.6,0.0032
18_24,642.32,654.22,0.003
18_24,758.75,761.34,0.003
18_24,713.57,754.35,0.0024
18_24,1008.81,1021.78,0.0024
18_24,1083.6,1088.4,0.0022
18_24,757.01,759.67,0.0021
18_24,996.78,1006.48,0.002
18_24,1083.9,1135.3,0.0018
18_24,763.65,776.56,0.0017
18_24,940.08,950.14,0.0017
18_24,958.88,961.17,0.0017
18_24,618.64,625.13,0.0015
18_24,1073.9,1080.74,0.0014
18_24,1183.69,1228.8,0.0014
18_24,647.5,653.72,0.0014
18_24,967.78,993.87,0.0013
18_24,937.26,944.14,0.001
27_9,1030.62,1046.93,0.999
27_9,826.36,842.66,0.9984
27_9,1009.16,1030.62,0.9977
27_9,1111.45,1152.97,0.9976
27_9,642.71,659.9,0.9969
27_9,936.33,991.04,0.9966
27_9,1073.51,1106.47,0.9915
27_9,844.35,925.81,0.9839
27_9,780.87,823.78,0.979
27_9,769.73,778.32,0.9599
27_9,689.08,746.51,0.9596
27_9,936.23,991.15,0.1361
27_9,1030.63,1046.92,0.1349
27_9,1111.46,1152.94,0.1344
27_9,826.37,842.67,0.1335
27_9,642.72,659.88,0.1329
27_9,620.13,642.85,0.028
27_9,936.2,991.16,0.0183
27_9,1030.62,1046.93,0.0179
27_9,700.1,711.74,0.009
27_9,845.38,868.2,0.0057
27_9,781.88,804.51,0.0052
27_9,1034.64,1040.45,0.0049
27_9,1028.44,1031.38,0.0049
27_9,746.79,784.47,0.0049
27_9,694.6,714.26,0.0045
27_9,1076.73,1099.18,0.0041
27_9,1018.41,1029.89,0.0039
27_9,926.17,932.25,0.0034
27_9,856.7,859.58,0.0034
27_9,923.24,928.72,0.0028
27_9,971.63,977.84,0.0027
27_9,897.23,903.58,0.0024
27_9,938.0,943.83,0.0022
27_9,885.33,888.24,0.0022
27_9,1020.46,1023.31,0.0022
27_9,767.58,777.89,0.0021
27_9,1039.43,1111.83,0.0021
27_9,860.79,866.85,0.002
27_9,1101.96,1108.16,0.002
27_9,863.77,885.88,0.002
27_9,629.61,635.66,0.002
27_9,804.68,825.64,0.0018
27_9,1134.57,1137.25,0.0017
27_9,653.45,658.87,0.0017
27_9,641.33,644.09,0.0016
27_9,1029.88,1070.3,0.0015
27_9,976.36,982.17,0.0015
27_9,1155.04,1176.72,0.0015
27_9,627.98,630.39,0.0014
27_9,1114.24,1116.99,0.0014
27_9,700.99,706.69,0.0013
27_9,1139.43,1142.04,0.0013
27_9,1006.4,1028.46,0.0013
27_9,1085.4,1088.37,0.0012
27_9,1117.73,1130.31,0.0012
27_9,684.58,777.34,0.0012
27_9,981.14,987.45,0.0012
27_9,938.67,963.71,0.0011
27_9,841.86,844.53,0.0011
27_9,1046.76,1052.59,0.0011
27_9,854.06,856.82,0.0011
27_9,905.91,908.54,0.0011
27_9,920.28,931.79,0.0011
27_9,1031.56,1037.8,0.001
21_11,929.17,985.89,0.9999
21_11,1172.75,1180.38,0.9988
21_11,760.28,771.18,0.9984
21_11,1190.19,1201.1,0.9975
21_11,1017.91,1111.11,0.9936
21_11,1151.32,1166.21,0.993
21_11,1131.72,1148.04,0.9927
21_11,703.51,728.56,0.9881
21_11,645.37,656.39,0.9876
21_11,787.54,811.51,0.9876
21_11,1113.35,1130.75,0.9869
21_11,874.73,903.43,0.9864
21_11,687.73,702.99,0.9577
21_11,994.24,1010.23,0.9329
21_11,1190.2,1201.09,0.1355
21_11,1172.75,1180.38,0.135
21_11,1151.33,1166.22,0.1344
21_11,1017.87,1111.15,0.1343
21_11,787.51,811.51,0.1341
21_11,874.71,903.42,0.1319
21_11,1151.33,1166.2,0.0182
21_11,787.52,811.49,0.0182
21_11,1172.75,1180.38,0.0181
21_11,975.34,986.23,0.0141
21_11,903.93,924.72,0.0104
21_11,732.82,738.96,0.0102
21_11,936.91,948.99,0.0089
21_11,620.49,641.55,0.0084
21_11,658.63,678.77,0.0076
21_11,815.2,821.02,0.0069
21_11,828.93,873.88,0.006
21_11,681.25,702.26,0.0052
21_11,984.56,1006.77,0.0041
21_11,786.35,792.35,0.0041
21_11,1010.99,1030.66,0.0037
21_11,945.08,951.76,0.0035
21_11,702.66,709.32,0.0027
21_11,663.63,703.17,0.0026
21_11,1074.1,1095.54,0.0026
21_11,809.12,814.27,0.0026
21_11,759.66,783.58,0.0025
21_11,625.57,667.66,0.0025
21_11,1025.27,1073.6,0.0024
21_11,1165.52,1171.22,0.0023
21_11,935.28,938.64,0.0022
21_11,1148.06,1150.88,0.0021
21_11,1113.41,1134.18,0.0021
21_11,986.34,989.27,0.0021
21_11,954.43,980.84,0.0021
21_11,936.38,956.84,0.002
21_11,754.56,760.24,0.0019
21_11,650.08,655.38,0.0019
21_11,1181.15,1202.08,0.0019
21_11,1030.68,1036.61,0.0019
21_11,705.3,739.0,0.0018
21_11,994.45,1015.05,0.0017
21_11,873.4,910.0,0.0016
21_11,610.96,617.53,0.0016
21_11,827.9,833.95,0.0016
21_11,1009.85,1012.59,0.0016
21_11,658.83,672.0,0.0016
21_11,1017.07,1027.68,0.0015
21_11,683.32,686.34,0.0015
21_11,1175.83,1180.33,0.0014
21_11,744.78,756.79,0.0014
21_11,988.41,1000.25,0.0013
21_11,816.99,859.81,0.0013
21_11,1169.45,1171.9,0.0013
21_11,1094.98,1112.65,0.0012
21_11,1201.68,1228.8,0.0012
21_11,903.71,906.43,0.0012
21_11,923.52,929.71,0.0011
21_11,615.11,634.18,0.0011
21_11,703.6,716.42,0.0011
21_11,897.21,903.38,0.0011
21_11,814.61,817.11,0.001
21_11,1179.06,1181.56,0.001
15_5,1088.01,1199.77,0.4691
15_5,836.03,967.61,0.4622
15_5,960.93,1086.63,0.4576
15_5,675.09,823.72,0.4094
15_5,1206.93,1228.8,0.3865
15_5,822.03,843.3,0.2093
15_5,799.95,812.01,0.1967
15_5,811.45,822.62,0.194
15_5,1193.77,1228.8,0.1387
15_5,820.06,831.35,0.1281
15_5,633.6,805.85,0.1264
15_5,832.39,844.84,0.1221
15_5,1078.34,1183.78,0.1116
15_5,827.97,951.75,0.1023
15_5,828.17,833.55,0.0973
15_5,807.4,819.07,0.0903
15_5,974.82,1096.7,0.085
15_5,833.76,838.98,0.074
15_5,677.81,723.41,0.0663
15_5,1216.26,1228.8,0.0595
15_5,833.17,855.89,0.0587
15_5,815.57,827.04,0.0586
15_5,795.09,818.95,0.0546
15_5,992.74,1041.4,0.0498
15_5,825.91,831.63,0.0479
15_5,831.34,836.92,0.0473
15_5,1199.53,1222.36,0.0471
15_5,954.79,981.15,0.047
15_5,904.62,951.82,0.0431
15_5,1172.01,1192.47,0.0425
15_5,838.21,843.38,0.0373
15_5,825.19,828.12,0.0356
15_5,804.55,810.04,0.0338
15_5,703.52,824.93,0.0334
15_5,982.34,1004.28,0.0328
15_5,891.66,898.37,0.0318
15_5,939.17,950.94,0.0311
15_5,1221.68,1228.8,0.0311
15_5,821.02,826.33,0.031
15_5,808.47,907.9,0.0293
15_5,789.77,807.82,0.029
15_5,1097.21,1211.26,0.0287
15_5,839.67,850.12,0.0274
15_5,713.91,719.96,0.0274
15_5,1062.17,1106.93,0.0266
15_5,828.58,831.25,0.0259
15_5,629.55,648.74,0.0252
15_5,852.41,879.73,0.0243
15_5,817.48,822.54,0.0234
15_5,951.58,969.22,0.0216
15_5,811.04,817.01,0.021
15_5,1188.55,1210.93,0.02
15_5,947.0,1076.78,0.0196
15_5,1223.07,1226.06,0.0192
15_5,881.22,910.74,0.0189
15_5,617.83,717.6,0.0185
15_5,760.01,805.81,0.0177
15_5,834.68,840.1,0.0176
15_5,1213.93,1225.84,0.0172
15_5,716.7,743.98,0.0169
15_5,1056.21,1068.76,0.0164
15_5,832.61,835.54,0.0164
15_5,1001.95,1021.74,0.0156
15_5,808.12,810.98,0.0153
15_5,709.6,723.66,0.0151
15_5,823.59,829.49,0.015
15_5,844.73,851.15,0.0148
15_5,839.2,841.94,0.0148
15_5,819.52,821.85,0.0148
15_5,821.73,824.34,0.0146
15_5,1156.79,1178.97,0.0142
15_5,894.02,896.88,0.0138
15_5,1176.47,1195.63,0.0134
15_5,800.7,840.49,0.0128
15_5,989.13,999.61,0.0128
15_5,942.3,948.0,0.0126
15_5,618.62,644.34,0.0122
15_5,793.59,803.23,0.0119
15_5,1170.49,1175.84,0.0119
15_5,1065.61,1166.73,0.0114
15_5,1041.78,1064.74,0.0112
15_5,715.51,718.22,0.0111
15_5,1222.03,1224.84,0.0109
15_5,862.77,967.04,0.0107
15_5,654.58,683.3,0.0104
15_5,969.5,1010.35,0.0103
15_5,831.25,833.98,0.0098
15_5,946.96,949.63,0.0097
15_5,1192.4,1228.8,0.0092
15_5,836.79,862.99,0.0089
15_5,791.53,797.08,0.0089
15_5,933.28,953.61,0.0089
15_5,1227.66,1228.8,0.0084
15_5,678.42,757.06,0.0083
15_5,826.89,829.69,0.0082
15_5,820.6,823.17,0.0081
15_5,797.73,810.35,0.008
15_5,810.27,813.32,0.0079
15_5,829.49,832.37,0.0075
15_5,1188.98,1200.6,0.0075
15_5,703.36,717.31,0.0075
15_5,889.08,903.5,0.0074
15_5,1015.42,1065.73,0.007
15_5,1126.61,1177.31,0.0069
15_5,917.96,940.93,0.0067
15_5,1175.68,1181.66,0.0065
15_5,838.35,840.85,0.0064
15_5,892.84,895.95,0.006
15_5,851.21,863.27,0.006
15_5,683.27,709.97,0.0057
15_5,1064.48,1067.07,0.0057
15_5,945.07,948.06,0.0055
15_5,623.49,675.71,0.0054
15_5,771.69,796.26,0.0053
15_5,896.15,922.0,0.0052
15_5,1224.8,1227.48,0.0051
15_5,713.46,728.96,0.005
15_5,847.14,850.0,0.005
15_5,812.12,834.38,0.005
15_5,952.54,964.2,0.005
15_5,1062.64,1065.24,0.0048
15_5,803.54,809.27,0.0048
15_5,1064.66,1094.44,0.0047
15_5,931.15,937.46,0.0046
15_5,836.96,839.93,0.0045
15_5,1213.22,1228.8,0.0044
15_5,975.04,996.78,0.0044
15_5,1011.22,1037.65,0.0044
15_5,1092.92,1118.53,0.0043
15_5,1193.91,1204.41,0.0043
15_5,716.27,719.41,0.0042
15_5,942.16,944.98,0.004
15_5,807.8,813.66,0.004
15_5,1165.04,1176.47,0.004
15_5,946.74,952.19,0.004
15_5,844.24,898.76,0.0039
15_5,733.13,821.38,0.0038
15_5,827.87,840.26,0.0038
15_5,824.86,827.47,0.0037
15_5,840.92,846.59,0.0036
15_5,833.33,835.92,0.0035
15_5,822.08,824.92,0.0035
15_5,1177.26,1184.27,0.0034
15_5,626.44,632.33,0.0034
15_5,614.91,617.31,0.0034
15_5,1201.41,1214.32,0.0034
15_5,1171.37,1174.21,0.0034
15_5,1029.15,1040.46,0.0033
15_5,812.62,819.71,0.0033
15_5,714.1,717.39,0.0033
15_5,720.41,747.38,0.0032
15_5,795.81,800.52,0.0032
15_5,859.08,873.17,0.0031
15_5,951.03,954.09,0.0031
15_5,1220.36,1226.7,0.0031
15_5,933.62,936.16,0.003
15_5,1009.91,1021.08,0.0029
15_5,964.5,977.2,0.0029
15_5,1189.75,1195.44,0.0029
15_5,982.18,988.73,0.0028
15_5,818.33,821.35,0.0027
15_5,1049.67,1076.21,0.0027
15_5,835.08,837.66,0.0027
15_5,707.95,715.41,0.0027
15_5,828.17,830.72,0.0026
15_5,940.9,943.82,0.0026
15_5,626.28,778.25,0.0025
15_5,895.19,898.05,0.0025
15_5,807.67,810.52,0.0025
15_5,790.6,796.44,0.0025
15_5,831.69,834.55,0.0024
15_5,990.19,996.48,0.0024
15_5,783.99,861.23,0.0024
15_5,1060.59,1066.09,0.0024
15_5,1179.45,1182.23,0.0023
15_5,718.97,725.68,0.0023
15_5,1226.19,1228.8,0.0023
15_5,906.7,919.97,0.0023
15_5,1118.31,1144.02,0.0023
15_5,1219.37,1222.23,0.0022
15_5,922.97,987.94,0.0021
15_5,634.19,644.41,0.0021
15_5,1180.59,1192.1,0.0021
15_5,930.51,942.08,0.002
15_5,616.17,625.75,0.002
15_5,1211.42,1221.36,0.0019
15_5,996.15,1002.64,0.0019
15_5,845.2,848.68,0.0019
15_5,794.89,797.61,0.0019
15_5,678.99,681.8,0.0019
15_5,1143.89,1190.45,0.0018
15_5,878.66,906.21,0.0018
15_5,838.79,841.34,0.0017
15_5,1222.64,1225.37,0.0017
15_5,1036.53,1062.38,0.0017
15_5,629.53,632.26,0.0017
15_5,819.77,822.66,0.0017
15_5,830.65,833.39,0.0016
15_5,641.86,651.41,0.0016
15_5,946.6,949.09,0.0016
15_5,965.52,971.62,0.0016
15_5,943.05,945.96,0.0016
15_5,1173.58,1179.76,0.0016
15_5,983.01,1032.53,0.0016
15_5,1191.94,1197.54,0.0016
15_5,782.72,795.22,0.0016
15_5,1032.32,1038.84,0.0015
15_5,681.43,704.34,0.0015
15_5,890.99,896.64,0.0015
15_5,811.63,814.19,0.0015
15_5,847.42,850.63,0.0014
15_5,988.35,991.41,0.0014
15_5,825.58,828.61,0.0014
15_5,715.46,722.13,0.0014
15_5,1183.82,1228.8,0.0014
15_5,653.32,678.85,0.0014
15_5,706.98,710.67,0.0014
15_5,1202.41,1208.32,0.0014
15_5,837.83,848.05,0.0013
15_5,796.57,803.07,0.0013
15_5,888.35,939.18,0.0013
15_5,967.14,987.01,0.0013
15_5,802.22,808.92,0.0013
15_5,937.0,956.96,0.0012
15_5,849.82,861.86,0.0012
15_5,1178.08,1181.34,0.0012
15_5,712.93,775.58,0.0012
15_5,992.0,1121.85,0.0012
15_5,835.73,838.72,0.0012
15_5,1062.69,1068.82,0.0012
15_5,1020.59,1032.56,0.0011
15_5,791.9,795.06,0.0011
15_5,1186.66,1189.82,0.0011
15_5,1052.96,1055.85,0.0011
15_5,816.05,822.19,0.0011
15_5,907.93,914.14,0.0011
15_5,618.65,631.82,0.0011
15_5,722.52,730.15,0.0011
15_5,710.2,716.34,0.0011
15_5,1169.26,1175.27,0.0011
15_5,808.57,811.65,0.0011
15_5,1132.45,1146.53,0.001
15_5,719.69,722.62,0.001
15_5,1208.63,1214.59,0.001
15_5,1094.59,1107.58,0.001
25_3,1143.19,1153.23,0.9997
25_3,763.74,774.39,0.9987
25_3,1153.42,1156.61,0.9975
25_3,965.63,992.66,0.9973
25_3,1157.73,1213.4,0.996
25_3,1215.04,1228.8,0.9949
25_3,955.73,960.76,0.9944
25_3,1005.73,1116.93,0.9937
25_3,780.54,954.8,0.9919
25_3,1118.08,1119.75,0.989
25_3,685.42,687.69,0.9855
25_3,996.52,999.43,0.9823
25_3,741.01,747.17,0.9815
25_3,663.01,675.97,0.9639
25_3,1128.52,1132.86,0.9515
25_3,648.36,653.54,0.9511
25_3,725.57,733.28,0.9363
25_3,763.73,774.4,0.1355
25_3,955.73,960.75,0.1342
25_3,965.63,992.66,0.1335
25_3,1153.42,1156.61,0.1326
25_3,1157.67,1213.42,0.1319
25_3,741.01,747.17,0.1294
25_3,1157.65,1213.43,0.0172
25_3,1150.66,1153.27,0.0161
25_3,1051.63,1054.07,0.0145
25_3,1215.91,1228.8,0.0135
25_3,881.13,893.44,0.0126
25_3,682.89,685.52,0.0115
25_3,1015.94,1025.23,0.0112
25_3,609.75,645.82,0.0104
25_3,955.13,957.54,0.0084
25_3,1036.88,1039.96,0.0084
25_3,653.67,673.38,0.0072
25_3,943.77,946.38,0.0063
25_3,870.43,895.46,0.0062
25_3,1067.84,1073.43,0.0058
25_3,1077.75,1081.1,0.0054
25_3,995.96,1016.89,0.0046
25_3,1055.33,1057.67,0.0044
25_3,631.27,651.91,0.0044
25_3,924.87,927.86,0.0041
25_3,771.64,814.58,0.004
25_3,1122.66,1134.66,0.0039
25_3,1150.21,1153.04,0.0039
25_3,952.35,954.86,0.0034
25_3,1177.8,1180.55,0.0034
25_3,675.03,692.83,0.0033
25_3,1098.09,1120.43,0.0033
25_3,1017.75,1063.27,0.003
25_3,991.5,993.77,0.003
25_3,795.13,917.64,0.003
25_3,1067.04,1078.89,0.0029
25_3,995.86,1001.37,0.0027
25_3,826.43,829.12,0.0027
25_3,710.07,755.89,0.0027
25_3,815.86,838.09,0.0026
25_3,957.47,960.28,0.0025
25_3,1138.62,1156.49,0.0024
25_3,660.31,663.39,0.0024
25_3,1012.54,1017.28,0.0022
25_3,1017.14,1027.51,0.0021
25_3,1100.93,1107.0,0.0021
25_3,924.47,944.74,0.0021
25_3,719.24,721.67,0.0021
25_3,632.71,635.78,0.002
25_3,752.73,755.56,0.0019
25_3,852.68,858.1,0.0019
25_3,945.31,966.97,0.0019
25_3,695.73,707.02,0.0018
25_3,912.77,926.13,0.0018
25_3,820.55,826.22,0.0017
25_3,1079.16,1122.24,0.0017
25_3,1158.53,1164.43,0.0017
25_3,819.09,821.54,0.0016
25_3,685.46,688.0,0.0014
25_3,1214.87,1221.48,0.0014
25_3,689.76,696.35,0.0013
25_3,774.33,787.15,0.0013
25_3,1143.67,1150.23,0.0013
25_3,823.51,829.83,0.0012
25_3,1194.9,1201.1,0.0012
25_3,1044.82,1047.05,0.0011
25_3,1074.42,1077.04,0.0011
25_3,1158.03,1160.85,0.0011
25_3,772.06,774.62,0.0011
25_3,616.4,637.04,0.0011
25_3,659.94,665.14,0.0011
25_3,815.63,818.46,0.0011
25_3,1126.87,1132.97,0.0011
25_3,736.28,748.4,0.001
25_3,769.17,772.39,0.001
18_11,924.8,933.43,0.9972
18_11,765.85,794.55,0.9971
18_11,936.27,946.91,0.9969
18_11,967.46,987.7,0.9965
18_11,901.78,924.54,0.9959
18_11,643.51,764.94,0.9955
18_11,795.9,837.51,0.9925
18_11,1025.06,1032.58,0.9891
18_11,615.26,643.02,0.9814
18_11,948.8,961.59,0.9765
18_11,990.38,1024.68,0.9726
18_11,837.61,901.74,0.9689
18_11,936.27,946.91,0.135
18_11,765.85,794.55,0.1345
18_11,924.8,933.44,0.1343
18_11,1025.07,1032.58,0.1321
18_11,615.27,643.02,0.1307
18_11,765.88,794.5,0.0184
18_11,794.62,806.27,0.0103
18_11,1014.45,1025.36,0.0081
18_11,1141.81,1147.58,0.0081
18_11,948.27,950.56,0.0076
18_11,718.24,738.83,0.0066
18_11,1147.26,1150.24,0.0064
18_11,875.67,898.01,0.006
18_11,678.7,684.76,0.0057
18_11,827.66,833.72,0.0049
18_11,1018.5,1052.56,0.0046
18_11,664.03,667.04,0.0045
18_11,779.32,791.31,0.004
18_11,695.79,762.07,0.0038
18_11,910.29,912.91,0.0035
18_11,961.26,967.04,0.0035
18_11,926.83,932.9,0.003
18_11,974.19,976.96,0.0028
18_11,929.88,948.75,0.0028
18_11,659.37,665.41,0.0025
18_11,887.75,927.13,0.0025
18_11,1107.48,1113.23,0.0025
18_11,811.48,901.97,0.0023
18_11,988.39,1009.31,0.0022
18_11,743.94,747.2,0.0022
18_11,1055.51,1058.6,0.0021
18_11,1021.41,1024.44,0.0018
18_11,1066.66,1072.69,0.0018
18_11,1032.64,1044.98,0.0018
18_11,872.81,893.95,0.0018
18_11,939.95,945.6,0.0015
18_11,1138.25,1225.27,0.0015
18_11,1080.11,1091.75,0.0015
18_11,693.51,714.54,0.0014
18_11,974.54,987.8,0.0014
18_11,1123.36,1126.23,0.0014
18_11,1056.16,1077.35,0.0014
18_11,614.35,619.15,0.0014
18_11,946.23,948.44,0.0013
18_11,1016.9,1025.52,0.0013
18_11,768.57,779.97,0.0013
18_11,1095.01,1106.94,0.0012
18_11,658.31,661.3,0.001
18_11,991.51,994.61,0.001
18_11,853.44,865.67,0.001
26_20,631.58,652.41,0.998
26_20,700.29,743.48,0.9969
26_20,872.86,912.0,0.9958
26_20,912.19,960.07,0.9957
26_20,1024.16,1032.94,0.9955
26_20,1139.51,1144.31,0.9951
26_20,1062.15,1111.23,0.9939
26_20,619.76,628.55,0.9932
26_20,1033.52,1044.03,0.9925
26_20,1111.7,1129.35,0.9925
26_20,653.02,677.59,0.9923
26_20,965.65,1020.31,0.9913
26_20,781.31,795.21,0.9832
26_20,800.46,823.34,0.9808
26_20,825.24,845.12,0.9789
26_20,749.43,778.31,0.9785
26_20,857.88,867.63,0.9752
26_20,870.67,872.0,0.9622
26_20,1145.94,1174.68,0.95
26_20,1044.31,1047.54,0.949
26_20,700.25,743.44,0.1355
26_20,619.74,628.55,0.1349
26_20,872.85,911.97,0.1347
26_20,1062.12,1111.22,0.1346
26_20,631.57,652.38,0.1343
26_20,1111.71,1129.32,0.1336
26_20,781.31,795.21,0.1332
26_20,965.63,1020.37,0.1331
26_20,1139.52,1144.31,0.1322
26_20,749.42,778.32,0.1319
26_20,857.88,867.64,0.1317
26_20,1044.31,1047.54,0.1267
26_20,949.97,961.0,0.0246
26_20,1062.24,1111.18,0.0181
26_20,749.43,778.32,0.0177
26_20,626.46,628.87,0.0143
26_20,1043.36,1051.39,0.0131
26_20,1129.92,1149.4,0.013
26_20,1038.68,1043.86,0.0122
26_20,848.43,868.01,0.0115
26_20,965.08,967.74,0.0079
26_20,940.39,961.24,0.0073
26_20,862.18,867.02,0.0063
26_20,626.41,672.46,0.0059
26_20,991.58,1013.46,0.0057
26_20,1015.37,1018.83,0.0052
26_20,781.97,800.57,0.0048
26_20,1165.84,1176.07,0.0046
26_20,678.79,697.61,0.0045
26_20,705.42,728.89,0.0044
26_20,799.89,805.94,0.0042
26_20,873.65,901.18,0.0041
26_20,966.36,988.39,0.004
26_20,1026.01,1049.5,0.0031
26_20,912.7,938.79,0.0028
26_20,1145.74,1148.41,0.0026
26_20,633.09,646.58,0.0023
26_20,798.73,810.22,0.0022
26_20,1043.04,1055.28,0.0022
26_20,864.54,867.58,0.0021
26_20,661.0,663.97,0.0021
26_20,603.31,620.19,0.0021
26_20,1039.35,1041.82,0.002
26_20,1001.26,1004.04,0.002
26_20,1112.25,1124.52,0.002
26_20,676.61,682.04,0.002
26_20,872.12,874.43,0.0019
26_20,1158.44,1165.05,0.0019
26_20,821.55,865.68,0.0019
26_20,1185.26,1228.8,0.0017
26_20,1128.81,1134.4,0.0017
26_20,1050.5,1053.09,0.0016
26_20,853.39,870.18,0.0016
26_20,1150.53,1161.96,0.0016
26_20,651.33,656.66,0.0015
26_20,936.54,1027.27,0.0014
26_20,866.03,868.44,0.0014
26_20,1043.65,1048.56,0.0014
26_20,959.67,965.14,0.0013
26_20,1018.78,1021.57,0.0012
26_20,631.61,637.55,0.0012
26_20,757.44,760.29,0.0012
26_20,688.88,702.2,0.0011
26_20,1144.48,1151.09,0.0011
26_20,748.83,801.35,0.001
2_30,622.96,643.51,0.9989
2_30,777.59,794.19,0.9985
2_30,691.24,719.38,0.9985
2_30,729.4,736.93,0.9954
2_30,662.62,671.14,0.995
2_30,794.19,800.71,0.995
2_30,838.83,876.04,0.9939
2_30,767.56,776.61,0.9898
2_30,737.94,761.54,0.9886
2_30,799.94,839.48,0.9879
2_30,645.04,661.6,0.9847
2_30,875.04,912.25,0.9768
2_30,720.35,729.9,0.974
2_30,672.65,680.69,0.9641
2_30,691.23,719.34,0.1358
2_30,622.94,643.51,0.1354
2_30,838.86,876.08,0.1348
2_30,662.61,671.15,0.1347
2_30,794.19,800.7,0.1345
2_30,729.4,736.93,0.1338
2_30,691.24,719.34,0.0183
2_30,729.4,736.93,0.0179
2_30,906.18,909.12,0.0163
2_30,862.83,874.35,0.0122
2_30,917.13,994.71,0.01
2_30,857.93,863.42,0.0089
2_30,709.6,715.71,0.0085
2_30,627.45,638.72,0.008
2_30,1135.1,1137.79,0.0077
2_30,981.88,993.49,0.0061
2_30,810.42,813.23,0.0058
2_30,672.46,682.82,0.0056
2_30,915.09,936.12,0.0049
2_30,776.9,782.65,0.0045
2_30,822.6,828.61,0.0044
2_30,813.18,819.01,0.0041
2_30,1156.08,1176.26,0.0038
2_30,738.13,751.1,0.0034
2_30,884.01,894.9,0.0034
2_30,1057.41,1059.86,0.0033
2_30,1055.7,1094.14,0.0031
2_30,1140.6,1222.94,0.0031
2_30,899.84,905.18,0.0026
2_30,614.41,616.91,0.0025
2_30,693.92,705.48,0.0022
2_30,686.37,691.4,0.002
2_30,1148.98,1154.68,0.0018
2_30,921.19,926.66,0.0017
2_30,957.12,963.12,0.0017
2_30,842.63,854.97,0.0017
2_30,992.28,998.04,0.0017
2_30,937.8,940.69,0.0017
2_30,796.11,799.42,0.0016
2_30,1050.68,1057.47,0.0016
2_30,1070.92,1076.92,0.0016
2_30,1141.33,1160.74,0.0015
2_30,1079.46,1085.65,0.0015
2_30,784.31,790.05,0.0014
2_30,641.39,726.91,0.0014
2_30,1095.58,1106.36,0.0014
2_30,953.96,990.88,0.0014
2_30,1037.85,1048.69,0.0013
2_30,943.07,946.05,0.0013
2_30,1035.45,1038.16,0.0013
2_30,1159.27,1164.42,0.0013
2_30,1002.28,1005.15,0.0013
2_30,800.33,812.05,0.0012
2_30,1089.56,1095.22,0.0012
2_30,850.09,872.81,0.0012
2_30,722.23,728.3,0.0012
2_30,932.12,954.35,0.0012
2_30,712.16,714.89,0.0012
2_30,651.39,662.57,0.0012
2_30,1019.0,1021.69,0.0012
2_30,979.92,1019.64,0.0012
2_30,731.71,769.14,0.0011
2_30,1123.52,1145.82,0.0011
2_30,744.68,747.48,0.0011
2_30,1059.51,1062.13,0.001
2_30,626.34,632.26,0.001
2_30,659.45,680.99,0.001
10_6,721.37,725.36,0.9998
10_6,667.12,678.42,0.999
10_6,627.75,648.45,0.9985
10_6,620.8,627.65,0.9974
10_6,763.68,776.62,0.9966
10_6,614.4,620.51,0.9965
10_6,659.99,667.01,0.9957
10_6,692.08,710.21,0.9954
10_6,684.73,691.09,0.995
10_6,739.32,745.37,0.9927
10_6,678.87,681.5,0.9926
10_6,736.66,739.24,0.9898
10_6,654.01,659.73,0.9863
10_6,745.44,750.46,0.9828
10_6,711.72,720.98,0.9817
10_6,750.94,756.88,0.9681
10_6,735.09,736.68,0.9647
10_6,733.58,734.59,0.9645
10_6,726.09,733.23,0.9608
10_6,667.12,678.42,0.1354
10_6,692.07,710.22,0.135
10_6,620.8,627.65,0.1348
10_6,763.67,776.63,0.1347
10_6,627.75,648.45,0.1346
10_6,684.73,691.09,0.1336
10_6,614.4,620.5,0.1324
10_6,678.87,681.5,0.1319
10_6,733.57,734.59,0.1318
10_6,736.66,739.23,0.1316
10_6,885.36,891.51,0.0192
10_6,763.68,776.61,0.0183
10_6,667.11,678.42,0.0181
10_6,860.48,872.25,0.0097
10_6,677.4,691.76,0.009
10_6,813.35,816.47,0.0081
10_6,830.71,837.18,0.0052
10_6,744.78,763.86,0.0051
10_6,644.76,663.87,0.0046
10_6,628.39,639.57,0.0044
10_6,1017.3,1019.95,0.0042
10_6,785.16,788.11,0.004
10_6,807.86,813.83,0.0039
10_6,734.7,736.69,0.0037
10_6,696.18,708.0,0.0036
10_6,781.56,804.73,0.0034
10_6,821.96,824.78,0.0034
10_6,834.29,839.97,0.0033
10_6,723.25,743.73,0.0029
10_6,749.84,760.76,0.0026
10_6,988.16,991.22,0.0022
10_6,652.25,654.47,0.0022
10_6,912.73,917.96,0.0021
10_6,777.95,783.98,0.002
10_6,875.15,877.28,0.0019
10_6,699.16,705.02,0.0017
10_6,946.18,957.17,0.0017
10_6,826.37,829.35,0.0017
10_6,635.99,647.35,0.0016
10_6,883.96,886.62,0.0015
10_6,864.54,875.55,0.0015
10_6,613.6,621.31,0.0014
10_6,710.58,713.26,0.0014
10_6,753.18,756.09,0.0014
10_6,779.51,790.51,0.0014
10_6,678.1,683.51,0.0014
10_6,628.57,634.74,0.0014
10_6,956.32,962.1,0.0014
10_6,691.71,703.3,0.0013
10_6,854.7,857.26,0.0013
10_6,1000.17,1022.38,0.0013
10_6,735.44,745.81,0.0013
10_6,866.84,869.72,0.0012
10_6,892.71,899.16,0.0012
10_6,801.18,806.98,0.0011
10_6,819.25,821.48,0.0011
10_6,649.89,668.61,0.0011
10_6,982.81,988.24,0.0011
10_6,745.79,751.32,0.0011
10_6,992.06,998.1,0.0011
10_6,795.4,800.58,0.001
17_40,770.73,822.36,0.9984
17_40,681.24,731.94,0.9974
17_40,867.44,879.4,0.9951
17_40,736.98,744.23,0.9936
17_40,748.34,763.44,0.9896
17_40,623.58,657.56,0.9887
17_40,906.83,915.66,0.9883
17_40,823.02,866.79,0.9872
17_40,916.91,933.29,0.9841
17_40,882.56,900.52,0.9623
17_40,770.69,822.42,0.1352
17_40,681.21,731.87,0.1348
17_40,867.44,879.41,0.1346
17_40,770.71,822.32,0.0184
17_40,732.38,769.98,0.0134
17_40,916.35,922.39,0.0098
17_40,1076.27,1079.47,0.0075
17_40,980.41,986.26,0.0072
17_40,834.9,837.48,0.007
17_40,932.09,977.07,0.007
17_40,876.83,916.68,0.0062
17_40,887.25,889.89,0.0053
17_40,990.65,1002.18,0.0047
17_40,896.82,907.79,0.0044
17_40,949.06,951.87,0.0041
17_40,642.34,645.16,0.0039
17_40,668.11,680.03,0.0037
17_40,761.68,767.83,0.0035
17_40,923.38,928.56,0.0035
17_40,1126.55,1138.48,0.0034
17_40,743.04,748.29,0.0034
17_40,1005.14,1026.75,0.003
17_40,881.96,893.52,0.0028
17_40,837.42,840.57,0.0028
17_40,996.99,999.79,0.0027
17_40,783.17,795.79,0.0026
17_40,830.08,835.66,0.0026
17_40,976.93,980.16,0.0026
17_40,733.57,736.29,0.0025
17_40,879.27,884.78,0.0025
17_40,870.37,876.81,0.0025
17_40,675.32,678.24,0.0024
17_40,681.65,687.92,0.0024
17_40,1138.16,1225.1,0.0022
17_40,1018.72,1021.6,0.0021
17_40,619.62,706.58,0.002
17_40,955.93,958.74,0.002
17_40,767.69,772.78,0.0019
17_40,1143.65,1149.67,0.0018
17_40,815.8,889.12,0.0018
17_40,1079.75,1123.94,0.0017
17_40,751.14,756.66,0.0017
17_40,740.1,742.65,0.0016
17_40,780.52,805.91,0.0016
17_40,631.88,637.46,0.0015
17_40,1082.37,1093.25,0.0015
17_40,1051.13,1056.63,0.0015
17_40,1011.63,1023.74,0.0014
17_40,934.5,959.27,0.0014
17_40,748.27,768.75,0.0013
17_40,901.33,907.53,0.0013
17_40,657.3,663.44,0.0012
17_40,1138.08,1141.38,0.0012
17_40,1099.8,1105.88,0.0012
17_40,1068.35,1073.23,0.0011
17_40,1094.0,1096.97,0.0011
17_40,1023.46,1029.0,0.0011
17_40,982.97,1004.84,0.0011
17_40,816.66,819.5,0.0011
17_40,1033.37,1036.0,0.0011
17_40,991.66,994.29,0.001
17_40,1112.49,1123.1,0.001
17_40,834.31,840.33,0.001
4_122,875.3,884.99,0.999
4_122,699.76,749.12,0.999
4_122,1046.04,1144.58,0.9987
4_122,1025.86,1037.16,0.9958
4_122,1162.84,1196.96,0.9952
4_122,859.86,873.85,0.9952
4_122,803.54,824.27,0.9947
4_122,826.84,847.18,0.9929
4_122,656.24,698.29,0.992
4_122,848.21,854.24,0.9897
4_122,1145.19,1162.29,0.9855
4_122,751.16,802.46,0.9745
4_122,616.65,649.56,0.9635
4_122,885.59,1022.42,0.9547
4_122,1037.57,1075.61,0.8296
4_122,875.3,884.99,0.1342
4_122,1145.2,1162.28,0.1323
4_122,656.24,698.28,0.1322
4_122,1025.86,1037.16,0.1315
4_122,859.88,873.84,0.1308
4_122,751.14,802.44,0.1298
4_122,788.79,802.36,0.0156
4_122,931.27,956.1,0.0115
4_122,1161.16,1186.19,0.0105
4_122,848.81,851.49,0.0084
4_122,1063.53,1144.07,0.0068
4_122,1134.15,1144.21,0.0054
4_122,1008.54,1010.98,0.0045
4_122,630.06,651.59,0.0041
4_122,687.22,698.18,0.0041
4_122,655.73,674.79,0.0037
4_122,1038.96,1062.26,0.0036
4_122,750.96,763.13,0.0033
4_122,827.42,840.36,0.0032
4_122,887.78,924.99,0.0032
4_122,852.76,873.36,0.003
4_122,941.47,988.37,0.003
4_122,699.27,709.61,0.0023
4_122,647.45,652.43,0.002
4_122,813.24,824.26,0.0018
4_122,1036.96,1039.85,0.0017
4_122,750.82,777.5,0.0017
4_122,828.5,831.21,0.0017
4_122,1144.26,1156.69,0.0016
4_122,686.58,689.28,0.0016
4_122,776.2,803.22,0.0015
4_122,885.94,905.37,0.0015
4_122,935.28,1013.74,0.0013
4_122,878.1,884.44,0.0013
4_122,751.36,754.73,0.0011
4_122,824.5,862.48,0.0011
4_122,885.95,890.55,0.0011
4_122,855.92,858.21,0.0011
21_47,703.06,714.55,0.9994
21_47,994.14,1008.53,0.9986
21_47,916.75,938.46,0.9983
21_47,968.49,988.83,0.9976
21_47,937.83,953.13,0.9967
21_47,810.84,851.71,0.994
21_47,640.56,658.41,0.9931
21_47,713.31,750.86,0.9924
21_47,904.66,916.14,0.9901
21_47,761.77,783.45,0.9813
21_47,671.82,694.11,0.9801
21_47,790.48,826.68,0.8349
21_47,771.73,782.39,0.5942
21_47,914.69,939.7,0.2159
21_47,994.13,1008.53,0.1358
21_47,968.46,988.84,0.1354
21_47,937.82,953.15,0.1339
21_47,810.88,851.71,0.1149
21_47,916.77,938.48,0.0299
21_47,870.58,876.57,0.0294
21_47,994.13,1008.53,0.0184
21_47,937.82,953.13,0.0182
21_47,783.13,795.33,0.0124
21_47,839.37,845.43,0.0112
21_47,621.16,641.07,0.0087
21_47,876.62,915.13,0.0077
21_47,795.51,798.29,0.0075
21_47,638.66,641.41,0.0074
21_47,1040.26,1043.12,0.0057
21_47,800.54,820.07,0.0056
21_47,848.19,881.85,0.0051
21_47,1021.34,1024.32,0.0047
21_47,629.61,635.61,0.0046
21_47,658.56,669.15,0.0041
21_47,1119.43,1122.79,0.004
21_47,898.26,904.27,0.0039
21_47,1049.83,1052.68,0.0038
21_47,620.16,629.94,0.0037
21_47,715.84,721.93,0.0036
21_47,953.09,972.26,0.0035
21_47,704.0,715.6,0.0033
21_47,1123.07,1125.64,0.0032
21_47,772.2,783.38,0.0031
21_47,941.48,944.23,0.0028
21_47,1018.78,1021.69,0.0027
21_47,709.69,792.74,0.0025
21_47,1116.06,1121.39,0.0025
21_47,994.14,1008.52,0.0024
21_47,627.31,630.12,0.0024
21_47,1145.82,1151.82,0.0023
21_47,1157.58,1180.91,0.0023
21_47,932.65,938.36,0.0021
21_47,918.73,924.39,0.0021
21_47,801.92,806.97,0.0021
21_47,1126.0,1129.02,0.0018
21_47,677.01,718.92,0.0018
21_47,1022.19,1034.21,0.0017
21_47,1046.16,1057.26,0.0017
21_47,1100.9,1103.83,0.0016
21_47,749.0,787.39,0.0016
21_47,717.75,724.43,0.0015
21_47,956.34,967.43,0.0014
21_47,1082.3,1093.46,0.0014
21_47,973.08,985.48,0.0013
21_47,1001.68,1004.75,0.0013
21_47,660.76,663.02,0.0013
21_47,912.59,917.45,0.0013
21_47,1109.93,1113.15,0.0012
21_47,815.92,839.67,0.0012
21_47,638.91,644.78,0.0012
21_47,889.08,892.06,0.0011
21_47,1097.57,1138.45,0.0011
21_47,921.7,927.91,0.001
21_47,943.15,945.85,0.001
21_47,1016.8,1019.61,0.001
21_47,632.82,638.86,0.001
25_22,813.06,830.27,0.9991
25_22,1082.27,1092.93,0.9951
25_22,662.85,691.13,0.9944
25_22,1223.46,1228.8,0.9888
25_22,1047.81,1079.8,0.9886
25_22,1189.54,1192.33,0.9883
25_22,790.87,809.76,0.9867
25_22,1096.33,1188.97,0.9865
25_22,1195.53,1216.88,0.9855
25_22,698.16,732.6,0.9775
25_22,888.48,1030.0,0.9764
25_22,881.99,886.92,0.9756
25_22,852.48,880.32,0.9728
25_22,1091.73,1093.33,0.9541
25_22,813.05,830.26,0.1337
25_22,790.89,809.77,0.1337
25_22,1047.81,1079.76,0.1334
25_22,662.81,691.15,0.1333
25_22,852.47,880.33,0.132
25_22,1091.73,1093.33,0.1292
25_22,847.11,856.47,0.0262
25_22,852.43,880.33,0.0174
25_22,662.85,691.15,0.0174
25_22,1193.82,1228.8,0.0122
25_22,904.85,908.3,0.0093
25_22,624.81,631.23,0.0092
25_22,736.76,741.65,0.0069
25_22,753.76,760.85,0.0052
25_22,1133.99,1171.78,0.0051
25_22,880.71,889.74,0.004
25_22,953.89,1054.96,0.0033
25_22,694.73,730.12,0.0032
25_22,981.98,985.01,0.0032
25_22,925.46,943.42,0.0031
25_22,1187.55,1190.02,0.0029
25_22,1084.09,1089.99,0.0028
25_22,631.22,643.74,0.0027
25_22,962.12,984.82,0.0026
25_22,777.53,783.99,0.0026
25_22,1194.77,1207.08,0.0024
25_22,1102.43,1146.51,0.0024
25_22,1225.33,1228.8,0.0023
25_22,902.6,908.77,0.0023
25_22,1031.07,1043.16,0.0022
25_22,1048.45,1091.97,0.0022
25_22,617.58,662.24,0.002
25_22,847.4,854.85,0.0019
25_22,908.87,951.19,0.0019
25_22,743.5,754.15,0.0019
25_22,881.08,903.48,0.0018
25_22,1221.25,1228.05,0.0017
25_22,719.25,738.3,0.0016
25_22,834.24,847.19,0.0016
25_22,614.97,633.0,0.0016
25_22,1138.29,1148.98,0.0016
25_22,820.49,823.22,0.0015
25_22,1041.61,1044.67,0.0015
25_22,731.86,810.32,0.0015
25_22,903.11,905.82,0.0014
25_22,693.4,698.41,0.0014
25_22,1096.55,1102.73,0.0014
25_22,888.84,894.64,0.0013
25_22,640.66,663.2,0.0013
25_22,959.25,1005.18,0.0012
25_22,901.28,903.58,0.0012
25_22,780.53,785.75,0.0012
25_22,658.78,669.56,0.0011
25_22,1088.53,1133.02,0.0011
25_22,1004.77,1046.16,0.0011
25_22,1082.06,1087.54,0.0011
25_22,1144.61,1147.74,0.0011
25_22,815.44,853.51,0.001
25_22,732.29,735.4,0.001
8_40,754.51,768.32,0.9983
8_40,648.3,662.51,0.9974
8_40,722.48,753.97,0.9955
8_40,768.19,779.63,0.9906
8_40,665.02,721.56,0.9877
8_40,781.91,821.46,0.9834
8_40,615.88,646.71,0.9641
8_40,754.51,768.32,0.1351
8_40,722.48,753.96,0.1337
8_40,648.29,662.52,0.1336
8_40,665.06,721.53,0.1329
8_40,754.5,768.33,0.0183
8_40,722.45,753.92,0.0179
8_40,648.3,662.52,0.0179
8_40,665.0,721.56,0.0178
8_40,854.98,858.08,0.0164
8_40,975.42,978.54,0.0109
8_40,873.25,876.17,0.0101
8_40,785.84,796.71,0.0097
8_40,625.98,628.44,0.0083
8_40,735.05,741.2,0.0071
8_40,617.09,635.96,0.0059
8_40,939.98,945.75,0.0048
8_40,1011.27,1014.15,0.0046
8_40,950.52,956.97,0.0045
8_40,691.01,696.16,0.0044
8_40,962.8,983.31,0.004
8_40,663.94,684.74,0.0039
8_40,799.56,802.68,0.0039
8_40,956.75,959.95,0.0035
8_40,772.46,778.73,0.0035
8_40,822.7,828.96,0.0034
8_40,722.13,728.42,0.003
8_40,780.28,782.43,0.0028
8_40,869.0,871.72,0.0027
8_40,954.23,956.89,0.0027
8_40,782.45,785.28,0.0027
8_40,809.17,820.26,0.0025
8_40,881.83,884.3,0.0024
8_40,615.57,618.56,0.0022
8_40,998.01,1003.46,0.0021
8_40,764.98,836.95,0.0021
8_40,865.11,867.45,0.0021
8_40,849.46,861.49,0.0021
8_40,620.85,633.28,0.002
8_40,894.81,905.96,0.002
8_40,687.34,699.48,0.0019
8_40,807.07,810.03,0.0017
8_40,1021.41,1027.01,0.0016
8_40,760.82,766.83,0.0016
8_40,885.72,890.86,0.0015
8_40,831.2,907.49,0.0015
8_40,785.01,787.32,0.0015
8_40,880.84,885.66,0.0014
8_40,975.36,977.92,0.0013
8_40,990.57,993.51,0.0013
8_40,688.46,720.7,0.0013
8_40,623.07,625.93,0.0013
8_40,743.25,753.55,0.0012
8_40,779.74,799.95,0.0012
8_40,991.91,998.52,0.0011
8_40,988.36,991.12,0.0011
8_40,654.02,663.06,0.0011
8_40,648.36,653.24,0.001
8_40,964.3,970.43,0.001
1_136,640.99,694.82,0.9996
1_136,817.09,835.02,0.9985
1_136,619.5,640.1,0.9975
1_136,865.43,901.27,0.9847
1_136,699.34,750.91,0.9835
1_136,839.47,864.72,0.9829
1_136,754.33,813.47,0.9827
1_136,914.13,1011.51,0.9812
1_136,619.5,640.1,0.1349
1_136,817.08,835.01,0.1343
1_136,865.44,901.28,0.1335
1_136,914.27,1011.54,0.1334
1_136,699.34,750.86,0.1298
1_136,1036.78,1043.31,0.0247
1_136,630.2,704.15,0.0127
1_136,1106.71,1147.16,0.0098
1_136,879.84,903.12,0.0076
1_136,697.94,703.57,0.0061
1_136,1095.94,1106.22,0.0051
1_136,734.57,737.5,0.0047
1_136,1053.0,1058.84,0.0039
1_136,628.42,634.53,0.0037
1_136,1114.43,1119.67,0.0036
1_136,876.79,883.08,0.0036
1_136,817.88,829.89,0.0032
1_136,889.74,902.16,0.0032
1_136,746.9,758.85,0.003
1_136,695.6,698.54,0.0028
1_136,857.47,940.64,0.0025
1_136,620.91,630.53,0.0022
1_136,784.33,789.84,0.0022
1_136,1076.58,1082.05,0.0022
1_136,1108.38,1119.52,0.0022
1_136,647.07,652.22,0.0021
1_136,1022.48,1043.07,0.0021
1_136,1137.89,1225.52,0.0019
1_136,979.4,982.21,0.0019
1_136,731.69,738.06,0.0018
1_136,693.57,696.28,0.0017
1_136,903.82,909.74,0.0017
1_136,642.86,647.71,0.0017
1_136,951.71,996.07,0.0016
1_136,1130.25,1135.49,0.0016
1_136,670.42,681.84,0.0015
1_136,1050.29,1053.22,0.0015
1_136,804.71,816.18,0.0015
1_136,1008.16,1019.31,0.0014
1_136,1123.12,1125.46,0.0014
1_136,615.04,646.64,0.0013
1_136,1046.62,1049.24,0.0011
1_136,610.55,618.32,0.0011
1_136,899.01,918.85,0.0011
1_136,812.83,858.38,0.001
1_136,864.93,871.22,0.001
1_136,1116.86,1119.59,0.001
1_33,938.06,951.05,0.9994
1_33,884.21,902.6,0.9994
1_33,903.13,937.09,0.9963
1_33,656.86,750.69,0.9945
1_33,618.99,651.99,0.9928
1_33,797.87,824.82,0.9913
1_33,856.51,875.57,0.9891
1_33,762.96,794.16,0.9849
1_33,826.94,845.21,0.9815
1_33,939.73,945.06,0.7071
1_33,845.32,881.16,0.5551
1_33,619.01,651.97,0.1347
1_33,884.2,902.6,0.1337
1_33,939.74,945.07,0.0959
1_33,938.05,951.07,0.0684
1_33,1151.61,1154.46,0.0263
1_33,903.5,915.13,0.0237
1_33,619.0,651.99,0.0183
1_33,923.94,936.07,0.0109
1_33,917.67,923.39,0.0093
1_33,716.77,723.09,0.0074
1_33,677.91,680.95,0.0071
1_33,768.92,792.76,0.0062
1_33,765.28,770.91,0.0061
1_33,954.48,965.44,0.006
1_33,621.85,641.07,0.0059
1_33,652.85,655.86,0.0058
1_33,1059.46,1062.11,0.0058
1_33,732.82,752.63,0.0054
1_33,639.31,641.87,0.005
1_33,922.87,928.97,0.0049
1_33,614.48,620.53,0.0046
1_33,746.87,752.87,0.0045
1_33,843.85,855.01,0.0043
1_33,1017.03,1039.85,0.0039
1_33,796.6,799.2,0.0033
1_33,950.26,955.32,0.0031
1_33,685.31,730.86,0.0031
1_33,908.82,915.3,0.0031
1_33,1144.74,1147.43,0.003
1_33,968.55,971.47,0.0029
1_33,752.18,825.46,0.0028
1_33,647.82,653.36,0.0027
1_33,738.25,741.3,0.0027
1_33,802.81,805.78,0.0026
1_33,954.97,957.58,0.0025
1_33,944.04,948.68,0.0023
1_33,869.44,872.15,0.0022
1_33,615.7,618.42,0.0021
1_33,1118.85,1125.11,0.0021
1_33,780.0,786.08,0.002
1_33,734.71,737.03,0.002
1_33,887.72,899.57,0.002
1_33,1141.42,1223.91,0.0019
1_33,951.41,970.06,0.0019
1_33,621.58,632.75,0.0018
1_33,813.7,816.03,0.0018
1_33,1044.66,1050.68,0.0018
1_33,1011.94,1023.94,0.0017
1_33,1138.58,1144.75,0.0016
1_33,1009.34,1012.05,0.0016
1_33,651.86,673.16,0.0015
1_33,723.8,735.59,0.0015
1_33,768.88,779.83,0.0014
1_33,1110.84,1158.34,0.0013
1_33,959.25,1052.71,0.0013
1_33,875.8,882.01,0.0012
1_33,845.43,850.88,0.0012
1_33,913.76,925.17,0.0011
1_33,815.32,817.94,0.0011
1_33,1088.71,1099.74,0.0011
1_33,928.92,951.34,0.0011
1_33,1128.98,1134.68,0.001
1_33,778.83,781.48,0.001
1_33,1013.78,1099.77,0.001
1_33,983.05,986.15,0.001
21_43,728.03,778.3,0.9999
21_43,930.54,974.9,0.999
21_43,992.58,999.57,0.999
21_43,839.75,854.76,0.9977
21_43,1002.48,1013.53,0.9968
21_43,856.09,931.76,0.9958
21_43,620.28,652.3,0.9952
21_43,677.76,699.97,0.995
21_43,794.71,828.6,0.9914
21_43,653.59,668.61,0.9855
21_43,709.77,719.56,0.9398
21_43,973.64,1002.37,0.8837
21_43,930.58,974.94,0.1354
21_43,839.74,854.77,0.1354
21_43,677.76,699.98,0.135
21_43,620.31,652.27,0.1349
21_43,1002.48,1013.53,0.1345
21_43,856.14,931.86,0.1343
21_43,973.64,1002.38,0.1173
21_43,839.74,854.76,0.0183
21_43,620.26,652.28,0.0177
21_43,1089.04,1099.73,0.0156
21_43,1029.5,1053.39,0.0088
21_43,836.6,839.16,0.006
21_43,885.9,897.26,0.006
21_43,840.8,846.89,0.0054
21_43,894.9,906.49,0.0048
21_43,1118.75,1125.26,0.0048
21_43,679.68,685.57,0.004
21_43,670.61,673.24,0.0035
21_43,734.38,746.45,0.0032
21_43,923.46,928.56,0.0032
21_43,1002.75,1026.49,0.003
21_43,847.12,853.44,0.0029
21_43,1102.04,1112.52,0.0028
21_43,690.47,696.47,0.0027
21_43,804.25,816.79,0.0026
21_43,636.29,648.6,0.0025
21_43,722.75,802.88,0.0024
21_43,735.85,738.29,0.0023
21_43,1014.37,1020.58,0.0023
21_43,1024.75,1027.55,0.0023
21_43,616.11,618.68,0.0023
21_43,918.26,920.82,0.0023
21_43,1051.97,1054.59,0.0022
21_43,1124.59,1145.74,0.0021
21_43,745.81,751.73,0.002
21_43,626.43,629.16,0.0019
21_43,650.49,672.93,0.0017
21_43,644.19,647.53,0.0017
21_43,855.0,877.42,0.0017
21_43,938.54,945.03,0.0016
21_43,675.41,678.1,0.0015
21_43,970.18,973.44,0.0014
21_43,1079.51,1085.71,0.0014
21_43,1071.04,1073.96,0.0013
21_43,1020.82,1023.21,0.0013
21_43,702.23,722.44,0.0013
21_43,1114.72,1121.18,0.0013
21_43,984.35,1065.51,0.0013
21_43,972.15,977.96,0.0013
21_43,730.83,733.66,0.0013
21_43,653.39,656.39,0.0013
21_43,828.9,835.16,0.0012
21_43,788.76,792.06,0.0012
21_43,696.46,707.69,0.0011
21_43,743.36,754.93,0.0011
21_43,986.57,988.99,0.001
21_43,667.0,672.84,0.001
23_23,642.28,663.93,0.999
23_23,769.24,841.53,0.9985
23_23,866.68,894.52,0.9985
23_23,614.41,640.0,0.9981
23_23,943.53,962.46,0.9977
23_23,1097.81,1140.63,0.9963
23_23,847.19,866.15,0.996
23_23,718.54,730.25,0.9955
23_23,1027.64,1049.88,0.9954
23_23,733.05,760.86,0.9953
23_23,1071.06,1089.98,0.995
23_23,1208.04,1224.76,0.995
23_23,665.69,715.73,0.9934
23_23,1058.25,1069.94,0.9924
23_23,899.58,941.33,0.9897
23_23,1144.65,1208.56,0.9864
23_23,961.89,1024.22,0.9838
23_23,1223.65,1228.8,0.9645
23_23,1088.88,1095.56,0.9464
23_23,1027.61,1049.88,0.1349
23_23,733.03,760.86,0.1345
23_23,614.41,640.03,0.1342
23_23,943.54,962.47,0.1337
23_23,866.67,894.54,0.1335
23_23,718.54,730.25,0.1323
23_23,614.4,640.02,0.0181
23_23,733.03,760.87,0.018
23_23,797.63,838.17,0.0101
23_23,1152.1,1164.74,0.0092
23_23,930.71,941.38,0.0087
23_23,1055.64,1075.33,0.0084
23_23,852.06,863.12,0.0079
23_23,732.08,743.92,0.0076
23_23,870.37,883.38,0.0074
23_23,962.87,965.7,0.0072
23_23,769.98,793.68,0.0061
23_23,1000.7,1006.76,0.0057
23_23,1205.04,1228.8,0.0051
23_23,665.06,686.21,0.0043
23_23,958.17,960.53,0.0042
23_23,847.09,852.93,0.0041
23_23,1031.64,1046.19,0.0039
23_23,626.94,639.28,0.0039
23_23,894.94,905.32,0.0038
23_23,963.98,1003.01,0.0034
23_23,1092.79,1095.85,0.0034
23_23,1020.57,1022.95,0.0031
23_23,1100.75,1107.21,0.0026
23_23,614.42,620.31,0.0025
23_23,1220.55,1223.33,0.0025
23_23,1207.39,1209.86,0.0025
23_23,1055.67,1060.27,0.0024
23_23,1149.59,1152.3,0.0024
23_23,1223.42,1228.8,0.0024
23_23,985.88,998.58,0.0022
23_23,881.5,954.69,0.0022
23_23,1033.18,1038.15,0.0021
23_23,1038.68,1081.2,0.0021
23_23,692.36,716.09,0.002
23_23,1010.03,1021.12,0.0019
23_23,732.1,738.09,0.0018
23_23,769.72,817.89,0.0017
23_23,1164.49,1169.37,0.0016
23_23,1048.46,1053.17,0.0015
23_23,1127.56,1205.24,0.0014
23_23,647.96,662.19,0.0013
23_23,1141.5,1150.74,0.0013
23_23,845.0,847.89,0.0012
23_23,1077.59,1089.1,0.0012
23_23,944.39,957.72,0.0012
23_23,849.75,852.85,0.0012
23_23,1131.14,1142.49,0.0012
23_23,753.01,759.55,0.0012
23_23,761.5,773.44,0.0011
23_23,821.63,834.34,0.0011
23_23,1184.65,1195.47,0.0011
23_23,1208.19,1220.37,0.0011
23_23,929.7,940.37,0.0011
23_23,666.35,677.72,0.001
23_23,891.36,896.11,0.001
23_23,770.69,782.48,0.001
16_44,952.94,955.89,0.9983
16_44,1096.04,1099.58,0.9976
16_44,664.12,709.83,0.9975
16_44,902.67,949.36,0.9971
16_44,1188.29,1199.54,0.9963
16_44,895.29,899.36,0.9942
16_44,852.73,871.64,0.9935
16_44,711.61,743.92,0.9928
16_44,616.16,661.17,0.9928
16_44,745.4,760.46,0.9912
16_44,1026.56,1034.84,0.9905
16_44,872.24,892.92,0.9904
16_44,790.91,811.32,0.9903
16_44,1011.48,1025.97,0.9856
16_44,1097.74,1188.34,0.9836
16_44,959.17,1008.15,0.9821
16_44,764.91,788.84,0.9801
16_44,818.12,851.33,0.9775
16_44,1035.38,1094.77,0.9585
16_44,902.72,949.37,0.1343
16_44,664.16,709.84,0.134
16_44,1096.04,1099.58,0.1332
16_44,1011.48,1025.96,0.1329
16_44,1188.3,1199.53,0.1329
16_44,745.39,760.46,0.1325
16_44,952.94,955.89,0.1324
16_44,959.19,1008.21,0.1322
16_44,1035.43,1094.81,0.1286
16_44,1098.59,1108.06,0.0208
16_44,745.38,760.46,0.018
16_44,1035.46,1094.78,0.0175
16_44,1026.51,1029.22,0.0149
16_44,740.76,744.23,0.0105
16_44,908.54,911.3,0.0089
16_44,936.65,949.88,0.0088
16_44,959.74,972.74,0.0077
16_44,804.44,810.52,0.0077
16_44,791.63,804.99,0.0069
16_44,958.17,960.66,0.0065
16_44,952.46,958.86,0.0054
16_44,946.9,949.67,0.0052
16_44,711.09,716.73,0.0052
16_44,789.42,792.15,0.0051
16_44,759.57,790.98,0.004
16_44,959.23,1036.54,0.0039
16_44,683.28,707.38,0.0038
16_44,1087.07,1093.39,0.0035
16_44,903.66,925.23,0.0033
16_44,1099.35,1101.59,0.0032
16_44,955.51,958.2,0.0032
16_44,1095.86,1115.96,0.003
16_44,850.66,861.56,0.0029
16_44,773.91,814.76,0.0028
16_44,1018.65,1025.35,0.0027
16_44,876.41,883.41,0.0026
16_44,951.14,953.62,0.0025
16_44,1045.57,1048.37,0.0023
16_44,613.99,616.14,0.0022
16_44,1124.63,1136.81,0.0022
16_44,1080.62,1086.29,0.0021
16_44,895.46,897.99,0.0021
16_44,711.48,721.78,0.002
16_44,855.94,898.77,0.0019
16_44,788.97,791.15,0.0019
16_44,706.94,709.68,0.0018
16_44,837.44,840.25,0.0017
16_44,844.8,852.61,0.0017
16_44,1037.93,1062.65,0.0016
16_44,960.22,963.08,0.0016
16_44,641.08,647.31,0.0014
16_44,841.84,844.49,0.0014
16_44,1206.34,1209.0,0.0013
16_44,1029.21,1032.56,0.0013
16_44,656.95,663.37,0.0013
16_44,1012.28,1018.97,0.0013
16_44,817.16,820.35,0.0012
16_44,1032.9,1035.16,0.0012
16_44,811.3,816.34,0.0012
16_44,1138.78,1183.69,0.0012
16_44,952.34,957.27,0.0011
16_44,1042.21,1045.26,0.0011
16_44,1073.14,1086.94,0.0011
1_143,736.87,759.65,0.9991
1_143,821.25,859.22,0.9985
1_143,761.36,786.29,0.9982
1_143,624.04,648.63,0.9982
1_143,657.53,713.47,0.9978
1_143,715.57,735.37,0.9964
1_143,788.37,809.15,0.9944
1_143,902.39,916.27,0.9942
1_143,870.07,901.28,0.9835
1_143,917.22,934.41,0.9578
1_143,736.85,759.66,0.1354
1_143,821.25,859.24,0.1352
1_143,761.38,786.29,0.1351
1_143,657.47,713.39,0.1331
1_143,624.05,648.64,0.1327
1_143,736.83,759.65,0.0182
1_143,761.39,786.28,0.0181
1_143,911.1,996.19,0.0175
1_143,1090.53,1111.51,0.0105
1_143,966.74,978.38,0.0099
1_143,641.72,644.75,0.0073
1_143,779.08,815.31,0.0067
1_143,864.21,869.59,0.0064
1_143,819.78,825.43,0.0063
1_143,674.85,677.62,0.0053
1_143,901.6,921.87,0.0053
1_143,1004.59,1044.21,0.0049
1_143,669.72,693.32,0.0047
1_143,1094.78,1097.48,0.0035
1_143,710.62,716.37,0.0035
1_143,950.6,956.67,0.0033
1_143,918.11,920.98,0.003
1_143,634.14,653.38,0.0028
1_143,630.7,633.31,0.0028
1_143,956.13,968.42,0.0028
1_143,608.36,619.89,0.0027
1_143,793.47,816.73,0.0026
1_143,766.53,772.06,0.0026
1_143,1030.99,1116.76,0.0026
1_143,989.47,994.58,0.0025
1_143,656.92,663.49,0.0022
1_143,707.41,710.04,0.0022
1_143,975.79,986.72,0.0022
1_143,777.25,867.27,0.0021
1_143,620.79,713.4,0.0021
1_143,737.62,742.88,0.0021
1_143,874.94,880.71,0.002
1_143,627.93,630.7,0.002
1_143,1062.44,1069.06,0.0019
1_143,696.33,707.82,0.0019
1_143,1029.55,1035.49,0.0017
1_143,1153.78,1176.64,0.0016
1_143,890.55,901.26,0.0016
1_143,1057.16,1062.98,0.0016
1_143,993.38,1003.51,0.0016
1_143,858.27,861.2,0.0015
1_143,1013.52,1016.39,0.0015
1_143,731.58,734.04,0.0014
1_143,1127.61,1133.47,0.0014
1_143,720.16,731.23,0.0014
1_143,1041.29,1047.24,0.0014
1_143,845.77,856.43,0.0013
1_143,653.88,656.85,0.0013
1_143,1089.31,1091.99,0.0012
1_143,903.16,908.16,0.0011
1_143,1097.1,1108.73,0.001
1_143,1133.23,1144.85,0.001
1_143,842.89,845.45,0.001
1_143,898.81,901.63,0.001
18_45,639.75,681.08,0.9989
18_45,980.67,993.35,0.9985
18_45,617.13,630.42,0.9969
18_45,962.74,979.45,0.9957
18_45,778.67,785.59,0.995
18_45,1136.11,1146.44,0.9924
18_45,1025.66,1048.95,0.9921
18_45,1130.3,1133.91,0.9906
18_45,1002.05,1019.47,0.9888
18_45,1052.29,1126.25,0.9883
18_45,845.89,858.36,0.985
18_45,863.86,954.85,0.9791
18_45,737.75,998.35,0.7318
18_45,778.66,785.6,0.1352
18_45,639.74,681.07,0.135
18_45,1130.29,1133.91,0.1341
18_45,980.68,993.35,0.1336
18_45,845.88,858.36,0.1318
18_45,962.76,979.45,0.1305
18_45,617.13,630.42,0.1296
18_45,1143.8,1146.41,0.0203
18_45,1130.3,1133.91,0.0183
18_45,980.67,993.36,0.0181
18_45,778.67,785.6,0.018
18_45,993.54,1004.15,0.0109
18_45,785.65,797.09,0.0102
18_45,749.51,761.43,0.0096
18_45,1154.93,1157.6,0.007
18_45,689.99,701.64,0.0069
18_45,663.94,675.43,0.0064
18_45,1119.42,1124.95,0.0058
18_45,1124.68,1130.24,0.0057
18_45,771.6,777.7,0.0043
18_45,1045.83,1064.0,0.0042
18_45,1066.25,1069.15,0.0038
18_45,928.88,940.16,0.0035
18_45,963.17,974.64,0.0034
18_45,1107.33,1119.54,0.0028
18_45,1127.07,1129.83,0.0027
18_45,926.19,932.24,0.0026
18_45,687.19,693.47,0.0023
18_45,624.78,687.25,0.0022
18_45,1018.92,1052.05,0.0021
18_45,1049.74,1052.46,0.0021
18_45,640.47,652.48,0.0016
18_45,718.54,728.62,0.0016
18_45,699.12,709.92,0.0015
18_45,919.14,922.07,0.0015
18_45,816.48,821.9,0.0015
18_45,1108.27,1114.62,0.0015
18_45,956.95,959.96,0.0015
18_45,1160.19,1162.96,0.0014
18_45,871.49,874.68,0.0014
18_45,996.09,1019.32,0.0013
18_45,784.65,932.54,0.0012
18_45,995.41,1001.42,0.0011
18_45,874.39,877.34,0.0011
18_45,684.86,728.43,0.0011
18_45,1115.26,1118.52,0.0011
18_45,1032.03,1042.57,0.0011
18_45,851.31,857.57,0.0011
18_45,617.16,620.19,0.001
25_1,850.51,860.66,1.0
25_1,862.78,864.55,0.9993
25_1,813.87,826.07,0.9992
25_1,1186.14,1191.99,0.9987
25_1,725.34,748.74,0.998
25_1,1139.75,1143.83,0.9968
25_1,1195.55,1228.8,0.996
25_1,830.95,844.91,0.9951
25_1,1144.81,1186.07,0.994
25_1,752.82,784.34,0.993
25_1,871.97,1138.71,0.9433
25_1,813.87,826.06,0.1351
25_1,830.93,844.92,0.1349
25_1,1139.75,1143.83,0.1347
25_1,725.3,748.74,0.1346
25_1,1144.83,1186.07,0.1346
25_1,862.78,864.55,0.1343
25_1,1186.13,1192.0,0.1322
25_1,900.7,906.05,0.0274
25_1,1139.75,1143.83,0.0182
25_1,830.92,844.91,0.0181
25_1,906.3,927.93,0.0156
25_1,854.5,860.11,0.013
25_1,1144.26,1159.03,0.011
25_1,1190.19,1228.8,0.0108
25_1,815.65,822.78,0.0107
25_1,860.39,862.78,0.01
25_1,886.7,897.74,0.009
25_1,656.76,659.53,0.0081
25_1,613.86,653.52,0.0074
25_1,738.47,749.83,0.0071
25_1,863.88,866.61,0.0066
25_1,1192.72,1202.01,0.0066
25_1,768.22,774.84,0.0057
25_1,851.8,857.55,0.0057
25_1,746.15,749.15,0.0052
25_1,1094.82,1144.7,0.0052
25_1,884.42,991.33,0.0048
25_1,732.61,804.91,0.0047
25_1,847.32,850.07,0.0043
25_1,901.6,915.07,0.0041
25_1,992.0,1056.85,0.004
25_1,875.76,899.49,0.0039
25_1,842.95,845.46,0.0032
25_1,1186.12,1188.49,0.0031
25_1,902.16,904.88,0.0028
25_1,1036.43,1152.96,0.0028
25_1,1141.66,1143.75,0.0027
25_1,1179.68,1186.16,0.0025
25_1,1225.27,1228.8,0.0023
25_1,1136.86,1139.49,0.0022
25_1,811.23,829.11,0.0022
25_1,930.49,977.61,0.002
25_1,644.75,726.84,0.002
25_1,1145.42,1169.64,0.0019
25_1,689.91,695.29,0.0018
25_1,861.58,866.4,0.0016
25_1,755.34,758.18,0.0015
25_1,1020.49,1036.38,0.0015
25_1,918.82,927.86,0.0014
25_1,871.97,882.46,0.0013
13_32,770.51,779.92,0.9985
13_32,844.98,854.35,0.9978
13_32,861.8,864.53,0.9972
13_32,791.69,798.4,0.9963
13_32,813.82,819.42,0.9905
13_32,682.02,752.96,0.9892
13_32,636.53,653.73,0.9882
13_32,864.54,869.67,0.9796
13_32,663.94,668.84,0.9786
13_32,791.7,798.4,0.1349
13_32,861.8,864.53,0.1346
13_32,813.82,819.42,0.1331
13_32,770.5,779.92,0.1329
13_32,791.7,798.4,0.018
13_32,758.43,769.88,0.0159
13_32,621.45,639.17,0.0111
13_32,688.68,708.93,0.0088
13_32,1089.02,1091.56,0.0087
13_32,1003.89,1009.87,0.0077
13_32,860.42,865.38,0.006
13_32,838.55,844.45,0.0052
13_32,982.82,985.29,0.005
13_32,773.14,779.47,0.0044
13_32,812.95,824.96,0.0041
13_32,1059.28,1065.27,0.0041
13_32,1074.68,1080.15,0.0039
13_32,993.15,1038.67,0.0039
13_32,720.67,723.45,0.0039
13_32,918.82,929.88,0.0037
13_32,750.8,753.15,0.0036
13_32,1013.59,1016.29,0.0032
13_32,680.0,685.41,0.0031
13_32,855.92,861.54,0.003
13_32,834.37,837.08,0.0029
13_32,779.43,791.17,0.0029
13_32,959.28,964.96,0.0028
13_32,973.61,984.16,0.0027
13_32,1028.66,1031.14,0.0026
13_32,946.34,949.1,0.0025
13_32,753.52,773.75,0.0022
13_32,657.87,669.2,0.0022
13_32,638.47,649.37,0.0021
13_32,876.12,886.54,0.002
13_32,617.31,620.07,0.0019
13_32,810.68,820.44,0.0019
13_32,771.86,774.7,0.0018
13_32,865.67,868.7,0.0018
13_32,710.12,712.86,0.0017
13_32,740.68,751.78,0.0016
13_32,713.23,716.3,0.0016
13_32,1079.16,1082.08,0.0016
13_32,951.61,954.4,0.0016
13_32,910.2,920.57,0.0015
13_32,800.85,812.37,0.0015
13_32,1093.66,1104.87,0.0014
13_32,655.81,690.96,0.0014
13_32,921.91,933.66,0.0013
13_32,1071.15,1073.62,0.0013
13_32,919.22,921.78,0.0012
13_32,1031.27,1051.71,0.0012
13_32,706.84,727.8,0.0012
13_32,884.61,923.61,0.0011
13_32,633.24,636.12,0.0011
13_32,829.48,832.22,0.0011
13_32,802.79,805.71,0.0011
13_32,681.85,692.16,0.0011
13_32,879.35,884.76,0.001
13_32,1043.7,1049.07,0.001
13_38,732.21,833.84,0.999
13_38,630.19,635.39,0.9942
13_38,868.64,871.24,0.9941
13_38,877.65,977.52,0.9916
13_38,1008.66,1018.71,0.9916
13_38,984.93,991.79,0.9891
13_38,661.25,664.85,0.9853
13_38,1036.03,1046.07,0.9812
13_38,684.93,688.61,0.9435
13_38,877.71,977.7,0.135
13_38,661.25,664.86,0.1333
13_38,984.93,991.79,0.1311
13_38,1100.91,1106.94,0.0203
13_38,661.25,664.86,0.018
13_38,620.35,623.34,0.0139
13_38,966.39,969.57,0.0122
13_38,655.27,661.34,0.011
13_38,761.72,767.94,0.0097
13_38,743.33,766.18,0.0084
13_38,809.91,820.79,0.0078
13_38,995.29,998.23,0.0077
13_38,619.75,630.3,0.0071
13_38,683.27,685.98,0.0065
13_38,1013.91,1016.69,0.0061
13_38,665.37,671.92,0.0057
13_38,975.83,986.37,0.0054
13_38,820.42,831.02,0.0053
13_38,1119.77,1122.3,0.0052
13_38,842.75,864.4,0.0049
13_38,1160.25,1162.95,0.0048
13_38,919.08,922.1,0.0042
13_38,965.91,975.89,0.0038
13_38,1153.34,1155.88,0.0035
13_38,798.84,801.27,0.0035
13_38,978.51,981.08,0.0034
13_38,997.25,1008.37,0.0031
13_38,955.62,958.19,0.0031
13_38,629.37,641.97,0.0029
13_38,732.94,738.86,0.0026
13_38,1004.49,1007.25,0.0025
13_38,904.76,910.69,0.0025
13_38,726.75,732.92,0.0024
13_38,925.16,931.08,0.0024
13_38,1076.25,1079.5,0.0024
13_38,1062.13,1068.78,0.0023
13_38,798.36,810.1,0.0023
13_38,994.17,1000.24,0.0023
13_38,665.13,668.2,0.0022
13_38,706.5,718.67,0.0022
13_38,1159.73,1170.48,0.002
13_38,901.71,904.03,0.0019
13_38,1088.0,1091.28,0.0019
13_38,1054.89,1066.21,0.0018
13_38,819.76,822.91,0.0018
13_38,741.24,747.6,0.0018
13_38,883.87,925.08,0.0018
13_38,1031.61,1034.26,0.0017
13_38,1151.12,1154.06,0.0017
13_38,1105.65,1111.35,0.0016
13_38,638.51,641.34,0.0016
13_38,913.77,916.67,0.0015
13_38,729.87,732.34,0.0015
13_38,982.45,1005.59,0.0015
13_38,1068.76,1074.94,0.0014
13_38,1017.97,1023.79,0.0014
13_38,1024.3,1026.93,0.0013
13_38,675.48,681.22,0.0013
13_38,833.76,876.13,0.0013
13_38,727.36,819.48,0.0012
13_38,657.14,660.32,0.0012
13_38,703.71,706.49,0.0012
13_38,1077.97,1089.57,0.0012
13_38,918.18,924.98,0.0011
13_38,784.96,797.25,0.0011
13_38,953.23,974.92,0.0011
13_38,990.98,993.99,0.0011
13_38,781.34,783.59,0.0011
13_38,866.37,872.35,0.001
13_38,637.39,660.65,0.001
5_27,671.78,679.16,0.9984
5_27,742.11,827.84,0.9958
5_27,868.3,919.4,0.9955
5_27,692.37,713.26,0.993
5_27,1157.27,1198.5,0.9913
5_27,1134.44,1156.91,0.9898
5_27,1053.39,1064.74,0.989
5_27,849.46,857.08,0.9879
5_27,616.76,666.65,0.9777
5_27,1207.96,1222.41,0.9756
5_27,834.76,842.05,0.974
5_27,1069.37,1080.95,0.9702
5_27,719.55,733.14,0.9654
5_27,925.56,1044.07,0.9602
5_27,1080.98,1134.2,0.9512
5_27,868.37,919.38,0.1356
5_27,1053.4,1064.74,0.1344
5_27,671.79,679.15,0.133
5_27,1134.44,1156.9,0.1328
5_27,719.54,733.15,0.1312
5_27,616.68,666.66,0.1312
5_27,1207.96,1222.4,0.1259
5_27,671.79,679.16,0.018
5_27,840.4,858.68,0.013
5_27,1001.64,1047.61,0.0117
5_27,616.21,629.61,0.0085
5_27,868.7,874.43,0.0072
5_27,1207.61,1213.89,0.0069
5_27,917.18,929.47,0.0068
5_27,713.07,724.24,0.0067
5_27,740.88,751.87,0.0065
5_27,1021.4,1043.52,0.0063
5_27,678.9,691.61,0.0061
5_27,691.68,737.97,0.0054
5_27,1151.16,1156.87,0.0051
5_27,736.01,742.52,0.0048
5_27,1196.52,1201.36,0.0047
5_27,1047.32,1084.04,0.0045
5_27,1042.31,1045.02,0.0043
5_27,738.69,784.62,0.0042
5_27,1221.69,1228.8,0.0041
5_27,960.65,966.22,0.0038
5_27,834.71,844.88,0.0037
5_27,1156.1,1158.6,0.0032
5_27,846.3,869.05,0.0032
5_27,671.79,683.37,0.003
5_27,1002.77,1005.74,0.0029
5_27,950.58,975.84,0.0028
5_27,614.95,620.62,0.0026
5_27,718.59,738.02,0.0026
5_27,664.56,667.61,0.0026
5_27,677.61,680.23,0.0025
5_27,1131.85,1201.51,0.0025
5_27,889.16,892.09,0.0025
5_27,1015.99,1028.34,0.0024
5_27,745.76,748.58,0.0022
5_27,856.84,859.53,0.0022
5_27,924.31,996.61,0.0022
5_27,1196.72,1206.09,0.0021
5_27,1007.07,1013.39,0.002
5_27,914.74,935.11,0.002
5_27,1118.79,1154.8,0.002
5_27,1031.55,1037.76,0.0019
5_27,948.44,959.83,0.0019
5_27,617.41,698.77,0.0019
5_27,1225.81,1228.8,0.0019
5_27,688.27,690.92,0.0019
5_27,892.6,915.98,0.0018
5_27,621.13,626.77,0.0017
5_27,1078.99,1084.42,0.0017
5_27,1088.85,1111.25,0.0017
5_27,738.93,744.09,0.0017
5_27,831.17,833.91,0.0017
5_27,975.47,1021.59,0.0017
5_27,1202.3,1223.39,0.0016
5_27,1043.8,1046.8,0.0016
5_27,856.53,868.05,0.0016
5_27,1190.66,1196.64,0.0015
5_27,848.77,857.31,0.0015
5_27,960.09,963.09,0.0015
5_27,828.19,831.5,0.0015
5_27,699.46,712.23,0.0014
5_27,869.1,875.4,0.0014
5_27,928.13,950.11,0.0014
5_27,1002.84,1008.44,0.0014
5_27,743.93,746.17,0.0014
5_27,1023.85,1030.12,0.0014
5_27,711.43,721.71,0.0014
5_27,664.18,671.05,0.0013
5_27,1033.98,1055.23,0.0013
5_27,678.34,687.95,0.0013
5_27,1218.27,1224.28,0.0013
5_27,968.47,971.73,0.0013
5_27,855.54,858.61,0.0013
5_27,642.7,664.57,0.0012
5_27,1068.22,1089.23,0.0012
5_27,756.42,762.6,0.0012
5_27,1111.49,1132.39,0.0012
5_27,897.74,900.67,0.0011
5_27,1030.06,1033.04,0.0011
5_27,996.56,1002.55,0.0011
5_27,617.38,623.57,0.0011
5_27,831.94,858.87,0.001
5_27,980.41,983.15,0.001
5_27,1042.3,1044.36,0.001
2_42,1200.6,1228.8,0.9987
2_42,1076.74,1088.31,0.9974
2_42,972.71,983.23,0.9961
2_42,884.48,948.58,0.9932
2_42,951.71,971.67,0.9917
2_42,1124.8,1132.8,0.9916
2_42,816.11,875.72,0.9912
2_42,617.57,651.19,0.9912
2_42,1012.53,1025.25,0.9911
2_42,1028.37,1077.79,0.9909
2_42,746.78,785.68,0.9894
2_42,1003.19,1012.26,0.9879
2_42,1193.38,1204.95,0.9862
2_42,1116.67,1124.27,0.9861
2_42,1136.55,1193.02,0.9748
2_42,983.24,1003.18,0.9699
2_42,1085.2,1118.78,0.9502
2_42,660.77,743.56,0.9261
2_42,951.69,971.65,0.1351
2_42,1076.75,1088.31,0.134
2_42,1028.45,1077.85,0.1339
2_42,815.95,875.71,0.1326
2_42,1012.54,1025.26,0.1325
2_42,1003.2,1012.26,0.132
2_42,972.71,983.23,0.1318
2_42,1124.8,1132.8,0.1309
2_42,1116.67,1124.26,0.1305
2_42,1136.52,1193.03,0.1305
2_42,617.56,651.18,0.1294
2_42,1200.72,1228.8,0.1284
2_42,815.98,875.7,0.0175
2_42,717.65,739.21,0.0109
2_42,1110.17,1116.66,0.0076
2_42,1088.94,1099.8,0.006
2_42,1224.67,1228.8,0.0056
2_42,675.16,698.99,0.0051
2_42,760.37,767.0,0.0044
2_42,609.55,646.73,0.0042
2_42,1002.63,1004.69,0.0042
2_42,876.34,878.72,0.0038
2_42,1194.9,1201.0,0.0038
2_42,1155.93,1181.61,0.0035
2_42,970.81,991.01,0.0031
2_42,1017.84,1023.52,0.0028
2_42,820.15,843.86,0.0028
2_42,1072.0,1089.83,0.0026
2_42,1003.85,1010.01,0.0024
2_42,958.01,969.99,0.0024
2_42,784.32,790.36,0.0024
2_42,1124.49,1134.68,0.0023
2_42,817.95,820.18,0.0022
2_42,750.91,757.36,0.0022
2_42,964.0,1041.77,0.0021
2_42,835.24,841.75,0.0021
2_42,1204.13,1228.8,0.0021
2_42,873.53,876.11,0.002
2_42,953.15,956.24,0.0019
2_42,1009.36,1028.34,0.0018
2_42,739.0,741.56,0.0017
2_42,1078.02,1085.14,0.0016
2_42,746.17,815.9,0.0016
2_42,1141.79,1153.69,0.0016
2_42,1134.82,1137.29,0.0014
2_42,1198.28,1203.63,0.0014
2_42,1206.04,1211.47,0.0013
2_42,1030.25,1033.64,0.0013
2_42,815.82,818.1,0.0011
2_42,759.51,772.48,0.001
17_28,709.03,718.66,0.9982
17_28,784.89,806.76,0.998
17_28,756.41,764.34,0.9965
17_28,767.58,780.9,0.9959
17_28,824.13,828.03,0.9956
17_28,736.14,752.12,0.9881
17_28,819.52,823.08,0.9745
17_28,815.13,819.13,0.9586
17_28,824.13,828.03,0.135
17_28,784.9,806.78,0.1349
17_28,709.02,718.66,0.1346
17_28,736.13,752.1,0.1344
17_28,756.41,764.34,0.1335
17_28,767.57,780.89,0.1331
17_28,824.13,828.03,0.0183
17_28,736.13,752.1,0.0182
17_28,756.41,764.35,0.0181
17_28,767.58,780.89,0.018
17_28,640.77,652.42,0.0173
17_28,830.15,850.89,0.0137
17_28,968.49,980.78,0.0124
17_28,653.09,655.65,0.0122
17_28,882.45,884.99,0.011
17_28,658.7,661.77,0.0089
17_28,717.66,722.88,0.0084
17_28,617.44,620.13,0.0075
17_28,928.63,933.88,0.0068
17_28,857.68,860.66,0.0061
17_28,894.51,899.69,0.0053
17_28,679.27,681.82,0.0051
17_28,803.33,809.33,0.0051
17_28,961.04,967.43,0.005
17_28,752.09,767.31,0.0043
17_28,629.13,631.86,0.0039
17_28,700.07,706.17,0.0034
17_28,930.2,933.25,0.0032
17_28,956.79,959.95,0.0032
17_28,731.32,734.01,0.0032
17_28,641.78,644.62,0.003
17_28,780.75,790.5,0.0028
17_28,738.33,744.01,0.0028
17_28,819.08,824.11,0.0026
17_28,622.68,627.49,0.0026
17_28,838.67,841.63,0.0024
17_28,703.29,709.29,0.0023
17_28,825.9,912.89,0.0022
17_28,773.26,778.31,0.0021
17_28,891.9,894.79,0.0021
17_28,791.66,797.55,0.002
17_28,997.03,999.59,0.002
17_28,693.48,696.27,0.0019
17_28,964.79,967.77,0.0019
17_28,865.82,868.64,0.0018
17_28,637.53,659.3,0.0018
17_28,873.39,884.76,0.0017
17_28,777.75,813.16,0.0016
17_28,937.19,940.38,0.0016
17_28,841.54,852.43,0.0015
17_28,735.14,737.75,0.0015
17_28,922.6,925.93,0.0015
17_28,698.35,701.06,0.0015
17_28,870.4,876.92,0.0014
17_28,723.99,734.85,0.0014
17_28,961.89,984.28,0.0014
17_28,784.66,787.39,0.0013
17_28,679.84,685.82,0.0013
17_28,798.73,800.97,0.0013
17_28,614.53,617.38,0.0013
17_28,812.44,831.92,0.0013
17_28,987.04,992.86,0.0012
17_28,652.38,657.92,0.0012
17_28,1002.97,1005.46,0.0012
17_28,693.95,772.78,0.0011
17_28,613.41,624.8,0.0011
17_28,669.0,680.12,0.001
2_8,686.34,770.27,0.9986
2_8,920.14,1002.67,0.9979
2_8,660.46,687.57,0.9974
2_8,616.79,659.23,0.9969
2_8,1114.92,1129.08,0.9959
2_8,1040.55,1054.7,0.9951
2_8,1209.37,1228.8,0.9949
2_8,775.01,880.02,0.9941
2_8,767.86,774.94,0.9932
2_8,1060.59,1116.09,0.9747
2_8,881.16,913.08,0.9612
2_8,1150.21,1210.56,0.96
2_8,1005.13,1037.04,0.9596
2_8,775.09,879.88,0.1352
2_8,1040.55,1054.71,0.1343
2_8,920.22,1002.72,0.1343
2_8,767.86,774.93,0.1337
2_8,1060.62,1116.08,0.1323
2_8,1005.14,1036.97,0.1311
2_8,686.33,770.23,0.1287
2_8,1040.54,1054.71,0.0181
2_8,767.86,774.94,0.0178
2_8,636.71,660.43,0.0124
2_8,780.99,803.75,0.0113
2_8,1006.62,1019.83,0.0112
2_8,691.26,740.88,0.0097
2_8,979.33,1002.89,0.0097
2_8,921.79,945.85,0.0089
2_8,1069.17,1090.44,0.0071
2_8,780.77,825.75,0.0064
2_8,1116.49,1123.62,0.0055
2_8,1026.81,1037.56,0.0046
2_8,874.93,909.11,0.0043
2_8,1081.41,1106.01,0.004
2_8,850.41,875.87,0.0038
2_8,918.65,924.49,0.0034
2_8,1204.15,1223.26,0.0031
2_8,755.8,768.45,0.0028
2_8,1135.18,1155.8,0.0027
2_8,688.88,700.77,0.0027
2_8,963.31,968.88,0.0023
2_8,657.23,687.78,0.0022
2_8,1127.86,1130.41,0.0021
2_8,628.58,638.66,0.0021
2_8,1139.97,1220.36,0.002
2_8,869.35,879.02,0.0018
2_8,1052.99,1135.86,0.0017
2_8,1032.09,1035.23,0.0016
2_8,1218.38,1228.8,0.0016
2_8,918.97,921.99,0.0015
2_8,922.04,924.41,0.0014
2_8,1209.67,1228.8,0.0014
2_8,1005.84,1008.17,0.0014
2_8,982.19,1003.61,0.0014
2_8,1210.65,1213.74,0.0014
2_8,1056.12,1058.95,0.0014
2_8,623.53,630.73,0.0014
2_8,880.87,916.66,0.0013
2_8,671.32,686.14,0.0012
2_8,1153.06,1155.31,0.0012
2_8,696.07,719.56,0.0012
2_8,798.32,824.68,0.0011
2_8,1203.76,1209.4,0.0011
2_8,631.69,634.38,0.0011
2_8,614.81,617.22,0.0011
2_8,1187.12,1189.61,0.0011
2_8,947.86,999.6,0.001
1_30,641.04,660.79,0.9994
1_30,702.49,717.99,0.9983
1_30,856.43,859.88,0.9959
1_30,666.07,679.72,0.9929
1_30,616.1,638.54,0.9896
1_30,683.66,699.44,0.9887
1_30,719.56,749.22,0.985
1_30,782.51,851.92,0.9731
1_30,851.99,856.4,0.9721
1_30,749.62,782.31,0.9592
1_30,702.47,718.01,0.1353
1_30,641.04,660.79,0.1346
1_30,856.43,859.88,0.1333
1_30,666.07,679.72,0.1316
1_30,702.48,718.0,0.018
1_30,856.43,859.88,0.0179
1_30,621.14,633.68,0.0089
1_30,815.86,822.5,0.0083
1_30,640.35,719.99,0.0083
1_30,760.23,762.99,0.0065
1_30,1014.08,1034.91,0.0062
1_30,662.54,665.29,0.006
1_30,717.92,729.03,0.005
1_30,644.16,650.55,0.0044
1_30,787.95,832.67,0.0038
1_30,614.85,635.1,0.003
1_30,853.64,856.15,0.0028
1_30,718.5,723.56,0.0027
1_30,642.31,655.01,0.0025
1_30,743.91,755.0,0.0024
1_30,812.75,815.2,0.0024
1_30,951.99,954.27,0.0023
1_30,980.3,986.46,0.0022
1_30,655.13,658.12,0.0022
1_30,761.03,782.06,0.0018
1_30,869.57,872.3,0.0017
1_30,916.13,994.23,0.0017
1_30,781.58,793.25,0.0016
1_30,844.68,846.95,0.0015
1_30,829.17,834.87,0.0015
1_30,620.19,625.69,0.0015
1_30,752.8,755.57,0.0014
1_30,901.0,942.52,0.0013
1_30,860.88,863.83,0.0012
1_30,779.85,785.7,0.0012
1_30,847.61,852.77,0.0011
1_30,739.69,742.97,0.0011
1_30,843.04,848.81,0.001
1_30,1054.11,1060.18,0.001
1_30,979.84,982.8,0.001
1_30,882.11,893.23,0.001
10_46,914.21,917.6,0.9986
10_46,945.07,948.8,0.9985
10_46,665.27,686.01,0.9972
10_46,736.11,752.14,0.9971
10_46,786.82,799.05,0.9959
10_46,970.32,980.94,0.9953
10_46,917.33,931.2,0.9938
10_46,905.19,913.74,0.9903
10_46,756.56,780.96,0.99
10_46,951.96,969.44,0.9871
10_46,615.58,649.14,0.985
10_46,690.14,711.74,0.983
10_46,649.74,664.68,0.9818
10_46,897.87,899.2,0.9805
10_46,937.29,944.99,0.9771
10_46,716.33,732.9,0.9726
10_46,897.07,897.87,0.965
10_46,815.07,861.14,0.9648
10_46,736.1,752.15,0.1356
10_46,914.21,917.6,0.135
10_46,970.32,980.93,0.135
10_46,945.07,948.8,0.1344
10_46,905.19,913.74,0.1343
10_46,665.28,686.02,0.1339
10_46,786.81,799.04,0.1339
10_46,917.34,931.18,0.1328
10_46,727.44,729.81,0.0375
10_46,685.51,690.7,0.0299
10_46,736.11,752.16,0.0184
10_46,914.21,917.6,0.0183
10_46,945.07,948.8,0.0179
10_46,917.34,931.18,0.0175
10_46,899.17,901.44,0.0111
10_46,900.92,903.67,0.0094
10_46,894.51,896.74,0.0088
10_46,1061.19,1064.58,0.0086
10_46,1131.51,1134.21,0.008
10_46,843.54,846.15,0.0079
10_46,846.86,859.73,0.0076
10_46,891.97,904.68,0.0068
10_46,857.91,863.79,0.0068
10_46,619.8,643.38,0.0055
10_46,1073.17,1076.23,0.0054
10_46,1039.55,1042.63,0.0049
10_46,725.7,728.16,0.0044
10_46,1107.52,1113.02,0.004
10_46,938.94,941.72,0.0039
10_46,774.6,780.93,0.0036
10_46,715.59,718.03,0.0036
10_46,900.86,917.21,0.0036
10_46,674.66,685.19,0.0035
10_46,930.76,949.47,0.0034
10_46,953.43,965.96,0.0031
10_46,924.94,931.11,0.003
10_46,829.19,831.76,0.003
10_46,1080.8,1083.59,0.0029
10_46,1046.18,1058.01,0.0029
10_46,825.21,847.54,0.0028
10_46,848.0,854.17,0.0026
10_46,930.95,933.33,0.0026
10_46,1015.15,1017.75,0.0026
10_46,1020.01,1022.71,0.0026
10_46,870.62,882.74,0.0025
10_46,941.11,943.8,0.0025
10_46,888.78,898.89,0.0024
10_46,1146.38,1157.85,0.0023
10_46,807.19,818.69,0.0023
10_46,734.55,737.34,0.002
10_46,874.51,877.03,0.0019
10_46,1005.12,1017.12,0.0019
10_46,649.79,660.19,0.0019
10_46,758.56,764.52,0.0018
10_46,810.5,812.91,0.0018
10_46,1158.03,1168.53,0.0018
10_46,1029.5,1032.21,0.0017
10_46,819.63,825.16,0.0016
10_46,1060.53,1072.95,0.0016
10_46,711.02,732.55,0.0016
10_46,997.75,1003.49,0.0015
10_46,1128.12,1135.22,0.0015
10_46,917.45,923.8,0.0015
10_46,965.48,968.28,0.0015
10_46,693.54,696.38,0.0014
10_46,785.37,809.81,0.0014
10_46,1073.99,1085.73,0.0014
10_46,830.41,842.69,0.0014
10_46,899.23,902.12,0.0013
10_46,721.91,724.61,0.0013
10_46,991.28,997.21,0.0013
10_46,886.87,890.13,0.0013
10_46,950.33,956.78,0.0012
10_46,868.23,874.74,0.0012
10_46,768.56,780.27,0.0012
10_46,706.91,709.59,0.0012
10_46,1044.82,1047.88,0.0012
10_46,1035.99,1038.92,0.0012
10_46,736.45,745.17,0.0012
10_46,1052.19,1057.44,0.0011
10_46,909.06,911.72,0.0011
10_46,930.9,936.21,0.0011
10_46,959.55,962.64,0.001
10_46,882.3,892.89,0.001
10_46,1124.43,1130.51,0.001
10_46,675.77,678.88,0.001
16_23,1169.22,1174.11,0.9996
16_23,919.94,961.77,0.9993
16_23,868.07,918.01,0.9987
16_23,1122.36,1159.87,0.9985
16_23,971.92,1054.22,0.9979
16_23,1089.34,1096.63,0.9974
16_23,688.07,711.83,0.9968
16_23,814.5,858.14,0.9958
16_23,1162.64,1168.88,0.9952
16_23,1211.75,1225.87,0.9922
16_23,1174.77,1202.53,0.9916
16_23,1204.74,1209.53,0.9897
16_23,614.75,636.2,0.989
16_23,713.19,725.41,0.9878
16_23,636.58,661.75,0.9867
16_23,726.45,757.86,0.9827
16_23,1078.83,1086.64,0.9786
16_23,761.06,813.91,0.9725
16_23,664.48,687.61,0.9693
16_23,1226.44,1228.8,0.9654
16_23,1211.75,1225.88,0.1349
16_23,1169.22,1174.11,0.1347
16_23,971.96,1054.27,0.1346
16_23,1162.63,1168.88,0.1343
16_23,1089.34,1096.63,0.1342
16_23,1204.74,1209.53,0.1341
16_23,614.72,636.22,0.1333
16_23,1174.76,1202.52,0.1326
16_23,1078.84,1086.64,0.1313
16_23,868.06,917.95,0.13
16_23,664.5,687.63,0.1296
16_23,713.17,725.41,0.1295
16_23,762.9,765.64,0.023
16_23,1089.34,1096.63,0.0182
16_23,1078.83,1086.65,0.0178
16_23,1211.75,1225.87,0.0176
16_23,868.05,918.01,0.0175
16_23,814.73,826.7,0.0122
16_23,847.13,858.89,0.0093
16_23,1061.99,1087.2,0.0075
16_23,682.67,719.53,0.0075
16_23,902.85,914.24,0.0068
16_23,727.47,740.28,0.0064
16_23,615.71,626.19,0.0063
16_23,1061.3,1071.71,0.0049
16_23,664.15,675.64,0.0049
16_23,912.83,922.63,0.0046
16_23,771.71,774.91,0.0042
16_23,921.36,942.28,0.0042
16_23,1119.36,1157.37,0.0042
16_23,864.35,886.26,0.004
16_23,767.73,814.11,0.0031
16_23,1168.03,1175.8,0.003
16_23,1201.72,1210.3,0.0028
16_23,1039.82,1050.57,0.0027
16_23,822.01,843.29,0.0026
16_23,761.2,766.34,0.0026
16_23,1228.71,1228.8,0.0025
16_23,1121.02,1123.28,0.0023
16_23,998.23,1049.56,0.0022
16_23,659.35,662.34,0.0022
16_23,633.38,665.32,0.002
16_23,982.65,985.1,0.0019
16_23,1096.1,1101.42,0.0018
16_23,1177.42,1179.77,0.0018
16_23,1205.98,1208.8,0.0017
16_23,893.23,915.25,0.0017
16_23,1121.1,1127.35,0.0016
16_23,863.8,877.15,0.0015
16_23,1060.0,1082.35,0.0015
16_23,922.1,963.82,0.0015
16_23,626.23,632.77,0.0014
16_23,1126.94,1132.47,0.0013
16_23,1044.48,1054.62,0.0013
16_23,1150.93,1160.72,0.0013
16_23,736.01,739.23,0.0012
16_23,717.11,727.05,0.0012
16_23,620.89,623.94,0.0012
16_23,1094.92,1115.94,0.0011
16_23,915.92,920.94,0.0011
16_23,1162.73,1167.88,0.0011
16_23,864.84,867.54,0.001
16_23,761.55,783.04,0.001
25_9,1046.22,1049.89,0.9993
25_9,1074.96,1084.75,0.9985
25_9,971.73,974.93,0.9983
25_9,1093.46,1154.3,0.9958
25_9,975.19,1044.39,0.9938
25_9,781.18,942.35,0.992
25_9,777.1,780.77,0.9883
25_9,734.88,745.29,0.9882
25_9,948.4,970.99,0.9862
25_9,1051.11,1069.28,0.9857
25_9,761.81,776.48,0.9836
25_9,701.34,723.2,0.9817
25_9,942.41,944.54,0.9771
25_9,683.2,698.18,0.9754
25_9,752.01,758.75,0.9692
25_9,1155.48,1159.26,0.9643
25_9,1093.33,1112.26,0.8233
25_9,1117.16,1154.1,0.4498
25_9,781.18,942.69,0.1353
25_9,1051.13,1069.29,0.1338
25_9,1046.22,1049.89,0.1325
25_9,761.81,776.48,0.1325
25_9,777.1,780.76,0.1322
25_9,971.74,974.93,0.1314
25_9,1093.32,1112.28,0.1108
25_9,1092.78,1098.77,0.029
25_9,1147.46,1152.72,0.0227
25_9,1046.22,1049.89,0.0179
25_9,971.73,974.93,0.0177
25_9,1153.78,1159.71,0.0113
25_9,1165.36,1172.61,0.0104
25_9,1124.1,1146.84,0.0101
25_9,1119.01,1125.38,0.0094
25_9,755.38,758.08,0.0093
25_9,1034.1,1044.69,0.0067
25_9,1019.53,1032.6,0.0058
25_9,811.78,814.89,0.0055
25_9,661.33,667.43,0.0051
25_9,762.23,769.0,0.0047
25_9,1050.19,1055.3,0.0043
25_9,1147.74,1154.08,0.0034
25_9,930.87,942.47,0.0034
25_9,785.43,787.82,0.0031
25_9,752.88,755.38,0.0031
25_9,1114.09,1119.53,0.0027
25_9,776.56,781.39,0.0024
25_9,1077.56,1083.9,0.0024
25_9,679.7,697.29,0.0023
25_9,1145.83,1148.45,0.0021
25_9,1087.76,1092.7,0.0021
25_9,1139.94,1142.97,0.002
25_9,732.41,735.32,0.0019
25_9,1050.11,1052.47,0.0019
25_9,836.6,839.19,0.0018
25_9,787.92,790.83,0.0017
25_9,698.09,731.95,0.0017
25_9,864.38,867.04,0.0017
25_9,654.71,668.3,0.0017
25_9,816.82,871.36,0.0016
25_9,820.39,823.34,0.0016
25_9,974.93,977.29,0.0016
25_9,945.83,969.61,0.0016
25_9,1096.06,1175.32,0.0015
25_9,776.65,788.5,0.0015
25_9,1053.6,1095.32,0.0015
25_9,752.08,761.07,0.0015
25_9,728.36,730.97,0.0014
25_9,1153.14,1162.91,0.0013
25_9,782.38,784.41,0.0013
25_9,724.37,746.33,0.0013
25_9,665.0,697.51,0.0012
25_9,1093.0,1104.98,0.0012
25_9,788.26,798.04,0.0011
25_9,987.01,1000.73,0.0011
25_9,1069.58,1074.78,0.0011
25_9,780.63,783.11,0.001
25_9,1088.62,1090.76,0.001
25_9,1002.49,1016.42,0.001
18_49,1098.11,1189.14,0.9996
18_49,1073.06,1081.62,0.9951
18_49,1083.13,1087.94,0.9946
18_49,980.52,1072.34,0.9915
18_49,614.32,789.47,0.991
18_49,793.29,797.41,0.9905
18_49,807.0,979.66,0.989
18_49,1193.53,1204.02,0.9886
18_49,1209.89,1228.8,0.9725
18_49,806.59,979.55,0.135
18_49,793.29,797.41,0.1337
18_49,1083.13,1087.94,0.1336
18_49,1209.89,1228.8,0.13
18_49,797.31,800.46,0.0204
18_49,1094.45,1096.81,0.0194
18_49,1209.87,1228.8,0.0174
18_49,805.15,852.75,0.0091
18_49,957.74,970.77,0.0075
18_49,1192.18,1203.71,0.007
18_49,1073.99,1080.13,0.0068
18_49,627.61,640.98,0.0063
18_49,1133.97,1182.58,0.0056
18_49,1180.31,1190.78,0.0033
18_49,1098.07,1103.83,0.0032
18_49,614.63,626.97,0.0032
18_49,1089.98,1092.6,0.0031
18_49,806.91,817.53,0.0025
18_49,806.47,808.78,0.0023
18_49,648.86,675.0,0.0022
18_49,1064.28,1066.97,0.0021
18_49,908.89,935.39,0.0019
18_49,1108.51,1114.66,0.0018
18_49,800.58,912.95,0.0018
18_49,707.48,762.67,0.0017
18_49,1226.45,1228.8,0.0017
18_49,980.82,994.7,0.0015
18_49,766.14,786.99,0.0013
18_49,963.22,969.27,0.0012
18_49,794.14,797.25,0.0012
18_49,869.18,875.47,0.0012
18_49,1213.54,1227.09,0.0011
18_49,1052.43,1055.19,0.0011
18_49,792.39,810.84,0.0011
26_17,917.33,933.78,0.9987
26_17,791.77,833.37,0.9957
26_17,980.03,1023.76,0.9955
26_17,1101.02,1196.19,0.9945
26_17,936.85,973.85,0.9941
26_17,1200.15,1219.69,0.9939
26_17,744.53,789.21,0.9917
26_17,704.36,743.47,0.9916
26_17,1224.87,1228.8,0.9881
26_17,1029.43,1097.28,0.9878
26_17,882.37,912.34,0.986
26_17,619.06,679.23,0.9805
26_17,836.06,838.95,0.9703
26_17,682.79,698.23,0.9626
26_17,845.82,876.0,0.9501
26_17,980.08,1023.78,0.1354
26_17,1200.18,1219.69,0.1349
26_17,836.06,838.95,0.1305
26_17,1029.45,1097.26,0.1304
26_17,1158.7,1161.33,0.0264
26_17,1160.89,1163.53,0.025
26_17,839.82,845.74,0.0147
26_17,833.32,839.69,0.0128
26_17,1158.64,1164.39,0.0091
26_17,773.01,783.94,0.0078
26_17,1104.35,1123.34,0.0078
26_17,1160.53,1162.83,0.0063
26_17,841.91,844.61,0.0059
26_17,810.98,833.17,0.0058
26_17,885.28,891.62,0.0056
26_17,1227.93,1228.8,0.0052
26_17,838.72,841.24,0.0049
26_17,827.72,844.95,0.0047
26_17,1158.17,1160.89,0.004
26_17,906.96,909.63,0.0038
26_17,937.42,944.06,0.0036
26_17,1149.96,1162.32,0.0035
26_17,1156.5,1159.26,0.0032
26_17,851.97,858.85,0.0031
26_17,684.43,703.94,0.0031
26_17,840.24,842.87,0.0029
26_17,1005.25,1017.03,0.0028
26_17,742.65,745.52,0.0027
26_17,976.35,987.09,0.0027
26_17,611.05,621.4,0.0026
26_17,832.16,834.91,0.0026
26_17,903.67,909.73,0.0024
26_17,624.02,647.76,0.0024
26_17,1015.6,1024.5,0.0023
26_17,722.97,743.34,0.0023
26_17,848.36,883.28,0.0021
26_17,649.53,674.73,0.002
26_17,1022.79,1033.95,0.002
26_17,833.32,836.2,0.0019
26_17,921.75,933.87,0.0018
26_17,1194.91,1197.6,0.0018
26_17,892.36,895.3,0.0018
26_17,1105.15,1108.06,0.0018
26_17,1145.99,1193.5,0.0017
26_17,765.55,768.36,0.0017
26_17,1159.01,1162.09,0.0016
26_17,767.85,789.84,0.0016
26_17,893.46,906.46,0.0016
26_17,1217.9,1228.8,0.0016
26_17,969.4,972.0,0.0015
26_17,1119.23,1121.93,0.0015
26_17,1049.02,1098.56,0.0015
26_17,734.63,739.42,0.0015
26_17,841.28,843.95,0.0015
26_17,679.14,698.38,0.0014
26_17,845.55,858.13,0.0014
26_17,910.45,913.4,0.0014
26_17,952.82,973.31,0.0014
26_17,745.51,756.68,0.0014
26_17,1161.7,1164.67,0.0014
26_17,843.47,846.07,0.0013
26_17,1037.1,1062.03,0.0013
26_17,986.27,1010.35,0.0013
26_17,1123.98,1137.27,0.0013
26_17,1027.75,1030.09,0.0012
26_17,935.26,937.79,0.0012
26_17,1205.61,1218.0,0.0012
26_17,906.51,908.91,0.0011
26_17,881.55,923.29,0.0011
26_17,1110.66,1113.44,0.001
26_17,1156.15,1168.58,0.001
26_17,831.56,840.73,0.001
26_17,1031.07,1036.21,0.001
26_17,936.98,949.26,0.001
29_48,878.71,885.87,0.9995
29_48,793.57,807.1,0.9987
29_48,843.29,866.31,0.9981
29_48,813.89,828.21,0.9974
29_48,907.73,921.06,0.9969
29_48,691.6,716.19,0.9968
29_48,673.22,690.81,0.9965
29_48,830.92,840.78,0.9939
29_48,717.25,790.27,0.9828
29_48,868.26,876.77,0.9773
29_48,614.79,672.26,0.9652
29_48,813.88,828.2,0.1355
29_48,878.71,885.87,0.1355
29_48,907.74,921.06,0.1341
29_48,793.56,807.1,0.1324
29_48,843.29,866.31,0.1302
29_48,614.8,672.27,0.1299
29_48,921.55,939.93,0.0281
29_48,907.72,921.08,0.0182
29_48,813.89,828.2,0.0182
29_48,793.57,807.09,0.0177
29_48,878.71,885.87,0.0175
29_48,1005.17,1007.85,0.0146
29_48,868.63,874.22,0.0143
29_48,898.31,904.8,0.0078
29_48,1013.86,1035.22,0.0074
29_48,941.54,952.94,0.0074
29_48,1017.71,1020.77,0.0067
29_48,711.96,722.29,0.0063
29_48,811.34,814.23,0.0053
29_48,676.9,688.75,0.0045
29_48,1132.01,1227.78,0.0043
29_48,866.13,868.52,0.0039
29_48,979.71,1000.34,0.0038
29_48,694.52,700.51,0.003
29_48,1045.41,1057.01,0.0029
29_48,920.24,923.06,0.0029
29_48,727.56,748.98,0.0028
29_48,636.96,661.32,0.0028
29_48,623.25,635.25,0.0026
29_48,808.22,811.14,0.0025
29_48,775.02,794.1,0.0025
29_48,707.58,713.2,0.0025
29_48,1012.07,1018.06,0.0023
29_48,1073.21,1079.35,0.0023
29_48,917.36,919.64,0.0021
29_48,1062.22,1069.14,0.0021
29_48,776.82,782.53,0.0021
29_48,688.42,693.95,0.002
29_48,963.03,965.29,0.002
29_48,956.08,958.72,0.0019
29_48,1119.83,1141.69,0.0019
29_48,675.14,677.39,0.0019
29_48,719.41,725.3,0.0018
29_48,859.96,862.58,0.0018
29_48,1030.63,1052.98,0.0018
29_48,919.26,936.78,0.0017
29_48,894.66,906.1,0.0016
29_48,952.61,963.24,0.0015
29_48,949.95,952.89,0.0015
29_48,732.18,743.13,0.0014
29_48,679.03,719.93,0.0014
29_48,787.91,790.39,0.0014
29_48,1015.24,1017.76,0.0014
29_48,837.76,882.68,0.0014
29_48,761.28,783.26,0.0013
29_48,660.39,670.97,0.0013
29_48,962.67,983.74,0.0013
29_48,1052.18,1074.35,0.0013
29_48,839.25,841.91,0.0012
29_48,863.08,869.24,0.0011
29_48,883.39,885.98,0.0011
29_48,820.53,829.69,0.0011
29_48,925.72,932.29,0.0011
29_48,695.57,698.51,0.0011
29_48,1058.8,1064.09,0.001
29_48,1038.98,1041.42,0.001
5_18,719.96,798.79,0.9986
5_18,810.04,812.74,0.9983
5_18,897.46,933.83,0.9968
5_18,1073.2,1083.09,0.9938
5_18,820.81,897.33,0.993
5_18,1138.09,1228.8,0.9919
5_18,687.81,710.44,0.9911
5_18,1013.55,1035.88,0.99
5_18,999.42,1006.74,0.9887
5_18,933.87,976.89,0.9866
5_18,625.67,684.58,0.9846
5_18,993.18,996.68,0.9747
5_18,1083.39,1137.71,0.9529
5_18,778.06,798.52,0.8576
5_18,810.04,812.74,0.1353
5_18,1138.01,1228.8,0.1344
5_18,820.84,897.32,0.1342
5_18,897.49,933.85,0.1335
5_18,625.63,684.6,0.1332
5_18,1073.21,1083.08,0.1328
5_18,993.18,996.68,0.1293
5_18,719.94,798.69,0.1186
5_18,720.29,731.77,0.0225
5_18,625.64,684.57,0.018
5_18,673.35,679.46,0.0116
5_18,614.91,626.38,0.0095
5_18,999.45,1013.78,0.0076
5_18,918.09,924.67,0.0068
5_18,801.57,814.54,0.0064
5_18,719.93,767.27,0.0049
5_18,896.59,909.1,0.0046
5_18,604.01,618.5,0.0044
5_18,1046.72,1070.05,0.0039
5_18,1073.98,1162.28,0.0038
5_18,1137.7,1144.56,0.0037
5_18,931.26,937.33,0.0035
5_18,999.95,1006.91,0.0027
5_18,818.54,861.87,0.0027
5_18,673.49,683.71,0.0025
5_18,625.74,660.04,0.0022
5_18,1081.84,1093.91,0.0019
5_18,1048.0,1059.73,0.0019
5_18,1138.38,1184.46,0.0018
5_18,915.81,933.27,0.0018
5_18,775.01,780.79,0.0018
5_18,1073.17,1079.7,0.0016
5_18,999.86,1003.3,0.0016
5_18,931.79,972.69,0.0016
5_18,1136.75,1150.5,0.0015
5_18,785.16,797.59,0.0015
5_18,621.27,628.41,0.0015
5_18,617.81,620.73,0.0014
5_18,706.59,709.89,0.0014
5_18,1007.68,1041.7,0.0014
5_18,822.76,842.27,0.0014
5_18,1194.78,1201.12,0.0013
5_18,846.12,896.91,0.0013
5_18,902.51,915.19,0.0012
5_18,630.09,632.93,0.0012
5_18,812.64,815.24,0.0012
5_18,1025.46,1028.12,0.0011
5_18,1047.54,1053.8,0.0011
8_30,681.35,699.08,0.9992
8_30,614.41,669.31,0.9985
8_30,670.05,680.59,0.997
8_30,718.4,728.82,0.9959
8_30,698.94,718.52,0.984
8_30,732.04,810.81,0.9691
8_30,670.05,680.6,0.1353
8_30,614.37,669.31,0.1329
8_30,614.4,669.24,0.0181
8_30,755.19,758.34,0.0098
8_30,899.85,902.62,0.0061
8_30,743.88,749.51,0.0059
8_30,918.94,924.3,0.0057
8_30,764.83,775.82,0.0055
8_30,964.04,966.65,0.0053
8_30,614.43,620.66,0.0043
8_30,840.3,842.88,0.0041
8_30,905.46,916.41,0.0039
8_30,748.98,751.87,0.0037
8_30,930.7,933.82,0.0036
8_30,986.9,997.65,0.0033
8_30,803.61,809.32,0.0031
8_30,957.05,962.98,0.0028
8_30,922.84,946.35,0.0026
8_30,669.96,672.87,0.0025
8_30,772.76,784.14,0.0022
8_30,670.54,695.88,0.002
8_30,700.61,720.65,0.002
8_30,799.01,805.15,0.0019
8_30,661.49,667.25,0.0018
8_30,923.97,926.01,0.0017
8_30,770.33,776.26,0.0017
8_30,859.99,862.88,0.0016
8_30,814.59,817.65,0.0015
8_30,824.62,912.13,0.0014
8_30,923.02,934.22,0.0014
8_30,732.92,743.54,0.0014
8_30,791.13,796.22,0.0013
8_30,890.61,901.71,0.0012
8_30,615.56,639.09,0.0012
8_30,1019.86,1026.1,0.0012
8_30,1009.62,1015.18,0.0012
8_30,965.1,989.12,0.0012
8_30,875.83,886.13,0.0011
8_30,952.15,954.95,0.0011
8_30,723.92,726.91,0.0011
8_30,672.03,675.11,0.0011
8_30,618.14,621.26,0.0011
21_29,904.84,914.6,0.9969
21_29,892.15,898.48,0.9965
21_29,677.85,700.31,0.994
21_29,654.91,671.01,0.9939
21_29,766.21,797.44,0.993
21_29,914.6,920.94,0.9903
21_29,701.79,733.02,0.9896
21_29,797.48,882.14,0.9888
21_29,883.36,890.2,0.9764
21_29,625.66,650.98,0.9734
21_29,737.92,766.19,0.9617
21_29,897.51,905.82,0.9612
21_29,839.96,882.35,0.5871
21_29,677.85,700.32,0.1347
21_29,892.15,898.49,0.1344
21_29,766.24,797.42,0.1341
21_29,904.84,914.59,0.1336
21_29,654.91,671.01,0.1334
21_29,914.61,920.94,0.1323
21_29,625.6,651.01,0.1323
21_29,883.36,890.19,0.1286
21_29,897.52,905.82,0.1265
21_29,766.2,797.45,0.0182
21_29,892.16,898.49,0.018
21_29,883.36,890.19,0.0171
21_29,757.81,763.69,0.0093
21_29,926.07,928.9,0.0092
21_29,706.36,712.59,0.009
21_29,666.18,671.5,0.008
21_29,844.69,850.38,0.0067
21_29,788.75,794.3,0.0058
21_29,831.01,841.59,0.0051
21_29,1104.31,1107.07,0.0048
21_29,822.48,828.45,0.0044
21_29,1124.96,1127.93,0.0042
21_29,1112.02,1115.02,0.0041
21_29,814.67,817.56,0.0039
21_29,893.21,895.61,0.0039
21_29,628.22,639.83,0.0038
21_29,929.02,1016.36,0.0037
21_29,1036.87,1040.04,0.0033
21_29,883.0,893.66,0.0028
21_29,1124.02,1162.94,0.0027
21_29,815.78,857.19,0.0026
21_29,655.4,667.57,0.0025
21_29,849.18,855.19,0.0023
21_29,694.51,700.67,0.0023
21_29,864.63,870.09,0.0023
21_29,893.79,897.16,0.002
21_29,751.73,762.6,0.002
21_29,975.15,1020.59,0.0019
21_29,1008.76,1011.77,0.0018
21_29,1090.69,1093.65,0.0018
21_29,820.81,831.06,0.0018
21_29,661.85,750.0,0.0018
21_29,614.33,617.72,0.0017
21_29,740.58,752.64,0.0017
21_29,833.3,839.0,0.0016
21_29,998.95,1002.15,0.0016
21_29,871.0,882.9,0.0016
21_29,915.57,918.99,0.0016
21_29,1054.53,1057.31,0.0016
21_29,794.76,805.18,0.0015
21_29,656.31,658.92,0.0014
21_29,941.65,952.92,0.0014
21_29,955.04,957.61,0.0014
21_29,1043.64,1049.36,0.0013
21_29,681.13,693.29,0.0013
21_29,711.69,717.72,0.0012
21_29,1060.64,1066.32,0.0012
21_29,1027.04,1029.73,0.0011
21_29,985.08,990.53,0.0011
21_29,991.63,994.33,0.001
21_29,1021.66,1024.38,0.001
21_29,678.6,681.18,0.001
15_39,689.47,703.77,0.9979
15_39,664.18,682.81,0.9979
15_39,727.62,770.68,0.9974
15_39,806.38,827.93,0.9972
15_39,1046.58,1051.58,0.997
15_39,1005.89,1013.26,0.9962
15_39,1016.54,1045.34,0.994
15_39,1053.06,1058.07,0.9938
15_39,866.48,896.24,0.9932
15_39,985.86,1004.32,0.9866
15_39,843.45,856.74,0.9861
15_39,629.49,661.28,0.9853
15_39,929.25,941.62,0.9799
15_39,961.37,977.59,0.9765
15_39,619.16,626.69,0.9727
15_39,943.39,959.9,0.965
15_39,886.79,890.56,0.9559
15_39,908.02,910.67,0.9335
15_39,806.41,827.94,0.1355
15_39,1046.57,1051.58,0.1348
15_39,1053.06,1058.07,0.1338
15_39,1005.89,1013.26,0.1336
15_39,629.48,661.29,0.1335
15_39,843.45,856.72,0.1333
15_39,929.24,941.63,0.1323
15_39,689.47,703.75,0.131
15_39,1016.56,1045.31,0.1308
15_39,866.45,896.22,0.1299
15_39,631.87,634.48,0.0345
15_39,827.52,845.64,0.0322
15_39,629.47,661.31,0.0177
15_39,1063.2,1087.54,0.0126
15_39,869.1,880.17,0.0122
15_39,1098.74,1111.14,0.009
15_39,917.76,923.09,0.009
15_39,719.1,722.01,0.008
15_39,649.58,651.94,0.008
15_39,1026.08,1032.44,0.0068
15_39,897.29,900.01,0.0067
15_39,1070.05,1113.18,0.0065
15_39,776.48,857.64,0.0059
15_39,874.48,965.74,0.0059
15_39,728.62,739.87,0.005
15_39,723.18,725.31,0.0044
15_39,687.4,709.4,0.0043
15_39,871.23,874.15,0.0034
15_39,1007.33,1010.83,0.0034
15_39,1086.2,1091.63,0.0033
15_39,863.08,868.98,0.0031
15_39,918.5,929.54,0.0028
15_39,981.76,987.42,0.0027
15_39,631.41,644.51,0.0027
15_39,910.48,913.45,0.0026
15_39,620.31,623.24,0.0025
15_39,971.01,973.53,0.0022
15_39,1075.98,1078.55,0.0022
15_39,962.45,974.7,0.0019
15_39,695.31,701.79,0.0019
15_39,642.78,659.83,0.0018
15_39,809.2,821.21,0.0018
15_39,1058.1,1064.14,0.0018
15_39,749.97,752.94,0.0017
15_39,906.04,908.4,0.0017
15_39,891.67,910.82,0.0016
15_39,986.83,1007.0,0.0016
15_39,912.87,915.62,0.0016
15_39,858.33,861.14,0.0016
15_39,817.27,820.05,0.0015
15_39,1040.77,1045.85,0.0015
15_39,977.18,983.73,0.0015
15_39,1093.67,1096.14,0.0015
15_39,1013.05,1016.0,0.0015
15_39,1001.52,1007.82,0.0014
15_39,868.79,891.58,0.0013
15_39,668.27,679.34,0.0013
15_39,642.61,645.55,0.0013
15_39,897.96,900.27,0.0013
15_39,1139.51,1145.5,0.0012
15_39,1045.32,1057.76,0.0012
15_39,653.18,655.67,0.0011
15_39,709.63,712.2,0.0011
15_39,926.57,929.39,0.001
15_39,856.56,859.63,0.001
15_39,1114.58,1125.68,0.001
15_39,617.68,620.68,0.001
15_39,881.22,887.22,0.001
15_39,679.94,690.46,0.001
15_39,733.58,736.33,0.001
