video_id,t_start,t_end,score
26_22,978.85,1016.41,0.9997
26_22,828.39,852.11,0.998
26_22,856.47,899.74,0.997
26_22,675.46,698.48,0.9966
26_22,938.96,975.77,0.9956
26_22,640.7,674.96,0.9951
26_22,1160.49,1177.19,0.995
26_22,1193.32,1228.8,0.9942
26_22,1133.03,1159.73,0.9941
26_22,933.68,936.78,0.9939
26_22,763.6,827.91,0.9937
26_22,901.86,932.36,0.9927
26_22,616.7,638.56,0.9883
26_22,1119.77,1131.75,0.9859
26_22,700.37,759.48,0.9853
26_22,1016.62,1044.29,0.985
26_22,1045.58,1114.8,0.9467
26_22,1133.05,1159.72,0.135
26_22,901.85,932.35,0.1343
26_22,933.68,936.78,0.1333
26_22,1016.63,1044.28,0.1332
26_22,763.61,827.83,0.1325
26_22,1119.77,1131.75,0.1306
26_22,1133.03,1159.74,0.0183
26_22,901.84,932.35,0.018
26_22,1030.02,1042.99,0.0176
26_22,1018.11,1029.91,0.0164
26_22,1158.63,1168.66,0.0129
26_22,1145.14,1147.3,0.0124
26_22,1107.01,1113.28,0.0091
26_22,737.06,748.64,0.008
26_22,872.01,895.6,0.008
26_22,733.47,736.15,0.007
26_22,1186.9,1228.8,0.0069
26_22,719.14,730.42,0.0064
26_22,798.64,824.06,0.006
26_22,979.63,985.67,0.006
26_22,677.22,688.98,0.0058
26_22,978.94,1002.48,0.0052
26_22,1069.0,1071.76,0.0041
26_22,933.52,999.07,0.0034
26_22,1012.16,1018.26,0.0031
26_22,734.07,755.04,0.0031
26_22,1153.67,1156.94,0.003
26_22,932.86,937.85,0.0029
26_22,1049.02,1086.44,0.0029
26_22,1106.07,1115.85,0.0027
26_22,1035.39,1042.59,0.0027
26_22,939.1,944.37,0.0022
26_22,617.07,622.9,0.0021
26_22,693.63,759.67,0.0021
26_22,826.81,856.75,0.002
26_22,1160.84,1181.5,0.0019
26_22,1117.61,1133.71,0.0018
26_22,768.61,792.39,0.0018
26_22,695.41,704.31,0.0016
26_22,936.59,939.41,0.0014
26_22,1132.3,1137.82,0.0014
26_22,1141.98,1144.66,0.0014
26_22,1019.57,1022.96,0.0014
26_22,1127.48,1130.67,0.0014
26_22,864.28,869.95,0.0014
26_22,948.12,954.16,0.0014
26_22,1056.46,1108.24,0.0014
26_22,962.24,974.06,0.0013
26_22,903.49,909.53,0.0013
26_22,980.33,983.44,0.0013
26_22,757.79,760.25,0.0012
26_22,1213.62,1228.8,0.0012
26_22,1042.32,1044.28,0.0012
26_22,1069.45,1071.92,0.0011
26_22,940.49,964.2,0.0011
26_22,939.42,942.03,0.001
26_22,780.22,785.5,0.001
26_22,1071.29,1073.85,0.001
2_41,953.6,961.59,0.9993
2_41,827.61,876.65,0.9988
2_41,1109.32,1124.26,0.9988
2_41,741.26,764.72,0.9986
2_41,630.41,662.74,0.9981
2_41,922.5,945.96,0.9978
2_41,877.72,902.24,0.9973
2_41,799.13,817.16,0.9972
2_41,1135.76,1176.22,0.9969
2_41,1192.54,1201.06,0.9956
2_41,765.79,787.08,0.9955
2_41,684.8,719.98,0.9952
2_41,1199.62,1228.8,0.9946
2_41,718.86,743.4,0.9888
2_41,784.97,799.48,0.9857
2_41,976.09,1107.79,0.9826
2_41,881.6,888.86,0.8222
2_41,1135.78,1176.17,0.1352
2_41,1109.34,1124.26,0.1349
2_41,953.6,961.6,0.1349
2_41,799.13,817.15,0.1345
2_41,1192.53,1201.06,0.134
2_41,684.81,719.95,0.1338
2_41,784.98,799.49,0.1325
2_41,718.86,743.41,0.131
2_41,741.26,764.72,0.1265
2_41,877.73,902.23,0.1135
2_41,1109.34,1124.26,0.0181
2_41,784.97,799.51,0.0181
2_41,718.87,743.41,0.0173
2_41,902.39,908.86,0.0171
2_41,859.54,872.51,0.0105
2_41,1174.71,1196.63,0.0098
2_41,961.4,971.3,0.0097
2_41,915.26,950.25,0.0094
2_41,757.65,763.64,0.0093
2_41,743.71,754.77,0.0085
2_41,626.01,663.0,0.0073
2_41,1187.41,1193.07,0.0055
2_41,776.98,815.56,0.0049
2_41,771.84,785.78,0.0035
2_41,706.46,717.74,0.0035
2_41,810.64,817.43,0.0034
2_41,682.6,708.74,0.0034
2_41,899.81,909.76,0.0032
2_41,930.83,937.89,0.0032
2_41,1123.54,1194.45,0.0029
2_41,983.68,1031.4,0.0027
2_41,818.32,890.63,0.0024
2_41,786.47,789.99,0.0022
2_41,986.3,997.98,0.0021
2_41,732.49,743.64,0.0021
2_41,817.89,829.17,0.002
2_41,1027.69,1115.51,0.002
2_41,1128.97,1131.47,0.0019
2_41,612.73,616.23,0.0017
2_41,1207.36,1209.77,0.0016
2_41,861.2,874.44,0.0015
2_41,882.36,885.11,0.0014
2_41,797.76,800.28,0.0012
2_41,1224.08,1228.8,0.0012
2_41,740.68,746.23,0.0011
2_41,746.0,749.33,0.0011
2_41,806.36,817.8,0.0011
2_41,843.16,873.19,0.0011
3_14,846.67,855.05,0.9991
3_14,669.5,675.99,0.9989
3_14,737.01,761.67,0.9983
3_14,855.7,933.73,0.998
3_14,792.68,798.11,0.9971
3_14,676.97,700.01,0.9965
3_14,719.49,734.28,0.9962
3_14,706.77,718.21,0.9962
3_14,764.42,792.68,0.9883
3_14,616.65,624.77,0.9868
3_14,812.66,842.12,0.9862
3_14,624.77,658.89,0.9846
3_14,658.89,666.82,0.9651
3_14,855.58,933.75,0.1356
3_14,737.04,761.68,0.1353
3_14,676.96,700.04,0.1353
3_14,669.49,676.0,0.1348
3_14,792.68,798.11,0.1343
3_14,719.49,734.3,0.1341
3_14,764.4,792.69,0.1339
3_14,797.76,803.9,0.0289
3_14,669.49,675.99,0.0183
3_14,676.97,700.01,0.0183
3_14,719.48,734.28,0.0178
3_14,702.4,719.94,0.0145
3_14,1071.74,1082.23,0.0107
3_14,707.84,710.78,0.0083
3_14,984.57,990.5,0.007
3_14,651.26,654.2,0.0068
3_14,940.27,961.47,0.0059
3_14,1041.4,1047.33,0.0042
3_14,623.23,625.99,0.0038
3_14,629.85,641.99,0.0037
3_14,1115.71,1137.25,0.0037
3_14,868.97,874.31,0.0036
3_14,934.41,1011.68,0.0035
3_14,721.32,793.65,0.0028
3_14,919.38,938.66,0.0026
3_14,985.09,995.06,0.0024
3_14,1030.49,1071.36,0.0024
3_14,787.19,793.29,0.0023
3_14,630.92,634.12,0.0022
3_14,881.22,886.96,0.0021
3_14,862.97,866.26,0.002
3_14,777.11,789.1,0.002
3_14,643.32,645.91,0.002
3_14,1096.87,1102.35,0.0019
3_14,808.6,846.76,0.0018
3_14,701.38,718.66,0.0016
3_14,791.48,811.58,0.0016
3_14,870.37,918.26,0.0015
3_14,999.51,1005.38,0.0015
3_14,1134.98,1140.93,0.0014
3_14,646.59,649.3,0.0014
3_14,657.07,660.16,0.0014
3_14,609.73,628.81,0.0014
3_14,700.24,703.46,0.0014
3_14,1004.31,1014.1,0.0014
3_14,1021.54,1042.45,0.0014
3_14,726.01,731.75,0.0013
3_14,1018.39,1021.13,0.0013
3_14,936.04,938.98,0.0013
3_14,960.69,972.67,0.0012
3_14,719.4,728.29,0.0011
3_14,915.35,927.0,0.0011
3_14,1149.79,1152.98,0.0011
3_14,1060.68,1081.37,0.001
3_14,944.59,950.07,0.001
25_13,733.19,739.24,0.9999
25_13,1037.44,1047.21,0.9955
25_13,689.34,729.27,0.9954
25_13,1053.14,1063.8,0.9945
25_13,940.43,942.8,0.9906
25_13,980.27,981.87,0.9896
25_13,1182.7,1228.8,0.9893
25_13,1146.42,1182.39,0.9876
25_13,942.95,979.13,0.9866
25_13,1029.05,1030.51,0.9864
25_13,1069.34,1070.96,0.9858
25_13,761.66,940.82,0.9853
25_13,680.23,682.44,0.9848
25_13,752.08,758.5,0.9844
25_13,1078.03,1146.2,0.9821
25_13,652.2,669.29,0.9774
25_13,983.95,1028.1,0.9765
25_13,1037.43,1047.22,0.1353
25_13,1182.59,1228.8,0.1346
25_13,942.95,979.17,0.1339
25_13,980.27,981.87,0.1334
25_13,940.43,942.8,0.1333
25_13,1146.44,1182.41,0.1322
25_13,1069.35,1070.96,0.132
25_13,680.23,682.45,0.1293
25_13,1119.61,1121.49,0.0378
25_13,1028.24,1037.78,0.0265
25_13,1063.86,1066.46,0.022
25_13,822.61,828.55,0.0177
25_13,785.58,788.72,0.0145
25_13,767.4,769.72,0.014
25_13,878.78,881.04,0.0139
25_13,789.31,791.54,0.0136
25_13,1072.57,1077.78,0.0135
25_13,1196.75,1198.81,0.0106
25_13,690.25,702.51,0.0091
25_13,928.56,940.62,0.0086
25_13,1037.67,1044.6,0.0068
25_13,745.98,748.3,0.006
25_13,1144.89,1147.31,0.0059
25_13,692.13,734.37,0.0059
25_13,770.95,773.68,0.0057
25_13,1064.33,1066.73,0.0056
25_13,899.52,901.78,0.0054
25_13,772.45,784.32,0.0049
25_13,1027.26,1028.92,0.0049
25_13,941.14,964.61,0.0049
25_13,985.71,987.7,0.0047
25_13,1038.02,1040.92,0.0047
25_13,934.53,940.47,0.0046
25_13,735.01,737.97,0.0045
25_13,1102.74,1145.15,0.0045
25_13,625.35,646.33,0.0045
25_13,845.8,861.01,0.0041
25_13,743.68,749.45,0.0039
25_13,650.15,668.72,0.0038
25_13,1189.75,1217.38,0.0037
25_13,1054.52,1060.19,0.0037
25_13,1078.74,1100.75,0.0032
25_13,789.04,791.16,0.0032
25_13,1040.44,1043.04,0.0031
25_13,1028.18,1030.8,0.0031
25_13,1119.13,1121.27,0.003
25_13,785.0,797.41,0.0029
25_13,1078.88,1081.33,0.0029
25_13,989.77,996.33,0.0029
25_13,649.2,655.0,0.0028
25_13,628.44,631.43,0.0028
25_13,1067.63,1072.15,0.0027
25_13,1138.81,1140.97,0.0027
25_13,618.9,630.71,0.0024
25_13,939.99,945.91,0.0024
25_13,1135.24,1144.22,0.0023
25_13,769.41,907.3,0.0023
25_13,1121.59,1123.78,0.0022
25_13,981.98,984.97,0.0022
25_13,937.4,940.07,0.002
25_13,1045.12,1065.12,0.002
25_13,1145.5,1168.5,0.0019
25_13,759.62,762.23,0.0018
25_13,765.16,767.59,0.0018
25_13,880.38,886.87,0.0018
25_13,1122.13,1134.69,0.0017
25_13,1077.22,1082.42,0.0017
25_13,728.66,739.84,0.0017
25_13,1190.48,1199.48,0.0017
25_13,781.36,793.03,0.0016
25_13,1023.93,1026.25,0.0015
25_13,978.64,1060.72,0.0015
25_13,1073.52,1076.85,0.0015
25_13,1218.13,1228.8,0.0015
25_13,823.3,829.16,0.0013
25_13,641.19,647.1,0.0013
25_13,1217.38,1219.62,0.0013
25_13,901.67,904.18,0.0013
25_13,649.47,661.6,0.0013
25_13,1194.12,1197.2,0.0013
25_13,1066.86,1069.63,0.0012
25_13,883.51,891.5,0.0012
25_13,634.53,637.12,0.0012
25_13,854.14,856.6,0.0011
25_13,1191.29,1193.94,0.0011
25_13,613.64,615.25,0.0011
25_13,1059.95,1062.69,0.0011
25_13,1135.53,1137.71,0.0011
25_13,1185.81,1228.8,0.0011
25_13,684.62,724.36,0.0011
25_13,719.04,722.1,0.0011
25_13,1012.11,1022.66,0.001
25_13,847.24,850.04,0.001
7_35,615.39,643.35,0.9987
7_35,753.07,760.54,0.9983
7_35,770.16,787.43,0.996
7_35,788.29,804.23,0.9955
7_35,697.65,714.36,0.9896
7_35,650.57,664.43,0.9878
7_35,679.65,695.45,0.9871
7_35,742.42,750.52,0.9867
7_35,717.17,741.93,0.9735
7_35,751.25,769.16,0.6993
7_35,788.28,804.23,0.135
7_35,770.14,787.42,0.1347
7_35,697.66,714.33,0.1346
7_35,615.39,643.33,0.1326
7_35,753.07,760.53,0.0935
7_35,788.3,804.22,0.0184
7_35,697.66,714.34,0.0182
7_35,713.13,724.93,0.015
7_35,759.47,768.87,0.0128
7_35,753.07,760.53,0.0125
7_35,643.26,663.92,0.005
7_35,944.12,954.83,0.0038
7_35,920.24,931.06,0.0034
7_35,677.3,698.04,0.0034
7_35,759.94,765.39,0.0033
7_35,704.78,711.69,0.0025
7_35,645.52,648.39,0.0024
7_35,663.51,683.07,0.0024
7_35,670.86,673.27,0.0022
7_35,928.79,940.04,0.0022
7_35,785.73,858.85,0.0021
7_35,862.89,885.8,0.0021
7_35,807.66,810.49,0.0019
7_35,978.94,984.05,0.0019
7_35,912.69,915.4,0.0017
7_35,679.4,761.51,0.0016
7_35,958.39,978.09,0.0016
7_35,888.34,890.8,0.0015
7_35,817.58,822.76,0.0015
7_35,766.6,804.58,0.0014
7_35,902.83,908.48,0.0013
7_35,714.58,720.99,0.0013
7_35,921.03,924.3,0.0013
7_35,613.32,649.1,0.0013
7_35,660.89,664.03,0.0012
7_35,930.35,933.11,0.0012
7_35,779.33,782.37,0.0011
7_35,770.84,773.75,0.0011
7_35,849.87,852.41,0.0011
7_35,642.76,653.79,0.001
7_35,908.59,911.29,0.001
10_26,653.97,666.25,0.9995
10_26,705.63,725.17,0.9989
10_26,614.4,627.99,0.9985
10_26,632.84,640.29,0.9982
10_26,750.4,752.0,0.9977
10_26,739.97,747.13,0.9971
10_26,642.97,653.53,0.9953
10_26,752.55,754.69,0.9951
10_26,747.2,750.01,0.9933
10_26,670.02,672.77,0.987
10_26,762.77,765.99,0.9864
10_26,679.11,692.95,0.9796
10_26,728.6,734.29,0.9652
10_26,739.98,747.12,0.1358
10_26,750.4,752.0,0.135
10_26,614.4,627.98,0.1346
10_26,747.2,750.01,0.1343
10_26,632.83,640.29,0.1342
10_26,705.64,725.16,0.1337
10_26,762.77,765.99,0.1325
10_26,679.12,692.94,0.1314
10_26,653.96,666.25,0.131
10_26,739.98,747.13,0.0181
10_26,614.41,627.99,0.0179
10_26,632.84,640.29,0.0178
10_26,692.62,698.42,0.0169
10_26,1005.86,1016.93,0.0163
10_26,704.75,709.84,0.0126
10_26,724.71,743.08,0.0104
10_26,906.3,909.0,0.0079
10_26,744.33,746.77,0.0076
10_26,868.24,889.57,0.0074
10_26,672.68,696.08,0.0065
10_26,661.89,741.8,0.0053
10_26,978.23,984.36,0.0046
10_26,823.17,825.64,0.0043
10_26,771.36,815.53,0.0039
10_26,639.25,656.44,0.0034
10_26,1018.98,1029.28,0.0033
10_26,746.82,756.03,0.0033
10_26,886.28,925.18,0.0031
10_26,762.84,773.3,0.003
10_26,641.85,644.58,0.003
10_26,1028.35,1031.16,0.003
10_26,706.76,718.67,0.0028
10_26,644.56,647.09,0.0027
10_26,754.51,764.29,0.0027
10_26,667.37,670.1,0.0026
10_26,771.11,782.41,0.0026
10_26,779.2,790.43,0.0023
10_26,851.74,857.2,0.0022
10_26,929.23,939.35,0.0021
10_26,886.7,889.43,0.0021
10_26,992.65,1004.17,0.0021
10_26,800.33,805.89,0.002
10_26,696.63,734.71,0.0019
10_26,891.09,909.95,0.0019
10_26,733.63,738.74,0.0018
10_26,889.47,891.7,0.0017
10_26,705.13,707.36,0.0017
10_26,665.67,675.07,0.0017
10_26,726.0,731.22,0.0017
10_26,790.15,801.14,0.0016
10_26,681.92,684.73,0.0016
10_26,837.95,840.92,0.0016
10_26,844.51,846.95,0.0016
10_26,649.35,667.06,0.0016
10_26,957.25,963.03,0.0015
10_26,860.65,863.19,0.0015
10_26,937.6,943.58,0.0013
10_26,919.48,921.8,0.0013
10_26,846.12,868.65,0.0013
10_26,762.35,766.51,0.0012
10_26,964.84,976.42,0.0012
10_26,1015.7,1021.7,0.0012
10_26,805.79,808.07,0.0012
10_26,898.46,981.41,0.0011
10_26,790.64,793.37,0.0011
10_26,1009.83,1012.52,0.0011
10_26,702.55,705.32,0.001
10_26,934.51,936.67,0.001
10_26,1026.73,1032.07,0.001
23_26,614.37,660.37,0.9991
23_26,904.02,927.93,0.9983
23_26,686.58,707.71,0.9981
23_26,859.43,866.33,0.9967
23_26,1067.69,1076.41,0.9953
23_26,835.51,847.03,0.995
23_26,931.14,942.18,0.995
23_26,794.19,832.71,0.9947
23_26,661.29,683.82,0.9942
23_26,870.0,877.36,0.9935
23_26,882.41,902.19,0.9927
23_26,706.88,737.61,0.991
23_26,970.68,974.36,0.9849
23_26,740.81,790.44,0.9846
23_26,943.54,968.38,0.9765
23_26,989.51,1059.38,0.9659
23_26,1214.33,1222.14,0.9645
23_26,847.02,855.29,0.9589
23_26,1079.11,1213.43,0.9512
23_26,1222.62,1228.8,0.9442
23_26,1067.69,1076.41,0.1347
23_26,794.15,832.74,0.1347
23_26,835.52,847.03,0.1342
23_26,706.83,737.62,0.134
23_26,686.56,707.73,0.1338
23_26,614.45,660.38,0.1338
23_26,859.43,866.33,0.1337
23_26,870.01,877.36,0.1333
23_26,904.01,927.91,0.133
23_26,661.3,683.81,0.1309
23_26,970.68,974.35,0.1286
23_26,1061.51,1063.57,0.0274
23_26,937.65,940.86,0.0265
23_26,859.43,866.33,0.0181
23_26,870.0,877.36,0.0181
23_26,614.37,660.44,0.018
23_26,706.81,737.6,0.0176
23_26,904.0,927.93,0.0174
23_26,836.36,839.36,0.0123
23_26,615.06,639.66,0.0076
23_26,1016.63,1022.19,0.0052
23_26,1182.75,1186.33,0.0049
23_26,854.92,857.93,0.0047
23_26,883.21,904.17,0.0042
23_26,1222.29,1227.23,0.0042
23_26,934.01,966.63,0.0041
23_26,1092.0,1214.41,0.0036
23_26,741.8,768.95,0.0035
23_26,1169.77,1172.58,0.0032
23_26,845.32,847.56,0.003
23_26,847.08,858.96,0.0029
23_26,974.64,993.66,0.0027
23_26,847.87,850.39,0.0026
23_26,995.91,998.38,0.0025
23_26,1072.36,1114.2,0.0021
23_26,1015.61,1027.69,0.0018
23_26,1069.52,1075.85,0.0017
23_26,1151.84,1154.67,0.0016
23_26,1219.46,1222.14,0.0015
23_26,1051.54,1054.94,0.0014
23_26,768.03,790.44,0.0014
23_26,931.19,937.54,0.0013
23_26,1211.67,1221.83,0.0012
23_26,1077.9,1089.66,0.0012
23_26,686.25,691.63,0.0012
23_26,1135.16,1147.48,0.0011
23_26,836.11,841.04,0.0011
23_26,989.97,1015.08,0.0011
23_26,880.7,883.6,0.0011
23_26,614.86,620.34,0.0011
12_5,694.36,710.63,0.9991
12_5,728.54,737.37,0.9984
12_5,627.08,631.49,0.9974
12_5,740.12,747.02,0.9969
12_5,774.86,783.68,0.996
12_5,649.44,666.51,0.9951
12_5,632.04,638.94,0.9867
12_5,712.83,721.11,0.9845
12_5,674.5,690.49,0.963
12_5,728.54,737.37,0.1353
12_5,740.12,747.01,0.1351
12_5,694.36,710.61,0.13
12_5,718.41,728.73,0.0291
12_5,795.43,798.34,0.0196
12_5,740.12,747.01,0.0183
12_5,850.71,855.94,0.0158
12_5,746.3,755.87,0.013
12_5,1006.57,1016.98,0.0121
12_5,1003.89,1006.64,0.0069
12_5,700.08,711.71,0.0069
12_5,977.63,982.55,0.0066
12_5,694.92,700.22,0.0064
12_5,674.44,695.09,0.0063
12_5,966.64,971.82,0.0054
12_5,756.34,795.18,0.0052
12_5,858.83,861.57,0.0048
12_5,623.51,626.67,0.0039
12_5,939.75,949.84,0.0037
12_5,1008.81,1030.71,0.0036
12_5,855.04,857.97,0.0035
12_5,636.54,647.09,0.0032
12_5,989.63,992.21,0.0025
12_5,829.98,832.78,0.0025
12_5,882.25,885.07,0.0024
12_5,926.36,964.46,0.0024
12_5,1082.58,1087.44,0.0023
12_5,1041.43,1044.14,0.0022
12_5,1052.02,1063.17,0.0021
12_5,930.21,933.25,0.002
12_5,689.83,694.82,0.002
12_5,1004.37,1009.52,0.0019
12_5,898.52,904.48,0.0019
12_5,1041.55,1051.98,0.0017
12_5,893.41,896.5,0.0017
12_5,712.73,723.96,0.0016
12_5,822.17,833.94,0.0016
12_5,963.48,969.13,0.0016
12_5,849.34,861.1,0.0016
12_5,1016.06,1019.01,0.0015
12_5,729.4,735.95,0.0014
12_5,771.15,790.17,0.0014
12_5,1023.11,1029.18,0.0014
12_5,923.88,929.88,0.0013
12_5,1019.37,1022.23,0.0013
12_5,806.99,818.17,0.0013
12_5,934.01,939.28,0.0012
12_5,884.21,887.41,0.0012
12_5,713.2,716.03,0.0012
12_5,1031.66,1034.41,0.0012
12_5,982.48,988.86,0.0012
12_5,959.03,962.09,0.0012
12_5,995.95,998.8,0.0012
12_5,1012.26,1015.33,0.0011
12_5,999.11,1001.89,0.0011
12_5,1057.14,1068.04,0.0011
12_5,841.67,878.56,0.0011
12_5,740.4,743.11,0.0011
12_5,1002.1,1004.28,0.0011
12_5,675.32,681.39,0.0011
7_50,708.86,799.37,1.0
7_50,914.05,935.58,0.9997
7_50,658.29,678.99,0.9987
7_50,820.95,855.4,0.9983
7_50,618.34,654.65,0.998
7_50,948.48,976.98,0.9976
7_50,799.61,817.97,0.9972
7_50,936.52,943.42,0.9943
7_50,897.01,910.34,0.9942
7_50,681.27,705.84,0.9939
7_50,863.72,893.09,0.9924
7_50,799.61,817.96,0.1353
7_50,681.25,705.87,0.1348
7_50,897.0,910.34,0.1347
7_50,936.53,943.42,0.1331
7_50,618.3,654.61,0.133
7_50,948.47,976.95,0.1328
7_50,936.52,943.41,0.0179
7_50,1137.29,1140.12,0.015
7_50,963.05,974.35,0.0114
7_50,766.19,787.48,0.0096
7_50,1073.94,1080.52,0.0087
7_50,988.36,999.79,0.0067
7_50,976.3,982.43,0.0063
7_50,774.41,780.82,0.0063
7_50,818.61,824.19,0.0058
7_50,1071.72,1112.56,0.0057
7_50,744.12,793.97,0.0056
7_50,637.03,642.62,0.0047
7_50,815.67,818.42,0.0039
7_50,1152.59,1228.8,0.0034
7_50,870.57,877.02,0.0029
7_50,664.16,676.35,0.0029
7_50,645.21,655.91,0.0028
7_50,978.04,1002.0,0.0028
7_50,1131.83,1134.8,0.0027
7_50,1045.28,1052.23,0.0027
7_50,826.73,847.02,0.0026
7_50,629.16,649.96,0.0026
7_50,1078.36,1089.01,0.0022
7_50,738.02,751.02,0.0021
7_50,1067.47,1073.02,0.002
7_50,816.27,826.5,0.002
7_50,949.05,951.55,0.0019
7_50,1147.88,1154.02,0.0018
7_50,614.68,617.4,0.0018
7_50,694.92,696.99,0.0018
7_50,854.66,891.35,0.0018
7_50,799.62,810.25,0.0018
7_50,965.89,968.9,0.0017
7_50,679.83,685.43,0.0016
7_50,951.45,954.5,0.0016
7_50,605.55,670.0,0.0016
7_50,979.86,983.06,0.0016
7_50,1062.6,1068.4,0.0016
7_50,1026.36,1029.09,0.0016
7_50,1137.63,1140.57,0.0015
7_50,743.85,746.22,0.0015
7_50,894.61,913.76,0.0014
7_50,957.91,975.69,0.0014
7_50,685.01,687.73,0.0014
7_50,928.51,934.29,0.0014
7_50,1039.93,1051.33,0.0014
7_50,710.89,731.64,0.0014
7_50,1005.14,1016.71,0.0013
7_50,751.14,757.4,0.0013
7_50,917.65,929.9,0.0013
7_50,679.19,712.88,0.0012
7_50,1020.67,1063.27,0.0012
7_50,1145.08,1148.16,0.0011
7_50,861.9,881.06,0.001
27_26,790.48,816.59,0.9997
27_26,865.19,898.09,0.9996
27_26,684.74,751.26,0.9981
27_26,617.55,657.35,0.9976
27_26,898.72,913.02,0.9975
27_26,839.0,858.89,0.9974
27_26,913.03,929.2,0.9947
27_26,758.73,766.82,0.9932
27_26,818.47,837.77,0.9858
27_26,778.02,786.74,0.9709
27_26,790.47,816.59,0.1356
27_26,865.15,898.08,0.1353
27_26,898.72,913.02,0.1349
27_26,758.74,766.82,0.1348
27_26,617.51,657.32,0.1332
27_26,944.39,949.97,0.0196
27_26,898.73,913.02,0.0181
27_26,758.74,766.82,0.0179
27_26,891.99,897.7,0.0156
27_26,786.05,792.3,0.0119
27_26,801.27,812.09,0.0097
27_26,688.34,731.5,0.0072
27_26,1048.37,1059.2,0.0067
27_26,1026.79,1037.72,0.0056
27_26,614.26,619.03,0.005
27_26,1084.9,1159.39,0.0046
27_26,1009.24,1015.14,0.0037
27_26,665.76,671.83,0.0032
27_26,791.97,795.14,0.0029
27_26,1080.3,1082.95,0.0028
27_26,1102.45,1107.99,0.0026
27_26,992.86,999.57,0.0026
27_26,718.84,721.16,0.0024
27_26,1039.25,1041.97,0.0024
27_26,964.8,967.78,0.0023
27_26,863.71,868.99,0.002
27_26,942.07,944.72,0.0019
27_26,931.06,941.53,0.0019
27_26,668.0,670.58,0.0018
27_26,996.81,999.84,0.0018
27_26,697.71,700.8,0.0017
27_26,978.92,981.69,0.0017
27_26,1160.32,1163.02,0.0016
27_26,778.69,784.89,0.0016
27_26,885.19,891.88,0.0016
27_26,766.17,771.73,0.0016
27_26,849.23,855.12,0.0015
27_26,936.7,939.46,0.0015
27_26,976.83,979.42,0.0015
27_26,893.63,896.38,0.0015
27_26,1137.8,1149.64,0.0015
27_26,678.04,697.46,0.0014
27_26,808.13,813.01,0.0014
27_26,949.67,955.56,0.0013
27_26,729.4,735.66,0.0013
27_26,1117.36,1122.42,0.0012
27_26,1041.9,1048.05,0.0011
27_26,788.85,825.85,0.0011
27_26,694.17,737.84,0.0011
27_26,1125.48,1128.28,0.0011
27_26,865.42,886.26,0.0011
27_26,716.59,719.3,0.001
27_26,974.5,977.45,0.001
27_26,672.93,675.58,0.001
1_33,762.96,794.15,0.9994
1_33,884.21,902.6,0.9984
1_33,939.74,945.07,0.9983
1_33,618.97,652.02,0.9954
1_33,656.81,750.83,0.9894
1_33,826.94,845.21,0.989
1_33,797.82,824.8,0.9862
1_33,845.3,881.13,0.9854
1_33,903.14,937.16,0.9844
1_33,938.07,951.05,0.7099
1_33,856.52,875.58,0.5446
1_33,884.21,902.62,0.1353
1_33,618.99,651.99,0.134
1_33,938.06,951.06,0.0968
1_33,939.73,945.06,0.0674
1_33,617.42,620.06,0.0239
1_33,723.35,726.4,0.0226
1_33,748.94,761.69,0.0207
1_33,618.97,651.98,0.0181
1_33,836.43,839.28,0.0157
1_33,880.22,882.8,0.0141
1_33,621.97,632.63,0.0124
1_33,935.74,940.7,0.0121
1_33,1017.77,1030.01,0.0076
1_33,741.49,744.19,0.0075
1_33,764.66,788.55,0.0074
1_33,729.54,732.93,0.0068
1_33,688.21,698.73,0.0067
1_33,876.64,945.29,0.0064
1_33,764.16,843.64,0.0057
1_33,831.19,841.73,0.0054
1_33,968.71,971.57,0.005
1_33,984.33,1065.05,0.0044
1_33,759.17,761.84,0.0039
1_33,608.62,617.95,0.0038
1_33,734.59,737.06,0.0038
1_33,956.63,960.01,0.0036
1_33,617.8,620.4,0.0036
1_33,818.7,828.23,0.0033
1_33,656.21,662.26,0.0033
1_33,932.56,935.29,0.0032
1_33,1079.58,1121.64,0.0031
1_33,877.96,880.77,0.0029
1_33,796.87,799.02,0.0029
1_33,669.49,672.26,0.0028
1_33,814.02,819.9,0.0027
1_33,806.56,812.59,0.0026
1_33,647.99,729.51,0.0022
1_33,623.12,634.88,0.0021
1_33,739.3,762.58,0.0021
1_33,862.59,872.91,0.0021
1_33,705.61,708.71,0.0021
1_33,1028.82,1031.58,0.0019
1_33,889.34,902.08,0.0018
1_33,975.06,994.26,0.0018
1_33,873.07,878.64,0.0017
1_33,1128.87,1149.87,0.0016
1_33,711.32,756.9,0.0016
1_33,839.62,842.52,0.0016
1_33,990.12,995.9,0.0016
1_33,829.92,833.02,0.0015
1_33,931.39,936.78,0.0015
1_33,662.04,673.47,0.0015
1_33,879.76,882.55,0.0014
1_33,1043.86,1046.87,0.0014
1_33,732.52,735.32,0.0014
1_33,787.19,824.38,0.0014
1_33,672.54,684.02,0.0013
1_33,763.13,798.11,0.0013
1_33,825.49,827.87,0.0013
1_33,865.2,868.19,0.0011
1_33,636.47,648.15,0.0011
1_33,905.11,917.09,0.0011
1_33,649.06,652.34,0.0011
1_33,1073.17,1095.3,0.0011
1_33,1058.85,1064.04,0.001
1_33,853.2,859.55,0.001
1_33,685.62,730.32,0.001
3_49,858.51,864.93,0.9998
3_49,707.14,725.98,0.9996
3_49,943.23,1022.66,0.9986
3_49,677.83,689.88,0.9986
3_49,617.61,627.66,0.9981
3_49,885.82,903.07,0.9967
3_49,647.32,677.04,0.9962
3_49,906.29,931.2,0.9961
3_49,628.86,638.49,0.9959
3_49,779.01,801.9,0.9928
3_49,804.3,818.76,0.9881
3_49,729.21,746.13,0.987
3_49,840.84,859.32,0.9833
3_49,694.7,701.12,0.9744
3_49,943.37,1022.69,0.136
3_49,647.36,677.03,0.1357
3_49,885.81,903.07,0.1352
3_49,906.28,931.18,0.1351
3_49,804.31,818.75,0.1336
3_49,677.83,689.89,0.1325
3_49,725.67,728.22,0.0238
3_49,906.27,931.18,0.018
3_49,647.36,677.06,0.0175
3_49,756.83,762.02,0.013
3_49,866.76,943.07,0.0088
3_49,699.13,733.8,0.0084
3_49,821.95,841.87,0.0075
3_49,679.66,685.74,0.0074
3_49,1113.1,1123.73,0.0071
3_49,639.48,644.68,0.0066
3_49,1017.55,1023.51,0.0065
3_49,833.66,836.83,0.0058
3_49,1038.07,1044.14,0.0057
3_49,744.82,765.98,0.0053
3_49,616.69,627.07,0.005
3_49,852.65,858.26,0.0049
3_49,957.65,1005.75,0.0049
3_49,870.97,873.75,0.0038
3_49,886.96,897.6,0.0037
3_49,1103.19,1108.88,0.0033
3_49,723.95,763.41,0.0033
3_49,1126.64,1129.55,0.0026
3_49,843.65,855.16,0.0026
3_49,943.32,949.31,0.0026
3_49,865.27,876.29,0.0025
3_49,887.85,890.2,0.0024
3_49,801.69,820.32,0.0023
3_49,1090.52,1102.6,0.0022
3_49,1121.12,1127.74,0.002
3_49,855.29,857.92,0.002
3_49,712.16,715.03,0.0019
3_49,626.41,644.91,0.0018
3_49,810.94,816.71,0.0017
3_49,1050.39,1126.96,0.0017
3_49,984.46,995.97,0.0017
3_49,974.1,979.9,0.0016
3_49,1035.38,1055.84,0.0016
3_49,675.84,692.46,0.0015
3_49,695.25,701.08,0.0013
3_49,776.67,782.45,0.0013
3_49,1084.25,1095.6,0.0013
3_49,705.28,723.68,0.0011
3_49,614.26,617.41,0.0011
3_49,822.36,828.41,0.0011
3_49,1133.56,1153.7,0.0011
3_49,929.86,932.47,0.0011
3_49,768.39,780.13,0.0011
3_49,1063.86,1066.15,0.0011
3_49,861.03,863.82,0.0011
16_17,1170.11,1228.8,0.9992
16_17,1149.87,1167.36,0.9983
16_17,1121.22,1142.8,0.9979
16_17,917.9,956.3,0.9975
16_17,959.85,997.85,0.9975
16_17,747.42,789.82,0.9965
16_17,618.19,651.02,0.9961
16_17,1000.57,1040.52,0.9931
16_17,1080.68,1115.8,0.9912
16_17,682.44,707.99,0.9876
16_17,653.85,679.3,0.9873
16_17,860.93,915.17,0.9867
16_17,1045.69,1074.34,0.9844
16_17,794.56,857.16,0.9838
16_17,1149.9,1167.39,0.1371
16_17,1121.24,1142.84,0.136
16_17,1000.51,1040.51,0.1346
16_17,618.22,651.04,0.1343
16_17,1080.69,1115.81,0.1331
16_17,794.56,857.16,0.1329
16_17,682.45,707.97,0.1319
16_17,1045.65,1074.35,0.1317
16_17,1086.38,1089.43,0.0377
16_17,950.47,956.44,0.0298
16_17,890.45,915.5,0.0211
16_17,794.51,857.1,0.018
16_17,998.28,1007.43,0.0146
16_17,1073.71,1084.7,0.0113
16_17,1085.81,1092.32,0.0099
16_17,787.92,790.57,0.0073
16_17,982.67,997.57,0.0071
16_17,746.86,749.79,0.0065
16_17,937.43,957.43,0.0063
16_17,641.16,651.61,0.006
16_17,860.67,865.35,0.0055
16_17,1001.2,1007.89,0.0055
16_17,857.45,892.38,0.005
16_17,740.39,746.67,0.0047
16_17,917.43,923.95,0.0042
16_17,959.12,980.16,0.0039
16_17,1062.59,1073.65,0.0038
16_17,1171.39,1200.28,0.0034
16_17,787.71,793.32,0.0033
16_17,860.66,871.73,0.003
16_17,1044.75,1048.56,0.0029
16_17,1072.52,1082.3,0.0027
16_17,710.77,744.7,0.0027
16_17,871.69,893.84,0.0025
16_17,1084.2,1095.8,0.0025
16_17,1173.37,1228.8,0.0025
16_17,915.14,955.69,0.0023
16_17,997.65,1068.48,0.0023
16_17,1078.72,1081.32,0.0022
16_17,646.48,651.97,0.0021
16_17,744.11,747.09,0.0021
16_17,774.85,792.41,0.002
16_17,761.81,764.57,0.0019
16_17,1048.07,1051.14,0.0019
16_17,1172.68,1186.11,0.0019
16_17,653.55,658.96,0.0017
16_17,1067.94,1139.64,0.0016
16_17,914.62,916.89,0.0015
16_17,679.73,682.52,0.0015
16_17,637.49,643.16,0.0015
16_17,665.65,678.68,0.0014
16_17,734.1,740.02,0.0013
16_17,889.06,914.86,0.0013
16_17,1166.48,1172.25,0.0012
16_17,1015.74,1040.72,0.0012
16_17,789.03,791.81,0.0012
16_17,1145.76,1148.71,0.0012
16_17,871.07,873.57,0.0011
15_39,843.46,856.73,0.998
15_39,908.02,910.67,0.9975
15_39,1016.53,1045.31,0.9961
15_39,1053.06,1058.07,0.9958
15_39,806.42,827.92,0.9956
15_39,866.44,896.24,0.9953
15_39,1005.89,1013.26,0.9952
15_39,1046.58,1051.58,0.9941
15_39,629.45,661.32,0.9927
15_39,985.82,1004.3,0.9926
15_39,664.17,682.79,0.9916
15_39,689.46,703.75,0.9893
15_39,929.24,941.63,0.9879
15_39,619.15,626.7,0.9793
15_39,961.36,977.58,0.9717
15_39,727.65,770.67,0.9706
15_39,943.4,959.9,0.9685
15_39,886.78,890.56,0.9532
15_39,1016.54,1045.35,0.1351
15_39,1046.58,1051.58,0.135
15_39,629.51,661.32,0.135
15_39,1053.06,1058.07,0.1349
15_39,1005.89,1013.26,0.1347
15_39,806.42,827.93,0.1344
15_39,689.47,703.75,0.134
15_39,929.23,941.63,0.1338
15_39,843.46,856.72,0.1328
15_39,866.45,896.25,0.1287
15_39,629.48,661.31,0.0182
15_39,804.9,808.03,0.0154
15_39,1012.02,1016.84,0.011
15_39,829.6,842.3,0.0091
15_39,779.17,800.99,0.0085
15_39,660.31,662.74,0.007
15_39,986.26,1025.8,0.0066
15_39,615.39,627.48,0.0063
15_39,934.88,940.75,0.0058
15_39,1101.06,1112.42,0.0055
15_39,607.14,621.09,0.0052
15_39,620.53,623.31,0.0051
15_39,1077.29,1097.6,0.0049
15_39,888.18,899.46,0.0048
15_39,988.04,993.97,0.0047
15_39,812.95,825.21,0.0045
15_39,942.56,961.29,0.0044
15_39,802.29,808.36,0.0043
15_39,646.83,658.37,0.0043
15_39,630.03,642.31,0.0039
15_39,837.39,840.25,0.0038
15_39,1057.36,1075.92,0.0037
15_39,758.56,768.62,0.0036
15_39,1140.32,1143.31,0.0035
15_39,990.55,1001.52,0.0031
15_39,741.41,744.55,0.0029
15_39,781.92,784.95,0.0028
15_39,962.12,964.28,0.0027
15_39,997.62,1000.37,0.0027
15_39,711.99,717.03,0.0026
15_39,1105.43,1143.57,0.0026
15_39,856.23,867.9,0.0022
15_39,959.58,962.42,0.002
15_39,1004.89,1016.12,0.002
15_39,1074.89,1079.84,0.0019
15_39,666.45,678.92,0.0019
15_39,987.08,989.46,0.0018
15_39,1028.72,1040.64,0.0018
15_39,996.68,999.13,0.0018
15_39,1114.62,1125.89,0.0018
15_39,1018.45,1029.67,0.0017
15_39,1058.98,1065.43,0.0017
15_39,1086.1,1091.91,0.0016
15_39,941.05,943.76,0.0016
15_39,809.37,812.12,0.0016
15_39,873.65,879.77,0.0016
15_39,795.9,798.87,0.0015
15_39,1136.92,1139.43,0.0015
15_39,973.99,985.16,0.0015
15_39,623.97,708.04,0.0015
15_39,751.56,756.89,0.0014
15_39,826.08,829.15,0.0014
15_39,769.05,780.52,0.0014
15_39,947.27,950.06,0.0014
15_39,1102.75,1105.33,0.0014
15_39,880.88,966.33,0.0013
15_39,824.39,826.75,0.0012
15_39,1057.62,1060.0,0.0012
15_39,668.61,671.3,0.0011
15_39,918.77,929.15,0.0011
15_39,883.99,886.75,0.0011
15_39,794.06,796.46,0.0011
15_39,1111.32,1117.39,0.0011
15_39,827.18,844.84,0.001
15_39,1081.03,1084.13,0.001
15_39,1042.31,1047.37,0.001
15_39,767.55,804.44,0.001
9_13,755.13,775.2,0.9997
9_13,665.6,683.8,0.9996
9_13,900.15,914.5,0.9982
9_13,802.51,817.34,0.9978
9_13,776.14,796.29,0.9974
9_13,620.18,665.1,0.9964
9_13,836.93,894.46,0.9942
9_13,817.35,836.99,0.9917
9_13,893.93,901.1,0.9913
9_13,688.6,716.79,0.9853
9_13,726.37,749.38,0.9667
9_13,755.14,775.2,0.1351
9_13,620.15,665.13,0.1348
9_13,900.16,914.5,0.1341
9_13,688.59,716.81,0.133
9_13,893.92,901.1,0.1324
9_13,836.98,894.35,0.1315
9_13,900.14,914.5,0.0181
9_13,688.58,716.83,0.0178
9_13,1022.69,1033.77,0.0146
9_13,639.08,728.8,0.0095
9_13,1041.29,1044.15,0.0077
9_13,1096.27,1098.77,0.0067
9_13,1027.32,1045.93,0.0061
9_13,843.2,854.74,0.0059
9_13,667.14,678.4,0.0052
9_13,1091.05,1094.38,0.0047
9_13,715.98,721.92,0.004
9_13,953.16,955.93,0.0039
9_13,831.42,906.79,0.0036
9_13,914.52,937.54,0.0035
9_13,1124.11,1146.62,0.0033
9_13,702.13,714.77,0.0031
9_13,691.77,703.96,0.0029
9_13,855.12,857.86,0.0027
9_13,756.23,767.58,0.0026
9_13,897.8,899.89,0.0023
9_13,842.09,864.27,0.0022
9_13,1039.36,1050.74,0.002
9_13,805.3,811.3,0.0019
9_13,944.78,951.41,0.0019
9_13,1052.31,1055.41,0.0019
9_13,922.08,927.41,0.0019
9_13,728.63,739.22,0.0018
9_13,1025.39,1028.01,0.0018
9_13,613.45,683.54,0.0017
9_13,789.79,835.91,0.0017
9_13,927.59,1013.21,0.0017
9_13,1086.59,1106.93,0.0016
9_13,719.25,721.67,0.0016
9_13,973.13,978.78,0.0015
9_13,725.57,728.36,0.0014
9_13,888.91,894.67,0.0013
9_13,1045.58,1057.93,0.0012
9_13,623.06,635.24,0.0012
9_13,934.24,936.82,0.0012
9_13,996.34,1002.32,0.0012
9_13,639.77,642.35,0.0012
9_13,1153.47,1156.55,0.0012
9_13,717.46,752.81,0.0011
9_13,1097.15,1109.26,0.0011
9_13,905.96,912.0,0.0011
9_13,894.91,898.12,0.0011
9_13,876.83,882.75,0.0011
9_13,1020.9,1023.73,0.0011
9_13,818.13,824.35,0.0011
9_13,970.73,973.65,0.001
20_19,1025.24,1051.3,0.9995
20_19,769.53,809.46,0.9988
20_19,1052.1,1204.76,0.9985
20_19,648.76,667.95,0.9977
20_19,1205.57,1212.24,0.9977
20_19,979.95,1006.49,0.996
20_19,813.18,902.01,0.9954
20_19,910.93,977.27,0.9948
20_19,671.6,703.8,0.9912
20_19,713.4,767.27,0.9909
20_19,1212.26,1228.8,0.9771
20_19,614.91,648.21,0.9599
20_19,979.93,1006.51,0.1356
20_19,648.76,667.96,0.1354
20_19,769.55,809.39,0.1352
20_19,1205.58,1212.24,0.1343
20_19,671.62,703.8,0.1337
20_19,1025.21,1051.32,0.1337
20_19,910.94,977.19,0.1321
20_19,713.33,767.24,0.1304
20_19,671.57,703.83,0.0182
20_19,1205.58,1212.24,0.018
20_19,1025.26,1051.28,0.0177
20_19,807.58,810.58,0.0107
20_19,1197.47,1204.77,0.0103
20_19,1005.88,1024.55,0.0057
20_19,812.99,864.08,0.0046
20_19,633.21,645.96,0.004
20_19,1054.76,1171.91,0.0039
20_19,768.62,795.25,0.0032
20_19,1213.7,1228.8,0.0028
20_19,1142.14,1164.94,0.0028
20_19,1048.01,1051.23,0.0027
20_19,615.87,632.92,0.0024
20_19,918.95,974.09,0.0023
20_19,993.95,1000.29,0.0021
20_19,741.94,767.21,0.002
20_19,972.64,975.78,0.0019
20_19,865.69,868.79,0.0017
20_19,913.98,937.83,0.0017
20_19,846.79,896.49,0.0017
20_19,1139.82,1197.3,0.0014
20_19,1208.4,1211.73,0.0013
20_19,1093.92,1117.6,0.0012
20_19,881.65,884.91,0.0012
20_19,669.2,680.54,0.0011
20_19,987.17,1001.27,0.001
17_43,617.21,635.2,0.9991
17_43,848.45,856.88,0.9984
17_43,742.99,805.01,0.9975
17_43,877.33,894.77,0.9975
17_43,648.55,666.91,0.9958
17_43,635.41,645.34,0.9954
17_43,864.01,876.39,0.9924
17_43,672.55,694.09,0.9918
17_43,701.83,734.01,0.9861
17_43,810.95,846.19,0.9733
17_43,742.95,804.86,0.1349
17_43,877.33,894.77,0.1337
17_43,848.45,856.89,0.132
17_43,1024.26,1030.08,0.0195
17_43,743.04,804.98,0.0185
17_43,663.71,702.52,0.0105
17_43,729.92,735.58,0.007
17_43,606.94,643.68,0.0065
17_43,888.62,894.3,0.0057
17_43,1003.9,1006.73,0.0044
17_43,687.97,691.0,0.0041
17_43,1034.01,1055.49,0.0038
17_43,726.5,732.49,0.0034
17_43,813.82,852.5,0.0034
17_43,679.52,685.88,0.0032
17_43,775.14,786.2,0.0031
17_43,706.66,726.43,0.0027
17_43,873.48,875.96,0.0027
17_43,1011.39,1023.92,0.0023
17_43,887.58,964.35,0.0023
17_43,752.16,774.2,0.0023
17_43,649.05,661.07,0.0021
17_43,838.62,849.07,0.002
17_43,752.2,755.21,0.002
17_43,684.43,687.45,0.0019
17_43,1049.99,1055.61,0.0019
17_43,857.48,876.49,0.0019
17_43,634.55,650.22,0.0016
17_43,672.44,675.62,0.0016
17_43,821.56,841.71,0.0016
17_43,1102.71,1105.29,0.0016
17_43,1117.91,1124.23,0.0016
17_43,910.31,915.86,0.0016
17_43,983.2,1004.85,0.0016
17_43,657.41,663.05,0.0015
17_43,667.23,670.36,0.0014
17_43,956.08,968.06,0.0014
17_43,1028.78,1033.94,0.0014
17_43,724.37,730.66,0.0013
17_43,744.69,750.37,0.0013
17_43,728.06,739.64,0.0013
17_43,937.13,942.65,0.0012
17_43,632.84,635.46,0.0012
17_43,1056.53,1092.97,0.0012
17_43,974.7,984.57,0.0011
17_43,1092.92,1104.4,0.0011
17_43,717.55,720.25,0.0011
17_43,1033.3,1044.02,0.0011
17_43,935.68,938.24,0.001
3_46,891.44,901.45,0.9996
3_46,869.62,885.36,0.9995
3_46,828.53,847.8,0.999
3_46,737.72,749.87,0.9982
3_46,900.69,977.08,0.9971
3_46,712.33,725.56,0.9971
3_46,725.59,737.0,0.9956
3_46,754.88,775.61,0.9943
3_46,655.5,686.96,0.9927
3_46,619.76,624.76,0.9915
3_46,626.18,654.06,0.9862
3_46,847.11,853.54,0.984
3_46,691.25,707.35,0.9833
3_46,786.33,801.35,0.9678
3_46,737.73,749.88,0.1359
3_46,828.54,847.8,0.1352
3_46,869.62,885.36,0.1345
3_46,712.35,725.57,0.1341
3_46,619.77,624.77,0.134
3_46,655.51,686.96,0.1333
3_46,754.89,775.61,0.1332
3_46,847.11,853.54,0.1316
3_46,614.4,617.44,0.0366
3_46,1126.17,1131.32,0.0222
3_46,737.73,749.87,0.0181
3_46,712.34,725.56,0.0181
3_46,809.24,828.5,0.0172
3_46,851.44,870.61,0.0117
3_46,1070.43,1073.33,0.0101
3_46,885.46,888.33,0.0099
3_46,1026.78,1038.38,0.0091
3_46,1121.26,1126.92,0.0067
3_46,777.6,800.89,0.0065
3_46,813.05,825.66,0.0059
3_46,1047.16,1069.16,0.0059
3_46,887.69,923.35,0.0058
3_46,832.0,844.45,0.0047
3_46,1137.09,1143.28,0.0044
3_46,612.73,618.81,0.0042
3_46,747.0,823.55,0.0037
3_46,1085.61,1098.62,0.0033
3_46,654.05,656.76,0.0031
3_46,962.75,973.96,0.003
3_46,815.57,887.17,0.0029
3_46,908.01,990.4,0.0028
3_46,1066.06,1071.24,0.0028
3_46,885.05,901.93,0.0024
3_46,1095.85,1101.57,0.0023
3_46,828.91,831.89,0.0022
3_46,682.22,691.79,0.002
3_46,774.58,780.83,0.002
3_46,970.8,1008.44,0.002
3_46,725.28,736.39,0.002
3_46,1034.02,1118.7,0.0018
3_46,614.41,652.37,0.0018
3_46,614.53,619.97,0.0017
3_46,849.38,852.2,0.0015
3_46,836.51,847.76,0.0015
3_46,1097.41,1100.08,0.0014
3_46,869.1,880.31,0.0014
3_46,958.3,963.49,0.0014
3_46,688.9,726.17,0.0014
3_46,1125.71,1128.31,0.0014
3_46,787.92,794.95,0.0014
3_46,846.43,858.69,0.0013
3_46,1114.56,1154.63,0.0013
3_46,719.6,722.66,0.0013
3_46,901.59,924.85,0.0013
3_46,1067.55,1070.14,0.0013
3_46,672.05,678.14,0.0012
3_46,632.05,702.69,0.0012
3_46,930.16,933.25,0.0012
3_46,784.72,787.36,0.0012
3_46,751.12,756.8,0.0011
3_46,890.19,909.56,0.0011
3_46,979.14,989.07,0.0011
3_46,761.7,773.25,0.0011
3_46,983.18,1063.48,0.0011
21_44,783.51,805.33,0.9998
21_44,1001.94,1033.48,0.999
21_44,1069.09,1082.84,0.9983
21_44,893.56,964.68,0.9977
21_44,650.01,667.78,0.9976
21_44,963.91,994.64,0.9974
21_44,1098.21,1119.27,0.9954
21_44,701.74,763.34,0.9942
21_44,621.66,648.38,0.9934
21_44,1082.85,1098.21,0.9921
21_44,827.14,883.04,0.9877
21_44,1031.88,1051.28,0.9827
21_44,803.72,819.09,0.9817
21_44,1049.66,1070.71,0.9777
21_44,650.0,667.79,0.1352
21_44,893.56,964.7,0.1351
21_44,1082.86,1098.2,0.1345
21_44,621.67,648.38,0.1336
21_44,1069.08,1082.84,0.1327
21_44,1049.66,1070.7,0.1319
21_44,1082.85,1098.2,0.0182
21_44,858.03,881.48,0.0103
21_44,941.62,962.74,0.0095
21_44,614.82,617.25,0.0093
21_44,761.72,774.22,0.0087
21_44,622.24,624.86,0.0071
21_44,896.08,908.5,0.0063
21_44,653.02,665.04,0.0061
21_44,1003.08,1005.42,0.0047
21_44,679.04,690.71,0.0046
21_44,625.02,631.46,0.0041
21_44,1136.23,1142.14,0.004
21_44,826.65,837.31,0.004
21_44,1142.56,1148.67,0.0039
21_44,1001.95,1004.3,0.0035
21_44,1097.57,1108.93,0.0034
21_44,844.61,847.25,0.0033
21_44,697.03,702.62,0.0032
21_44,1090.28,1096.65,0.0032
21_44,1120.32,1125.9,0.0032
21_44,737.16,739.97,0.0032
21_44,967.37,986.9,0.0031
21_44,679.08,764.61,0.003
21_44,1070.1,1076.28,0.003
21_44,1003.09,1037.62,0.0029
21_44,1061.78,1067.54,0.0029
21_44,1097.44,1100.15,0.0029
21_44,706.3,718.18,0.0027
21_44,1109.15,1111.84,0.0026
21_44,788.6,791.51,0.0026
21_44,781.85,786.33,0.0025
21_44,855.86,861.72,0.0025
21_44,647.53,683.28,0.0025
21_44,889.91,895.92,0.0025
21_44,721.92,728.39,0.0024
21_44,731.52,754.23,0.0024
21_44,1157.7,1163.52,0.0021
21_44,906.01,911.71,0.002
21_44,972.05,978.27,0.002
21_44,1100.78,1103.82,0.002
21_44,1012.31,1018.37,0.0019
21_44,864.69,867.42,0.0019
21_44,837.0,848.2,0.0018
21_44,1105.95,1117.6,0.0018
21_44,875.37,885.75,0.0016
21_44,715.51,718.36,0.0015
21_44,804.72,823.52,0.0015
21_44,850.62,856.33,0.0015
21_44,1103.2,1108.63,0.0014
21_44,726.94,812.75,0.0014
21_44,1068.69,1085.96,0.0013
21_44,692.57,698.57,0.0012
21_44,1051.6,1054.02,0.0012
21_44,668.9,674.88,0.0012
21_44,725.12,727.53,0.0011
21_44,1037.87,1077.67,0.0011
21_44,885.22,891.63,0.001
21_44,802.37,882.23,0.001
27_29,638.43,702.43,0.9993
27_29,846.01,888.03,0.9992
27_29,776.6,823.25,0.9967
27_29,830.63,845.32,0.9958
27_29,891.33,910.72,0.9956
27_29,727.2,775.19,0.9954
27_29,989.47,1000.15,0.9946
27_29,914.69,948.07,0.9932
27_29,1001.51,1031.5,0.9836
27_29,964.78,982.81,0.9772
27_29,845.93,888.02,0.1352
27_29,830.63,845.31,0.1349
27_29,989.48,1000.15,0.1346
27_29,1084.57,1089.77,0.0207
27_29,830.64,845.32,0.0183
27_29,967.26,974.17,0.0156
27_29,658.86,669.21,0.0153
27_29,639.96,642.08,0.0125
27_29,984.95,990.78,0.0117
27_29,694.83,700.11,0.0095
27_29,958.49,963.92,0.0082
27_29,645.92,685.38,0.0081
27_29,778.96,799.81,0.0073
27_29,1081.7,1087.86,0.0064
27_29,849.53,874.65,0.0063
27_29,601.97,625.25,0.0062
27_29,1047.57,1050.39,0.0056
27_29,818.48,824.09,0.0052
27_29,912.18,918.45,0.0052
27_29,898.06,904.73,0.0051
27_29,631.97,637.5,0.0049
27_29,981.49,1000.55,0.0045
27_29,854.98,858.19,0.0045
27_29,1094.04,1096.96,0.0043
27_29,883.87,895.47,0.004
27_29,814.17,816.64,0.0038
27_29,900.17,980.14,0.0032
27_29,969.08,981.07,0.003
27_29,738.06,776.12,0.003
27_29,1072.07,1078.65,0.0028
27_29,1026.38,1032.11,0.0027
27_29,735.46,740.82,0.0027
27_29,815.89,827.54,0.0026
27_29,828.01,833.31,0.0025
27_29,1058.74,1070.27,0.0025
27_29,953.78,966.78,0.0025
27_29,904.26,907.0,0.0024
27_29,1108.22,1112.93,0.0023
27_29,1119.22,1121.98,0.0022
27_29,1091.91,1094.5,0.0022
27_29,925.35,930.62,0.0021
27_29,892.54,913.64,0.0021
27_29,714.17,716.48,0.0021
27_29,1026.36,1048.33,0.0018
27_29,614.1,618.62,0.0018
27_29,813.09,818.86,0.0017
27_29,1082.79,1085.64,0.0017
27_29,739.32,750.07,0.0017
27_29,668.75,674.92,0.0016
27_29,1088.47,1091.02,0.0016
27_29,772.2,778.23,0.0015
27_29,1055.51,1057.53,0.0015
27_29,1038.9,1041.95,0.0015
27_29,961.28,967.2,0.0015
27_29,1130.81,1133.77,0.0014
27_29,1136.41,1157.52,0.0014
27_29,639.87,708.56,0.0014
27_29,1158.43,1161.53,0.0014
27_29,767.44,772.73,0.0014
27_29,710.76,716.26,0.0013
27_29,716.89,722.86,0.0013
27_29,663.46,666.48,0.0013
27_29,1140.35,1222.68,0.0013
27_29,997.22,1034.25,0.0012
27_29,843.56,919.34,0.0011
27_29,934.72,937.18,0.0011
27_29,1030.73,1036.0,0.0011
27_29,1113.19,1118.77,0.001
27_29,920.15,940.4,0.001
29_28,699.62,719.27,0.9997
29_28,758.44,770.8,0.9995
29_28,848.65,861.03,0.9987
29_28,891.72,899.27,0.9987
29_28,641.87,695.91,0.9985
29_28,773.61,842.87,0.997
29_28,618.06,639.59,0.9958
29_28,865.14,873.4,0.9958
29_28,723.64,755.65,0.9956
29_28,872.93,888.28,0.9937
29_28,723.61,755.71,0.1359
29_28,848.67,861.02,0.1359
29_28,618.05,639.6,0.1354
29_28,865.15,873.39,0.135
29_28,758.43,770.8,0.1341
29_28,641.86,695.94,0.1338
29_28,872.93,888.28,0.1333
29_28,773.66,842.91,0.1328
29_28,872.94,888.28,0.0179
29_28,865.15,873.39,0.0178
29_28,749.8,759.87,0.016
29_28,692.72,698.01,0.0108
29_28,794.48,819.16,0.0092
29_28,734.84,741.64,0.0083
29_28,1084.33,1089.56,0.0081
29_28,907.76,918.63,0.0077
29_28,646.81,668.39,0.0069
29_28,858.84,865.09,0.0065
29_28,970.41,975.66,0.0064
29_28,965.85,1047.11,0.0053
29_28,1051.78,1057.67,0.0052
29_28,743.51,753.99,0.005
29_28,939.18,942.27,0.0045
29_28,1001.18,1006.37,0.0043
29_28,1149.29,1155.26,0.0042
29_28,1030.54,1036.39,0.0041
29_28,981.5,987.53,0.0041
29_28,1049.61,1052.58,0.004
29_28,648.47,651.34,0.0039
29_28,703.09,772.3,0.0036
29_28,836.77,839.74,0.0036
29_28,1112.81,1156.54,0.0034
29_28,618.74,631.25,0.0033
29_28,700.79,703.93,0.0032
29_28,706.79,709.69,0.003
29_28,838.18,843.01,0.0028
29_28,700.79,720.8,0.0027
29_28,722.42,725.12,0.0026
29_28,889.26,911.07,0.0025
29_28,969.94,979.9,0.0025
29_28,762.99,768.69,0.0024
29_28,953.72,973.82,0.0022
29_28,675.34,680.77,0.002
29_28,839.25,862.21,0.0019
29_28,756.42,761.95,0.0019
29_28,725.96,728.69,0.0018
29_28,655.42,660.99,0.0018
29_28,1016.8,1022.49,0.0018
29_28,1101.94,1104.87,0.0015
29_28,861.72,897.04,0.0014
29_28,650.44,653.08,0.0014
29_28,665.19,670.83,0.0013
29_28,1025.74,1048.89,0.0012
29_28,717.28,722.55,0.0012
29_28,1126.03,1136.14,0.0012
29_28,695.97,698.34,0.0012
29_28,1099.14,1120.12,0.0012
29_28,688.16,691.0,0.0011
29_28,996.48,1017.11,0.0011
29_28,639.88,646.67,0.001
29_28,732.44,744.31,0.001
29_28,908.34,911.48,0.001
29_28,1000.07,1003.11,0.001
18_49,1098.13,1189.15,1.0
18_49,614.34,789.45,0.9998
18_49,1073.06,1081.6,0.9991
18_49,1083.13,1087.94,0.9985
18_49,980.51,1072.3,0.9933
18_49,793.29,797.4,0.9929
18_49,1193.51,1204.02,0.9905
18_49,806.58,979.9,0.9871
18_49,1209.92,1228.8,0.9869
18_49,806.38,979.79,0.134
18_49,1083.13,1087.94,0.1334
18_49,793.3,797.41,0.1332
18_49,1209.92,1228.8,0.1319
18_49,628.68,642.88,0.0349
18_49,805.34,832.47,0.0272
18_49,1209.91,1228.8,0.0177
18_49,1105.86,1128.88,0.0099
18_49,1094.13,1098.64,0.0091
18_49,1197.77,1203.71,0.0074
18_49,958.81,970.6,0.0044
18_49,1133.22,1188.01,0.0042
18_49,1189.24,1204.83,0.0041
18_49,616.65,629.02,0.004
18_49,1215.61,1222.71,0.0039
18_49,863.82,944.17,0.0038
18_49,989.16,1078.14,0.0032
18_49,1178.71,1189.63,0.0028
18_49,686.77,749.71,0.0025
18_49,615.36,641.63,0.0024
18_49,1081.56,1089.57,0.0018
18_49,1101.42,1151.61,0.0018
18_49,768.12,791.57,0.0018
18_49,1224.71,1228.8,0.0017
18_49,806.61,818.02,0.0016
18_49,1180.43,1183.36,0.0016
18_49,962.38,968.34,0.0015
18_49,923.8,951.54,0.0014
18_49,953.18,959.78,0.0013
18_49,1066.2,1068.98,0.0013
18_49,1094.65,1097.39,0.0012
18_49,652.5,712.09,0.0011
18_49,1090.99,1093.55,0.001
27_45,786.43,809.77,0.9984
27_45,978.35,1008.62,0.9978
27_45,1090.74,1107.16,0.9968
27_45,1108.92,1155.56,0.9967
27_45,1066.53,1078.67,0.9902
27_45,879.8,972.36,0.9902
27_45,629.14,667.98,0.9893
27_45,685.31,718.14,0.9891
27_45,1014.67,1031.1,0.9871
27_45,810.67,839.18,0.9864
27_45,1046.64,1060.49,0.9433
27_45,1090.72,1107.17,0.1359
27_45,978.35,1008.58,0.1356
27_45,1108.94,1155.52,0.1353
27_45,1066.53,1078.64,0.1343
27_45,810.64,839.14,0.1342
27_45,630.73,641.23,0.0232
27_45,1090.74,1107.18,0.0184
27_45,1108.94,1155.59,0.0184
27_45,810.63,839.19,0.0182
27_45,978.38,1008.58,0.0182
27_45,1106.32,1109.06,0.014
27_45,777.95,780.24,0.0133
27_45,775.4,786.33,0.01
27_45,675.77,685.79,0.0079
27_45,1132.13,1152.25,0.0067
27_45,899.67,905.59,0.0057
27_45,842.76,864.03,0.0054
27_45,1110.45,1121.63,0.0053
27_45,692.62,714.04,0.0048
27_45,962.42,980.47,0.0048
27_45,1039.47,1061.95,0.0048
27_45,622.43,625.42,0.0046
27_45,875.07,886.83,0.0045
27_45,639.65,642.46,0.0044
27_45,980.26,1070.29,0.0041
27_45,1097.62,1103.7,0.004
27_45,1132.75,1134.66,0.004
27_45,997.54,1000.24,0.0035
27_45,891.0,896.86,0.0034
27_45,729.19,732.29,0.0033
27_45,787.54,799.91,0.003
27_45,811.58,814.79,0.0029
27_45,616.44,637.66,0.0028
27_45,826.78,829.59,0.0026
27_45,753.14,773.61,0.0026
27_45,1012.58,1031.25,0.0026
27_45,901.09,903.86,0.0024
27_45,778.94,784.68,0.0022
27_45,1078.19,1089.71,0.0021
27_45,1150.35,1155.78,0.0021
27_45,884.46,887.13,0.002
27_45,1086.44,1088.76,0.002
27_45,734.3,745.48,0.0019
27_45,1025.11,1028.34,0.0018
27_45,717.46,722.66,0.0018
27_45,892.67,903.76,0.0017
27_45,1002.39,1005.31,0.0017
27_45,624.75,630.14,0.0017
27_45,870.77,876.33,0.0017
27_45,935.27,976.72,0.0016
27_45,607.49,619.57,0.0016
27_45,757.29,763.54,0.0015
27_45,763.4,809.94,0.0015
27_45,967.95,973.74,0.0015
27_45,876.54,899.56,0.0015
27_45,1128.42,1150.9,0.0015
27_45,856.09,858.99,0.0015
27_45,829.45,836.35,0.0014
27_45,977.44,983.14,0.0014
27_45,666.61,689.33,0.0014
27_45,654.92,657.3,0.0013
27_45,913.41,915.85,0.0013
27_45,826.07,831.45,0.0012
27_45,686.03,706.74,0.0012
27_45,735.3,756.43,0.0012
27_45,1005.65,1008.0,0.0012
27_45,1143.61,1149.63,0.0011
27_45,771.91,774.69,0.0011
27_45,755.05,757.41,0.0011
27_45,637.05,660.4,0.0011
27_45,858.34,869.87,0.001
10_6,620.8,627.65,0.9996
10_6,733.58,734.59,0.9988
10_6,667.12,678.43,0.9984
10_6,678.87,681.51,0.9979
10_6,745.45,750.46,0.9946
10_6,692.07,710.22,0.9946
10_6,627.72,648.47,0.9934
10_6,750.94,756.87,0.9923
10_6,684.73,691.1,0.9921
10_6,735.09,736.68,0.9901
10_6,654.01,659.73,0.9875
10_6,763.68,776.61,0.9859
10_6,721.37,725.36,0.985
10_6,739.32,745.37,0.9847
10_6,614.4,620.51,0.9842
10_6,736.66,739.24,0.9776
10_6,726.09,733.24,0.9759
10_6,659.99,667.01,0.9753
10_6,711.73,720.99,0.9712
10_6,678.87,681.5,0.1358
10_6,620.8,627.65,0.135
10_6,667.12,678.42,0.1348
10_6,684.73,691.1,0.1341
10_6,627.72,648.48,0.134
10_6,692.07,710.22,0.1339
10_6,763.67,776.61,0.1326
10_6,733.58,734.59,0.1324
10_6,736.66,739.24,0.132
10_6,614.4,620.51,0.1281
10_6,783.56,795.14,0.026
10_6,708.23,710.45,0.0179
10_6,763.68,776.61,0.0177
10_6,667.12,678.42,0.0177
10_6,750.98,762.28,0.0159
10_6,680.63,686.36,0.0099
10_6,804.62,810.32,0.0083
10_6,648.47,666.06,0.0082
10_6,718.11,720.89,0.0068
10_6,789.92,792.87,0.0058
10_6,776.67,794.99,0.0054
10_6,818.48,891.08,0.0048
10_6,731.99,736.61,0.0047
10_6,768.42,774.36,0.0045
10_6,724.74,734.44,0.0043
10_6,838.83,849.97,0.004
10_6,678.33,691.98,0.0037
10_6,795.31,805.5,0.0034
10_6,629.91,641.12,0.0032
10_6,828.61,839.42,0.0029
10_6,691.68,697.07,0.0029
10_6,731.61,733.83,0.0028
10_6,920.84,923.76,0.0027
10_6,934.88,940.72,0.0027
10_6,775.25,780.35,0.0025
10_6,779.41,782.17,0.0024
10_6,735.09,746.21,0.0024
10_6,882.26,885.15,0.0023
10_6,851.47,857.39,0.0023
10_6,747.46,750.14,0.0022
10_6,914.4,920.23,0.0022
10_6,841.96,847.59,0.0021
10_6,823.39,825.86,0.002
10_6,727.81,730.43,0.002
10_6,623.13,667.46,0.002
10_6,723.11,725.54,0.002
10_6,791.13,829.33,0.002
10_6,846.17,852.34,0.0019
10_6,745.29,748.07,0.0016
10_6,700.98,703.74,0.0016
10_6,770.19,776.41,0.0016
10_6,747.92,758.93,0.0016
10_6,642.72,645.7,0.0016
10_6,614.31,617.51,0.0015
10_6,776.38,785.83,0.0015
10_6,668.71,675.53,0.0015
10_6,619.96,628.67,0.0015
10_6,650.57,652.98,0.0014
10_6,734.59,736.73,0.0014
10_6,709.85,712.31,0.0013
10_6,783.24,788.86,0.0012
10_6,905.75,916.65,0.0012
10_6,863.62,868.76,0.0012
10_6,814.02,816.85,0.0012
10_6,930.75,933.63,0.0012
10_6,717.0,719.85,0.0012
10_6,935.56,938.39,0.0012
10_6,728.74,731.57,0.0011
10_6,715.86,754.21,0.0011
10_6,682.98,685.68,0.0011
10_6,852.28,855.27,0.0011
10_6,798.27,803.97,0.0011
16_27,919.75,929.4,0.9998
16_27,616.38,641.33,0.999
16_27,872.26,881.46,0.9982
16_27,897.88,914.49,0.9978
16_27,956.54,974.04,0.9971
16_27,944.5,956.43,0.9969
16_27,937.93,942.53,0.9965
16_27,929.61,937.94,0.9954
16_27,832.88,869.23,0.9952
16_27,706.81,739.8,0.9945
16_27,769.82,776.39,0.9941
16_27,995.69,1046.5,0.9937
16_27,882.33,888.9,0.9923
16_27,780.56,804.16,0.9905
16_27,1046.94,1052.19,0.9901
16_27,644.38,675.95,0.9897
16_27,679.2,703.08,0.9885
16_27,976.02,982.8,0.9857
16_27,808.8,831.52,0.9842
16_27,890.65,894.81,0.9676
16_27,616.35,641.35,0.136
16_27,897.88,914.5,0.1354
16_27,995.72,1046.51,0.1348
16_27,937.93,942.53,0.1348
16_27,769.82,776.39,0.1345
16_27,944.5,956.44,0.1342
16_27,644.37,675.96,0.1341
16_27,919.76,929.4,0.1334
16_27,693.65,699.54,0.0209
16_27,853.25,859.28,0.0196
16_27,616.36,641.32,0.0185
16_27,644.37,675.95,0.0181
16_27,1152.44,1158.02,0.0135
16_27,1080.45,1091.59,0.0124
16_27,1140.64,1144.05,0.012
16_27,735.95,771.92,0.0116
16_27,801.61,837.07,0.0112
16_27,1118.59,1130.76,0.0099
16_27,707.05,717.89,0.0097
16_27,672.34,674.72,0.0085
16_27,704.41,706.84,0.0072
16_27,938.58,958.02,0.0072
16_27,724.46,727.14,0.0068
16_27,899.39,910.26,0.0057
16_27,1153.07,1156.48,0.0053
16_27,819.47,822.23,0.0051
16_27,890.76,895.85,0.0047
16_27,1062.17,1064.93,0.0046
16_27,1116.68,1122.73,0.0046
16_27,997.9,1003.51,0.0046
16_27,1061.46,1102.04,0.0046
16_27,914.21,931.71,0.0045
16_27,614.79,617.37,0.0042
16_27,846.97,852.8,0.004
16_27,1137.03,1158.77,0.004
16_27,938.76,941.85,0.0039
16_27,974.1,995.77,0.0036
16_27,1001.97,1008.03,0.0036
16_27,764.4,767.27,0.0036
16_27,1034.91,1046.61,0.0036
16_27,674.55,676.87,0.0035
16_27,1090.96,1096.26,0.0034
16_27,775.82,778.23,0.0034
16_27,1046.24,1051.73,0.0033
16_27,967.79,970.58,0.0033
16_27,775.04,868.13,0.0032
16_27,640.63,645.95,0.0031
16_27,881.25,962.19,0.0026
16_27,874.84,880.49,0.0023
16_27,739.53,750.59,0.0022
16_27,656.3,658.89,0.0022
16_27,928.95,937.66,0.0019
16_27,894.35,899.89,0.0017
16_27,709.54,732.93,0.0017
16_27,906.44,909.09,0.0017
16_27,1020.24,1023.35,0.0017
16_27,787.76,798.86,0.0014
16_27,891.13,893.82,0.0014
16_27,960.59,971.91,0.0014
16_27,1072.47,1078.01,0.0014
16_27,635.51,640.62,0.0014
16_27,805.95,808.74,0.0014
16_27,797.02,803.21,0.0014
16_27,1064.92,1067.35,0.0013
16_27,936.38,945.26,0.0013
16_27,1112.68,1132.05,0.0012
16_27,899.83,902.82,0.0011
16_27,1089.91,1092.42,0.0011
16_27,1007.17,1013.18,0.0011
16_27,676.29,708.47,0.0011
16_27,1079.02,1084.73,0.001
16_27,769.78,775.73,0.001
16_39,921.35,927.71,0.9998
16_39,841.03,851.91,0.9994
16_39,618.76,643.15,0.9992
16_39,648.64,676.23,0.9979
16_39,678.49,696.38,0.9976
16_39,699.48,735.78,0.9962
16_39,979.98,983.67,0.996
16_39,952.0,955.84,0.9957
16_39,930.33,946.05,0.9954
16_39,772.69,783.15,0.9951
16_39,961.41,979.9,0.995
16_39,852.31,884.29,0.992
16_39,787.35,831.69,0.9892
16_39,759.45,766.95,0.9865
16_39,888.41,894.58,0.98
16_39,742.8,759.37,0.9767
16_39,900.59,917.6,0.9685
16_39,949.33,954.13,0.7772
16_39,921.35,927.71,0.1352
16_39,772.68,783.15,0.135
16_39,961.41,979.91,0.1338
16_39,979.98,983.67,0.1338
16_39,648.62,676.21,0.1326
16_39,952.0,955.84,0.1089
16_39,979.98,983.67,0.0181
16_39,952.0,955.84,0.0147
16_39,1131.99,1153.63,0.0131
16_39,885.66,898.32,0.0113
16_39,991.54,997.0,0.0102
16_39,873.3,875.99,0.0077
16_39,822.0,824.81,0.007
16_39,642.22,645.32,0.0063
16_39,1148.51,1151.32,0.0054
16_39,1066.86,1073.17,0.0051
16_39,850.77,856.47,0.0048
16_39,759.14,762.02,0.0047
16_39,956.04,958.43,0.0047
16_39,840.15,851.09,0.0045
16_39,611.05,643.24,0.004
16_39,713.14,724.8,0.0038
16_39,1046.34,1057.16,0.0037
16_39,982.88,993.37,0.0037
16_39,987.73,990.85,0.0029
16_39,1042.52,1048.43,0.0028
16_39,618.81,624.68,0.0026
16_39,652.04,654.66,0.0026
16_39,949.64,952.13,0.0026
16_39,1084.94,1095.91,0.0026
16_39,1123.69,1128.98,0.0025
16_39,647.9,695.84,0.0025
16_39,824.93,830.37,0.0024
16_39,859.79,865.94,0.0024
16_39,735.96,742.59,0.0024
16_39,766.11,774.55,0.0022
16_39,796.08,802.02,0.0022
16_39,955.85,961.8,0.0021
16_39,832.9,842.72,0.0021
16_39,985.0,1062.95,0.0021
16_39,967.88,971.04,0.002
16_39,1001.04,1013.0,0.002
16_39,856.11,878.16,0.0019
16_39,929.91,932.35,0.0018
16_39,1001.38,1004.01,0.0018
16_39,1013.08,1015.8,0.0017
16_39,721.91,733.45,0.0017
16_39,661.57,664.28,0.0017
16_39,1140.46,1143.42,0.0016
16_39,880.09,886.18,0.0016
16_39,1105.68,1149.56,0.0016
16_39,808.72,814.78,0.0015
16_39,1008.73,1011.32,0.0015
16_39,838.7,841.28,0.0015
16_39,1061.9,1067.78,0.0014
16_39,845.1,850.8,0.0014
16_39,1060.24,1062.59,0.0014
16_39,885.35,903.94,0.0014
16_39,1079.91,1082.34,0.0013
16_39,919.87,958.62,0.0013
16_39,904.55,916.15,0.0013
16_39,1146.17,1157.83,0.0013
16_39,745.52,751.62,0.0012
16_39,670.17,672.77,0.0012
16_39,1017.61,1022.15,0.0012
16_39,1054.57,1059.97,0.0011
16_39,652.61,659.27,0.0011
16_39,906.33,909.14,0.0011
16_39,737.29,778.73,0.0011
16_39,965.1,967.57,0.0011
16_39,658.54,661.05,0.0011
16_40,954.61,975.9,0.9996
16_40,1048.4,1135.69,0.999
16_40,987.03,999.87,0.9982
16_40,999.88,1009.63,0.9974
16_40,844.18,888.54,0.9967
16_40,684.95,738.19,0.9959
16_40,772.79,840.97,0.9957
16_40,1011.88,1042.41,0.9932
16_40,1225.74,1228.8,0.988
16_40,740.38,772.78,0.9876
16_40,616.5,683.98,0.9801
16_40,1138.3,1159.55,0.9783
16_40,1165.34,1225.28,0.9556
16_40,893.84,951.06,0.9514
16_40,987.01,999.86,0.1357
16_40,684.94,738.17,0.1348
16_40,1011.84,1042.45,0.1342
16_40,844.2,888.56,0.1342
16_40,740.4,772.76,0.1331
16_40,1196.8,1199.9,0.0334
16_40,1011.85,1042.47,0.0179
16_40,684.95,738.16,0.0176
16_40,885.28,888.3,0.0174
16_40,977.84,979.72,0.0089
16_40,618.11,663.85,0.0078
16_40,955.86,978.36,0.0074
16_40,907.34,950.49,0.0071
16_40,988.52,995.51,0.0069
16_40,732.82,739.1,0.0065
16_40,893.25,904.05,0.006
16_40,779.43,841.08,0.0059
16_40,1044.69,1065.13,0.0059
16_40,1128.96,1134.76,0.0051
16_40,863.14,885.39,0.0047
16_40,782.21,804.66,0.0044
16_40,614.4,616.7,0.0041
16_40,1000.6,1010.47,0.004
16_40,686.56,693.65,0.0035
16_40,617.74,628.37,0.0027
16_40,1011.71,1017.75,0.0026
16_40,609.44,677.65,0.0024
16_40,895.78,963.92,0.0024
16_40,951.84,961.0,0.0022
16_40,920.31,927.37,0.0022
16_40,770.23,780.11,0.0022
16_40,740.79,765.25,0.0021
16_40,1058.9,1061.71,0.0019
16_40,1198.7,1225.9,0.0019
16_40,1140.05,1146.71,0.0018
16_40,820.44,842.25,0.0017
16_40,893.58,898.95,0.0017
16_40,888.26,890.92,0.0016
16_40,1168.45,1181.49,0.0016
16_40,1041.31,1043.95,0.0016
16_40,1164.55,1169.18,0.0015
16_40,1137.49,1140.01,0.0014
16_40,686.62,712.24,0.0014
16_40,854.2,860.71,0.0013
16_40,844.46,847.14,0.0012
16_40,750.97,757.07,0.0012
16_40,845.3,856.64,0.0012
16_40,1051.62,1056.71,0.0012
16_40,885.08,893.79,0.0011
16_40,754.89,767.91,0.0011
16_40,1012.09,1031.67,0.0011
16_40,1068.82,1081.14,0.001
16_40,984.19,1005.5,0.001
16_40,895.19,920.73,0.001
3_2,856.53,870.75,0.9979
3_2,737.35,753.24,0.9967
3_2,874.15,880.58,0.996
3_2,831.49,846.71,0.995
3_2,706.84,726.16,0.9946
3_2,691.29,703.12,0.9936
3_2,617.45,621.17,0.9921
3_2,846.04,851.11,0.9905
3_2,760.7,773.22,0.9864
3_2,728.86,734.96,0.986
3_2,795.57,822.34,0.9851
3_2,677.73,687.56,0.9782
3_2,883.35,960.75,0.975
3_2,641.12,674.99,0.9679
3_2,737.34,753.23,0.1351
3_2,831.47,846.7,0.1348
3_2,856.53,870.76,0.1344
3_2,874.15,880.58,0.1343
3_2,760.69,773.22,0.1332
3_2,795.56,822.34,0.1332
3_2,617.45,621.17,0.1332
3_2,846.04,851.11,0.1325
3_2,856.51,870.75,0.0181
3_2,831.48,846.71,0.018
3_2,617.45,621.17,0.018
3_2,966.77,978.46,0.0164
3_2,872.48,892.17,0.0154
3_2,687.29,689.98,0.0147
3_2,663.71,705.17,0.0136
3_2,961.27,967.65,0.0118
3_2,902.15,904.76,0.0089
3_2,1066.22,1069.03,0.0078
3_2,615.81,638.01,0.0072
3_2,1013.55,1019.95,0.0065
3_2,753.72,764.94,0.0061
3_2,872.17,882.0,0.0054
3_2,1107.64,1119.44,0.0051
3_2,723.99,736.2,0.0046
3_2,740.49,745.97,0.0045
3_2,1075.99,1086.97,0.0041
3_2,677.64,683.61,0.0038
3_2,1020.0,1025.94,0.0035
3_2,1118.98,1125.01,0.0034
3_2,1027.39,1030.46,0.0033
3_2,709.01,720.77,0.0031
3_2,1140.2,1150.31,0.003
3_2,843.26,846.27,0.003
3_2,959.04,969.34,0.003
3_2,911.55,923.18,0.0029
3_2,983.57,1004.88,0.0026
3_2,844.59,854.17,0.0025
3_2,870.96,889.78,0.0023
3_2,629.5,632.25,0.0021
3_2,814.07,819.88,0.002
3_2,620.81,625.95,0.0018
3_2,1034.49,1040.99,0.0017
3_2,703.57,706.74,0.0017
3_2,938.79,944.8,0.0017
3_2,717.02,723.34,0.0017
3_2,738.94,741.74,0.0016
3_2,749.82,789.18,0.0016
3_2,1122.65,1146.88,0.0016
3_2,610.93,617.78,0.0015
3_2,792.22,828.15,0.0015
3_2,1008.53,1011.65,0.0015
3_2,831.0,856.69,0.0014
3_2,756.5,762.65,0.0014
3_2,691.39,694.28,0.0014
3_2,1071.61,1074.23,0.0013
3_2,1078.69,1081.31,0.0013
3_2,1106.46,1112.27,0.0013
3_2,726.83,736.71,0.0013
3_2,1134.18,1139.93,0.0013
3_2,872.11,874.86,0.0012
3_2,1032.69,1035.32,0.0012
3_2,1000.94,1014.06,0.0012
3_2,625.85,628.72,0.0011
25_41,631.44,642.48,0.9982
25_41,675.91,680.45,0.9976
25_41,936.74,983.91,0.9976
25_41,647.16,665.42,0.9969
25_41,693.33,696.0,0.9967
25_41,907.22,933.07,0.9937
25_41,685.15,693.27,0.9935
25_41,705.25,904.96,0.9927
25_41,1030.41,1054.96,0.9926
25_41,1070.44,1138.94,0.991
25_41,1029.12,1031.11,0.9903
25_41,1054.66,1069.18,0.99
25_41,1009.46,1022.66,0.9875
25_41,984.81,986.64,0.9864
25_41,1141.81,1149.55,0.9817
25_41,998.98,1005.54,0.9768
25_41,933.54,934.43,0.9667
25_41,1047.1,1048.92,0.9545
25_41,631.44,642.49,0.1351
25_41,1029.12,1031.12,0.1346
25_41,693.33,696.0,0.1344
25_41,1030.39,1054.93,0.1325
25_41,998.98,1005.53,0.1323
25_41,936.68,983.94,0.1315
25_41,907.25,933.09,0.1309
25_41,623.34,629.35,0.017
25_41,679.77,685.51,0.0166
25_41,772.13,775.46,0.012
25_41,931.43,933.78,0.0102
25_41,1107.58,1110.33,0.0083
25_41,709.17,711.82,0.0075
25_41,912.2,917.88,0.0069
25_41,1085.2,1131.46,0.0058
25_41,1157.82,1163.06,0.0048
25_41,769.44,775.44,0.0046
25_41,1056.47,1061.55,0.0044
25_41,839.78,842.45,0.0043
25_41,1097.13,1100.06,0.0038
25_41,1140.2,1151.37,0.0037
25_41,926.0,1010.96,0.0035
25_41,758.78,807.93,0.0034
25_41,884.33,906.96,0.0034
25_41,992.67,995.47,0.0031
25_41,867.18,877.39,0.003
25_41,683.95,695.07,0.003
25_41,1136.74,1139.71,0.0029
25_41,1080.12,1091.24,0.0027
25_41,1018.82,1029.5,0.0026
25_41,643.53,646.29,0.0026
25_41,947.88,950.75,0.0025
25_41,739.47,742.1,0.0025
25_41,1079.27,1081.98,0.0024
25_41,669.65,712.76,0.0024
25_41,765.53,768.23,0.0022
25_41,1023.04,1059.86,0.0021
25_41,1092.25,1115.64,0.002
25_41,810.62,836.17,0.002
25_41,931.22,933.42,0.002
25_41,1114.02,1125.37,0.002
25_41,627.59,669.9,0.0018
25_41,1055.3,1075.55,0.0018
25_41,675.17,680.45,0.0018
25_41,703.65,706.49,0.0017
25_41,1011.58,1014.17,0.0016
25_41,956.63,960.26,0.0016
25_41,769.5,772.83,0.0016
25_41,972.72,975.76,0.0016
25_41,1034.33,1047.02,0.0016
25_41,1139.7,1142.88,0.0015
25_41,1082.84,1085.66,0.0015
25_41,1156.97,1162.35,0.0014
25_41,794.57,805.74,0.0014
25_41,704.85,745.48,0.0014
25_41,697.89,703.64,0.0013
25_41,943.19,946.1,0.0013
25_41,1031.07,1033.02,0.0013
25_41,807.86,810.26,0.0013
25_41,1047.09,1049.66,0.0012
25_41,899.68,905.11,0.0012
25_41,615.74,637.96,0.0012
25_41,775.74,781.49,0.0012
25_41,924.38,927.09,0.0012
25_41,952.65,955.34,0.0012
25_41,904.85,910.46,0.0011
25_41,824.11,826.7,0.0011
25_41,855.06,858.01,0.0011
25_41,984.64,987.11,0.0011
25_41,864.46,866.87,0.001
25_41,1042.84,1045.61,0.001
25_41,1095.82,1101.7,0.001
8_15,701.65,746.5,0.9999
8_15,618.37,654.14,0.9979
8_15,841.32,874.11,0.995
8_15,776.27,806.54,0.9933
8_15,662.1,699.74,0.9908
8_15,746.32,774.21,0.9826
8_15,841.3,874.14,0.1349
8_15,618.35,654.16,0.1326
8_15,841.3,874.1,0.0183
8_15,872.56,878.55,0.017
8_15,807.14,842.13,0.0164
8_15,893.6,932.87,0.012
8_15,879.59,882.57,0.0097
8_15,1031.91,1037.39,0.0081
8_15,652.65,657.6,0.0077
8_15,779.26,800.87,0.0076
8_15,827.14,837.84,0.0075
8_15,867.77,871.06,0.0074
8_15,659.21,672.19,0.0049
8_15,760.03,772.09,0.0045
8_15,877.21,898.64,0.0042
8_15,848.48,851.48,0.0039
8_15,640.77,652.22,0.0038
8_15,620.08,630.48,0.0038
8_15,693.2,699.29,0.0037
8_15,836.12,840.9,0.0036
8_15,1018.1,1039.68,0.0029
8_15,911.23,917.12,0.0029
8_15,982.0,1027.24,0.0027
8_15,623.19,625.75,0.0027
8_15,670.33,672.68,0.0026
8_15,763.74,766.94,0.0026
8_15,831.12,837.28,0.0023
8_15,648.85,654.29,0.0021
8_15,675.38,698.04,0.0021
8_15,782.19,804.87,0.0019
8_15,943.87,954.24,0.0018
8_15,1041.85,1052.31,0.0018
8_15,668.41,679.85,0.0017
8_15,1036.24,1041.47,0.0017
8_15,708.94,720.32,0.0017
8_15,939.8,1015.93,0.0015
8_15,842.81,845.65,0.0014
8_15,805.94,839.7,0.0014
8_15,964.27,967.04,0.0014
8_15,700.68,711.09,0.0014
8_15,778.09,781.2,0.0013
8_15,694.88,775.48,0.0013
8_15,918.71,921.16,0.0013
8_15,730.85,736.72,0.0013
8_15,675.29,678.43,0.0012
8_15,686.96,693.35,0.0012
8_15,935.89,941.86,0.0011
8_15,952.33,963.35,0.0011
8_15,763.55,770.25,0.0011
8_15,1106.1,1112.46,0.001
8_15,1052.47,1073.26,0.001
8_15,883.29,886.08,0.001
5_2,771.86,779.26,0.9996
5_2,755.43,766.5,0.9993
5_2,678.06,713.75,0.9992
5_2,928.35,937.44,0.9988
5_2,919.02,928.07,0.9985
5_2,719.99,735.66,0.9956
5_2,937.75,965.9,0.9955
5_2,901.43,917.54,0.994
5_2,616.32,623.22,0.9939
5_2,740.97,751.63,0.9929
5_2,858.55,900.35,0.9923
5_2,1040.23,1047.45,0.9807
5_2,766.74,857.61,0.9792
5_2,640.67,685.56,0.9712
5_2,626.6,635.89,0.9515
5_2,1041.62,1048.94,0.3964
5_2,720.0,735.64,0.1356
5_2,937.71,965.93,0.1353
5_2,766.91,857.72,0.1341
5_2,616.31,623.22,0.1337
5_2,771.85,779.26,0.1318
5_2,678.04,713.7,0.129
5_2,1040.23,1047.45,0.0541
5_2,1027.38,1038.02,0.0238
5_2,1044.55,1088.82,0.0191
5_2,937.73,965.91,0.0183
5_2,616.32,623.23,0.0182
5_2,720.0,735.64,0.0182
5_2,771.85,779.26,0.0176
5_2,953.72,960.11,0.011
5_2,968.12,1013.53,0.0104
5_2,1033.75,1036.49,0.0092
5_2,697.33,718.45,0.0087
5_2,1127.6,1138.15,0.0085
5_2,815.13,821.33,0.0085
5_2,751.44,769.36,0.0077
5_2,635.71,654.47,0.0076
5_2,1041.55,1044.64,0.0075
5_2,837.21,843.5,0.0064
5_2,926.6,929.41,0.0063
5_2,899.33,933.64,0.0061
5_2,1152.31,1154.83,0.0058
5_2,785.89,792.08,0.0056
5_2,966.88,978.65,0.0053
5_2,984.57,990.58,0.0053
5_2,1007.39,1010.59,0.0052
5_2,1115.76,1127.89,0.0045
5_2,919.25,921.73,0.0044
5_2,778.89,790.64,0.0041
5_2,979.37,985.4,0.0039
5_2,680.95,686.31,0.0038
5_2,1048.17,1059.89,0.0035
5_2,867.62,890.03,0.0034
5_2,778.19,780.53,0.003
5_2,1057.95,1064.21,0.003
5_2,763.23,772.42,0.0028
5_2,861.72,943.91,0.0026
5_2,1035.87,1038.86,0.0026
5_2,1004.22,1007.48,0.0025
5_2,937.67,948.29,0.0024
5_2,756.66,762.39,0.0023
5_2,651.97,654.75,0.0023
5_2,660.89,735.31,0.0022
5_2,1025.44,1048.54,0.0021
5_2,737.7,740.55,0.0021
5_2,739.55,759.94,0.002
5_2,627.74,633.46,0.002
5_2,991.78,1013.87,0.002
5_2,1095.56,1101.97,0.002
5_2,866.2,872.15,0.002
5_2,831.78,836.97,0.0019
5_2,893.53,896.22,0.0019
5_2,863.52,866.58,0.0018
5_2,1070.89,1083.63,0.0018
5_2,1006.49,1011.58,0.0017
5_2,804.56,807.21,0.0017
5_2,687.24,689.71,0.0017
5_2,773.12,814.95,0.0015
5_2,734.5,739.85,0.0015
5_2,650.6,672.42,0.0015
5_2,1038.42,1049.24,0.0015
5_2,642.49,647.99,0.0014
5_2,826.87,832.76,0.0014
5_2,676.35,679.54,0.0014
5_2,821.34,824.43,0.0014
5_2,1082.08,1087.49,0.0014
5_2,1084.75,1164.14,0.0014
5_2,1086.19,1091.98,0.0013
5_2,924.6,927.23,0.0013
5_2,1103.74,1115.32,0.0012
5_2,860.58,863.25,0.0012
5_2,635.95,641.97,0.0012
5_2,896.65,901.68,0.0012
5_2,648.05,651.02,0.0012
5_2,764.19,769.96,0.0011
5_2,713.45,716.0,0.0011
5_2,807.08,810.09,0.0011
5_2,1103.1,1105.98,0.0011
5_2,1047.61,1053.49,0.001
5_2,1009.65,1015.16,0.001
5_2,1054.67,1065.81,0.001
17_15,768.43,780.12,0.9996
17_15,698.25,758.1,0.9991
17_15,614.61,633.67,0.9986
17_15,636.09,692.73,0.9985
17_15,938.1,980.47,0.9975
17_15,916.63,931.4,0.997
17_15,987.38,999.86,0.9933
17_15,818.76,855.73,0.9923
17_15,1016.11,1023.56,0.99
17_15,870.65,908.18,0.9874
17_15,1005.12,1007.87,0.9654
17_15,698.27,758.07,0.1354
17_15,916.64,931.39,0.1353
17_15,938.1,980.51,0.1344
17_15,916.65,931.4,0.0182
17_15,698.28,758.05,0.0181
17_15,697.79,703.71,0.0162
17_15,1015.67,1026.51,0.0099
17_15,615.09,626.62,0.0097
17_15,657.96,664.7,0.0092
17_15,914.34,917.24,0.0074
17_15,802.86,813.57,0.0068
17_15,998.6,1010.62,0.0063
17_15,976.4,982.23,0.0062
17_15,868.96,880.91,0.0057
17_15,862.54,865.2,0.0055
17_15,621.46,624.27,0.0052
17_15,904.79,907.29,0.0045
17_15,1070.85,1083.52,0.0042
17_15,706.13,718.8,0.004
17_15,1129.27,1140.49,0.0034
17_15,646.92,652.57,0.0034
17_15,877.36,898.22,0.0033
17_15,999.42,1002.12,0.0032
17_15,704.82,707.46,0.003
17_15,626.03,636.57,0.0029
17_15,778.54,788.73,0.0029
17_15,688.17,690.94,0.0026
17_15,777.54,779.92,0.0026
17_15,745.55,765.06,0.0025
17_15,1014.4,1025.17,0.0025
17_15,886.65,889.42,0.0024
17_15,861.07,867.08,0.0024
17_15,906.86,912.65,0.0023
17_15,637.14,709.7,0.0023
17_15,857.25,862.31,0.0022
17_15,1063.25,1066.62,0.0022
17_15,729.7,736.04,0.002
17_15,1144.14,1147.03,0.002
17_15,871.65,913.81,0.0019
17_15,1105.64,1117.45,0.0017
17_15,1046.59,1052.55,0.0016
17_15,645.19,667.19,0.0016
17_15,636.09,642.18,0.0016
17_15,1003.6,1008.72,0.0015
17_15,701.13,703.47,0.0014
17_15,633.41,635.98,0.0014
17_15,672.41,684.52,0.0014
17_15,1012.72,1104.91,0.0014
17_15,1125.28,1131.47,0.0013
17_15,1005.32,1016.98,0.0012
17_15,711.44,722.37,0.0011
17_15,959.77,962.3,0.0011
17_15,719.9,731.37,0.0011
17_15,1105.67,1111.2,0.001
2_47,1070.13,1119.87,0.9996
2_47,932.8,995.92,0.9984
2_47,741.88,763.64,0.998
2_47,677.74,709.34,0.9977
2_47,1013.22,1033.98,0.9976
2_47,764.53,785.3,0.9967
2_47,906.49,918.24,0.9961
2_47,1117.17,1129.84,0.9943
2_47,715.53,725.11,0.9939
2_47,996.92,1012.29,0.9927
2_47,624.39,678.61,0.9884
2_47,921.85,930.9,0.9862
2_47,1130.75,1176.89,0.9857
2_47,781.43,885.98,0.9833
2_47,708.44,716.59,0.9681
2_47,1035.81,1068.32,0.9663
2_47,741.91,763.63,0.1358
2_47,1070.14,1119.92,0.135
2_47,932.72,995.97,0.1345
2_47,1117.18,1129.85,0.1344
2_47,996.92,1012.29,0.1335
2_47,764.52,785.3,0.1333
2_47,624.33,678.57,0.1331
2_47,715.52,725.12,0.1329
2_47,906.48,918.24,0.1298
2_47,725.25,737.39,0.0213
2_47,932.76,995.96,0.0181
2_47,996.92,1012.28,0.0179
2_47,1117.17,1129.86,0.0179
2_47,789.52,833.55,0.0136
2_47,616.09,619.04,0.0122
2_47,787.15,797.2,0.0079
2_47,716.95,723.33,0.0074
2_47,984.22,993.88,0.0073
2_47,786.83,788.87,0.0067
2_47,935.41,958.0,0.0057
2_47,1017.22,1019.97,0.0054
2_47,712.85,715.56,0.005
2_47,896.18,905.37,0.0043
2_47,1070.66,1073.14,0.0041
2_47,1040.2,1051.33,0.004
2_47,922.51,931.81,0.0037
2_47,739.75,743.08,0.0037
2_47,738.07,740.44,0.0034
2_47,677.46,683.21,0.0034
2_47,1037.2,1039.31,0.003
2_47,1087.57,1114.86,0.0028
2_47,937.08,949.03,0.0026
2_47,733.08,735.84,0.0024
2_47,906.48,924.36,0.0024
2_47,999.11,1036.36,0.0023
2_47,805.16,830.82,0.0023
2_47,1032.29,1040.69,0.0021
2_47,898.24,909.09,0.002
2_47,711.91,732.41,0.0019
2_47,1037.5,1069.59,0.0019
2_47,996.39,999.11,0.0018
2_47,615.02,625.59,0.0017
2_47,853.78,859.46,0.0016
2_47,768.2,771.27,0.0016
2_47,992.0,994.92,0.0016
2_47,1101.92,1115.68,0.0016
2_47,854.79,900.64,0.0015
2_47,665.89,676.99,0.0015
2_47,927.27,929.77,0.0015
2_47,961.62,994.16,0.0014
2_47,1070.0,1080.62,0.0013
2_47,1180.15,1191.85,0.0013
2_47,906.42,908.99,0.0013
2_47,742.92,755.02,0.0012
2_47,909.51,912.47,0.0012
2_47,1123.12,1129.42,0.0011
2_47,839.4,842.66,0.0011
2_47,788.05,799.42,0.001
2_47,1123.71,1193.16,0.001
2_47,621.94,642.75,0.001
28_25,814.53,888.89,0.9995
28_25,897.85,939.14,0.9994
28_25,981.86,1029.15,0.998
28_25,755.56,802.41,0.997
28_25,1033.32,1074.99,0.997
28_25,659.08,695.42,0.9966
28_25,1076.26,1088.1,0.9964
28_25,1148.2,1171.57,0.9958
28_25,1029.13,1033.36,0.9952
28_25,973.77,981.97,0.9928
28_25,697.14,755.58,0.9922
28_25,955.51,973.75,0.9868
28_25,1097.58,1104.62,0.9839
28_25,617.74,650.94,0.9784
28_25,1104.64,1127.88,0.9709
28_25,650.98,659.07,0.9474
28_25,1134.29,1171.53,0.4513
28_25,1076.25,1088.11,0.1351
28_25,755.61,802.47,0.135
28_25,897.91,939.18,0.1348
28_25,1033.34,1074.99,0.1343
28_25,973.76,981.97,0.1343
28_25,659.1,695.44,0.1326
28_25,617.74,650.96,0.1324
28_25,697.09,755.55,0.1324
28_25,1104.64,1127.89,0.1316
28_25,697.14,755.53,0.0178
28_25,1105.04,1107.37,0.0174
28_25,1116.05,1128.58,0.0161
28_25,811.43,836.01,0.014
28_25,920.61,940.46,0.0093
28_25,939.4,942.4,0.0081
28_25,1105.0,1111.71,0.0066
28_25,942.3,947.96,0.0055
28_25,730.23,752.7,0.005
28_25,981.59,1024.61,0.0046
28_25,885.75,956.85,0.0046
28_25,956.63,960.04,0.0044
28_25,674.97,696.64,0.0044
28_25,897.45,907.79,0.0043
28_25,758.81,778.96,0.004
28_25,1130.63,1148.56,0.004
28_25,812.9,815.79,0.0036
28_25,1006.67,1013.64,0.0034
28_25,853.06,893.5,0.0032
28_25,1095.84,1128.46,0.0031
28_25,618.98,624.94,0.0027
28_25,937.03,942.22,0.0025
28_25,651.65,660.81,0.0024
28_25,982.77,988.13,0.0024
28_25,1093.15,1104.99,0.0023
28_25,944.16,975.32,0.0022
28_25,985.73,1008.48,0.0021
28_25,1025.05,1028.19,0.0021
28_25,928.67,940.93,0.002
28_25,699.04,712.98,0.002
28_25,1161.02,1172.63,0.0019
28_25,842.53,856.51,0.0019
28_25,611.09,647.02,0.0018
28_25,652.21,655.54,0.0018
28_25,1171.64,1177.37,0.0015
28_25,941.25,953.46,0.0015
28_25,806.83,809.26,0.0015
28_25,887.23,896.51,0.0014
28_25,1061.71,1075.49,0.0014
28_25,1088.59,1099.49,0.0013
28_25,1005.27,1018.04,0.0013
28_25,968.4,974.42,0.0012
28_25,896.56,914.65,0.0011
28_25,1040.45,1064.27,0.0011
28_25,816.96,899.95,0.0011
28_25,1074.77,1089.5,0.001
8_50,713.81,748.65,0.9997
8_50,651.38,663.62,0.989
8_50,701.47,713.53,0.9878
8_50,614.75,651.4,0.9864
8_50,665.63,699.61,0.9722
8_50,713.77,748.64,0.1335
8_50,701.48,713.53,0.1316
8_50,868.63,870.96,0.0158
8_50,816.42,838.49,0.0097
8_50,715.99,721.98,0.0088
8_50,685.86,692.53,0.0072
8_50,842.17,847.65,0.0069
8_50,754.72,797.85,0.0064
8_50,858.8,869.43,0.0055
8_50,829.35,832.62,0.0053
8_50,681.23,684.09,0.0048
8_50,762.0,768.15,0.0037
8_50,693.64,696.23,0.0037
8_50,824.38,834.94,0.0036
8_50,714.92,721.01,0.003
8_50,795.81,798.78,0.0023
8_50,698.48,700.8,0.0021
8_50,660.13,705.23,0.0021
8_50,836.34,873.3,0.0021
8_50,831.79,834.49,0.0019
8_50,664.53,670.68,0.0018
8_50,865.66,868.62,0.0017
8_50,714.51,736.82,0.0016
8_50,670.27,681.63,0.0016
8_50,651.03,670.08,0.0014
8_50,803.64,809.43,0.0013
8_50,806.27,848.4,0.0012
8_50,614.34,617.54,0.0012
8_50,795.49,802.05,0.0012
8_50,779.01,784.9,0.0012
8_50,873.76,876.74,0.0011
20_47,1067.22,1094.41,0.9985
20_47,1159.34,1169.37,0.9985
20_47,1170.93,1189.35,0.996
20_47,1058.77,1067.13,0.9951
20_47,1202.74,1213.78,0.9951
20_47,1222.08,1228.8,0.9948
20_47,753.48,777.85,0.9921
20_47,1189.86,1198.49,0.9914
20_47,872.35,879.73,0.9911
20_47,782.45,800.54,0.9896
20_47,1098.39,1158.56,0.9868
20_47,617.97,717.79,0.9847
20_47,882.54,931.7,0.9845
20_47,954.77,1066.91,0.9781
20_47,939.85,954.31,0.9762
20_47,806.6,868.92,0.9751
20_47,721.15,939.58,0.7217
20_47,1170.93,1189.34,0.1349
20_47,1222.06,1228.8,0.134
20_47,872.38,879.72,0.1338
20_47,1067.17,1094.4,0.1331
20_47,1202.73,1213.78,0.1317
20_47,753.48,777.85,0.1309
20_47,782.45,800.55,0.1287
20_47,882.44,931.72,0.1178
20_47,721.0,939.42,0.0845
20_47,1067.22,1094.36,0.0182
20_47,872.37,879.72,0.0179
20_47,713.56,716.7,0.0079
20_47,1098.4,1105.37,0.006
20_47,749.32,752.43,0.006
20_47,754.98,759.77,0.0054
20_47,955.86,979.68,0.0052
20_47,1213.88,1223.79,0.0051
20_47,620.7,664.09,0.0048
20_47,1058.81,1067.64,0.0045
20_47,1108.2,1156.65,0.0044
20_47,884.19,908.58,0.0038
20_47,690.03,718.11,0.0037
20_47,726.37,732.76,0.0034
20_47,1191.05,1197.88,0.0033
20_47,1098.08,1112.11,0.0028
20_47,1161.97,1168.42,0.0028
20_47,756.61,771.11,0.0026
20_47,965.05,979.66,0.0023
20_47,854.12,927.86,0.002
20_47,719.06,741.59,0.002
20_47,822.17,829.09,0.0018
20_47,740.43,746.6,0.0017
20_47,619.13,621.49,0.0017
20_47,971.53,992.62,0.0016
20_47,940.21,958.75,0.0016
20_47,755.2,758.37,0.0015
20_47,1218.24,1228.8,0.0014
20_47,712.28,717.46,0.0014
20_47,1013.27,1066.97,0.0014
20_47,1068.25,1087.04,0.0013
20_47,627.34,723.09,0.0012
20_47,1190.05,1193.17,0.0012
20_47,617.67,619.63,0.0011
20_47,744.07,747.2,0.0011
20_47,786.29,800.3,0.001
20_47,626.82,633.94,0.001
5_19,1032.26,1046.26,0.9992
5_19,924.3,942.69,0.9988
5_19,615.17,627.99,0.9986
5_19,666.45,710.28,0.9973
5_19,725.72,740.02,0.997
5_19,790.44,793.64,0.9969
5_19,810.75,874.26,0.9965
5_19,878.18,910.39,0.9942
5_19,740.82,746.56,0.9935
5_19,748.99,777.29,0.9927
5_19,1002.81,1032.04,0.992
5_19,874.42,877.92,0.9917
5_19,942.94,998.03,0.9823
5_19,631.49,663.74,0.9808
5_19,910.73,924.41,0.9699
5_19,810.64,874.3,0.1357
5_19,1032.27,1046.23,0.1356
5_19,615.17,628.0,0.1355
5_19,748.97,777.35,0.1355
5_19,874.43,877.92,0.1343
5_19,666.4,710.3,0.134
5_19,790.44,793.63,0.1336
5_19,725.71,740.02,0.1333
5_19,1002.76,1032.02,0.133
5_19,1047.93,1059.45,0.0279
5_19,810.67,874.25,0.0184
5_19,615.17,628.0,0.0184
5_19,748.98,777.28,0.0183
5_19,1032.27,1046.25,0.0182
5_19,874.43,877.92,0.0181
5_19,1068.65,1081.22,0.0167
5_19,812.2,817.39,0.0136
5_19,945.37,966.84,0.0091
5_19,635.66,671.59,0.0089
5_19,877.69,882.19,0.0068
5_19,704.32,710.35,0.0062
5_19,785.62,790.69,0.005
5_19,722.55,745.06,0.0048
5_19,628.8,633.98,0.0046
5_19,1086.24,1092.03,0.0046
5_19,1045.84,1064.01,0.0042
5_19,830.63,841.35,0.004
5_19,1096.69,1109.1,0.0039
5_19,920.4,922.95,0.0037
5_19,882.9,895.03,0.0036
5_19,800.01,806.02,0.0034
5_19,868.76,874.7,0.0032
5_19,633.95,646.21,0.003
5_19,850.59,872.28,0.0028
5_19,903.92,944.34,0.0027
5_19,681.75,692.86,0.0026
5_19,806.71,812.69,0.0026
5_19,940.31,945.63,0.0023
5_19,838.28,851.19,0.0023
5_19,663.87,684.71,0.0023
5_19,769.33,772.13,0.0022
5_19,884.31,887.25,0.0018
5_19,978.79,1000.9,0.0018
5_19,819.3,843.97,0.0017
5_19,713.4,748.41,0.0016
5_19,987.4,1063.31,0.0016
5_19,618.14,662.74,0.0016
5_19,1073.58,1076.6,0.0016
5_19,906.89,912.8,0.0015
5_19,658.16,660.9,0.0015
5_19,1091.41,1111.99,0.0014
5_19,993.24,1003.8,0.0014
5_19,790.08,794.34,0.0014
5_19,935.8,941.18,0.0013
5_19,1115.21,1120.73,0.0013
5_19,824.61,827.38,0.0013
5_19,1065.74,1086.04,0.0012
5_19,806.59,809.38,0.0012
5_19,993.99,996.42,0.0012
5_19,642.96,654.33,0.0012
5_19,905.61,908.86,0.0011
5_19,837.56,840.48,0.0011
5_19,728.33,735.39,0.0011
5_19,702.78,706.22,0.0011
5_19,1075.7,1081.59,0.001
1_34,636.16,658.86,0.9981
1_34,701.99,717.9,0.9964
1_34,660.84,694.11,0.9958
1_34,767.64,782.89,0.9957
1_34,750.88,767.14,0.9931
1_34,694.61,700.73,0.9902
1_34,615.13,631.28,0.9766
1_34,721.6,730.22,0.9763
1_34,731.21,745.16,0.9694
1_34,783.37,791.57,0.9671
1_34,792.38,793.48,0.9508
1_34,701.98,717.9,0.1345
1_34,767.63,782.89,0.1339
1_34,660.83,694.16,0.1315
1_34,701.99,717.91,0.0182
1_34,890.97,911.09,0.0115
1_34,716.39,718.58,0.0079
1_34,778.2,781.24,0.0067
1_34,752.75,762.94,0.0049
1_34,861.32,866.72,0.0047
1_34,929.31,939.62,0.0039
1_34,714.39,716.88,0.0037
1_34,739.26,742.27,0.0035
1_34,703.11,705.78,0.0035
1_34,668.72,688.2,0.0032
1_34,622.34,660.7,0.0031
1_34,799.66,841.05,0.0026
1_34,791.56,797.63,0.0022
1_34,819.79,822.66,0.0021
1_34,614.57,636.99,0.0019
1_34,634.32,706.69,0.0018
1_34,905.26,908.03,0.0018
1_34,682.78,685.52,0.0015
1_34,766.48,783.01,0.0014
1_34,717.24,722.83,0.0014
1_34,656.68,659.34,0.0014
1_34,822.92,828.24,0.0014
1_34,838.54,850.84,0.0014
1_34,756.03,758.83,0.0013
1_34,722.38,725.05,0.0013
1_34,686.34,692.06,0.0013
1_34,676.32,682.84,0.0013
1_34,912.81,948.12,0.0013
1_34,694.19,726.1,0.0012
1_34,659.84,671.41,0.0012
1_34,701.32,703.5,0.0012
1_34,643.11,653.96,0.0011
1_34,889.88,895.73,0.0011
18_41,649.3,727.93,0.999
18_41,621.44,644.81,0.9989
18_41,870.4,926.79,0.9986
18_41,833.49,840.83,0.9968
18_41,789.23,794.85,0.9945
18_41,828.53,832.31,0.9939
18_41,768.11,788.15,0.9937
18_41,730.82,766.46,0.9916
18_41,795.14,827.69,0.988
18_41,616.69,620.16,0.9839
18_41,926.96,930.15,0.9838
18_41,931.34,934.15,0.9656
18_41,768.12,788.13,0.1352
18_41,621.44,644.82,0.135
18_41,833.49,840.83,0.1346
18_41,649.22,727.95,0.1345
18_41,789.23,794.85,0.1344
18_41,616.69,620.16,0.1337
18_41,828.53,832.31,0.1332
18_41,926.96,930.15,0.1332
18_41,870.4,926.58,0.1332
18_41,870.39,926.75,0.0182
18_41,828.54,832.31,0.0181
18_41,833.49,840.83,0.018
18_41,898.94,901.56,0.0146
18_41,888.48,891.52,0.0086
18_41,884.38,887.17,0.0082
18_41,1005.92,1008.91,0.0078
18_41,1137.84,1149.54,0.0061
18_41,976.52,981.66,0.0058
18_41,1040.41,1043.02,0.0056
18_41,740.37,760.97,0.0054
18_41,1101.11,1103.87,0.0053
18_41,1032.93,1038.21,0.0048
18_41,619.56,622.67,0.0046
18_41,1015.99,1027.8,0.0046
18_41,786.97,796.69,0.0041
18_41,643.59,663.72,0.0039
18_41,746.82,749.63,0.0036
18_41,631.79,643.72,0.0035
18_41,964.51,970.25,0.0033
18_41,662.1,706.3,0.0032
18_41,589.69,628.45,0.0031
18_41,730.83,754.14,0.003
18_41,664.93,670.63,0.003
18_41,864.81,869.76,0.0026
18_41,770.68,776.46,0.0023
18_41,749.49,752.37,0.0023
18_41,1069.34,1150.77,0.0023
18_41,700.72,711.84,0.0022
18_41,758.2,769.16,0.0021
18_41,796.77,836.09,0.0021
18_41,722.25,725.14,0.002
18_41,976.79,979.6,0.002
18_41,1115.78,1118.85,0.0019
18_41,689.05,701.34,0.0018
18_41,841.3,852.15,0.0018
18_41,1095.32,1106.83,0.0018
18_41,982.66,985.62,0.0018
18_41,1079.91,1085.45,0.0017
18_41,611.82,643.48,0.0017
18_41,1138.86,1141.68,0.0017
18_41,1001.86,1004.53,0.0017
18_41,926.25,969.81,0.0016
18_41,623.29,628.79,0.0016
18_41,1089.7,1092.6,0.0016
18_41,651.95,657.68,0.0015
18_41,847.95,859.41,0.0015
18_41,1039.13,1050.84,0.0014
18_41,673.23,679.47,0.0014
18_41,877.4,888.61,0.0013
18_41,833.58,836.01,0.0013
18_41,612.62,615.9,0.0013
18_41,819.63,825.11,0.0013
18_41,776.62,782.91,0.0013
18_41,905.8,911.74,0.0013
18_41,740.24,746.35,0.0012
18_41,1097.65,1099.85,0.0012
18_41,710.58,730.44,0.0012
18_41,929.73,935.16,0.0012
18_41,695.81,698.5,0.0012
18_41,993.26,999.4,0.0012
18_41,806.82,810.37,0.0011
18_41,1003.64,1008.51,0.0011
18_41,901.51,923.59,0.0011
18_41,1076.02,1087.89,0.001
18_41,753.23,765.83,0.001
18_41,940.01,942.78,0.001
18_41,991.13,993.9,0.001
27_17,809.71,834.01,0.9983
27_17,937.56,972.84,0.998
27_17,1009.75,1051.26,0.998
27_17,848.95,934.43,0.9957
27_17,980.71,997.16,0.9949
27_17,1054.41,1065.38,0.9922
27_17,637.93,655.96,0.9916
27_17,832.45,846.56,0.9914
27_17,677.28,764.95,0.9839
27_17,1067.74,1096.79,0.9788
27_17,796.36,804.21,0.9644
27_17,809.68,834.03,0.1344
27_17,637.93,655.97,0.1335
27_17,832.43,846.56,0.1323
27_17,809.71,834.02,0.0181
27_17,982.58,985.51,0.0136
27_17,1062.99,1103.59,0.0097
27_17,621.33,639.18,0.0095
27_17,1016.35,1039.84,0.0069
27_17,614.61,617.36,0.0068
27_17,1055.98,1058.22,0.0062
27_17,658.3,680.87,0.006
27_17,1139.5,1151.75,0.0057
27_17,958.99,961.94,0.0056
27_17,985.27,988.1,0.0042
27_17,735.58,738.54,0.0041
27_17,834.67,840.38,0.0038
27_17,721.07,764.31,0.0037
27_17,782.2,805.51,0.0035
27_17,1068.94,1092.98,0.0034
27_17,986.18,997.66,0.003
27_17,773.56,776.45,0.0028
27_17,832.66,855.18,0.0026
27_17,971.89,982.22,0.0023
27_17,633.81,678.12,0.0021
27_17,791.57,835.78,0.0021
27_17,952.85,973.65,0.0021
27_17,752.21,774.93,0.002
27_17,625.61,628.52,0.0019
27_17,855.02,938.59,0.0015
27_17,991.41,996.81,0.0015
27_17,892.34,895.2,0.0015
27_17,738.93,751.44,0.0014
27_17,766.98,807.26,0.0013
27_17,933.94,953.02,0.0012
27_17,1001.72,1070.03,0.0012
27_17,1029.4,1035.79,0.0012
27_17,1112.49,1118.65,0.0011
27_17,668.59,675.34,0.001
27_17,600.6,627.24,0.001
28_26,679.27,732.91,0.9997
28_26,663.05,675.95,0.9994
28_26,922.97,939.19,0.9987
28_26,847.69,856.44,0.9964
28_26,905.09,917.55,0.9962
28_26,945.41,970.36,0.9936
28_26,756.39,821.82,0.9936
28_26,984.52,995.33,0.9892
28_26,1014.45,1024.84,0.9814
28_26,1025.28,1039.82,0.9736
28_26,997.81,1007.8,0.9654
28_26,825.27,847.68,0.9634
28_26,639.76,658.89,0.9599
28_26,857.26,866.42,0.9443
28_26,847.7,856.43,0.1358
28_26,679.23,732.97,0.1354
28_26,905.09,917.56,0.1348
28_26,945.42,970.35,0.1323
28_26,675.41,685.48,0.0151
28_26,886.01,897.42,0.0111
28_26,990.01,995.83,0.01
28_26,657.75,676.28,0.0099
28_26,980.37,998.23,0.0076
28_26,751.84,754.32,0.0065
28_26,947.63,953.14,0.0057
28_26,799.03,809.15,0.0056
28_26,843.28,848.29,0.0056
28_26,1105.5,1147.12,0.0054
28_26,625.94,671.81,0.005
28_26,856.73,859.31,0.005
28_26,1082.07,1102.29,0.0049
28_26,734.32,739.46,0.0049
28_26,998.02,1003.08,0.0047
28_26,1001.62,1007.76,0.0037
28_26,634.82,641.14,0.0034
28_26,925.9,937.16,0.0032
28_26,1027.35,1033.26,0.0031
28_26,891.31,894.57,0.0028
28_26,1112.02,1124.25,0.0027
28_26,733.27,743.5,0.0024
28_26,862.9,869.18,0.0024
28_26,695.51,701.75,0.0023
28_26,894.94,905.43,0.0022
28_26,1045.19,1087.79,0.0022
28_26,615.84,639.13,0.0022
28_26,848.3,851.06,0.002
28_26,997.2,1014.59,0.0019
28_26,1013.93,1016.98,0.0019
28_26,1055.12,1060.97,0.0018
28_26,635.76,737.69,0.0017
28_26,729.13,734.53,0.0017
28_26,923.33,943.62,0.0017
28_26,701.62,703.97,0.0016
28_26,845.53,848.27,0.0016
28_26,945.01,947.41,0.0016
28_26,921.21,923.86,0.0015
28_26,663.11,674.04,0.0015
28_26,625.21,627.99,0.0014
28_26,1103.35,1124.45,0.0013
28_26,828.57,848.85,0.0013
28_26,629.48,635.58,0.0013
28_26,1051.23,1054.3,0.0013
28_26,1128.13,1131.08,0.0012
28_26,1058.88,1061.73,0.0012
28_26,1040.27,1050.86,0.0012
28_26,875.24,878.54,0.0012
28_26,904.88,925.61,0.0012
28_26,947.74,960.02,0.0011
28_26,698.04,718.83,0.001
2_13,1096.14,1115.28,1.0
2_13,1016.25,1027.49,0.9987
2_13,1055.59,1096.18,0.9975
2_13,623.41,687.49,0.9946
2_13,698.88,838.31,0.9935
2_13,842.89,851.89,0.9932
2_13,1176.01,1192.53,0.9925
2_13,858.7,892.42,0.9913
2_13,1189.49,1228.8,0.9854
2_13,890.17,925.05,0.9829
2_13,1114.11,1176.04,0.982
2_13,937.46,1016.13,0.9797
2_13,922.82,934.08,0.9777
2_13,1028.63,1057.88,0.9597
2_13,1189.7,1228.8,0.1362
2_13,623.41,687.56,0.1345
2_13,1176.02,1192.53,0.1335
2_13,858.7,892.4,0.1328
2_13,890.2,925.04,0.1324
2_13,1028.64,1057.9,0.1277
2_13,1189.54,1228.8,0.0184
2_13,623.44,687.5,0.0179
2_13,1176.02,1192.52,0.0175
2_13,686.02,697.52,0.0135
2_13,1081.08,1094.04,0.0087
2_13,1012.66,1028.91,0.008
2_13,796.68,839.21,0.0058
2_13,1097.33,1115.83,0.0056
2_13,1122.66,1144.75,0.0053
2_13,1070.65,1073.06,0.0049
2_13,837.51,843.71,0.0042
2_13,743.97,766.75,0.0039
2_13,672.31,684.79,0.0035
2_13,695.03,739.93,0.0033
2_13,631.47,634.57,0.0032
2_13,1215.66,1218.36,0.0032
2_13,923.24,935.68,0.0028
2_13,896.62,921.79,0.0026
2_13,649.03,652.2,0.0024
2_13,926.54,929.5,0.0023
2_13,621.07,663.49,0.0022
2_13,615.81,626.36,0.0021
2_13,1116.27,1139.35,0.0019
2_13,936.13,978.04,0.0019
2_13,687.04,698.34,0.0018
2_13,850.04,852.45,0.0016
2_13,697.8,719.06,0.0015
2_13,1223.69,1228.8,0.0015
2_13,1127.6,1173.82,0.0015
2_13,1194.79,1207.31,0.0015
2_13,1059.93,1100.24,0.0014
2_13,814.51,835.87,0.0014
2_13,1066.84,1069.74,0.0013
2_13,908.58,921.87,0.0013
2_13,648.28,655.06,0.0012
2_13,761.06,764.15,0.0012
2_13,895.9,902.31,0.001
25_9,948.35,970.97,0.9994
25_9,1074.97,1084.74,0.998
25_9,777.1,780.77,0.9969
25_9,752.02,758.75,0.996
25_9,1046.22,1049.89,0.9955
25_9,1093.33,1112.25,0.9951
25_9,1051.12,1069.26,0.9944
25_9,781.29,942.58,0.994
25_9,975.34,1044.3,0.9929
25_9,1155.48,1159.26,0.9924
25_9,734.91,745.28,0.9916
25_9,942.41,944.54,0.9824
25_9,683.2,698.2,0.9808
25_9,761.81,776.48,0.9686
25_9,971.73,974.93,0.9648
25_9,701.32,723.18,0.9532
25_9,1117.07,1154.15,0.9497
25_9,1093.35,1154.44,0.3827
25_9,1046.22,1049.89,0.1342
25_9,777.1,780.77,0.1323
25_9,1051.12,1069.28,0.1314
25_9,971.73,974.93,0.1308
25_9,781.41,942.55,0.1301
25_9,761.8,776.48,0.1291
25_9,1093.31,1112.26,0.1117
25_9,1116.1,1118.5,0.0229
25_9,1145.55,1147.68,0.0206
25_9,1037.07,1046.12,0.0194
25_9,819.81,824.77,0.019
25_9,1046.22,1049.89,0.018
25_9,971.73,974.93,0.0173
25_9,660.52,666.92,0.0137
25_9,972.19,989.83,0.0093
25_9,971.45,973.49,0.0073
25_9,1089.18,1091.36,0.0072
25_9,1156.05,1159.37,0.0063
25_9,753.25,759.08,0.0063
25_9,785.4,787.45,0.0063
25_9,1026.25,1048.92,0.0061
25_9,931.37,953.24,0.0057
25_9,957.99,970.55,0.0052
25_9,975.58,982.54,0.0051
25_9,752.63,755.32,0.0051
25_9,942.5,945.01,0.0043
25_9,1152.86,1155.42,0.0043
25_9,811.08,816.76,0.0042
25_9,1069.05,1085.31,0.0042
25_9,1147.37,1152.74,0.0041
25_9,1040.79,1045.69,0.0036
25_9,677.66,748.65,0.0034
25_9,950.97,956.98,0.0032
25_9,938.83,941.84,0.0029
25_9,1092.91,1098.38,0.0027
25_9,641.25,666.99,0.0027
25_9,1113.44,1127.1,0.0026
25_9,740.15,746.7,0.0023
25_9,787.77,790.89,0.0022
25_9,1088.43,1158.37,0.0021
25_9,1128.26,1131.04,0.002
25_9,664.14,666.96,0.002
25_9,715.92,722.36,0.002
25_9,1001.34,1008.29,0.002
25_9,977.94,1021.13,0.0019
25_9,1070.14,1072.68,0.0018
25_9,762.28,767.84,0.0017
25_9,785.64,810.78,0.0017
25_9,1046.47,1048.68,0.0017
25_9,946.44,970.24,0.0017
25_9,1162.31,1175.65,0.0016
25_9,931.62,934.14,0.0015
25_9,975.0,977.24,0.0015
25_9,1124.23,1127.25,0.0015
25_9,1050.16,1055.32,0.0014
25_9,723.56,746.29,0.0013
25_9,760.44,762.29,0.0013
25_9,907.76,917.88,0.0012
25_9,1015.34,1033.92,0.0012
25_9,1128.76,1148.99,0.0011
25_9,836.68,839.02,0.0011
25_9,616.12,629.22,0.001
25_9,964.14,970.53,0.001
25_9,864.44,867.74,0.001
17_8,1003.08,1095.4,0.9993
17_8,809.05,897.96,0.9992
17_8,729.64,773.35,0.9987
17_8,897.91,942.77,0.9979
17_8,614.45,723.24,0.9973
17_8,1183.23,1203.94,0.9971
17_8,1206.67,1228.8,0.9946
17_8,1153.38,1178.01,0.9945
17_8,949.07,998.49,0.9936
17_8,1101.51,1138.34,0.9902
17_8,777.34,809.05,0.9702
17_8,1003.02,1095.35,0.1339
17_8,1153.4,1178.02,0.1326
17_8,949.72,952.01,0.0194
17_8,1207.66,1221.04,0.0105
17_8,694.63,722.76,0.0085
17_8,1101.52,1111.55,0.0084
17_8,668.62,680.41,0.0075
17_8,948.64,972.69,0.0069
17_8,741.13,765.93,0.0063
17_8,694.69,697.37,0.0057
17_8,625.49,725.4,0.0045
17_8,1056.51,1094.62,0.0043
17_8,921.1,999.38,0.0041
17_8,667.41,670.0,0.0041
17_8,613.61,615.33,0.0035
17_8,841.72,899.49,0.0032
17_8,1193.78,1203.7,0.0025
17_8,1228.69,1228.8,0.0025
17_8,620.16,630.63,0.0025
17_8,629.96,636.85,0.0024
17_8,793.43,806.76,0.0022
17_8,1100.59,1144.18,0.0019
17_8,953.69,1000.13,0.0018
17_8,949.43,951.79,0.0018
17_8,1209.37,1228.8,0.0018
17_8,843.57,857.72,0.0015
17_8,1091.77,1101.53,0.0015
17_8,770.14,776.58,0.0015
17_8,893.44,979.59,0.0015
17_8,1155.05,1179.33,0.0014
17_8,1017.67,1060.87,0.0014
17_8,1012.91,1018.21,0.0012
17_8,1071.67,1092.62,0.0012
17_8,632.86,635.61,0.0012
17_8,878.07,896.53,0.0012
17_8,679.55,682.56,0.0012
17_8,804.15,807.6,0.0011
17_8,1154.24,1159.75,0.0011
17_8,741.29,755.89,0.001
29_37,980.97,1003.16,0.9989
29_37,801.48,829.69,0.9979
29_37,958.33,962.71,0.9976
29_37,897.67,951.75,0.996
29_37,620.73,653.64,0.9957
29_37,655.35,685.04,0.9951
29_37,692.18,795.19,0.9949
29_37,964.17,972.46,0.9898
29_37,866.75,896.92,0.9763
29_37,831.48,863.56,0.9665
29_37,897.68,951.79,0.1352
29_37,692.13,795.16,0.1347
29_37,980.96,1003.17,0.1345
29_37,958.33,962.71,0.1342
29_37,620.72,653.65,0.1338
29_37,655.35,685.02,0.1336
29_37,801.49,829.72,0.1332
29_37,866.74,896.95,0.1319
29_37,831.42,863.54,0.1317
29_37,801.45,829.73,0.0181
29_37,655.36,685.03,0.0181
29_37,866.77,896.94,0.0176
29_37,1131.37,1153.73,0.009
29_37,675.94,678.77,0.009
29_37,1004.91,1025.83,0.0082
29_37,1134.04,1136.87,0.0079
29_37,647.51,653.66,0.0076
29_37,968.79,971.39,0.0075
29_37,796.03,801.49,0.0072
29_37,626.67,636.83,0.0055
29_37,725.88,777.0,0.0055
29_37,659.9,664.92,0.0047
29_37,933.45,944.39,0.0046
29_37,1117.25,1120.26,0.0041
29_37,608.31,618.15,0.0039
29_37,868.96,880.14,0.0037
29_37,697.51,719.12,0.0033
29_37,980.56,983.53,0.0031
29_37,716.61,719.94,0.003
29_37,962.31,966.96,0.0025
29_37,833.21,856.45,0.0023
29_37,614.52,620.25,0.0022
29_37,914.98,917.45,0.0022
29_37,1004.08,1006.67,0.0021
29_37,982.37,993.64,0.0021
29_37,1146.19,1149.16,0.0021
29_37,1096.95,1108.75,0.002
29_37,756.52,758.86,0.0019
29_37,900.37,925.41,0.0019
29_37,858.21,863.26,0.0019
29_37,959.11,961.89,0.0018
29_37,1119.67,1122.49,0.0018
29_37,681.92,687.61,0.0018
29_37,671.59,674.38,0.0017
29_37,934.68,940.42,0.0016
29_37,760.76,784.58,0.0016
29_37,794.15,797.31,0.0016
29_37,1103.85,1107.5,0.0016
29_37,1040.69,1043.61,0.0015
29_37,1061.56,1072.06,0.0015
29_37,821.29,824.19,0.0015
29_37,965.98,971.42,0.0015
29_37,1076.79,1080.03,0.0015
29_37,621.35,626.43,0.0014
29_37,877.33,880.26,0.0014
29_37,931.97,934.66,0.0014
29_37,1150.54,1153.46,0.0014
29_37,720.9,732.28,0.0014
29_37,1054.91,1061.4,0.0013
29_37,694.12,696.76,0.0013
29_37,654.22,664.75,0.0012
29_37,958.38,1032.89,0.0012
29_37,630.63,655.55,0.0011
29_37,1087.22,1089.79,0.0011
29_37,867.56,884.92,0.001
29_37,825.34,827.96,0.001
29_37,702.47,713.83,0.001
29_37,1138.73,1141.67,0.001
29_37,1121.11,1124.18,0.001
15_46,765.01,768.12,0.9996
15_46,1220.79,1228.8,0.9983
15_46,1007.97,1013.05,0.9973
15_46,725.92,764.51,0.9962
15_46,770.27,785.39,0.9947
15_46,704.26,724.78,0.9947
15_46,1019.59,1037.36,0.9944
15_46,1039.44,1045.8,0.993
15_46,835.4,934.43,0.9921
15_46,936.53,945.81,0.99
15_46,951.53,1001.3,0.9875
15_46,934.44,936.0,0.9856
15_46,682.64,700.93,0.9811
15_46,1201.65,1210.86,0.9803
15_46,946.64,950.07,0.9773
15_46,820.86,834.13,0.9758
15_46,1046.31,1201.51,0.9706
15_46,616.04,678.2,0.9598
15_46,704.25,724.8,0.1352
15_46,1220.79,1228.8,0.1345
15_46,1007.97,1013.04,0.134
15_46,765.01,768.11,0.1339
15_46,951.48,1001.34,0.1337
15_46,725.87,764.5,0.1336
15_46,770.28,785.39,0.1332
15_46,1039.44,1045.8,0.1321
15_46,1201.65,1210.86,0.1312
15_46,934.44,936.0,0.1256
15_46,978.28,1000.83,0.023
15_46,765.01,768.12,0.0182
15_46,770.27,785.39,0.0177
15_46,1068.11,1086.77,0.0124
15_46,836.65,838.81,0.0113
15_46,699.69,701.7,0.0082
15_46,630.99,634.07,0.0065
15_46,854.68,857.06,0.0047
15_46,1009.57,1012.62,0.0045
15_46,1085.13,1089.3,0.0042
15_46,913.33,935.96,0.0042
15_46,936.23,995.46,0.004
15_46,726.89,737.43,0.0036
15_46,854.77,904.96,0.0036
15_46,688.41,701.25,0.0036
15_46,786.19,804.44,0.0034
15_46,1073.44,1085.24,0.0032
15_46,1222.3,1228.8,0.003
15_46,619.08,659.7,0.0029
15_46,761.86,764.65,0.0028
15_46,804.21,810.56,0.0028
15_46,989.94,1001.63,0.0026
15_46,951.71,963.42,0.0025
15_46,1030.8,1035.83,0.0025
15_46,1064.08,1071.46,0.0024
15_46,723.12,728.34,0.0024
15_46,1052.5,1054.78,0.0023
15_46,665.77,678.86,0.0023
15_46,1059.84,1178.95,0.0022
15_46,1016.3,1035.76,0.0021
15_46,1004.42,1014.15,0.002
15_46,891.32,904.11,0.002
15_46,768.35,770.88,0.0019
15_46,770.81,836.09,0.0018
15_46,1054.85,1065.24,0.0018
15_46,838.51,844.92,0.0017
15_46,1207.46,1209.85,0.0015
15_46,1049.53,1051.86,0.0014
15_46,900.96,903.78,0.0014
15_46,1087.45,1113.49,0.0014
15_46,995.05,1001.25,0.0014
15_46,1007.88,1010.52,0.0013
15_46,816.73,835.87,0.0013
15_46,696.16,701.07,0.0012
15_46,729.04,732.07,0.0012
15_46,923.85,935.78,0.0012
15_46,1062.88,1065.31,0.0012
15_46,777.65,783.75,0.0012
15_46,1038.47,1047.51,0.0012
15_46,940.32,1006.56,0.001
15_46,1210.63,1221.22,0.001
1_143,788.4,809.19,0.9992
1_143,736.85,759.66,0.999
1_143,715.57,735.35,0.9985
1_143,761.39,786.32,0.9982
1_143,821.34,859.24,0.998
1_143,624.1,648.68,0.9954
1_143,657.49,713.38,0.9896
1_143,917.22,934.39,0.9875
1_143,870.03,901.2,0.9813
1_143,902.39,916.28,0.974
1_143,761.34,786.33,0.1363
1_143,624.1,648.64,0.1358
1_143,736.86,759.67,0.1355
1_143,657.55,713.36,0.1347
1_143,821.32,859.24,0.1345
1_143,736.89,759.64,0.0185
1_143,761.38,786.29,0.0184
1_143,1041.38,1053.82,0.0121
1_143,954.34,991.05,0.0108
1_143,800.25,874.65,0.0098
1_143,932.15,953.78,0.0082
1_143,1142.17,1153.04,0.0081
1_143,892.3,897.74,0.0075
1_143,641.52,644.77,0.007
1_143,901.55,921.74,0.0068
1_143,993.0,1004.03,0.0058
1_143,685.53,697.26,0.0054
1_143,1153.95,1156.18,0.0053
1_143,808.9,820.63,0.005
1_143,668.5,680.36,0.0048
1_143,858.0,860.69,0.0035
1_143,647.54,725.93,0.0028
1_143,819.25,825.72,0.0027
1_143,1071.56,1083.42,0.0027
1_143,1020.28,1062.09,0.0026
1_143,1064.68,1070.56,0.0025
1_143,731.66,734.21,0.0025
1_143,791.68,794.32,0.0024
1_143,828.3,853.25,0.0024
1_143,987.67,994.14,0.0024
1_143,898.9,901.46,0.0021
1_143,747.27,821.95,0.002
1_143,707.03,718.02,0.002
1_143,678.68,704.2,0.0019
1_143,607.94,626.62,0.0019
1_143,907.84,913.96,0.0016
1_143,1009.64,1020.87,0.0015
1_143,715.81,722.05,0.0015
1_143,1108.13,1111.73,0.0014
1_143,983.62,989.41,0.0014
1_143,963.23,969.49,0.0014
1_143,1116.89,1123.21,0.0014
1_143,1145.06,1150.07,0.0013
1_143,935.03,957.01,0.0013
1_143,619.91,626.11,0.0013
1_143,933.89,936.96,0.0012
1_143,657.43,669.35,0.0012
1_143,1129.61,1132.0,0.0012
1_143,842.03,847.59,0.0012
1_143,896.2,899.01,0.0012
1_143,1030.07,1032.74,0.0011
1_143,860.56,863.02,0.0011
1_143,786.68,820.91,0.0011
4_30,647.24,674.35,0.9995
4_30,743.2,752.51,0.9989
4_30,1009.87,1030.48,0.9987
4_30,819.45,829.18,0.9985
4_30,956.37,992.85,0.9974
4_30,711.88,719.46,0.9965
4_30,680.09,701.99,0.9963
4_30,755.3,785.46,0.9952
4_30,1004.32,1008.16,0.9929
4_30,792.2,803.71,0.992
4_30,947.24,954.18,0.9888
4_30,806.83,809.13,0.9862
4_30,856.68,924.1,0.986
4_30,838.4,851.19,0.9849
4_30,851.28,854.98,0.9648
4_30,755.33,785.44,0.1354
4_30,743.19,752.5,0.1354
4_30,647.21,674.34,0.1346
4_30,819.46,829.17,0.1345
4_30,711.88,719.46,0.1342
4_30,947.25,954.18,0.1341
4_30,1004.32,1008.16,0.1337
4_30,647.21,674.37,0.0183
4_30,1004.32,1008.16,0.0181
4_30,711.88,719.46,0.018
4_30,830.24,840.89,0.0129
4_30,820.46,823.43,0.0127
4_30,953.49,958.16,0.0101
4_30,624.93,645.84,0.0099
4_30,679.17,757.66,0.0098
4_30,829.76,832.41,0.0098
4_30,1031.42,1051.15,0.0087
4_30,1112.19,1116.98,0.0079
4_30,641.19,647.53,0.0073
4_30,958.51,961.41,0.0065
4_30,849.6,861.27,0.0064
4_30,736.64,755.52,0.0061
4_30,700.03,712.02,0.0056
4_30,980.16,990.9,0.0053
4_30,650.91,656.67,0.0049
4_30,887.97,899.52,0.0046
4_30,834.7,836.85,0.0043
4_30,840.5,852.01,0.0042
4_30,935.26,946.63,0.0041
4_30,788.66,807.0,0.0041
4_30,1060.36,1073.41,0.0041
4_30,623.98,630.25,0.004
4_30,719.24,728.75,0.004
4_30,635.61,640.27,0.0036
4_30,799.27,801.93,0.0034
4_30,828.19,837.83,0.0033
4_30,865.46,875.79,0.0032
4_30,727.1,736.9,0.0029
4_30,990.57,1009.64,0.0027
4_30,1072.08,1078.28,0.0026
4_30,777.1,780.02,0.0023
4_30,942.55,961.19,0.0023
4_30,749.0,751.74,0.0022
4_30,1094.33,1114.73,0.002
4_30,913.17,919.53,0.002
4_30,838.04,859.34,0.002
4_30,610.36,618.21,0.0019
4_30,728.21,730.71,0.0018
4_30,930.29,933.13,0.0018
4_30,1147.17,1152.64,0.0018
4_30,1017.21,1026.66,0.0018
4_30,673.96,676.55,0.0018
4_30,1038.32,1049.07,0.0016
4_30,639.47,641.77,0.0016
4_30,821.76,827.38,0.0016
4_30,1036.28,1118.3,0.0016
4_30,683.25,704.52,0.0015
4_30,804.78,806.99,0.0015
4_30,808.73,820.62,0.0015
4_30,614.49,617.43,0.0014
4_30,960.46,966.17,0.0014
4_30,1024.97,1036.43,0.0014
4_30,721.25,727.55,0.0014
4_30,897.39,903.05,0.0014
4_30,999.35,1004.86,0.0013
4_30,637.92,640.73,0.0013
4_30,733.55,740.4,0.0013
4_30,619.75,622.76,0.0012
4_30,957.17,962.91,0.0012
4_30,761.51,767.65,0.0012
4_30,1153.83,1156.55,0.0012
4_30,908.31,913.6,0.0012
4_30,1128.18,1131.14,0.0011
4_30,948.28,954.06,0.0011
4_30,959.04,979.91,0.0011
4_30,589.6,632.32,0.0011
4_30,1138.25,1144.32,0.0011
4_30,1092.04,1094.68,0.0011
4_30,1028.54,1031.27,0.001
4_30,794.78,797.63,0.001
4_30,1014.63,1020.47,0.001
4_30,643.02,645.42,0.001
4_30,648.19,657.56,0.001
7_18,833.76,852.99,0.9993
7_18,925.3,937.04,0.9993
7_18,905.64,924.91,0.9985
7_18,854.63,873.83,0.9975
7_18,806.6,832.55,0.9955
7_18,639.13,656.73,0.99
7_18,616.02,639.11,0.9893
7_18,689.85,805.82,0.9864
7_18,874.66,890.66,0.9811
7_18,657.73,689.95,0.9765
7_18,906.27,920.45,0.3362
7_18,854.63,873.84,0.1347
7_18,833.77,852.97,0.1345
7_18,925.31,937.05,0.134
7_18,905.65,924.9,0.0457
7_18,799.6,802.31,0.0406
7_18,685.0,690.65,0.0144
7_18,746.41,820.5,0.0133
7_18,630.49,633.59,0.0101
7_18,890.0,902.48,0.0087
7_18,655.21,661.17,0.0083
7_18,906.89,913.11,0.0079
7_18,915.3,918.33,0.0076
7_18,752.42,762.16,0.006
7_18,1071.84,1112.26,0.0048
7_18,803.14,805.55,0.0041
7_18,836.27,842.3,0.0037
7_18,962.32,965.11,0.0037
7_18,655.94,691.36,0.0032
7_18,779.67,800.0,0.0029
7_18,937.11,948.25,0.0028
7_18,921.71,924.47,0.0027
7_18,705.01,716.17,0.0026
7_18,1105.99,1128.54,0.0025
7_18,975.82,978.06,0.0024
7_18,689.94,701.28,0.0024
7_18,1006.16,1008.65,0.0024
7_18,816.88,829.99,0.0023
7_18,1025.42,1031.27,0.0023
7_18,1048.84,1051.54,0.0023
7_18,1067.74,1070.02,0.0021
7_18,903.47,906.48,0.0021
7_18,640.47,652.45,0.0021
7_18,703.08,705.98,0.002
7_18,753.74,764.56,0.002
7_18,1026.02,1070.31,0.002
7_18,983.54,1004.06,0.0019
7_18,701.01,703.68,0.0019
7_18,614.26,618.95,0.0018
7_18,1126.04,1128.91,0.0017
7_18,617.7,623.76,0.0016
7_18,927.88,934.39,0.0015
7_18,942.97,945.86,0.0014
7_18,1082.88,1088.45,0.0014
7_18,775.86,781.74,0.0014
7_18,1098.02,1100.52,0.0013
7_18,750.89,754.13,0.0012
7_18,1119.05,1125.02,0.0012
7_18,1042.95,1045.43,0.0012
7_18,947.01,949.44,0.0012
7_18,975.0,1021.97,0.0011
7_18,1046.67,1069.38,0.0011
7_18,802.96,837.38,0.0011
7_18,1116.91,1119.87,0.0011
7_18,946.19,966.5,0.0011
7_18,838.66,851.31,0.0011
7_18,1051.72,1054.66,0.001
21_50,805.74,863.28,0.9992
21_50,975.46,1030.33,0.9974
21_50,661.19,674.66,0.9972
21_50,860.8,914.66,0.9968
21_50,627.87,655.52,0.9966
21_50,947.62,975.98,0.9953
21_50,788.81,799.44,0.9951
21_50,726.44,749.8,0.9923
21_50,1046.88,1058.93,0.9907
21_50,1032.71,1046.87,0.9886
21_50,677.49,706.57,0.9736
21_50,900.09,946.97,0.9171
21_50,995.1,1021.36,0.6152
21_50,661.2,674.65,0.1349
21_50,947.62,975.99,0.1345
21_50,1032.71,1046.88,0.1326
21_50,1046.88,1058.93,0.1321
21_50,627.87,655.48,0.1291
21_50,975.46,1030.37,0.0857
21_50,995.14,1021.35,0.053
21_50,816.21,821.91,0.0214
21_50,661.19,674.65,0.0177
21_50,770.6,790.24,0.0123
21_50,747.08,753.0,0.0117
21_50,808.6,815.07,0.0106
21_50,616.39,628.49,0.0073
21_50,975.2,996.18,0.0072
21_50,807.23,850.09,0.0058
21_50,1159.97,1163.06,0.0037
21_50,907.22,928.92,0.0035
21_50,1137.92,1149.05,0.0029
21_50,614.71,617.38,0.0029
21_50,875.76,878.94,0.0027
21_50,1068.06,1070.78,0.0026
21_50,791.8,868.01,0.0025
21_50,976.46,982.08,0.0023
21_50,1072.43,1075.81,0.0021
21_50,627.58,630.87,0.0019
21_50,621.16,659.17,0.0017
21_50,968.31,970.96,0.0017
21_50,1108.18,1118.85,0.0017
21_50,748.63,760.76,0.0016
21_50,787.62,790.11,0.0016
21_50,1072.72,1115.29,0.0014
21_50,954.64,1037.9,0.0014
21_50,1082.62,1088.24,0.0013
21_50,1145.6,1222.93,0.0013
21_50,776.89,788.56,0.0012
21_50,955.27,958.18,0.0012
21_50,1047.79,1053.55,0.0011
21_50,782.76,785.47,0.001
21_50,860.6,865.37,0.001
21_50,922.14,933.85,0.001
8_40,648.3,662.52,0.9987
8_40,665.1,721.47,0.998
8_40,781.87,821.47,0.9966
8_40,722.48,753.94,0.9965
8_40,754.5,768.32,0.9945
8_40,768.19,779.61,0.9931
8_40,615.87,646.71,0.9861
8_40,722.49,753.93,0.1352
8_40,648.29,662.53,0.1348
8_40,665.18,721.54,0.1342
8_40,754.51,768.32,0.1332
8_40,665.03,721.57,0.0184
8_40,722.45,753.94,0.0184
8_40,648.29,662.54,0.0182
8_40,754.5,768.32,0.0178
8_40,767.22,785.07,0.0145
8_40,639.2,645.58,0.0145
8_40,824.52,864.42,0.0125
8_40,874.68,915.45,0.0091
8_40,634.17,646.46,0.0081
8_40,638.65,641.2,0.0048
8_40,691.25,703.32,0.0042
8_40,850.96,891.43,0.0038
8_40,993.15,999.24,0.0036
8_40,772.24,778.32,0.0033
8_40,703.13,705.81,0.0032
8_40,616.54,637.86,0.0029
8_40,921.17,924.07,0.0026
8_40,819.8,822.88,0.0024
8_40,939.26,950.1,0.0023
8_40,783.98,794.73,0.0022
8_40,971.34,976.45,0.0021
8_40,926.42,931.79,0.002
8_40,658.37,660.98,0.0018
8_40,644.09,646.77,0.0016
8_40,946.69,957.07,0.0015
8_40,698.37,718.98,0.0015
8_40,940.47,943.25,0.0014
8_40,954.98,960.84,0.0014
8_40,880.31,886.06,0.0013
8_40,924.49,927.2,0.0013
8_40,745.01,750.56,0.0013
8_40,623.01,626.05,0.0013
8_40,816.08,826.34,0.0013
8_40,756.54,794.86,0.0013
8_40,907.28,918.85,0.001
8_40,996.99,1008.84,0.001
26_20,912.19,960.06,0.9988
26_20,631.56,652.4,0.9986
26_20,619.76,628.54,0.9983
26_20,1024.15,1032.94,0.9982
26_20,1062.17,1111.15,0.998
26_20,700.24,743.46,0.9972
26_20,749.42,778.3,0.9968
26_20,1139.52,1144.31,0.9957
26_20,872.89,911.94,0.9946
26_20,1111.71,1129.32,0.9942
26_20,857.88,867.64,0.9934
26_20,1044.3,1047.54,0.9931
26_20,781.32,795.2,0.9929
26_20,965.63,1020.32,0.9925
26_20,800.47,823.34,0.9895
26_20,1033.51,1044.05,0.9793
26_20,825.24,845.14,0.9781
26_20,653.02,677.58,0.9708
26_20,1145.92,1174.68,0.963
26_20,870.67,872.0,0.9629
26_20,1111.68,1129.35,0.1362
26_20,619.76,628.54,0.1354
26_20,781.33,795.21,0.1351
26_20,749.46,778.31,0.1348
26_20,857.88,867.63,0.1346
26_20,631.56,652.4,0.1346
26_20,700.26,743.42,0.1345
26_20,1044.31,1047.54,0.1344
26_20,1139.52,1144.31,0.1342
26_20,1062.15,1111.17,0.1333
26_20,872.89,911.99,0.1331
26_20,965.62,1020.36,0.1274
26_20,1171.19,1177.28,0.0324
26_20,749.45,778.34,0.0181
26_20,1062.15,1111.18,0.0179
26_20,680.3,702.19,0.0179
26_20,913.1,919.52,0.0169
26_20,611.04,618.12,0.0148
26_20,651.16,656.46,0.0117
26_20,847.0,858.64,0.0116
26_20,940.04,961.42,0.009
26_20,634.88,637.65,0.0089
26_20,1043.54,1051.28,0.0081
26_20,607.72,621.16,0.0075
26_20,1089.97,1113.39,0.0071
26_20,1136.39,1146.31,0.0066
26_20,962.51,968.18,0.0063
26_20,637.54,640.48,0.0062
26_20,653.14,666.09,0.0061
26_20,863.85,866.38,0.0061
26_20,856.1,857.9,0.0057
26_20,1019.82,1035.54,0.0057
26_20,1173.17,1175.56,0.0054
26_20,817.73,823.06,0.0053
26_20,1052.54,1062.29,0.005
26_20,853.65,870.28,0.0046
26_20,780.15,854.61,0.0044
26_20,1061.15,1072.7,0.0044
26_20,911.48,958.63,0.0041
26_20,626.99,629.24,0.0038
26_20,682.6,695.16,0.0036
26_20,1137.31,1139.75,0.0035
26_20,615.38,619.91,0.0034
26_20,628.87,664.41,0.0034
26_20,776.59,778.93,0.0031
26_20,1171.79,1174.74,0.0031
26_20,648.81,651.43,0.003
26_20,1112.14,1123.67,0.0029
26_20,862.2,867.02,0.0029
26_20,1044.82,1047.55,0.0026
26_20,623.59,628.71,0.0026
26_20,1035.23,1054.28,0.0025
26_20,705.59,715.22,0.0024
26_20,603.18,619.25,0.0024
26_20,684.05,753.85,0.0023
26_20,861.71,947.12,0.0023
26_20,867.26,870.4,0.0023
26_20,661.18,674.81,0.0023
26_20,778.69,795.86,0.0023
26_20,1059.62,1062.08,0.0022
26_20,809.74,847.84,0.0021
26_20,1038.1,1041.16,0.0021
26_20,656.15,661.98,0.0021
26_20,1055.1,1061.03,0.0019
26_20,852.65,857.98,0.0018
26_20,1140.01,1170.9,0.0018
26_20,870.11,872.17,0.0017
26_20,796.54,799.36,0.0017
26_20,690.03,694.64,0.0017
26_20,1047.11,1050.21,0.0016
26_20,1165.51,1175.64,0.0016
26_20,865.31,868.03,0.0016
26_20,961.33,970.92,0.0016
26_20,773.41,776.43,0.0016
26_20,947.28,961.17,0.0015
26_20,799.56,802.55,0.0015
26_20,1174.15,1178.78,0.0015
26_20,692.49,702.87,0.0015
26_20,651.58,657.49,0.0014
26_20,968.32,970.77,0.0014
26_20,906.79,913.55,0.0013
26_20,872.29,875.15,0.0013
26_20,1118.4,1128.93,0.0013
26_20,1101.52,1112.67,0.0012
26_20,966.4,1038.08,0.0012
26_20,1035.6,1042.43,0.0011
26_20,1023.62,1028.97,0.001
26_20,1043.8,1048.64,0.001
26_20,859.19,871.54,0.001
26_20,834.78,844.84,0.001
13_31,737.72,741.67,0.9998
13_31,698.54,707.65,0.9982
13_31,746.84,751.54,0.9973
13_31,665.45,685.58,0.9948
13_31,625.96,659.21,0.9947
13_31,856.48,862.87,0.9938
13_31,850.72,854.97,0.9915
13_31,711.91,730.77,0.9835
13_31,754.95,824.59,0.976
13_31,838.57,847.32,0.9731
13_31,665.45,685.57,0.1342
13_31,698.54,707.66,0.1336
13_31,625.94,659.19,0.133
13_31,850.72,854.97,0.1329
13_31,737.72,741.67,0.1328
13_31,746.83,751.54,0.1324
13_31,645.71,651.23,0.0336
13_31,1050.0,1055.49,0.0209
13_31,737.72,741.67,0.018
13_31,936.43,939.45,0.0165
13_31,751.71,756.46,0.0158
13_31,846.68,851.36,0.0152
13_31,922.77,933.59,0.0121
13_31,871.51,877.88,0.0103
13_31,837.34,839.69,0.01
13_31,942.3,952.76,0.0086
13_31,1077.7,1083.69,0.007
13_31,847.86,850.45,0.0069
13_31,1012.42,1018.58,0.0068
13_31,862.56,874.07,0.0063
13_31,927.09,930.1,0.0057
13_31,763.92,806.94,0.0056
13_31,830.0,835.97,0.0055
13_31,742.59,745.16,0.0052
13_31,671.97,683.74,0.0048
13_31,722.8,725.69,0.0042
13_31,1073.61,1078.71,0.004
13_31,770.6,782.12,0.004
13_31,880.2,883.03,0.004
13_31,882.77,885.51,0.0039
13_31,735.25,737.85,0.0038
13_31,636.56,641.49,0.0037
13_31,895.3,897.8,0.0036
13_31,771.27,774.1,0.0032
13_31,892.99,895.78,0.0032
13_31,1008.48,1014.16,0.003
13_31,615.39,625.92,0.0028
13_31,692.47,698.39,0.0028
13_31,815.33,827.21,0.0023
13_31,795.98,801.92,0.0023
13_31,941.92,944.89,0.0021
13_31,1048.07,1051.01,0.0019
13_31,772.62,814.26,0.0019
13_31,916.61,922.36,0.0018
13_31,1028.68,1034.2,0.0018
13_31,1043.97,1046.87,0.0017
13_31,685.16,758.02,0.0016
13_31,1050.52,1053.04,0.0016
13_31,707.97,712.98,0.0015
13_31,752.26,754.88,0.0015
13_31,1011.12,1013.42,0.0015
13_31,658.69,691.65,0.0015
13_31,700.68,703.2,0.0014
13_31,741.07,753.32,0.0014
13_31,862.48,865.36,0.0013
13_31,906.3,916.19,0.0012
13_31,817.28,890.76,0.0011
13_31,641.07,651.95,0.0011
13_31,775.98,778.43,0.0011
13_31,637.62,640.3,0.0011
13_31,968.59,974.62,0.001
13_31,809.73,830.49,0.001
13_31,857.48,860.11,0.001
27_3,923.76,930.35,0.999
27_3,699.97,713.74,0.9984
27_3,916.58,923.17,0.9983
27_3,754.42,761.6,0.9979
27_3,800.91,888.54,0.9968
27_3,624.6,692.24,0.9965
27_3,892.06,907.0,0.9962
27_3,932.73,950.68,0.9962
27_3,723.32,740.05,0.992
27_3,953.69,966.84,0.9811
27_3,771.17,799.89,0.9792
27_3,754.42,761.6,0.1356
27_3,800.96,888.56,0.1351
27_3,699.96,713.73,0.135
27_3,624.56,692.28,0.1349
27_3,723.32,740.03,0.1341
27_3,923.77,930.34,0.1332
27_3,916.58,923.17,0.1318
27_3,699.97,713.73,0.0183
27_3,723.3,740.05,0.0182
27_3,754.42,761.61,0.0174
27_3,1071.07,1077.31,0.0161
27_3,969.01,980.4,0.0117
27_3,905.67,916.24,0.0108
27_3,1024.26,1033.48,0.0107
27_3,640.66,643.72,0.0092
27_3,832.37,838.05,0.0079
27_3,629.27,631.84,0.0078
27_3,954.18,957.21,0.0062
27_3,1034.56,1037.07,0.0059
27_3,783.54,795.19,0.0057
27_3,701.46,706.75,0.0051
27_3,879.77,884.66,0.0048
27_3,640.39,652.46,0.0047
27_3,1139.58,1141.95,0.0045
27_3,1030.67,1033.27,0.0045
27_3,719.43,724.67,0.0044
27_3,934.85,946.68,0.0044
27_3,1025.31,1031.34,0.0042
27_3,860.65,864.12,0.0038
27_3,698.57,723.71,0.0038
27_3,650.49,674.07,0.0036
27_3,893.61,899.06,0.0033
27_3,693.63,699.22,0.0033
27_3,906.89,917.92,0.0031
27_3,874.08,876.67,0.003
27_3,743.13,754.6,0.003
27_3,1125.44,1128.41,0.0029
27_3,626.51,629.01,0.0028
27_3,628.47,638.86,0.0027
27_3,1157.55,1163.29,0.0026
27_3,877.51,880.45,0.0026
27_3,674.82,685.65,0.0025
27_3,924.75,930.56,0.0025
27_3,1038.56,1043.82,0.0022
27_3,1017.77,1024.04,0.0022
27_3,1141.61,1153.78,0.0022
27_3,868.78,874.45,0.0021
27_3,1129.49,1135.87,0.0021
27_3,953.59,959.73,0.0019
27_3,687.7,698.99,0.0018
27_3,823.96,829.21,0.0017
27_3,777.84,799.86,0.0017
27_3,809.3,812.16,0.0017
27_3,652.16,654.5,0.0017
27_3,1106.67,1144.92,0.0017
27_3,1006.81,1009.24,0.0017
27_3,712.71,722.04,0.0017
27_3,1073.72,1094.77,0.0017
27_3,892.8,904.17,0.0016
27_3,923.07,936.12,0.0015
27_3,1060.6,1066.55,0.0015
27_3,943.46,948.73,0.0014
27_3,687.34,689.65,0.0014
27_3,966.43,987.4,0.0014
27_3,1048.2,1050.78,0.0013
27_3,848.81,854.09,0.0013
27_3,632.74,679.47,0.0012
27_3,802.34,804.98,0.0012
27_3,996.5,1002.25,0.0012
27_3,1067.31,1078.8,0.0012
27_3,1134.9,1221.95,0.0012
27_3,828.39,833.31,0.0011
27_3,897.27,899.8,0.0011
27_3,852.39,858.29,0.0011
27_3,981.16,983.75,0.0011
27_3,694.17,696.98,0.0011
22_13,651.75,701.96,0.9988
22_13,978.33,985.4,0.9977
22_13,1040.14,1045.56,0.9965
22_13,620.49,639.71,0.9961
22_13,819.46,977.99,0.9938
22_13,703.38,715.73,0.9937
22_13,989.36,997.11,0.9935
22_13,997.46,1018.41,0.9922
22_13,785.21,797.59,0.9844
22_13,639.71,647.88,0.983
22_13,717.07,725.59,0.9785
22_13,729.13,745.11,0.9766
22_13,747.97,763.97,0.9679
22_13,1018.41,1040.14,0.9556
22_13,620.49,639.72,0.1348
22_13,978.33,985.4,0.1345
22_13,819.32,978.09,0.1344
22_13,1040.14,1045.56,0.1344
22_13,703.38,715.74,0.1343
22_13,651.65,701.95,0.1342
22_13,989.36,997.11,0.1337
22_13,703.39,715.73,0.0181
22_13,651.77,701.93,0.0179
22_13,989.36,997.11,0.0178
22_13,984.68,989.89,0.0161
22_13,1069.03,1072.66,0.0125
22_13,809.82,815.88,0.0117
22_13,654.95,657.32,0.0103
22_13,673.29,676.2,0.0088
22_13,787.22,790.34,0.0084
22_13,949.53,952.14,0.0077
22_13,831.42,837.4,0.0066
22_13,590.63,630.67,0.0061
22_13,637.6,640.06,0.0053
22_13,621.43,633.79,0.0048
22_13,777.35,787.32,0.0046
22_13,1062.26,1064.68,0.0045
22_13,716.96,728.5,0.0042
22_13,1052.57,1055.22,0.0042
22_13,785.62,808.76,0.0037
22_13,658.39,661.01,0.0036
22_13,1154.49,1157.02,0.0035
22_13,730.92,741.41,0.0033
22_13,940.23,942.58,0.0033
22_13,620.86,627.36,0.0031
22_13,927.86,934.75,0.003
22_13,702.09,704.86,0.0026
22_13,706.9,709.85,0.0025
22_13,797.03,803.18,0.0024
22_13,1133.74,1144.74,0.0023
22_13,993.29,1035.57,0.0023
22_13,1054.85,1057.4,0.0022
22_13,979.34,982.36,0.0021
22_13,993.63,996.61,0.0021
22_13,1001.24,1004.24,0.002
22_13,953.32,993.86,0.0018
22_13,1023.24,1025.84,0.0018
22_13,867.52,878.24,0.0018
22_13,733.26,736.2,0.0017
22_13,760.33,762.79,0.0017
22_13,936.18,938.86,0.0016
22_13,749.33,761.42,0.0016
22_13,1103.75,1106.33,0.0015
22_13,850.73,853.69,0.0015
22_13,913.46,918.92,0.0014
22_13,999.22,1001.69,0.0014
22_13,973.41,978.97,0.0014
22_13,898.86,944.16,0.0014
22_13,837.39,843.59,0.0014
22_13,804.55,817.47,0.0014
22_13,638.96,647.63,0.0013
22_13,1098.15,1103.99,0.0013
22_13,1082.59,1089.31,0.0012
22_13,997.3,1008.9,0.0012
22_13,683.74,686.93,0.0012
22_13,1067.99,1073.82,0.0012
22_13,663.6,666.68,0.0012
22_13,651.99,654.65,0.0011
22_13,708.95,792.99,0.0011
22_13,920.57,923.41,0.0011
22_13,619.24,652.16,0.0011
22_13,762.72,773.65,0.0011
22_13,1088.95,1095.66,0.0011
22_13,809.57,828.57,0.0011
22_13,844.4,847.33,0.001
22_13,614.74,617.5,0.001
22_13,694.53,700.46,0.001
22_13,1029.73,1040.15,0.001
20_44,703.95,716.81,0.9994
20_44,925.2,937.72,0.9986
20_44,883.86,890.36,0.9986
20_44,828.27,833.96,0.9982
20_44,771.44,783.22,0.9977
20_44,919.28,924.67,0.9977
20_44,731.2,737.87,0.9973
20_44,833.55,882.15,0.9954
20_44,786.3,789.87,0.9944
20_44,890.39,918.82,0.994
20_44,721.38,730.93,0.9933
20_44,740.57,769.43,0.9926
20_44,614.71,633.03,0.9901
20_44,689.5,701.32,0.9873
20_44,660.65,684.26,0.9845
20_44,795.29,833.07,0.9607
20_44,634.0,709.67,0.7697
20_44,883.86,890.36,0.135
20_44,731.2,737.86,0.1345
20_44,771.44,783.21,0.1345
20_44,919.28,924.67,0.1344
20_44,721.38,730.93,0.1342
20_44,833.58,882.16,0.1338
20_44,786.3,789.87,0.1331
20_44,740.57,769.42,0.1327
20_44,925.2,937.72,0.1316
20_44,703.97,716.82,0.1298
20_44,795.27,833.06,0.1297
20_44,660.66,684.26,0.1085
20_44,634.05,709.57,0.0855
20_44,737.81,744.43,0.0227
20_44,731.2,737.87,0.0177
20_44,703.96,716.81,0.0175
20_44,740.56,769.42,0.0173
20_44,925.19,937.72,0.017
20_44,630.89,636.36,0.0133
20_44,823.95,829.02,0.0107
20_44,642.27,662.64,0.0099
20_44,716.24,735.68,0.0092
20_44,800.12,806.18,0.0091
20_44,664.75,667.38,0.0091
20_44,916.94,925.92,0.0072
20_44,1028.48,1034.32,0.0068
20_44,713.22,783.79,0.0067
20_44,878.58,881.39,0.0065
20_44,973.83,996.1,0.0058
20_44,703.1,705.99,0.005
20_44,936.97,949.29,0.0049
20_44,954.81,973.75,0.0044
20_44,731.41,734.17,0.0042
20_44,890.08,895.43,0.0041
20_44,909.0,914.77,0.0036
20_44,768.9,786.8,0.0032
20_44,933.6,936.24,0.0032
20_44,880.69,891.38,0.0031
20_44,1007.04,1009.76,0.0027
20_44,749.39,752.26,0.0026
20_44,1123.58,1126.04,0.0023
20_44,1156.44,1159.44,0.0022
20_44,717.49,720.17,0.0021
20_44,935.6,974.93,0.0021
20_44,1100.11,1103.45,0.002
20_44,779.92,847.38,0.0019
20_44,846.08,870.73,0.0019
20_44,657.71,705.46,0.0019
20_44,893.41,904.42,0.0018
20_44,733.9,737.02,0.0018
20_44,956.91,959.72,0.0017
20_44,1047.82,1053.53,0.0016
20_44,873.24,878.34,0.0016
20_44,720.14,722.78,0.0016
20_44,881.08,884.17,0.0016
20_44,683.29,686.31,0.0016
20_44,913.48,919.07,0.0016
20_44,1133.52,1136.35,0.0015
20_44,700.27,705.47,0.0015
20_44,1053.49,1056.65,0.0014
20_44,865.42,868.15,0.0014
20_44,788.9,794.46,0.0014
20_44,999.03,1010.82,0.0014
20_44,1150.43,1152.67,0.0014
20_44,1087.12,1097.62,0.0013
20_44,636.5,647.49,0.0013
20_44,986.76,989.6,0.0012
20_44,717.98,738.28,0.0012
20_44,686.54,704.44,0.0012
20_44,672.41,683.4,0.0011
20_44,838.6,860.7,0.0011
20_44,773.96,776.99,0.0011
20_44,984.92,987.32,0.0011
20_44,667.06,672.53,0.0011
20_44,661.29,664.57,0.001
4_20,974.48,977.0,0.9987
4_20,775.08,910.29,0.9973
4_20,977.86,982.91,0.9971
4_20,770.41,772.56,0.9956
4_20,624.55,649.37,0.9947
4_20,660.36,669.21,0.9945
4_20,911.01,920.09,0.9894
4_20,986.72,1001.03,0.9887
4_20,675.11,691.56,0.9879
4_20,719.81,730.78,0.9872
4_20,759.02,767.88,0.9853
4_20,921.35,924.3,0.985
4_20,745.11,753.11,0.9824
4_20,753.47,756.24,0.9788
4_20,697.04,703.36,0.9765
4_20,660.36,669.21,0.1345
4_20,624.53,649.37,0.1345
4_20,774.98,910.58,0.1339
4_20,770.41,772.56,0.1336
4_20,974.48,977.01,0.1334
4_20,753.47,756.24,0.1315
4_20,921.35,924.3,0.1299
4_20,697.04,703.36,0.1293
4_20,1008.42,1010.79,0.0266
4_20,651.6,661.49,0.0253
4_20,828.89,850.88,0.0187
4_20,973.81,978.37,0.0105
4_20,1151.7,1154.47,0.0103
4_20,763.05,768.31,0.0093
4_20,650.42,655.46,0.0091
4_20,1113.28,1115.99,0.0085
4_20,746.91,752.51,0.0079
4_20,628.7,634.53,0.0079
4_20,767.12,773.63,0.0054
4_20,650.96,672.8,0.0051
4_20,966.68,972.74,0.005
4_20,1107.21,1109.5,0.0047
4_20,1064.73,1076.75,0.0047
4_20,679.09,690.05,0.0047
4_20,1001.95,1004.47,0.0045
4_20,877.38,889.79,0.0044
4_20,1090.32,1093.18,0.0039
4_20,704.12,716.31,0.0037
4_20,932.15,938.75,0.0037
4_20,976.21,1019.22,0.0036
4_20,893.29,896.69,0.0033
4_20,732.69,744.22,0.0033
4_20,986.28,989.3,0.0032
4_20,1038.17,1040.79,0.0032
4_20,784.69,822.51,0.0031
4_20,1079.81,1085.58,0.0031
4_20,936.65,975.23,0.003
4_20,1054.78,1057.35,0.0029
4_20,1095.97,1098.8,0.0028
4_20,972.14,978.15,0.0025
4_20,1108.18,1129.36,0.0025
4_20,988.54,991.24,0.0024
4_20,1112.99,1115.57,0.0023
4_20,1139.59,1145.11,0.0023
4_20,1033.27,1035.91,0.0022
4_20,1065.4,1068.03,0.0022
4_20,999.41,1002.66,0.0021
4_20,951.51,957.81,0.0021
4_20,729.76,771.58,0.0021
4_20,981.75,987.76,0.002
4_20,965.06,967.84,0.0019
4_20,1133.03,1135.73,0.0018
4_20,1058.37,1060.99,0.0018
4_20,1040.65,1043.49,0.0017
4_20,935.4,946.03,0.0016
4_20,794.05,841.51,0.0015
4_20,968.77,974.75,0.0015
4_20,620.23,655.52,0.0015
4_20,655.53,658.5,0.0014
4_20,918.67,928.31,0.0014
4_20,835.34,841.59,0.0013
4_20,803.01,806.34,0.0013
4_20,783.03,785.99,0.0013
4_20,1044.61,1047.1,0.0013
4_20,751.9,756.64,0.0013
4_20,759.91,765.36,0.0012
4_20,1114.39,1125.66,0.0012
4_20,614.34,620.95,0.0012
4_20,1092.8,1095.04,0.0011
4_20,730.47,733.0,0.0011
4_20,721.15,727.01,0.0011
4_20,629.4,635.65,0.0011
4_20,903.38,909.78,0.0011
4_20,1035.45,1038.1,0.0011
4_20,649.85,660.56,0.001
21_15,900.27,912.0,0.9999
21_15,775.53,822.25,0.9989
21_15,825.93,843.93,0.9984
21_15,926.79,935.55,0.998
21_15,847.53,883.55,0.9971
21_15,648.36,664.83,0.9969
21_15,665.35,679.25,0.9953
21_15,912.39,922.67,0.9952
21_15,700.34,722.17,0.9939
21_15,678.72,700.84,0.9915
21_15,883.21,899.73,0.9914
21_15,631.89,648.87,0.9858
21_15,923.19,926.8,0.9794
21_15,616.47,631.38,0.9693
21_15,900.28,912.02,0.1362
21_15,665.35,679.23,0.1352
21_15,847.54,883.54,0.1348
21_15,775.56,822.24,0.1345
21_15,926.79,935.55,0.1337
21_15,825.93,843.94,0.1333
21_15,678.75,700.84,0.1332
21_15,883.2,899.71,0.1326
21_15,665.36,679.24,0.0182
21_15,886.04,889.01,0.0162
21_15,1043.38,1046.17,0.0144
21_15,915.05,921.5,0.014
21_15,871.33,874.47,0.0087
21_15,779.96,800.12,0.0059
21_15,864.12,867.02,0.0056
21_15,707.61,710.11,0.0053
21_15,750.39,769.67,0.0049
21_15,820.58,849.82,0.0044
21_15,1033.75,1116.31,0.0044
21_15,685.19,697.27,0.0044
21_15,1107.84,1119.35,0.0037
21_15,1129.76,1132.68,0.0037
21_15,764.03,837.23,0.0036
21_15,635.25,645.4,0.0036
21_15,1035.31,1046.86,0.0034
21_15,927.14,933.35,0.0033
21_15,761.42,768.11,0.0031
21_15,875.87,878.71,0.0028
21_15,1146.16,1149.11,0.0028
21_15,910.38,912.72,0.0028
21_15,1151.14,1228.8,0.0027
21_15,764.65,774.83,0.0025
21_15,1103.58,1106.41,0.0025
21_15,873.99,876.4,0.0025
21_15,611.14,630.84,0.0025
21_15,645.14,664.37,0.0022
21_15,913.09,924.14,0.0022
21_15,922.21,927.53,0.0021
21_15,963.49,968.63,0.0021
21_15,902.31,912.87,0.002
21_15,847.0,871.12,0.0019
21_15,757.56,760.26,0.0019
21_15,804.4,825.01,0.0019
21_15,842.06,847.81,0.0019
21_15,783.54,795.09,0.0019
21_15,649.46,652.15,0.0016
21_15,935.83,949.43,0.0016
21_15,1077.67,1098.59,0.0016
21_15,1123.61,1129.34,0.0016
21_15,1040.22,1046.06,0.0015
21_15,1157.71,1179.76,0.0014
21_15,1025.37,1028.04,0.0014
21_15,639.09,645.03,0.0014
21_15,826.09,831.58,0.0013
21_15,888.61,899.26,0.0012
21_15,1160.28,1162.92,0.0012
21_15,1010.06,1029.65,0.0012
21_15,1155.52,1160.8,0.0012
21_15,774.94,778.07,0.0011
21_15,974.92,996.24,0.001
22_30,856.0,861.01,0.9995
22_30,645.66,658.7,0.9994
22_30,824.54,839.47,0.999
22_30,839.47,855.11,0.9977
22_30,800.24,811.3,0.9974
22_30,691.19,703.49,0.9967
22_30,631.14,638.03,0.9963
22_30,619.82,625.23,0.9961
22_30,705.76,774.58,0.9955
22_30,779.31,790.62,0.9949
22_30,812.28,819.17,0.9944
22_30,821.88,824.53,0.9934
22_30,663.62,689.96,0.9922
22_30,854.4,856.0,0.9883
22_30,846.4,854.4,0.5905
22_30,631.14,638.03,0.1349
22_30,705.73,774.58,0.1348
22_30,691.2,703.5,0.1347
22_30,663.6,689.96,0.1342
22_30,821.88,824.53,0.134
22_30,812.29,819.18,0.1333
22_30,854.4,856.0,0.1304
22_30,619.81,625.23,0.1278
22_30,846.41,854.4,0.0796
22_30,839.46,855.12,0.0466
22_30,854.11,872.08,0.0283
22_30,661.29,667.26,0.0212
22_30,631.14,638.03,0.0176
22_30,663.62,689.98,0.017
22_30,1075.64,1081.26,0.0169
22_30,797.93,800.08,0.0132
22_30,705.23,707.97,0.0124
22_30,638.09,660.45,0.0102
22_30,764.47,767.19,0.0097
22_30,947.59,959.28,0.009
22_30,779.59,782.75,0.0075
22_30,693.53,696.27,0.0073
22_30,821.53,826.98,0.0073
22_30,781.78,853.26,0.0066
22_30,846.4,854.4,0.0063
22_30,625.3,631.45,0.0062
22_30,1055.74,1058.21,0.0057
22_30,992.39,1015.25,0.0056
22_30,917.16,927.16,0.0048
22_30,695.36,701.61,0.0041
22_30,1067.27,1073.06,0.004
22_30,855.42,875.36,0.0038
22_30,796.7,800.13,0.0036
22_30,815.74,818.2,0.0035
22_30,839.47,855.1,0.0035
22_30,851.51,854.17,0.0032
22_30,726.95,732.59,0.0032
22_30,786.1,796.99,0.0028
22_30,953.08,956.32,0.0028
22_30,937.86,943.64,0.0027
22_30,936.13,1015.7,0.0026
22_30,958.42,961.31,0.0025
22_30,612.4,621.25,0.0025
22_30,627.8,630.97,0.0024
22_30,880.72,883.76,0.0023
22_30,705.8,747.56,0.0023
22_30,1031.85,1037.49,0.0023
22_30,758.33,769.21,0.0023
22_30,770.47,776.42,0.0022
22_30,775.64,778.57,0.0021
22_30,884.58,890.32,0.0021
22_30,871.64,873.7,0.0021
22_30,650.38,657.16,0.002
22_30,792.04,812.83,0.002
22_30,790.7,793.41,0.0019
22_30,691.82,697.11,0.0018
22_30,897.18,903.21,0.0017
22_30,1014.73,1034.31,0.0017
22_30,618.52,632.12,0.0017
22_30,931.25,941.9,0.0017
22_30,767.21,773.07,0.0016
22_30,703.46,722.51,0.0015
22_30,827.12,829.43,0.0014
22_30,949.05,951.64,0.0012
22_30,905.14,916.43,0.0012
22_30,951.64,957.53,0.0011
22_30,838.09,840.84,0.0011
22_30,676.46,688.59,0.0011
22_30,772.52,791.04,0.0011
22_30,960.71,963.53,0.001
22_30,638.62,648.36,0.001
22_30,999.65,1021.02,0.001
29_49,1017.69,1025.47,0.9998
29_49,685.21,715.02,0.9998
29_49,838.22,853.0,0.998
29_49,892.19,913.96,0.9979
29_49,914.48,980.88,0.9968
29_49,981.14,1001.62,0.9966
29_49,715.88,836.17,0.9956
29_49,617.53,654.37,0.9955
29_49,859.76,888.78,0.9932
29_49,1001.88,1017.43,0.9929
29_49,664.22,683.65,0.9925
29_49,892.18,913.95,0.1354
29_49,914.44,980.92,0.1353
29_49,981.13,1001.61,0.1351
29_49,715.82,836.04,0.1349
29_49,617.55,654.35,0.1348
29_49,859.78,888.79,0.1338
29_49,1001.88,1017.43,0.1338
29_49,914.46,980.85,0.0184
29_49,859.74,888.79,0.018
29_49,1001.88,1017.43,0.0178
29_49,1021.61,1024.36,0.015
29_49,779.03,826.1,0.0135
29_49,730.15,733.01,0.0114
29_49,651.52,663.26,0.0095
29_49,621.94,624.26,0.0094
29_49,712.95,730.02,0.0083
29_49,614.55,620.27,0.0066
29_49,731.09,741.32,0.0063
29_49,862.45,865.33,0.0062
29_49,644.49,647.05,0.0058
29_49,689.41,701.39,0.0049
29_49,936.74,975.55,0.0044
29_49,661.22,681.27,0.0037
29_49,640.41,643.18,0.0036
29_49,798.96,834.45,0.0036
29_49,830.52,841.68,0.0035
29_49,839.15,858.24,0.0031
29_49,609.69,678.25,0.0031
29_49,925.67,949.8,0.0023
29_49,1026.36,1032.24,0.0023
29_49,920.58,923.75,0.0022
29_49,1102.2,1113.27,0.0021
29_49,1133.44,1144.99,0.0021
29_49,800.71,811.72,0.0021
29_49,620.45,630.35,0.002
29_49,887.76,919.22,0.0019
29_49,818.86,821.73,0.0018
29_49,741.31,761.62,0.0018
29_49,643.36,649.51,0.0018
29_49,857.08,862.73,0.0017
29_49,978.04,984.51,0.0017
29_49,1156.81,1180.12,0.0017
29_49,1007.8,1016.87,0.0017
29_49,829.06,834.66,0.0017
29_49,1018.35,1023.89,0.0016
29_49,723.19,726.1,0.0015
29_49,1035.86,1046.52,0.0015
29_49,824.31,827.05,0.0014
29_49,915.57,921.07,0.0014
29_49,725.38,734.43,0.0014
29_49,771.13,782.41,0.0013
29_49,966.59,978.5,0.0013
29_49,1129.98,1132.53,0.0013
29_49,697.96,703.64,0.0012
29_49,1004.74,1010.94,0.0012
29_49,613.67,615.03,0.0012
29_49,1015.8,1018.66,0.0011
29_49,1023.59,1033.91,0.0011
29_49,815.99,819.2,0.0011
29_49,1077.86,1089.04,0.0011
29_49,896.02,909.17,0.001
29_49,831.84,834.25,0.001
29_49,742.83,748.47,0.001
21_28,932.07,953.77,0.9999
21_28,677.93,689.1,0.9988
21_28,877.89,904.36,0.9986
21_28,618.49,646.76,0.9954
21_28,953.21,960.86,0.9954
21_28,657.35,677.89,0.9922
21_28,730.87,792.68,0.9921
21_28,820.86,879.13,0.9903
21_28,960.28,971.44,0.9901
21_28,690.28,726.16,0.9896
21_28,903.23,916.75,0.9857
21_28,917.34,932.65,0.9791
21_28,802.07,819.69,0.9666
21_28,877.92,904.41,0.1361
21_28,657.38,677.91,0.1355
21_28,953.21,960.86,0.1345
21_28,730.79,792.68,0.1345
21_28,677.93,689.1,0.1336
21_28,903.22,916.73,0.1258
21_28,1063.17,1074.35,0.0289
21_28,730.85,792.6,0.0182
21_28,953.21,960.86,0.018
21_28,807.22,818.11,0.0166
21_28,1105.8,1147.47,0.0118
21_28,1080.56,1091.78,0.0115
21_28,693.05,715.55,0.0078
21_28,837.55,859.08,0.0069
21_28,790.65,796.53,0.0064
21_28,775.31,786.2,0.0057
21_28,729.51,749.78,0.0049
21_28,934.7,955.58,0.0048
21_28,1074.25,1080.19,0.0045
21_28,786.32,792.17,0.0037
21_28,861.12,863.91,0.0037
21_28,671.62,674.36,0.0036
21_28,658.37,661.02,0.0035
21_28,875.9,878.85,0.0034
21_28,820.99,843.32,0.0034
21_28,953.69,955.95,0.0033
21_28,1012.37,1022.95,0.0032
21_28,776.75,779.63,0.0031
21_28,662.34,731.99,0.0029
21_28,1110.88,1114.05,0.0027
21_28,631.13,633.92,0.0026
21_28,766.39,786.74,0.0026
21_28,918.92,921.38,0.0026
21_28,915.22,917.69,0.0025
21_28,726.51,729.05,0.0025
21_28,825.25,828.05,0.0024
21_28,649.89,660.55,0.0023
21_28,967.49,988.25,0.0022
21_28,871.76,877.34,0.0022
21_28,1054.75,1065.63,0.002
21_28,655.68,658.26,0.002
21_28,1029.73,1032.43,0.0019
21_28,937.75,940.8,0.0019
21_28,888.86,894.87,0.0019
21_28,1051.5,1054.06,0.0019
21_28,800.3,802.96,0.0019
21_28,886.64,889.33,0.0017
21_28,902.77,920.63,0.0017
21_28,787.71,790.84,0.0017
21_28,923.67,929.8,0.0016
21_28,818.1,828.94,0.0015
21_28,846.1,851.67,0.0015
21_28,977.46,1018.9,0.0015
21_28,1006.03,1008.92,0.0015
21_28,863.71,866.61,0.0014
21_28,1105.62,1108.83,0.0014
21_28,990.16,995.96,0.0014
21_28,779.64,786.09,0.0013
21_28,728.94,731.23,0.0012
21_28,881.57,887.01,0.0012
21_28,716.14,726.25,0.0012
21_28,997.47,1000.26,0.0012
21_28,1083.91,1090.37,0.0011
21_28,956.18,960.76,0.0011
21_28,1139.34,1145.39,0.0011
21_28,824.63,866.62,0.001
26_34,729.05,749.47,0.9999
26_34,833.64,855.62,0.9998
26_34,1041.67,1052.42,0.9996
26_34,698.96,707.56,0.9988
26_34,614.39,661.33,0.9985
26_34,1030.95,1039.88,0.9983
26_34,781.04,806.06,0.9979
26_34,973.7,1028.18,0.9978
26_34,808.24,830.39,0.9968
26_34,855.92,926.76,0.9939
26_34,928.61,964.4,0.9911
26_34,668.12,695.76,0.9746
26_34,756.46,780.5,0.9742
26_34,710.07,724.46,0.973
26_34,962.55,1041.7,0.3694
26_34,614.42,661.28,0.1336
26_34,698.96,707.56,0.1327
26_34,1030.95,1039.88,0.131
26_34,973.83,1028.17,0.053
26_34,780.38,785.38,0.0229
26_34,732.8,736.1,0.0181
26_34,813.0,818.96,0.0121
26_34,1102.07,1107.89,0.0097
26_34,1039.25,1052.12,0.0091
26_34,881.58,902.35,0.0085
26_34,657.07,659.31,0.0084
26_34,664.17,703.09,0.0081
26_34,813.85,824.52,0.0076
26_34,973.73,1028.24,0.0072
26_34,724.39,758.89,0.0072
26_34,1001.15,1012.41,0.0062
26_34,784.68,790.04,0.0062
26_34,905.75,911.69,0.0059
26_34,1123.17,1133.82,0.0057
26_34,886.48,892.77,0.0054
26_34,969.63,972.61,0.0051
26_34,799.52,804.78,0.005
26_34,639.91,651.82,0.0047
26_34,1132.1,1137.82,0.0043
26_34,863.36,865.65,0.0042
26_34,1100.25,1110.25,0.004
26_34,658.56,664.33,0.0038
26_34,865.56,909.74,0.0038
26_34,668.5,673.87,0.0038
26_34,1077.61,1089.09,0.0037
26_34,941.38,944.28,0.0037
26_34,996.27,999.41,0.0034
26_34,773.87,813.15,0.0033
26_34,976.76,990.35,0.003
26_34,1115.93,1127.77,0.0028
26_34,1136.63,1141.82,0.0028
26_34,1013.09,1025.45,0.0027
26_34,584.31,649.44,0.0027
26_34,907.13,917.71,0.0026
26_34,989.94,1001.84,0.0024
26_34,1032.2,1037.38,0.0024
26_34,936.32,957.74,0.0024
26_34,620.61,634.03,0.0023
26_34,1056.23,1076.81,0.0022
26_34,674.94,724.55,0.0021
26_34,911.88,914.51,0.002
26_34,944.52,950.12,0.002
26_34,670.07,682.75,0.002
26_34,752.1,757.93,0.0019
26_34,692.7,698.7,0.0017
26_34,822.76,832.36,0.0017
26_34,840.8,852.55,0.0017
26_34,730.38,751.42,0.0016
26_34,785.48,796.98,0.0015
26_34,711.66,717.16,0.0015
26_34,777.97,856.15,0.0015
26_34,1160.17,1163.03,0.0014
26_34,904.25,906.9,0.0014
26_34,736.67,739.29,0.0014
26_34,1119.18,1141.37,0.0014
26_34,1030.51,1033.36,0.0013
26_34,931.95,934.65,0.0013
26_34,945.72,965.96,0.0012
26_34,881.21,887.08,0.0012
26_34,649.64,655.72,0.0012
26_34,757.93,769.12,0.0012
26_34,1132.45,1135.26,0.0012
26_34,922.77,929.26,0.0012
26_34,1037.14,1040.24,0.0011
26_34,634.73,640.98,0.0011
26_34,1078.31,1120.53,0.001
29_6,729.58,779.2,0.9982
29_6,779.56,833.09,0.9976
29_6,838.62,928.52,0.9963
29_6,661.44,722.68,0.9958
29_6,935.41,956.37,0.9955
29_6,1060.69,1222.08,0.9937
29_6,965.43,1039.4,0.9854
29_6,624.7,652.06,0.9834
29_6,1047.52,1055.22,0.9282
29_6,935.39,956.36,0.1351
29_6,661.46,722.66,0.1346
29_6,779.58,833.04,0.1344
29_6,729.53,779.19,0.1342
29_6,624.7,652.05,0.131
29_6,661.48,722.66,0.0182
29_6,886.03,912.06,0.0128
29_6,885.54,887.7,0.01
29_6,912.67,926.34,0.008
29_6,638.29,650.82,0.0079
29_6,1067.37,1070.26,0.0075
29_6,1077.85,1080.13,0.0062
29_6,663.05,675.91,0.0059
29_6,863.08,866.24,0.0048
29_6,762.74,768.95,0.0045
29_6,729.98,754.79,0.0043
29_6,589.86,635.54,0.0042
29_6,1174.68,1181.12,0.0041
29_6,1041.38,1078.49,0.004
29_6,1048.02,1051.25,0.0037
29_6,776.72,785.81,0.0035
29_6,771.75,777.25,0.0032
29_6,1183.05,1224.07,0.003
29_6,726.29,731.14,0.0028
29_6,630.19,637.16,0.0026
29_6,1105.59,1108.64,0.0022
29_6,1084.67,1087.98,0.002
29_6,906.15,909.28,0.0019
29_6,833.15,924.51,0.0019
29_6,965.72,979.39,0.0019
29_6,937.65,952.34,0.0017
29_6,787.91,814.93,0.0016
29_6,796.47,799.32,0.0015
29_6,1168.93,1175.25,0.0014
29_6,865.9,868.56,0.0013
29_6,614.88,625.54,0.0012
29_6,804.46,807.25,0.0012
29_6,1007.86,1010.51,0.0012
29_6,842.13,855.85,0.0011
29_6,1045.87,1084.15,0.001
29_6,1202.94,1214.97,0.001
21_46,872.44,892.92,0.9994
21_46,616.95,641.94,0.9988
21_46,693.16,709.16,0.9965
21_46,983.23,999.24,0.9955
21_46,1008.2,1016.53,0.994
21_46,894.33,969.14,0.9917
21_46,646.46,668.82,0.9884
21_46,967.87,984.49,0.9875
21_46,720.05,749.52,0.9872
21_46,670.74,686.76,0.986
21_46,769.36,791.79,0.9858
21_46,793.62,848.74,0.9844
21_46,997.96,1009.49,0.9759
21_46,858.37,869.89,0.9754
21_46,617.0,641.94,0.1354
21_46,894.21,969.07,0.1354
21_46,1008.21,1016.51,0.1342
21_46,693.17,709.17,0.1338
21_46,983.23,999.23,0.1314
21_46,997.95,1009.48,0.1288
21_46,1008.21,1016.52,0.0179
21_46,1003.39,1008.62,0.0162
21_46,781.02,786.94,0.0157
21_46,886.71,889.5,0.0153
21_46,893.54,915.56,0.0152
21_46,779.28,782.26,0.014
21_46,730.71,737.28,0.0116
21_46,1049.0,1054.36,0.0104
21_46,895.14,897.99,0.0081
21_46,792.71,879.89,0.0073
21_46,617.71,620.72,0.0066
21_46,633.77,636.6,0.0064
21_46,1089.42,1129.86,0.0057
21_46,653.07,665.52,0.0056
21_46,871.21,882.42,0.0056
21_46,736.84,747.64,0.0054
21_46,684.26,717.59,0.0042
21_46,614.43,648.62,0.0039
21_46,893.56,906.15,0.0036
21_46,983.01,985.91,0.0034
21_46,920.43,923.51,0.0033
21_46,709.89,732.14,0.0031
21_46,1076.33,1098.18,0.0028
21_46,803.46,847.75,0.0028
21_46,1155.45,1158.17,0.0028
21_46,735.57,738.27,0.0025
21_46,614.79,617.31,0.0024
21_46,1093.4,1096.13,0.0024
21_46,802.7,805.96,0.0023
21_46,956.69,967.73,0.0022
21_46,983.93,995.86,0.0022
21_46,844.33,847.44,0.0022
21_46,1095.59,1097.82,0.0022
21_46,732.1,803.06,0.0022
21_46,712.99,718.85,0.0021
21_46,1062.02,1065.12,0.002
21_46,923.05,925.73,0.002
21_46,899.68,943.47,0.0017
21_46,1147.67,1154.11,0.0017
21_46,667.06,690.23,0.0016
21_46,1137.73,1148.43,0.0016
21_46,999.64,1021.69,0.0016
21_46,1099.52,1102.04,0.0016
21_46,873.08,878.68,0.0016
21_46,815.12,818.01,0.0015
21_46,980.39,983.25,0.0015
21_46,775.1,786.66,0.0014
21_46,929.23,931.92,0.0014
21_46,751.57,754.42,0.0014
21_46,1038.37,1061.0,0.0014
21_46,838.54,844.53,0.0014
21_46,1106.63,1128.76,0.0013
21_46,688.44,693.43,0.0012
21_46,825.87,837.89,0.0011
1_37,664.91,712.09,0.9999
1_37,815.38,823.15,0.9995
1_37,824.07,843.94,0.9987
1_37,615.69,639.54,0.9984
1_37,848.47,870.43,0.9982
1_37,871.08,927.31,0.9976
1_37,713.48,750.38,0.9971
1_37,644.3,662.89,0.9935
1_37,752.61,782.96,0.9896
1_37,928.03,932.22,0.989
1_37,932.42,937.02,0.9847
1_37,788.38,809.51,0.9693
1_37,871.2,927.17,0.1366
1_37,848.43,870.44,0.1357
1_37,664.98,712.03,0.1349
1_37,824.06,843.93,0.1339
1_37,698.53,701.01,0.0191
1_37,871.08,927.29,0.0186
1_37,665.01,712.02,0.0177
1_37,936.52,948.95,0.0106
1_37,1118.34,1124.17,0.0102
1_37,1124.07,1126.44,0.0082
1_37,1136.92,1139.75,0.0081
1_37,1037.35,1040.44,0.007
1_37,752.67,792.58,0.0068
1_37,1027.89,1030.84,0.0058
1_37,994.97,1007.18,0.0053
1_37,922.69,925.69,0.0051
1_37,884.69,888.04,0.0048
1_37,652.82,664.63,0.0043
1_37,738.61,744.28,0.0037
1_37,647.28,658.2,0.0035
1_37,1106.77,1148.15,0.0033
1_37,702.09,713.22,0.0032
1_37,882.06,907.75,0.0031
1_37,661.1,663.9,0.0031
1_37,928.14,933.14,0.0031
1_37,713.9,724.32,0.003
1_37,864.12,869.8,0.0029
1_37,823.78,826.69,0.0027
1_37,730.93,736.92,0.0027
1_37,1141.83,1152.79,0.0025
1_37,1043.09,1065.78,0.0024
1_37,1103.37,1124.81,0.0024
1_37,1029.18,1035.68,0.0023
1_37,665.3,684.99,0.0022
1_37,1042.0,1044.71,0.0019
1_37,1065.68,1068.82,0.0019
1_37,708.4,774.17,0.0019
1_37,1123.72,1133.46,0.0019
1_37,673.7,676.76,0.0018
1_37,963.61,973.45,0.0017
1_37,998.92,1002.07,0.0016
1_37,829.42,842.27,0.0016
1_37,922.82,928.96,0.0016
1_37,928.7,965.96,0.0015
1_37,715.96,721.83,0.0015
1_37,875.62,882.27,0.0014
1_37,1050.0,1133.63,0.0013
1_37,933.26,936.58,0.0013
1_37,893.22,896.5,0.0012
1_37,1143.77,1147.36,0.0012
1_37,1026.26,1029.09,0.0012
1_37,782.79,789.1,0.0012
1_37,1134.83,1137.97,0.0012
1_37,1045.0,1047.88,0.0011
1_37,1091.18,1094.2,0.0011
1_37,770.75,781.96,0.0011
1_37,661.94,664.58,0.0011
1_37,980.87,983.99,0.0011
1_37,656.98,663.08,0.001
1_37,956.91,962.95,0.001
20_14,614.87,702.68,0.9995
20_14,867.65,883.66,0.9966
20_14,835.75,860.58,0.9959
20_14,1177.0,1228.8,0.9882
20_14,777.1,834.38,0.9825
20_14,704.49,775.45,0.9808
20_14,886.25,961.85,0.9779
20_14,973.06,1172.96,0.9628
20_14,1177.08,1228.8,0.1353
20_14,614.93,702.63,0.1337
20_14,835.75,860.59,0.1329
20_14,777.06,834.43,0.1315
20_14,704.48,775.5,0.1302
20_14,1001.03,1009.68,0.0257
20_14,1177.02,1228.8,0.0179
20_14,1148.43,1151.43,0.0146
20_14,1131.51,1173.38,0.0134
20_14,940.56,962.4,0.0087
20_14,674.55,699.88,0.0082
20_14,995.48,1134.47,0.0081
20_14,885.08,905.64,0.0068
20_14,778.31,791.6,0.0065
20_14,700.81,748.86,0.0063
20_14,1141.09,1154.06,0.0054
20_14,874.54,954.65,0.0052
20_14,987.25,1009.37,0.0051
20_14,886.83,890.11,0.0051
20_14,866.69,879.43,0.0043
20_14,818.59,832.58,0.0038
20_14,780.3,805.04,0.0037
20_14,771.92,780.61,0.0037
20_14,1053.59,1167.06,0.0034
20_14,1145.73,1151.93,0.0032
20_14,1151.87,1173.69,0.003
20_14,1119.69,1148.97,0.0028
20_14,772.9,775.17,0.0026
20_14,1058.39,1094.0,0.0025
20_14,847.11,860.53,0.0023
20_14,990.07,992.65,0.0023
20_14,1194.74,1201.07,0.0023
20_14,697.61,703.84,0.0022
20_14,962.92,1055.59,0.0021
20_14,618.72,624.6,0.0019
20_14,744.92,774.41,0.0019
20_14,1170.31,1172.6,0.0019
20_14,778.48,781.11,0.0016
20_14,1007.73,1010.46,0.0016
20_14,891.94,965.39,0.0015
20_14,1042.38,1045.16,0.0015
20_14,991.1,1011.46,0.0014
20_14,773.7,779.17,0.0013
20_14,878.15,884.11,0.0013
20_14,691.59,766.47,0.0012
20_14,1011.54,1073.59,0.0012
20_14,1147.28,1152.44,0.0011
20_14,991.14,993.76,0.0011
20_14,961.71,964.57,0.0011
20_14,1000.14,1002.79,0.0011
20_14,775.32,845.49,0.001
20_14,1176.99,1180.44,0.001
15_17,1179.36,1191.87,0.9997
15_17,886.04,926.01,0.9995
15_17,827.16,838.35,0.9982
15_17,641.71,731.73,0.9981
15_17,616.02,641.49,0.9975
15_17,928.11,940.5,0.9973
15_17,940.7,974.45,0.9972
15_17,976.59,1020.78,0.9969
15_17,868.88,885.76,0.9963
15_17,767.53,810.23,0.9952
15_17,1029.88,1062.87,0.9893
15_17,751.84,767.35,0.9884
15_17,1020.46,1027.21,0.987
15_17,1066.4,1176.66,0.9864
15_17,840.45,841.37,0.9803
15_17,845.28,868.56,0.9706
15_17,1177.73,1178.91,0.9699
15_17,812.88,826.58,0.9639
15_17,732.55,751.31,0.9571
15_17,616.02,641.46,0.1355
15_17,827.16,838.37,0.1354
15_17,767.56,810.28,0.1352
15_17,1029.92,1062.85,0.1341
15_17,868.89,885.74,0.1308
15_17,1177.73,1178.91,0.1299
15_17,616.03,641.45,0.0184
15_17,644.0,690.74,0.0123
15_17,709.29,732.13,0.0089
15_17,954.32,974.41,0.0084
15_17,1182.83,1189.6,0.0071
15_17,1067.84,1100.39,0.0066
15_17,1153.23,1177.08,0.0054
15_17,646.29,736.42,0.0044
15_17,751.12,767.37,0.0036
15_17,767.77,774.63,0.0034
15_17,975.86,987.64,0.0034
15_17,1021.67,1025.03,0.003
15_17,641.54,665.79,0.0029
15_17,817.22,840.21,0.0027
15_17,684.52,729.92,0.0026
15_17,1030.11,1054.62,0.0024
15_17,618.27,629.47,0.0022
15_17,1090.18,1093.07,0.0022
15_17,841.77,844.49,0.0021
15_17,941.62,961.75,0.0018
15_17,627.57,639.2,0.0018
15_17,929.34,941.62,0.0018
15_17,1016.61,1027.67,0.0018
15_17,1030.49,1037.0,0.0017
15_17,797.35,800.44,0.0017
15_17,591.98,624.26,0.0017
15_17,1088.64,1099.92,0.0015
15_17,1071.95,1161.75,0.0013
15_17,897.15,899.3,0.0012
15_17,1178.14,1195.03,0.0012
15_17,641.82,655.22,0.0012
15_17,887.53,912.66,0.0012
15_17,733.04,744.36,0.0012
15_17,720.84,733.31,0.0012
15_17,974.63,977.12,0.0011
15_17,1041.09,1063.87,0.0011
15_17,907.09,927.04,0.0011
15_17,1138.78,1180.09,0.001
4_9,666.57,693.31,0.9966
4_9,940.94,945.14,0.9954
4_9,748.12,757.56,0.9953
4_9,738.66,747.56,0.9946
4_9,773.64,785.91,0.994
4_9,710.31,724.01,0.994
4_9,946.63,1012.48,0.9936
4_9,628.11,652.18,0.9927
4_9,1030.68,1048.19,0.9927
4_9,1016.01,1023.56,0.984
4_9,763.71,767.48,0.9746
4_9,798.82,933.87,0.9722
4_9,1012.8,1014.94,0.9705
4_9,794.89,798.67,0.9545
4_9,770.32,772.08,0.9517
4_9,946.73,1012.45,0.1352
4_9,1030.69,1048.18,0.1346
4_9,666.55,693.3,0.1345
4_9,773.62,785.91,0.1327
4_9,738.66,747.56,0.1312
4_9,918.82,924.72,0.0378
4_9,666.58,693.29,0.0183
4_9,627.92,667.47,0.0106
4_9,1012.68,1023.43,0.01
4_9,865.13,884.12,0.0093
4_9,763.01,773.7,0.0093
4_9,1003.04,1009.07,0.0069
4_9,809.75,820.47,0.006
4_9,655.65,667.25,0.0055
4_9,1057.82,1060.6,0.0054
4_9,901.76,924.93,0.0052
4_9,1026.6,1068.78,0.005
4_9,697.94,709.58,0.0046
4_9,749.93,756.21,0.004
4_9,1073.75,1114.07,0.0036
4_9,679.27,690.42,0.0034
4_9,1014.29,1016.96,0.0034
4_9,826.28,829.31,0.0034
4_9,1046.03,1050.7,0.0032
4_9,941.96,944.92,0.0032
4_9,817.55,820.59,0.003
4_9,708.08,714.51,0.0029
4_9,931.69,941.78,0.0027
4_9,614.62,617.38,0.0026
4_9,1077.89,1082.97,0.0026
4_9,766.69,772.01,0.0026
4_9,981.99,994.01,0.0024
4_9,946.11,956.36,0.0024
4_9,720.28,726.04,0.0024
4_9,888.46,898.96,0.0023
4_9,1151.34,1157.0,0.0023
4_9,739.3,742.25,0.0022
4_9,1050.81,1135.92,0.0022
4_9,696.45,737.22,0.0021
4_9,866.55,907.93,0.0018
4_9,843.86,846.7,0.0017
4_9,784.62,794.46,0.0016
4_9,948.48,984.4,0.0016
4_9,1082.05,1087.59,0.0016
4_9,829.26,831.93,0.0015
4_9,747.17,756.56,0.0014
4_9,694.7,705.85,0.0014
4_9,867.39,870.04,0.0014
4_9,871.32,873.81,0.0013
4_9,1002.06,1021.15,0.0012
4_9,756.24,766.32,0.0012
4_9,659.76,665.36,0.0012
4_9,635.75,638.79,0.0012
4_9,908.46,911.29,0.0011
4_9,715.66,722.37,0.001
4_9,817.31,822.93,0.001
4_9,941.11,943.76,0.001
4_9,890.52,937.42,0.001
18_27,960.53,962.67,0.9999
18_27,617.12,626.77,0.9993
18_27,694.46,716.4,0.9993
18_27,677.23,692.36,0.9982
18_27,934.4,947.03,0.9981
18_27,850.24,858.79,0.9967
18_27,868.54,886.5,0.9955
18_27,891.18,897.62,0.9943
18_27,643.28,674.11,0.9935
18_27,718.52,847.08,0.979
18_27,627.34,639.17,0.9742
18_27,898.03,961.1,0.9197
18_27,677.23,692.38,0.1353
18_27,694.47,716.41,0.1349
18_27,850.25,858.79,0.1345
18_27,617.12,626.77,0.1344
18_27,868.53,886.48,0.1332
18_27,891.18,897.61,0.1313
18_27,934.4,947.05,0.1251
18_27,898.06,961.08,0.115
18_27,1068.19,1089.51,0.0242
18_27,677.24,692.37,0.0182
18_27,898.09,961.02,0.0156
18_27,741.5,778.77,0.0136
18_27,844.53,847.34,0.01
18_27,1057.46,1060.56,0.0066
18_27,1097.19,1108.84,0.006
18_27,1145.39,1220.95,0.0058
18_27,780.5,824.91,0.0057
18_27,620.95,623.74,0.005
18_27,847.22,849.74,0.0048
18_27,618.23,621.02,0.0046
18_27,604.31,642.68,0.0042
18_27,850.54,852.86,0.0041
18_27,858.05,867.02,0.0038
18_27,830.79,842.69,0.0034
18_27,1048.18,1050.83,0.0033
18_27,666.79,676.47,0.0032
18_27,760.2,763.16,0.0032
18_27,946.57,963.76,0.0031
18_27,688.05,728.26,0.0031
18_27,873.24,876.21,0.0028
18_27,887.29,897.75,0.0027
18_27,995.85,1001.25,0.0027
18_27,855.74,858.36,0.0027
18_27,847.46,867.47,0.0023
18_27,924.99,927.9,0.0022
18_27,1001.45,1012.39,0.0022
18_27,862.19,864.77,0.002
18_27,938.06,943.98,0.0019
18_27,963.49,973.8,0.0019
18_27,935.48,937.94,0.0019
18_27,732.16,772.63,0.0018
18_27,1158.76,1170.53,0.0017
18_27,613.67,615.07,0.0017
18_27,640.99,647.43,0.0016
18_27,1108.64,1113.97,0.0015
18_27,869.74,880.99,0.0015
18_27,943.39,945.74,0.0014
18_27,1134.6,1152.17,0.0014
18_27,658.91,661.71,0.0013
18_27,731.26,736.65,0.0013
18_27,784.21,787.04,0.0013
18_27,899.18,902.26,0.0013
18_27,1080.31,1091.82,0.0013
18_27,955.98,961.61,0.0012
18_27,894.0,896.88,0.0012
5_22,979.64,986.88,0.9998
5_22,1104.4,1109.44,0.9995
5_22,972.65,979.43,0.9995
5_22,742.8,754.45,0.9989
5_22,1045.76,1104.13,0.9988
5_22,807.7,819.68,0.9976
5_22,770.55,791.82,0.9967
5_22,987.11,1045.44,0.9959
5_22,821.43,903.0,0.9949
5_22,806.33,807.4,0.9936
5_22,794.79,802.83,0.9912
5_22,686.08,705.21,0.9828
5_22,623.41,683.02,0.9746
5_22,712.52,742.26,0.9696
5_22,867.7,971.87,0.865
5_22,833.76,965.4,0.2219
5_22,972.66,979.42,0.1345
5_22,807.7,819.69,0.1345
5_22,987.17,1045.49,0.1342
5_22,794.79,802.84,0.1341
5_22,623.4,682.93,0.1323
5_22,821.54,903.09,0.0755
5_22,802.47,807.76,0.0191
5_22,794.79,802.83,0.0181
5_22,987.08,1045.46,0.0179
5_22,972.66,979.42,0.0179
5_22,768.31,774.22,0.0123
5_22,618.67,620.8,0.0115
5_22,978.55,988.32,0.0085
5_22,629.88,649.95,0.0079
5_22,692.01,697.13,0.007
5_22,828.87,839.06,0.0068
5_22,754.73,757.65,0.0064
5_22,903.97,906.42,0.0063
5_22,1072.53,1096.37,0.006
5_22,917.68,920.14,0.0057
5_22,781.31,786.99,0.0056
5_22,914.68,917.84,0.0052
5_22,892.86,936.17,0.0051
5_22,696.61,741.99,0.005
5_22,1082.41,1085.15,0.0049
5_22,1044.44,1064.52,0.0045
5_22,616.2,619.29,0.0043
5_22,619.62,630.86,0.0043
5_22,1015.71,1018.51,0.004
5_22,947.73,950.77,0.004
5_22,753.18,762.4,0.0037
5_22,608.45,618.95,0.0033
5_22,993.24,996.2,0.0031
5_22,717.59,739.7,0.003
5_22,740.92,760.93,0.0028
5_22,972.57,975.4,0.0026
5_22,979.87,985.73,0.0025
5_22,853.67,856.16,0.0024
5_22,726.11,728.92,0.0022
5_22,954.68,957.91,0.0022
5_22,840.66,846.41,0.0022
5_22,788.89,794.33,0.0022
5_22,1099.32,1119.53,0.0018
5_22,628.45,674.24,0.0017
5_22,1030.69,1033.42,0.0016
5_22,869.89,873.06,0.0016
5_22,877.59,889.09,0.0015
5_22,851.37,854.19,0.0015
5_22,965.54,971.88,0.0014
5_22,807.48,810.47,0.0014
5_22,788.56,791.15,0.0014
5_22,1155.49,1166.03,0.0014
5_22,994.7,1017.53,0.0013
5_22,1017.81,1039.5,0.0013
5_22,759.17,799.18,0.0013
5_22,648.75,654.69,0.0012
5_22,951.71,957.92,0.0012
5_22,1048.84,1122.01,0.0012
5_22,939.45,942.12,0.0011
5_22,748.79,751.77,0.0011
5_22,730.35,741.7,0.0011
5_22,789.19,806.52,0.0011
5_22,812.04,817.46,0.001
5_22,784.47,787.55,0.001
5_22,637.9,650.43,0.001
5_22,1057.64,1060.46,0.001
5_22,928.87,931.48,0.001
5_4,966.65,995.54,0.9999
5_4,860.39,933.44,0.999
5_4,740.15,771.84,0.9984
5_4,953.83,958.01,0.9979
5_4,818.89,826.62,0.9973
5_4,813.08,817.19,0.9951
5_4,614.41,642.85,0.9942
5_4,829.06,852.64,0.9934
5_4,788.3,806.52,0.9932
5_4,995.71,1017.55,0.9889
5_4,676.01,734.44,0.9853
5_4,643.04,674.8,0.9823
5_4,1017.62,1030.08,0.9817
5_4,958.16,966.43,0.9814
5_4,810.41,812.81,0.9637
5_4,860.42,933.45,0.1355
5_4,740.17,771.82,0.1352
5_4,818.89,826.61,0.1346
5_4,675.93,734.41,0.1339
5_4,614.42,642.84,0.1337
5_4,740.16,771.83,0.0182
5_4,675.93,734.4,0.0181
5_4,818.89,826.62,0.0181
5_4,614.39,642.82,0.0178
5_4,913.37,919.17,0.0136
5_4,1030.87,1069.68,0.0104
5_4,954.66,957.61,0.0095
5_4,780.63,783.15,0.0086
5_4,773.41,794.62,0.0082
5_4,982.86,988.72,0.0072
5_4,831.29,836.8,0.0061
5_4,735.12,741.0,0.0053
5_4,677.01,696.86,0.0053
5_4,870.38,883.16,0.0052
5_4,792.08,803.32,0.005
5_4,668.19,673.6,0.005
5_4,728.87,734.38,0.0046
5_4,940.41,962.48,0.0043
5_4,1104.87,1146.66,0.0041
5_4,1089.08,1099.54,0.004
5_4,974.73,994.85,0.004
5_4,685.36,688.35,0.0036
5_4,994.11,1015.01,0.0036
5_4,953.73,958.97,0.0034
5_4,1100.65,1103.1,0.0033
5_4,776.8,782.66,0.0032
5_4,809.86,812.79,0.0032
5_4,1035.52,1056.69,0.0027
5_4,748.85,769.55,0.0027
5_4,646.94,652.33,0.0026
5_4,1140.07,1142.79,0.0025
5_4,959.45,965.13,0.0025
5_4,614.4,642.84,0.0023
5_4,813.02,818.01,0.0023
5_4,769.97,791.66,0.0022
5_4,970.9,982.57,0.0022
5_4,836.79,839.84,0.0021
5_4,743.87,746.35,0.0021
5_4,614.35,616.86,0.002
5_4,649.59,671.71,0.002
5_4,732.45,735.31,0.0019
5_4,1141.85,1146.87,0.0019
5_4,853.89,857.02,0.0018
5_4,866.7,869.05,0.0017
5_4,1035.6,1041.81,0.0017
5_4,933.32,936.45,0.0016
5_4,858.74,868.65,0.0016
5_4,766.19,771.55,0.0015
5_4,817.92,855.74,0.0014
5_4,910.92,933.61,0.0014
5_4,716.88,720.02,0.0014
5_4,1138.25,1141.01,0.0013
5_4,731.67,803.9,0.0013
5_4,919.28,921.84,0.0013
5_4,1068.0,1078.58,0.0012
5_4,770.33,776.21,0.0012
5_4,676.55,689.37,0.0012
5_4,1064.16,1067.02,0.0012
5_4,832.59,843.69,0.001
29_22,1102.49,1228.8,0.998
29_22,875.37,905.47,0.9963
29_22,776.91,872.88,0.9943
29_22,737.34,772.75,0.9928
29_22,937.25,979.96,0.9913
29_22,619.74,671.01,0.9908
29_22,705.2,732.45,0.9834
29_22,675.45,698.66,0.9826
29_22,875.35,905.48,0.1351
29_22,619.72,670.97,0.1337
29_22,937.32,979.99,0.1337
29_22,776.9,872.86,0.1336
29_22,1102.54,1228.8,0.1336
29_22,705.2,732.45,0.1331
29_22,737.33,772.77,0.1323
29_22,981.89,999.65,0.0209
29_22,875.33,905.46,0.018
29_22,1116.41,1171.36,0.0137
29_22,910.75,932.65,0.0124
29_22,904.97,917.6,0.0078
29_22,782.49,792.78,0.0068
29_22,631.07,657.82,0.0061
29_22,935.39,946.58,0.0059
29_22,988.66,1065.47,0.0057
29_22,920.15,931.54,0.0041
29_22,736.7,743.57,0.0039
29_22,981.12,987.71,0.0037
29_22,1126.23,1140.45,0.003
29_22,694.39,730.47,0.003
29_22,845.09,866.99,0.0029
29_22,1079.36,1104.54,0.0025
29_22,1166.53,1220.45,0.0023
29_22,918.79,987.51,0.0023
29_22,738.64,764.34,0.0022
29_22,912.03,914.86,0.0021
29_22,1045.03,1057.32,0.0021
29_22,965.55,980.53,0.002
29_22,782.11,788.32,0.0019
29_22,1119.27,1121.77,0.0019
29_22,929.33,931.93,0.0018
29_22,934.87,937.89,0.0018
29_22,1054.08,1116.02,0.0018
29_22,774.55,852.6,0.0017
29_22,910.76,920.1,0.0017
29_22,922.96,925.45,0.0016
29_22,926.94,930.12,0.0015
29_22,673.29,703.49,0.0013
29_22,863.86,873.78,0.0013
29_22,891.74,904.42,0.0011
8_25,804.48,848.98,0.9998
8_25,617.62,652.93,0.9971
8_25,777.04,801.7,0.9952
8_25,723.93,740.75,0.9925
8_25,741.78,776.21,0.9919
8_25,664.93,722.75,0.9917
8_25,654.48,694.24,0.6852
8_25,617.63,652.91,0.1342
8_25,723.93,740.75,0.1335
8_25,664.87,722.66,0.0933
8_25,654.28,660.01,0.0305
8_25,664.88,722.63,0.0126
8_25,1004.02,1006.73,0.0069
8_25,924.19,927.56,0.0061
8_25,1032.97,1035.45,0.0049
8_25,786.4,792.2,0.0047
8_25,704.8,716.09,0.0046
8_25,617.41,638.37,0.0044
8_25,969.72,992.67,0.0042
8_25,737.62,740.01,0.004
8_25,651.3,654.27,0.0029
8_25,794.7,872.96,0.0028
8_25,961.7,964.61,0.0027
8_25,728.8,733.92,0.0027
8_25,793.91,796.59,0.0026
8_25,632.2,643.66,0.0026
8_25,701.46,722.56,0.0025
8_25,957.5,980.8,0.0023
8_25,689.91,711.36,0.0021
8_25,734.06,737.06,0.0018
8_25,868.14,874.66,0.0018
8_25,772.39,803.62,0.0018
8_25,827.95,840.63,0.0017
8_25,647.09,650.17,0.0016
8_25,713.36,723.5,0.0015
8_25,790.87,794.15,0.0014
8_25,902.02,923.79,0.0014
8_25,614.75,620.51,0.0013
8_25,999.05,1001.95,0.0012
8_25,801.87,844.53,0.0012
8_25,940.59,962.07,0.0012
8_25,694.9,698.16,0.0012
8_25,756.21,767.05,0.0011
8_25,849.85,861.24,0.0011
8_25,1038.54,1041.36,0.0011
8_25,1026.34,1032.38,0.001
17_37,669.17,718.3,0.9995
17_37,806.06,859.37,0.9985
17_37,960.54,964.26,0.9984
17_37,862.74,899.46,0.9984
17_37,945.06,953.07,0.9963
17_37,968.54,991.02,0.9962
17_37,903.25,926.11,0.9951
17_37,926.4,942.93,0.9945
17_37,758.86,802.31,0.9922
17_37,723.93,736.31,0.9801
17_37,630.16,665.78,0.9707
17_37,960.53,964.27,0.1361
17_37,806.1,859.42,0.1355
17_37,669.16,718.26,0.1352
17_37,968.53,991.02,0.1348
17_37,758.83,802.31,0.1341
17_37,903.24,926.13,0.1339
17_37,945.06,953.07,0.1332
17_37,926.4,942.93,0.1279
17_37,614.38,626.92,0.0321
17_37,960.54,964.27,0.0181
17_37,1103.42,1124.09,0.0101
17_37,869.3,879.41,0.0089
17_37,954.52,961.06,0.0075
17_37,725.57,731.49,0.0071
17_37,918.77,924.33,0.0053
17_37,1139.77,1142.76,0.0049
17_37,860.29,871.62,0.0046
17_37,645.59,651.08,0.0043
17_37,905.03,917.32,0.0026
17_37,939.94,945.86,0.0025
17_37,656.42,666.52,0.0025
17_37,1047.66,1087.7,0.0025
17_37,794.35,805.87,0.0024
17_37,629.24,635.63,0.0023
17_37,995.07,1018.36,0.0023
17_37,828.7,852.85,0.0019
17_37,651.19,656.77,0.0019
17_37,782.7,785.39,0.0019
17_37,823.29,826.58,0.0018
17_37,723.28,760.09,0.0018
17_37,955.63,1057.51,0.0016
17_37,1092.85,1104.04,0.0015
17_37,637.89,644.05,0.0015
17_37,942.96,953.06,0.0015
17_37,674.86,719.54,0.0014
17_37,1125.33,1137.04,0.0014
17_37,666.79,669.69,0.0014
17_37,1079.77,1085.49,0.0013
17_37,1099.8,1102.78,0.0012
17_37,643.58,646.3,0.0012
17_37,681.95,688.0,0.0012
17_37,627.82,633.33,0.0012
17_37,1108.31,1119.94,0.0012
17_37,853.67,859.54,0.0012
17_37,1119.36,1125.12,0.0012
17_37,786.33,796.91,0.0011
17_37,598.31,671.27,0.0011
15_5,826.51,948.63,0.4365
15_5,1086.24,1197.85,0.434
15_5,960.22,1085.81,0.4121
15_5,632.18,804.07,0.3825
15_5,1191.14,1228.8,0.3811
15_5,797.81,810.26,0.2224
15_5,808.84,820.87,0.212
15_5,819.32,837.72,0.1906
15_5,675.63,821.07,0.1347
15_5,1074.81,1180.62,0.1293
15_5,836.72,848.65,0.1213
15_5,1222.57,1228.8,0.1149
15_5,944.65,1073.05,0.1134
15_5,827.39,839.72,0.1097
15_5,812.75,825.44,0.1092
15_5,837.44,962.22,0.1033
15_5,804.72,817.47,0.0883
15_5,1212.21,1228.8,0.0758
15_5,820.1,831.05,0.0729
15_5,677.21,723.51,0.0638
15_5,1190.15,1221.32,0.0593
15_5,640.32,678.05,0.0582
15_5,800.2,811.63,0.0514
15_5,833.09,856.65,0.0498
15_5,827.29,832.51,0.0488
15_5,982.83,1032.07,0.0428
15_5,1171.61,1192.43,0.0426
15_5,1061.84,1106.13,0.0417
15_5,793.58,803.19,0.0403
15_5,713.04,728.88,0.0378
15_5,757.58,805.27,0.0369
15_5,846.07,870.09,0.0367
15_5,1225.79,1228.8,0.0355
15_5,818.69,823.95,0.0354
15_5,1100.17,1206.94,0.032
15_5,938.97,964.15,0.0317
15_5,835.18,841.79,0.0299
15_5,823.33,829.84,0.0295
15_5,808.71,815.05,0.029
15_5,967.28,987.62,0.0273
15_5,1213.12,1223.5,0.0265
15_5,1014.44,1064.84,0.0259
15_5,704.75,765.16,0.0242
15_5,789.16,795.92,0.0233
15_5,805.55,850.26,0.0223
15_5,714.85,720.86,0.022
15_5,618.27,712.31,0.0216
15_5,856.76,968.25,0.0214
15_5,805.86,811.11,0.0204
15_5,1217.11,1228.8,0.0202
15_5,828.71,831.84,0.0199
15_5,978.33,1002.17,0.0197
15_5,821.84,824.3,0.0196
15_5,818.86,821.63,0.0196
15_5,1058.33,1071.46,0.0187
15_5,831.69,838.63,0.0185
15_5,1220.61,1228.8,0.0176
15_5,1180.75,1198.84,0.0176
15_5,1000.07,1113.44,0.0165
15_5,1136.67,1183.66,0.0159
15_5,825.04,828.15,0.0151
15_5,794.81,818.83,0.015
15_5,1221.98,1224.83,0.0148
15_5,1198.57,1222.55,0.0147
15_5,840.35,853.23,0.0143
15_5,815.94,822.27,0.013
15_5,946.53,948.96,0.0125
15_5,695.7,829.19,0.012
15_5,707.37,715.67,0.0118
15_5,877.17,906.7,0.0117
15_5,838.04,843.29,0.0117
15_5,618.59,657.98,0.0114
15_5,803.01,809.57,0.0112
15_5,828.03,830.71,0.0111
15_5,1067.54,1165.45,0.011
15_5,1174.77,1180.66,0.0109
15_5,850.26,864.2,0.0102
15_5,1004.0,1024.35,0.0098
15_5,821.1,826.35,0.0098
15_5,796.06,801.88,0.0097
15_5,892.14,895.55,0.0096
15_5,790.39,793.47,0.0096
15_5,949.92,993.39,0.0095
15_5,895.95,945.09,0.0092
15_5,1191.83,1228.8,0.0091
15_5,1049.02,1076.08,0.009
15_5,642.89,651.52,0.0088
15_5,675.23,700.11,0.0087
15_5,1064.63,1066.84,0.0087
15_5,945.21,951.31,0.0086
15_5,799.67,883.2,0.0086
15_5,810.97,817.0,0.0083
15_5,1192.62,1201.88,0.008
15_5,782.36,795.07,0.0079
15_5,1216.2,1221.91,0.0078
15_5,716.08,719.49,0.0077
15_5,830.01,832.76,0.0073
15_5,1166.55,1179.78,0.0073
15_5,1179.57,1189.36,0.0072
15_5,704.86,738.9,0.0068
15_5,844.7,851.0,0.0068
15_5,838.93,841.32,0.0066
15_5,1223.04,1226.08,0.0066
15_5,936.34,957.1,0.0066
15_5,992.24,1004.52,0.0065
15_5,806.47,809.39,0.0064
15_5,676.13,682.39,0.0063
15_5,1202.59,1216.02,0.0063
15_5,718.86,725.69,0.0062
15_5,832.56,835.65,0.0062
15_5,801.68,804.56,0.0061
15_5,1037.63,1044.3,0.0058
15_5,810.2,813.35,0.0057
15_5,1227.4,1228.8,0.0056
15_5,819.87,822.61,0.0055
15_5,834.73,839.86,0.0054
15_5,1064.13,1087.69,0.0054
15_5,624.85,646.03,0.0053
15_5,1040.6,1065.36,0.0052
15_5,889.05,896.22,0.0051
15_5,1186.92,1193.8,0.0051
15_5,747.38,802.68,0.0051
15_5,1089.48,1113.16,0.005
15_5,628.38,631.27,0.005
15_5,989.87,1038.73,0.0049
15_5,1223.91,1228.8,0.0049
15_5,711.72,719.32,0.0048
15_5,791.42,794.66,0.0048
15_5,647.88,697.16,0.0047
15_5,767.25,775.28,0.0045
15_5,623.85,627.1,0.0045
15_5,735.82,742.18,0.0045
15_5,1061.11,1068.1,0.0044
15_5,815.79,935.63,0.0044
15_5,1125.54,1152.94,0.0043
15_5,816.85,819.43,0.0043
15_5,1178.14,1181.44,0.0043
15_5,951.34,969.67,0.0043
15_5,1171.28,1177.2,0.0041
15_5,943.02,948.92,0.004
15_5,683.86,695.62,0.004
15_5,823.82,836.23,0.0039
15_5,706.38,710.15,0.0039
15_5,791.22,807.32,0.0038
15_5,971.33,976.32,0.0038
15_5,759.7,763.44,0.0037
15_5,840.84,846.93,0.0037
15_5,1153.21,1175.98,0.0036
15_5,893.55,896.22,0.0035
15_5,722.28,728.71,0.0035
15_5,1219.53,1225.65,0.0035
15_5,824.07,827.12,0.0035
15_5,811.54,814.14,0.0034
15_5,947.44,950.37,0.0034
15_5,1197.85,1204.21,0.0034
15_5,913.19,937.83,0.0033
15_5,800.01,803.08,0.0033
15_5,622.84,781.78,0.0033
15_5,1020.23,1044.52,0.0032
15_5,1226.08,1228.8,0.0031
15_5,677.82,681.02,0.003
15_5,1094.69,1106.8,0.003
15_5,938.05,1053.91,0.0029
15_5,846.7,849.43,0.0029
15_5,812.31,819.59,0.0029
15_5,621.53,633.53,0.0029
15_5,1040.13,1043.07,0.0029
15_5,768.86,772.47,0.0028
15_5,719.24,748.95,0.0027
15_5,713.92,717.37,0.0026
15_5,1051.75,1064.12,0.0026
15_5,1184.74,1206.07,0.0026
15_5,832.33,845.0,0.0026
15_5,982.86,1004.32,0.0025
15_5,755.81,763.02,0.0025
15_5,886.19,901.5,0.0025
15_5,793.69,796.84,0.0025
15_5,1220.07,1222.56,0.0025
15_5,1027.92,1034.82,0.0025
15_5,796.39,798.52,0.0024
15_5,1224.34,1227.06,0.0024
15_5,851.05,880.25,0.0023
15_5,966.49,978.63,0.0023
15_5,831.24,833.9,0.0023
15_5,822.07,824.84,0.0023
15_5,1064.48,1069.65,0.0023
15_5,825.56,828.7,0.0023
15_5,736.53,739.87,0.0022
15_5,1038.08,1040.87,0.0022
15_5,1104.95,1131.63,0.0022
15_5,711.33,714.89,0.0022
15_5,1087.95,1094.74,0.0022
15_5,645.15,650.25,0.0022
15_5,906.74,913.0,0.0022
15_5,930.87,937.4,0.0021
15_5,937.48,948.53,0.0021
15_5,1183.03,1185.82,0.0021
15_5,715.25,722.51,0.0021
15_5,1176.59,1179.69,0.0021
15_5,1128.23,1213.4,0.002
15_5,759.25,838.47,0.002
15_5,1062.47,1065.26,0.002
15_5,1179.84,1182.74,0.002
15_5,797.37,800.5,0.002
15_5,1172.93,1175.83,0.0019
15_5,1053.52,1056.42,0.0019
15_5,1206.93,1214.38,0.0019
15_5,651.86,680.83,0.0019
15_5,720.54,723.52,0.0018
15_5,1011.56,1022.39,0.0018
15_5,701.57,705.4,0.0018
15_5,806.2,808.8,0.0018
15_5,1194.13,1196.39,0.0018
15_5,847.68,860.18,0.0018
15_5,819.36,822.02,0.0018
15_5,1059.1,1097.61,0.0017
15_5,801.63,806.95,0.0017
15_5,709.12,712.78,0.0017
15_5,859.05,862.46,0.0016
15_5,680.28,693.53,0.0016
15_5,839.16,841.85,0.0016
15_5,638.07,651.39,0.0016
15_5,1165.05,1190.91,0.0016
15_5,807.82,813.93,0.0016
15_5,753.71,770.0,0.0015
15_5,975.74,987.73,0.0015
15_5,1121.05,1124.26,0.0015
15_5,730.58,745.26,0.0015
15_5,925.92,965.56,0.0015
15_5,1170.33,1173.12,0.0015
15_5,700.25,716.58,0.0015
15_5,1030.56,1033.32,0.0014
15_5,835.48,838.33,0.0014
15_5,1214.15,1226.12,0.0014
15_5,815.01,817.92,0.0014
15_5,717.25,720.48,0.0014
15_5,1227.84,1228.8,0.0014
15_5,1064.95,1067.47,0.0014
15_5,947.75,953.29,0.0014
15_5,787.54,799.01,0.0013
15_5,722.64,725.14,0.0013
15_5,1034.47,1047.66,0.0013
15_5,891.98,898.18,0.0013
15_5,815.43,827.53,0.0013
15_5,1201.28,1228.8,0.0013
15_5,671.13,684.97,0.0012
15_5,829.36,832.45,0.0012
15_5,1130.48,1143.77,0.0012
15_5,1201.05,1207.48,0.0012
15_5,837.39,840.46,0.0012
15_5,833.14,836.02,0.0012
15_5,1212.24,1215.52,0.0012
15_5,767.23,770.9,0.0012
15_5,1185.97,1192.54,0.0012
15_5,895.08,909.63,0.0012
15_5,626.69,629.66,0.0012
15_5,995.07,1020.3,0.0012
15_5,844.41,847.34,0.0011
15_5,799.5,802.37,0.0011
15_5,1054.82,1061.38,0.0011
15_5,590.73,631.31,0.0011
15_5,1191.63,1197.58,0.0011
15_5,1222.56,1225.38,0.0011
15_5,1025.54,1028.78,0.0011
15_5,629.99,632.99,0.0011
15_5,1093.42,1099.91,0.0011
15_5,1022.03,1125.13,0.001
15_5,988.29,999.68,0.001
15_5,715.48,718.2,0.001
15_5,820.4,823.19,0.001
15_5,841.55,856.15,0.001
7_44,752.7,770.73,0.9999
7_44,615.24,627.16,0.9994
7_44,629.64,660.43,0.9983
7_44,854.57,874.75,0.9977
7_44,788.97,801.71,0.9966
7_44,661.77,675.84,0.9964
7_44,802.04,817.07,0.9873
7_44,835.49,854.37,0.9872
7_44,817.28,831.68,0.9859
7_44,772.55,788.63,0.9852
7_44,676.31,752.22,0.9842
7_44,788.94,801.71,0.1361
7_44,854.56,874.72,0.1356
7_44,752.69,770.74,0.1354
7_44,629.64,660.44,0.1353
7_44,661.76,675.84,0.133
7_44,817.27,831.68,0.1328
7_44,854.51,857.33,0.0212
7_44,629.63,660.43,0.0179
7_44,1022.43,1025.55,0.0153
7_44,1055.22,1065.34,0.0102
7_44,1068.69,1090.21,0.01
7_44,779.26,784.95,0.0085
7_44,794.37,797.02,0.0072
7_44,730.18,741.99,0.0069
7_44,807.09,817.9,0.0056
7_44,625.24,629.79,0.0055
7_44,691.92,741.67,0.0054
7_44,746.91,826.02,0.0051
7_44,1073.38,1147.99,0.005
7_44,982.79,1004.64,0.0043
7_44,939.46,950.64,0.0038
7_44,833.82,836.67,0.0036
7_44,1094.94,1106.03,0.0034
7_44,754.52,756.93,0.0033
7_44,884.51,906.48,0.0033
7_44,731.27,752.47,0.0028
7_44,952.11,957.5,0.0027
7_44,688.58,698.56,0.0027
7_44,666.94,672.82,0.0025
7_44,770.12,788.04,0.0025
7_44,603.42,619.95,0.0025
7_44,748.89,755.03,0.0025
7_44,816.96,834.99,0.0024
7_44,837.34,856.05,0.0022
7_44,654.08,656.75,0.002
7_44,660.13,680.04,0.0019
7_44,705.3,711.1,0.0018
7_44,730.89,733.84,0.0017
7_44,775.85,812.43,0.0016
7_44,619.29,629.67,0.0015
7_44,1079.28,1085.85,0.0015
7_44,878.29,881.6,0.0015
7_44,757.64,769.35,0.0015
7_44,767.87,770.48,0.0014
7_44,863.38,868.87,0.0012
7_44,933.14,979.28,0.0012
7_44,641.26,652.29,0.0011
7_44,1043.34,1049.33,0.0011
7_44,629.97,635.47,0.001
8_35,794.95,835.58,0.9995
8_35,661.1,691.92,0.999
8_35,767.35,772.96,0.9988
8_35,618.46,661.19,0.9975
8_35,693.64,734.19,0.9932
8_35,774.42,793.23,0.9884
8_35,737.27,767.34,0.9667
8_35,693.64,734.24,0.135
8_35,794.96,835.63,0.1311
8_35,676.34,757.18,0.0068
8_35,843.01,864.18,0.0066
8_35,615.82,638.13,0.0062
8_35,767.23,796.26,0.0059
8_35,819.63,831.05,0.0044
8_35,890.35,901.87,0.004
8_35,653.72,656.07,0.004
8_35,719.82,723.28,0.004
8_35,766.93,769.31,0.0037
8_35,749.63,752.5,0.0037
8_35,1021.19,1023.68,0.0034
8_35,881.96,884.34,0.0033
8_35,917.17,919.57,0.0029
8_35,898.79,901.87,0.0028
8_35,792.81,803.6,0.0026
8_35,1025.11,1028.09,0.0021
8_35,965.17,976.1,0.002
8_35,996.28,999.43,0.0019
8_35,894.89,898.14,0.0018
8_35,669.39,672.36,0.0018
8_35,758.64,761.19,0.0016
8_35,628.92,651.1,0.0016
8_35,655.6,658.69,0.0016
8_35,985.92,997.42,0.0016
8_35,901.41,978.0,0.0015
8_35,675.55,696.67,0.0014
8_35,637.95,644.53,0.0013
8_35,1033.2,1035.38,0.0012
8_35,781.01,792.28,0.0012
8_35,719.66,722.54,0.0011
8_35,835.61,872.21,0.001
10_24,673.17,699.49,0.9991
10_24,699.72,712.04,0.999
10_24,716.33,731.34,0.9983
10_24,781.99,793.76,0.9976
10_24,646.52,673.01,0.9975
10_24,731.68,747.83,0.9955
10_24,877.94,882.9,0.995
10_24,754.41,762.5,0.9943
10_24,891.2,913.59,0.9943
10_24,938.29,950.99,0.9941
10_24,875.86,878.14,0.9929
10_24,800.61,822.59,0.9879
10_24,872.67,875.68,0.9856
10_24,829.98,839.23,0.985
10_24,839.48,843.13,0.9847
10_24,960.99,975.78,0.9842
10_24,916.8,934.42,0.9839
10_24,616.19,642.67,0.9809
10_24,883.25,891.48,0.9591
10_24,673.14,699.53,0.1361
10_24,699.74,712.03,0.1359
10_24,716.35,731.33,0.1357
10_24,646.53,673.05,0.1353
10_24,781.99,793.76,0.1349
10_24,938.29,951.0,0.1345
10_24,754.4,762.5,0.1345
10_24,839.48,843.13,0.1335
10_24,877.94,882.89,0.1335
10_24,891.2,913.59,0.1328
10_24,616.22,642.67,0.1327
10_24,731.69,747.84,0.1315
10_24,875.86,878.14,0.1308
10_24,770.95,781.65,0.0221
10_24,832.81,873.76,0.0206
10_24,1116.18,1134.34,0.0189
10_24,646.52,673.02,0.0184
10_24,716.34,731.32,0.0183
10_24,754.4,762.5,0.0182
10_24,781.98,793.77,0.0179
10_24,1023.09,1033.33,0.0145
10_24,947.96,1033.06,0.0138
10_24,964.39,970.11,0.0104
10_24,783.36,789.31,0.0092
10_24,1105.7,1116.62,0.0088
10_24,920.14,931.03,0.0084
10_24,761.97,768.03,0.0064
10_24,950.94,961.39,0.0057
10_24,1116.21,1127.84,0.0049
10_24,931.37,951.17,0.0047
10_24,747.16,749.65,0.0041
10_24,831.45,837.07,0.004
10_24,699.21,735.85,0.0039
10_24,1129.21,1132.11,0.0038
10_24,769.27,772.17,0.0037
10_24,684.43,687.28,0.0037
10_24,1044.02,1063.69,0.0035
10_24,627.84,639.16,0.0033
10_24,878.01,881.06,0.0032
10_24,714.69,717.78,0.0031
10_24,977.75,980.77,0.0031
10_24,1029.64,1040.53,0.0031
10_24,1075.28,1081.35,0.003
10_24,749.74,767.38,0.0029
10_24,711.84,714.32,0.0027
10_24,1062.78,1068.49,0.0027
10_24,780.74,803.89,0.0025
10_24,666.22,671.59,0.0025
10_24,696.84,699.18,0.0024
10_24,838.57,844.41,0.0022
10_24,735.09,737.74,0.0021
10_24,1057.26,1059.98,0.002
10_24,868.02,940.43,0.002
10_24,836.24,839.39,0.0018
10_24,819.48,821.9,0.0017
10_24,912.2,914.96,0.0017
10_24,850.04,852.11,0.0016
10_24,1013.0,1022.63,0.0016
10_24,936.82,946.78,0.0015
10_24,756.94,759.8,0.0015
10_24,1130.2,1141.1,0.0015
10_24,860.14,871.83,0.0014
10_24,1096.05,1101.63,0.0013
10_24,644.22,649.09,0.0013
10_24,1067.05,1069.52,0.0013
10_24,958.36,979.05,0.0013
10_24,853.68,856.34,0.0013
10_24,991.05,1001.55,0.0013
10_24,829.12,831.65,0.0013
10_24,775.96,781.66,0.0013
10_24,619.85,622.96,0.0013
10_24,1021.95,1024.85,0.0012
10_24,823.19,825.88,0.0012
10_24,718.09,721.01,0.0012
10_24,949.77,955.57,0.0012
10_24,881.52,883.86,0.0012
10_24,1114.48,1117.79,0.0012
10_24,1077.03,1099.79,0.0011
10_24,615.83,618.25,0.0011
10_24,635.3,638.21,0.0011
10_24,988.77,991.85,0.0011
10_24,851.77,854.67,0.0011
10_24,749.25,754.87,0.0011
10_24,845.2,850.56,0.0011
2_42,1003.19,1012.27,0.9992
2_42,951.71,971.67,0.9988
2_42,1028.41,1077.78,0.9987
2_42,1085.11,1118.79,0.9968
2_42,815.99,875.68,0.994
2_42,1193.39,1204.92,0.994
2_42,746.84,785.64,0.9933
2_42,1012.54,1025.25,0.9929
2_42,1124.81,1132.79,0.9907
2_42,972.73,983.22,0.9871
2_42,660.6,743.72,0.987
2_42,1116.68,1124.27,0.9864
2_42,1200.71,1228.8,0.984
2_42,1136.64,1193.05,0.984
2_42,617.56,651.13,0.9838
2_42,1076.75,1088.29,0.9815
2_42,884.52,948.57,0.9786
2_42,983.25,1003.21,0.9747
2_42,951.7,971.66,0.135
2_42,1012.54,1025.25,0.1344
2_42,1028.43,1077.77,0.1338
2_42,972.72,983.22,0.1336
2_42,816.03,875.73,0.1332
2_42,1003.19,1012.27,0.133
2_42,1116.68,1124.27,0.1328
2_42,617.57,651.15,0.1322
2_42,1200.74,1228.8,0.1316
2_42,1124.8,1132.8,0.1314
2_42,1136.52,1193.09,0.1313
2_42,1076.75,1088.29,0.1299
2_42,816.02,875.69,0.0181
2_42,853.75,859.71,0.0094
2_42,1135.94,1142.11,0.0083
2_42,1142.1,1144.79,0.007
2_42,876.29,878.58,0.0058
2_42,1037.15,1063.49,0.0057
2_42,881.79,928.89,0.0056
2_42,714.17,736.5,0.0051
2_42,756.99,779.56,0.0051
2_42,874.08,894.04,0.0049
2_42,1064.56,1077.15,0.0044
2_42,1009.08,1012.25,0.0041
2_42,1075.95,1078.71,0.004
2_42,1086.88,1089.09,0.0033
2_42,950.66,1025.58,0.0031
2_42,1131.95,1137.56,0.003
2_42,1028.81,1040.48,0.0028
2_42,1093.33,1115.49,0.0027
2_42,878.06,884.11,0.0026
2_42,886.31,969.89,0.0025
2_42,786.2,817.86,0.0024
2_42,697.21,739.16,0.0021
2_42,971.54,988.78,0.002
2_42,1119.3,1121.96,0.0018
2_42,961.81,968.99,0.0018
2_42,1016.61,1023.05,0.0017
2_42,854.37,860.22,0.0017
2_42,802.78,807.78,0.0016
2_42,1155.48,1182.1,0.0015
2_42,1194.46,1205.71,0.0013
2_42,671.86,696.58,0.0013
2_42,1189.9,1195.2,0.0011
2_42,759.15,781.46,0.0011
2_42,616.48,640.2,0.0011
2_42,1111.6,1193.36,0.0011
2_42,982.22,994.2,0.0011
2_42,781.43,784.36,0.001
2_42,1204.12,1228.8,0.001
2_42,849.67,873.21,0.001
2_42,971.13,973.52,0.001
17_10,977.03,990.21,0.9983
17_10,777.5,846.74,0.9977
17_10,849.88,870.1,0.9974
17_10,1042.15,1055.67,0.9959
17_10,917.23,974.5,0.9956
17_10,744.61,771.68,0.9955
17_10,996.35,1038.75,0.9948
17_10,1055.67,1076.82,0.9902
17_10,614.36,740.21,0.9854
17_10,877.48,897.59,0.9817
17_10,901.48,915.61,0.9778
17_10,1042.15,1055.69,0.1353
17_10,849.87,870.1,0.1352
17_10,777.44,846.75,0.1351
17_10,977.03,990.21,0.135
17_10,744.6,771.7,0.1348
17_10,614.47,740.21,0.1338
17_10,917.26,974.54,0.1333
17_10,774.85,785.37,0.0203
17_10,977.04,990.22,0.0183
17_10,917.17,974.53,0.0178
17_10,655.08,661.09,0.0072
17_10,691.3,694.19,0.0072
17_10,978.75,984.09,0.0069
17_10,1105.19,1108.23,0.0062
17_10,789.34,832.6,0.0058
17_10,676.34,699.16,0.0058
17_10,619.04,642.43,0.0056
17_10,1077.41,1099.34,0.0053
17_10,1054.63,1074.17,0.0049
17_10,977.03,979.09,0.0043
17_10,920.03,931.0,0.0039
17_10,829.89,849.28,0.0038
17_10,633.05,654.57,0.0036
17_10,634.54,637.22,0.0033
17_10,1152.35,1154.89,0.0031
17_10,1133.95,1135.9,0.0031
17_10,850.35,860.78,0.0029
17_10,697.82,718.42,0.0026
17_10,736.59,774.02,0.0026
17_10,965.52,975.57,0.0025
17_10,815.68,818.28,0.0023
17_10,614.78,617.19,0.0023
17_10,626.29,629.31,0.0022
17_10,1075.94,1078.75,0.0021
17_10,922.0,946.26,0.0021
17_10,1007.31,1018.82,0.002
17_10,1096.8,1102.58,0.002
17_10,891.4,894.25,0.0019
17_10,878.64,881.51,0.0018
17_10,803.7,806.09,0.0018
17_10,868.77,908.53,0.0017
17_10,656.79,659.49,0.0016
17_10,1085.45,1090.83,0.0016
17_10,1000.34,1003.21,0.0015
17_10,988.04,994.32,0.0014
17_10,1140.93,1145.92,0.0014
17_10,852.31,858.18,0.0013
17_10,1086.13,1107.21,0.0013
17_10,771.34,777.35,0.0012
17_10,912.14,918.11,0.0012
17_10,880.06,891.47,0.0011
17_10,1061.62,1064.44,0.0011
17_10,746.3,751.26,0.0011
17_10,902.65,908.85,0.0011
17_10,1151.23,1156.84,0.0011
17_10,754.74,768.2,0.0011
17_10,1094.89,1097.07,0.0011
17_10,1155.44,1161.25,0.001
17_10,713.74,716.74,0.001
25_2,917.41,919.79,0.999
25_2,821.78,874.94,0.9983
25_2,786.78,797.82,0.9978
25_2,990.3,1009.72,0.9976
25_2,1031.47,1034.1,0.9976
25_2,1016.23,1028.54,0.996
25_2,643.57,664.87,0.9955
25_2,875.21,876.85,0.9947
25_2,1096.56,1132.04,0.99
25_2,672.11,703.43,0.9875
25_2,1036.99,1095.92,0.9874
25_2,1184.32,1206.75,0.9859
25_2,738.35,740.9,0.9819
25_2,969.6,970.94,0.9777
25_2,1131.74,1183.39,0.9768
25_2,924.68,969.39,0.9734
25_2,877.97,914.69,0.9672
25_2,775.13,782.91,0.9604
25_2,814.02,819.85,0.9507
25_2,990.31,1009.73,0.1345
25_2,1037.09,1095.97,0.1333
25_2,1031.47,1034.1,0.1332
25_2,917.41,919.79,0.1332
25_2,1016.22,1028.54,0.133
25_2,672.13,703.38,0.1329
25_2,643.57,664.88,0.1327
25_2,786.79,797.81,0.1325
25_2,1131.67,1183.37,0.1323
25_2,875.21,876.85,0.1316
25_2,1096.57,1132.07,0.1304
25_2,821.76,874.94,0.1278
25_2,857.51,864.65,0.0287
25_2,633.8,644.53,0.0247
25_2,1037.07,1096.01,0.0179
25_2,672.1,703.41,0.0178
25_2,1132.87,1147.18,0.0169
25_2,919.81,922.29,0.0128
25_2,785.52,787.72,0.0102
25_2,870.18,875.27,0.0092
25_2,923.83,935.83,0.0088
25_2,804.95,823.65,0.0087
25_2,1183.0,1215.51,0.0079
25_2,982.04,984.82,0.0075
25_2,977.03,1018.07,0.0071
25_2,916.9,921.56,0.006
25_2,742.38,754.29,0.0057
25_2,758.53,786.11,0.0055
25_2,876.83,889.67,0.0053
25_2,982.59,988.63,0.0052
25_2,950.71,969.91,0.0048
25_2,858.18,864.86,0.0045
25_2,1029.37,1034.33,0.0044
25_2,1111.58,1132.84,0.0042
25_2,703.61,706.32,0.0041
25_2,810.98,821.52,0.0036
25_2,1174.43,1185.04,0.0036
25_2,1184.51,1196.62,0.0035
25_2,971.91,991.87,0.0035
25_2,797.18,802.6,0.0034
25_2,935.41,958.66,0.003
25_2,828.58,851.86,0.0029
25_2,876.71,900.95,0.0029
25_2,1184.28,1186.98,0.0023
25_2,785.06,800.58,0.0021
25_2,1094.99,1117.38,0.0021
25_2,705.55,742.19,0.002
25_2,1170.83,1173.71,0.002
25_2,613.96,633.48,0.002
25_2,967.14,969.78,0.0019
25_2,742.73,790.21,0.0019
25_2,982.49,985.42,0.0018
25_2,1133.69,1147.56,0.0018
25_2,814.98,888.58,0.0017
25_2,1181.64,1184.42,0.0017
25_2,738.03,740.7,0.0017
25_2,776.32,782.61,0.0017
25_2,1015.71,1021.09,0.0017
25_2,1173.39,1176.54,0.0016
25_2,653.03,665.02,0.0015
25_2,1186.46,1192.41,0.0015
25_2,644.16,647.45,0.0014
25_2,1016.35,1036.29,0.0013
25_2,799.01,801.24,0.0012
25_2,1044.09,1055.87,0.0012
25_2,814.97,820.28,0.0012
25_2,1041.65,1044.69,0.0011
25_2,787.04,789.72,0.0011
25_2,855.69,875.86,0.0011
25_2,789.19,795.46,0.001
25_2,957.63,969.81,0.001
25_2,710.68,716.85,0.001
1_42,632.17,679.52,1.0
1_42,803.98,815.68,0.9985
1_42,785.88,803.63,0.9962
1_42,770.63,785.55,0.9956
1_42,722.38,736.27,0.9943
1_42,736.51,760.81,0.9887
1_42,694.0,722.28,0.9886
1_42,614.43,631.41,0.9583
1_42,816.18,819.06,0.9539
1_42,687.55,693.14,0.9527
1_42,745.79,769.63,0.6513
1_42,647.56,687.26,0.487
1_42,803.97,815.68,0.135
1_42,770.63,785.56,0.1347
1_42,736.55,760.81,0.0881
1_42,745.78,769.6,0.0581
1_42,832.49,838.13,0.0233
1_42,770.64,785.55,0.0183
1_42,932.45,938.19,0.0096
1_42,634.91,644.98,0.0065
1_42,838.42,841.39,0.0055
1_42,654.92,676.37,0.0052
1_42,697.62,709.2,0.005
1_42,881.45,903.11,0.0044
1_42,687.09,776.16,0.0042
1_42,724.14,730.23,0.004
1_42,796.96,802.98,0.0034
1_42,995.04,1006.58,0.0032
1_42,802.28,805.21,0.0031
1_42,959.7,964.91,0.0031
1_42,970.07,992.93,0.003
1_42,855.44,877.31,0.0029
1_42,818.27,821.26,0.0029
1_42,647.58,667.48,0.0022
1_42,953.13,974.76,0.0022
1_42,630.83,636.14,0.0021
1_42,616.57,622.58,0.0021
1_42,906.9,912.84,0.0021
1_42,859.07,864.82,0.002
1_42,866.95,878.51,0.0018
1_42,924.16,944.07,0.0016
1_42,940.66,962.92,0.0015
1_42,670.49,681.96,0.0014
1_42,720.45,738.37,0.0014
1_42,687.92,693.49,0.0014
1_42,798.74,818.3,0.0013
1_42,635.93,641.98,0.0013
1_42,949.29,951.94,0.0013
1_42,749.82,760.79,0.0013
1_42,700.72,704.1,0.0012
1_42,834.65,836.92,0.0012
1_42,845.25,847.72,0.0012
1_42,642.78,654.58,0.0011
1_42,794.48,804.67,0.0011
1_42,885.42,888.27,0.0011
1_42,817.62,838.01,0.001
2_26,944.42,1020.85,0.9978
2_26,709.06,729.46,0.9972
2_26,756.3,826.26,0.9971
2_26,891.74,926.28,0.9966
2_26,1021.94,1059.58,0.9965
2_26,852.06,877.84,0.9955
2_26,647.83,706.88,0.9937
2_26,1205.86,1228.8,0.9937
2_26,1127.35,1143.47,0.9923
2_26,1057.35,1128.33,0.9878
2_26,618.68,647.74,0.9839
2_26,730.53,753.11,0.983
2_26,1141.27,1207.04,0.9782
2_26,878.93,893.99,0.9765
2_26,709.03,729.47,0.1357
2_26,852.07,877.82,0.1352
2_26,756.36,826.22,0.1352
2_26,647.77,706.9,0.1351
2_26,891.79,926.28,0.135
2_26,1205.84,1228.8,0.1348
2_26,944.38,1021.03,0.134
2_26,618.7,647.71,0.1339
2_26,1127.3,1143.45,0.1325
2_26,757.25,763.39,0.0206
2_26,647.74,706.87,0.0183
2_26,879.48,892.32,0.0105
2_26,916.71,926.41,0.0098
2_26,958.71,1003.12,0.0087
2_26,643.0,645.41,0.005
2_26,692.89,706.99,0.0049
2_26,713.75,755.46,0.0047
2_26,1079.11,1122.81,0.0044
2_26,1117.22,1129.96,0.0037
2_26,1060.93,1064.09,0.0036
2_26,1205.09,1215.18,0.0036
2_26,1148.35,1208.14,0.0036
2_26,953.71,1040.3,0.003
2_26,830.59,877.91,0.003
2_26,654.44,656.72,0.0029
2_26,648.14,653.19,0.0026
2_26,948.93,951.56,0.0026
2_26,590.79,628.48,0.0024
2_26,754.65,774.9,0.0024
2_26,1045.41,1058.07,0.0021
2_26,621.71,636.12,0.002
2_26,1101.12,1125.81,0.002
2_26,812.76,826.3,0.0019
2_26,945.53,953.97,0.0019
2_26,844.68,854.55,0.0019
2_26,1221.39,1228.8,0.0019
2_26,1143.1,1147.98,0.0018
2_26,894.41,899.36,0.0016
2_26,1204.91,1228.32,0.0016
2_26,1124.95,1141.56,0.0015
2_26,895.77,917.61,0.0015
2_26,654.45,660.09,0.0014
2_26,948.75,971.17,0.0014
2_26,1116.95,1124.44,0.0014
2_26,877.18,879.73,0.0013
2_26,758.11,809.62,0.0013
2_26,968.69,987.39,0.0012
2_26,1126.55,1129.59,0.0012
2_26,653.85,677.34,0.0012
2_26,612.99,615.77,0.0011
2_26,830.08,850.9,0.0011
18_11,901.79,924.52,0.9997
18_11,924.81,933.43,0.9995
18_11,936.28,946.9,0.999
18_11,967.47,987.71,0.9969
18_11,765.83,794.57,0.9969
18_11,1025.07,1032.58,0.9967
18_11,990.39,1024.77,0.994
18_11,615.28,643.02,0.9937
18_11,837.67,901.7,0.9895
18_11,643.62,765.09,0.981
18_11,795.92,837.51,0.9791
18_11,948.8,961.6,0.9686
18_11,924.8,933.42,0.1349
18_11,765.85,794.56,0.1349
18_11,936.27,946.9,0.1344
18_11,1025.07,1032.58,0.1338
18_11,615.28,642.99,0.1328
18_11,765.85,794.56,0.0182
18_11,1014.92,1025.44,0.0173
18_11,753.29,765.58,0.0125
18_11,1029.53,1032.13,0.0106
18_11,702.94,747.23,0.0089
18_11,905.18,910.14,0.0088
18_11,760.89,766.03,0.0078
18_11,1049.45,1051.82,0.0078
18_11,910.31,915.68,0.0061
18_11,617.78,623.99,0.0059
18_11,1020.05,1025.23,0.0052
18_11,1056.77,1076.89,0.0049
18_11,794.72,832.76,0.0048
18_11,837.3,840.31,0.0048
18_11,949.6,1036.15,0.0047
18_11,673.51,760.14,0.0045
18_11,1092.89,1104.35,0.0043
18_11,764.85,767.04,0.0039
18_11,1118.12,1123.68,0.0035
18_11,1044.42,1055.17,0.0033
18_11,912.07,923.13,0.0032
18_11,815.62,905.29,0.0032
18_11,931.04,948.77,0.0032
18_11,1026.17,1029.38,0.0031
18_11,741.03,752.04,0.0031
18_11,1132.98,1154.9,0.0029
18_11,1080.29,1091.67,0.0029
18_11,1108.43,1119.08,0.0027
18_11,771.65,777.24,0.0027
18_11,846.99,850.04,0.0026
18_11,896.16,902.36,0.0024
18_11,880.22,886.22,0.0024
18_11,822.36,841.78,0.0022
18_11,672.42,678.27,0.0022
18_11,937.26,944.39,0.0021
18_11,1056.18,1069.04,0.0021
18_11,694.7,700.34,0.002
18_11,868.11,889.73,0.0019
18_11,919.41,925.48,0.0017
18_11,842.11,864.75,0.0017
18_11,902.31,904.77,0.0016
18_11,755.11,761.12,0.0016
18_11,615.35,657.22,0.0015
18_11,1150.77,1170.96,0.0015
18_11,865.93,872.34,0.0014
18_11,658.02,664.17,0.0014
18_11,1107.41,1110.1,0.0014
18_11,684.9,687.77,0.0014
18_11,925.55,930.98,0.0013
18_11,893.37,898.69,0.0013
18_11,1001.12,1012.66,0.0013
18_11,1098.93,1104.89,0.0013
18_11,647.63,650.5,0.0013
18_11,989.09,995.33,0.0013
18_11,783.34,794.51,0.0013
18_11,1151.0,1153.86,0.0013
18_11,863.05,865.94,0.0012
18_11,994.78,997.73,0.0012
18_11,1047.89,1053.43,0.0012
18_11,658.09,703.73,0.0011
18_11,1153.57,1155.8,0.0011
18_11,860.53,863.18,0.0011
18_11,641.7,647.14,0.0011
18_11,1144.22,1155.21,0.0011
18_11,1034.16,1037.5,0.001
5_24,763.43,820.29,0.9983
5_24,820.5,900.54,0.998
5_24,936.28,962.32,0.998
5_24,635.47,650.56,0.998
5_24,1005.67,1026.88,0.9963
5_24,728.46,744.76,0.9959
5_24,1033.54,1052.34,0.9954
5_24,1053.44,1069.59,0.9946
5_24,615.48,633.89,0.9946
5_24,747.35,751.83,0.9944
5_24,971.68,1003.77,0.9924
5_24,653.64,670.53,0.9894
5_24,965.52,971.43,0.9858
5_24,751.95,758.18,0.9667
5_24,674.18,725.88,0.9631
5_24,871.11,933.6,0.8657
5_24,1033.54,1052.35,0.135
5_24,936.27,962.31,0.1349
5_24,615.49,633.89,0.1349
5_24,635.46,650.55,0.1348
5_24,728.44,744.76,0.1345
5_24,763.37,820.4,0.1342
5_24,820.55,900.54,0.1182
5_24,763.39,820.3,0.0176
5_24,1094.32,1100.74,0.011
5_24,642.67,645.62,0.0097
5_24,1063.74,1106.62,0.0096
5_24,681.55,701.82,0.0092
5_24,706.99,726.92,0.0092
5_24,821.67,824.47,0.0076
5_24,891.93,897.24,0.0064
5_24,1052.25,1068.2,0.006
5_24,1137.37,1143.39,0.006
5_24,747.24,759.36,0.0059
5_24,953.91,959.37,0.0043
5_24,629.72,635.32,0.0039
5_24,1023.67,1026.46,0.0039
5_24,944.79,951.59,0.0036
5_24,805.09,816.69,0.0034
5_24,1011.84,1034.05,0.0032
5_24,861.14,863.53,0.0032
5_24,915.4,928.0,0.0031
5_24,829.46,850.82,0.003
5_24,905.56,908.74,0.0029
5_24,721.64,726.66,0.0027
5_24,655.31,667.43,0.0025
5_24,635.8,638.63,0.0022
5_24,766.14,772.09,0.0021
5_24,668.28,673.6,0.002
5_24,752.84,755.61,0.002
5_24,828.49,877.58,0.002
5_24,673.76,676.71,0.0019
5_24,1001.7,1004.54,0.0019
5_24,938.91,951.31,0.0018
5_24,746.85,751.69,0.0018
5_24,733.91,745.14,0.0017
5_24,1138.18,1158.66,0.0017
5_24,933.16,1006.89,0.0016
5_24,1094.78,1097.42,0.0016
5_24,1102.04,1107.85,0.0016
5_24,911.23,932.0,0.0015
5_24,874.17,876.63,0.0015
5_24,1050.35,1053.18,0.0014
5_24,805.14,807.68,0.0014
5_24,729.01,734.35,0.0014
5_24,1074.38,1080.46,0.0014
5_24,793.42,806.16,0.0013
5_24,677.56,680.43,0.0012
5_24,877.59,882.61,0.0012
5_24,626.0,628.29,0.0012
5_24,1154.25,1159.74,0.0012
5_24,1008.86,1021.78,0.0012
5_24,637.7,649.56,0.0011
5_24,1029.02,1032.08,0.0011
5_24,1039.03,1042.06,0.0011
5_24,697.86,709.41,0.0011
5_24,800.05,803.45,0.0011
5_24,962.87,973.98,0.001
5_24,750.71,753.43,0.001
5_24,668.51,671.25,0.001
28_45,892.84,943.32,0.9994
28_45,873.84,881.61,0.9986
28_45,817.69,870.83,0.9985
28_45,1020.61,1036.15,0.9985
28_45,983.48,1008.53,0.9982
28_45,793.11,813.41,0.9974
28_45,623.5,688.62,0.9961
28_45,745.63,754.26,0.9951
28_45,1035.29,1039.6,0.9927
28_45,945.93,957.15,0.9901
28_45,708.94,740.02,0.9876
28_45,691.67,706.78,0.9844
28_45,960.61,975.28,0.9743
28_45,817.75,870.73,0.136
28_45,983.5,1008.5,0.1354
28_45,623.47,688.68,0.1352
28_45,873.84,881.61,0.1347
28_45,745.62,754.26,0.1345
28_45,892.85,943.31,0.1329
28_45,1035.29,1039.61,0.1318
28_45,1142.49,1153.44,0.0243
28_45,817.73,870.75,0.0184
28_45,1086.42,1107.33,0.0184
28_45,623.52,688.67,0.0181
28_45,873.84,881.61,0.018
28_45,712.52,725.09,0.0139
28_45,1006.21,1025.37,0.0116
28_45,786.96,793.07,0.0114
28_45,666.57,688.0,0.0111
28_45,994.53,1006.17,0.0081
28_45,956.12,979.78,0.0069
28_45,631.02,633.88,0.0062
28_45,931.36,941.52,0.006
28_45,1092.21,1095.13,0.006
28_45,754.09,764.85,0.0054
28_45,901.96,915.06,0.005
28_45,884.62,888.03,0.0048
28_45,801.39,811.59,0.0047
28_45,979.33,985.25,0.0045
28_45,1030.99,1069.66,0.0044
28_45,724.55,735.81,0.004
28_45,765.98,787.87,0.0039
28_45,691.58,713.15,0.0039
28_45,985.6,998.04,0.0035
28_45,694.34,697.47,0.0034
28_45,1138.84,1141.57,0.003
28_45,1073.78,1112.24,0.0029
28_45,880.75,890.42,0.0028
28_45,785.39,787.85,0.0027
28_45,633.26,636.21,0.0026
28_45,1009.44,1021.82,0.0025
28_45,952.27,954.9,0.0025
28_45,1116.11,1128.39,0.0024
28_45,854.28,856.56,0.0022
28_45,1130.71,1143.04,0.0022
28_45,1023.97,1027.02,0.0021
28_45,627.59,669.72,0.0021
28_45,693.44,741.01,0.002
28_45,672.44,674.9,0.0018
28_45,1092.04,1094.58,0.0018
28_45,818.34,820.98,0.0017
28_45,1007.34,1010.66,0.0017
28_45,735.44,745.61,0.0017
28_45,987.63,993.75,0.0016
28_45,1072.22,1078.25,0.0016
28_45,798.25,803.89,0.0016
28_45,1081.8,1087.48,0.0015
28_45,853.25,859.99,0.0014
28_45,983.0,1026.57,0.0014
28_45,867.2,873.67,0.0014
28_45,887.86,890.18,0.0014
28_45,714.45,726.6,0.0014
28_45,692.59,703.49,0.0013
28_45,870.65,888.22,0.0013
28_45,897.15,920.09,0.0013
28_45,957.22,962.46,0.0012
28_45,1009.64,1015.27,0.0012
28_45,680.59,686.73,0.0011
28_45,729.53,735.85,0.0011
28_45,734.55,809.15,0.0011
17_16,1101.34,1129.01,0.9987
17_16,1029.39,1063.76,0.9982
17_16,1070.09,1078.36,0.998
17_16,702.87,715.22,0.9975
17_16,614.32,697.63,0.9973
17_16,822.91,838.87,0.9969
17_16,845.31,939.65,0.9942
17_16,772.85,822.91,0.9941
17_16,725.25,763.94,0.994
17_16,983.11,991.48,0.993
17_16,999.49,1023.81,0.9811
17_16,1029.36,1063.74,0.1356
17_16,1070.1,1078.37,0.1356
17_16,614.38,697.53,0.1355
17_16,1101.35,1129.0,0.1352
17_16,702.87,715.23,0.1344
17_16,772.82,822.9,0.1339
17_16,1101.34,1128.99,0.0183
17_16,1070.09,1078.36,0.0183
17_16,828.38,838.65,0.0162
17_16,848.54,851.49,0.0162
17_16,1033.22,1036.09,0.0137
17_16,1155.3,1166.51,0.012
17_16,753.11,756.01,0.0114
17_16,1080.75,1101.74,0.0112
17_16,841.53,852.74,0.0101
17_16,959.45,962.42,0.009
17_16,762.25,764.98,0.0086
17_16,799.96,806.02,0.0068
17_16,614.83,617.4,0.0065
17_16,728.17,731.16,0.0063
17_16,667.51,670.15,0.0057
17_16,1153.75,1176.52,0.0054
17_16,1090.75,1093.6,0.0051
17_16,819.39,825.34,0.0045
17_16,659.66,665.36,0.0045
17_16,753.79,771.98,0.0043
17_16,894.2,915.5,0.0041
17_16,634.41,636.97,0.004
17_16,769.1,771.82,0.0039
17_16,779.14,782.38,0.0036
17_16,652.82,656.11,0.0035
17_16,1066.15,1102.1,0.0034
17_16,928.32,934.14,0.0032
17_16,884.34,895.09,0.0032
17_16,774.96,845.05,0.0031
17_16,942.33,947.84,0.0028
17_16,807.12,809.86,0.0028
17_16,1149.25,1154.83,0.0028
17_16,705.52,707.62,0.0027
17_16,866.55,877.33,0.0026
17_16,740.44,752.95,0.0026
17_16,718.05,728.79,0.0026
17_16,1020.19,1025.79,0.0026
17_16,620.35,642.33,0.0026
17_16,1038.99,1045.31,0.0026
17_16,900.48,906.64,0.0025
17_16,826.04,837.9,0.0024
17_16,998.04,1018.59,0.0024
17_16,1055.27,1060.94,0.0024
17_16,787.9,799.64,0.0023
17_16,1005.05,1082.02,0.0021
17_16,1061.31,1071.09,0.002
17_16,833.57,836.77,0.0019
17_16,836.84,854.69,0.0019
17_16,1053.78,1056.05,0.0019
17_16,896.01,902.05,0.0019
17_16,745.37,747.93,0.0019
17_16,1120.23,1126.23,0.0018
17_16,711.56,714.41,0.0017
17_16,1051.32,1054.51,0.0017
17_16,975.77,978.46,0.0017
17_16,1126.84,1129.14,0.0016
17_16,1096.83,1102.09,0.0016
17_16,771.27,777.3,0.0016
17_16,966.99,972.68,0.0015
17_16,1141.27,1147.62,0.0015
17_16,1079.74,1085.48,0.0015
17_16,801.05,803.86,0.0014
17_16,819.97,822.65,0.0014
17_16,1045.57,1057.58,0.0013
17_16,878.51,883.7,0.0012
17_16,755.4,758.23,0.0012
17_16,1012.91,1015.82,0.0012
17_16,1153.81,1156.74,0.0012
17_16,991.07,1000.98,0.0012
17_16,792.75,795.44,0.0012
17_16,845.73,852.16,0.0011
17_16,768.73,771.42,0.0011
17_16,1129.58,1149.83,0.0011
17_16,971.52,982.86,0.0011
17_16,863.4,865.72,0.001
17_16,712.35,779.59,0.001
17_16,934.43,946.9,0.001
9_8,900.14,911.03,0.9985
9_8,652.72,665.49,0.998
9_8,617.73,653.16,0.9945
9_8,709.96,732.67,0.9945
9_8,673.06,707.12,0.9942
9_8,776.24,812.13,0.9941
9_8,813.11,833.44,0.9877
9_8,753.96,767.67,0.9861
9_8,891.64,900.61,0.9842
9_8,833.92,891.62,0.9803
9_8,739.79,752.05,0.9773
9_8,652.71,665.47,0.1354
9_8,617.78,653.15,0.1347
9_8,753.97,767.67,0.1334
9_8,900.14,911.03,0.1332
9_8,833.88,891.58,0.1327
9_8,739.77,752.06,0.132
9_8,775.66,778.41,0.0204
9_8,833.94,891.57,0.0179
9_8,753.98,767.67,0.0176
9_8,708.56,720.47,0.0124
9_8,831.45,836.77,0.0104
9_8,786.01,788.48,0.0069
9_8,1070.6,1073.43,0.0068
9_8,734.13,739.96,0.0067
9_8,783.17,804.73,0.0066
9_8,907.36,910.15,0.0057
9_8,767.33,783.8,0.0053
9_8,966.86,987.71,0.0048
9_8,1101.18,1107.11,0.0044
9_8,964.18,970.5,0.0043
9_8,1061.24,1063.9,0.0039
9_8,634.85,637.65,0.0039
9_8,662.11,731.73,0.0038
9_8,909.15,911.61,0.0037
9_8,955.12,957.62,0.0036
9_8,943.95,950.38,0.0034
9_8,972.91,975.92,0.0034
9_8,764.25,832.67,0.0033
9_8,1007.21,1013.4,0.0033
9_8,898.84,918.02,0.0032
9_8,784.32,786.93,0.0031
9_8,663.39,665.65,0.003
9_8,1128.84,1134.54,0.003
9_8,751.53,756.79,0.003
9_8,1030.76,1067.49,0.0028
9_8,840.78,852.9,0.0028
9_8,676.7,679.84,0.0027
9_8,979.55,985.4,0.0027
9_8,620.97,627.01,0.0026
9_8,928.58,931.62,0.0026
9_8,988.27,999.81,0.0021
9_8,1107.35,1110.33,0.0021
9_8,1118.49,1129.72,0.0021
9_8,1007.22,1009.93,0.0019
9_8,783.47,788.73,0.0018
9_8,1027.12,1047.71,0.0016
9_8,640.76,652.35,0.0016
9_8,855.26,857.78,0.0016
9_8,1040.25,1043.06,0.0015
9_8,1056.93,1067.71,0.0015
9_8,813.3,818.9,0.0015
9_8,673.29,676.04,0.0014
9_8,909.98,912.77,0.0014
9_8,1146.05,1151.48,0.0014
9_8,836.5,842.25,0.0013
9_8,930.28,1011.02,0.0013
9_8,1137.3,1224.27,0.0012
9_8,875.65,881.94,0.0012
9_8,768.31,780.27,0.0012
9_8,1050.88,1053.7,0.0011
9_8,818.29,828.98,0.0011
9_8,689.11,709.33,0.0011
9_8,1066.99,1069.7,0.0011
9_8,1085.98,1088.93,0.0011
9_8,857.78,860.6,0.0011
9_8,735.19,740.65,0.001
9_8,900.91,906.22,0.001
9_8,1014.6,1024.59,0.001
17_20,798.52,810.69,0.9991
17_20,829.36,847.21,0.9988
17_20,811.56,825.22,0.9976
17_20,852.09,874.34,0.9969
17_20,614.4,695.02,0.9965
17_20,769.33,777.0,0.9958
17_20,695.04,763.55,0.9949
17_20,930.01,941.28,0.9915
17_20,947.01,984.93,0.9909
17_20,780.04,792.77,0.9881
17_20,884.31,925.38,0.988
17_20,769.32,777.01,0.1353
17_20,829.38,847.19,0.1349
17_20,798.52,810.68,0.1344
17_20,811.56,825.21,0.1341
17_20,614.34,695.04,0.1339
17_20,780.04,792.77,0.1338
17_20,852.09,874.35,0.1336
17_20,930.01,941.28,0.1332
17_20,769.33,777.01,0.0183
17_20,780.05,792.76,0.018
17_20,928.16,948.48,0.0082
17_20,757.77,763.59,0.0068
17_20,968.97,981.09,0.0058
17_20,894.46,899.79,0.0056
17_20,627.08,639.8,0.0053
17_20,1118.34,1123.95,0.0049
17_20,642.81,647.78,0.0046
17_20,845.84,879.91,0.0043
17_20,893.82,916.16,0.0043
17_20,786.09,788.53,0.0042
17_20,689.95,760.38,0.0041
17_20,1030.5,1067.91,0.004
17_20,1095.66,1098.77,0.0037
17_20,808.21,826.52,0.0035
17_20,912.49,917.88,0.0034
17_20,1128.31,1149.58,0.0033
17_20,1080.05,1091.52,0.003
17_20,815.57,818.53,0.0028
17_20,1073.12,1079.39,0.0028
17_20,812.9,815.59,0.0028
17_20,1017.81,1023.55,0.0027
17_20,617.67,620.64,0.0027
17_20,1143.06,1145.88,0.0023
17_20,996.36,999.44,0.0023
17_20,859.1,861.7,0.0022
17_20,715.31,726.74,0.0022
17_20,776.43,781.16,0.002
17_20,1060.86,1063.62,0.002
17_20,845.24,850.71,0.002
17_20,700.84,710.91,0.0019
17_20,855.03,857.73,0.0018
17_20,1159.08,1170.62,0.0018
17_20,951.96,954.58,0.0016
17_20,1057.6,1060.78,0.0016
17_20,831.46,837.01,0.0016
17_20,709.04,711.86,0.0015
17_20,940.09,949.7,0.0015
17_20,1043.24,1063.99,0.0015
17_20,991.88,994.37,0.0014
17_20,865.3,871.2,0.0014
17_20,766.03,768.82,0.0014
17_20,783.55,825.32,0.0013
17_20,953.64,975.51,0.0013
17_20,1114.41,1117.14,0.0012
17_20,925.49,928.08,0.0012
17_20,805.53,808.48,0.0012
17_20,887.89,893.16,0.0011
17_20,688.11,698.03,0.0011
17_20,1154.86,1228.8,0.001
17_20,842.74,845.67,0.001
17_20,1070.98,1110.94,0.001
17_20,797.27,802.87,0.001
1_7,917.57,927.6,0.9996
1_7,641.22,658.31,0.9995
1_7,881.16,916.97,0.9991
1_7,618.17,639.09,0.9987
1_7,734.5,777.2,0.9984
1_7,663.8,686.55,0.9984
1_7,806.02,839.15,0.9981
1_7,927.95,930.56,0.9975
1_7,781.44,799.76,0.9968
1_7,840.91,871.61,0.9928
1_7,686.93,713.32,0.9913
1_7,719.61,734.23,0.9882
1_7,734.44,777.2,0.1357
1_7,917.56,927.59,0.1353
1_7,881.16,916.98,0.135
1_7,618.17,639.09,0.1347
1_7,840.91,871.58,0.1341
1_7,719.6,734.24,0.1339
1_7,806.01,839.17,0.1328
1_7,927.95,930.56,0.1321
1_7,719.62,734.22,0.0182
1_7,840.9,871.59,0.0182
1_7,629.81,712.93,0.0156
1_7,1034.04,1039.87,0.0154
1_7,1154.11,1160.35,0.0116
1_7,788.09,794.25,0.0115
1_7,620.22,625.99,0.0114
1_7,1115.09,1120.53,0.0104
1_7,1054.42,1078.55,0.0096
1_7,927.12,937.62,0.0084
1_7,882.44,888.33,0.0077
1_7,962.72,965.87,0.0071
1_7,1082.84,1085.74,0.0067
1_7,997.64,1000.37,0.006
1_7,611.07,617.25,0.0054
1_7,685.78,727.82,0.0051
1_7,965.37,971.54,0.0046
1_7,785.42,796.2,0.0043
1_7,774.23,776.76,0.0041
1_7,1030.53,1033.52,0.004
1_7,1012.86,1052.12,0.0039
1_7,716.72,719.91,0.0039
1_7,670.32,682.46,0.0034
1_7,887.26,912.71,0.0032
1_7,813.16,825.11,0.0032
1_7,913.44,930.5,0.0032
1_7,788.52,791.47,0.0031
1_7,802.44,808.21,0.003
1_7,934.05,937.13,0.003
1_7,1110.61,1113.7,0.0029
1_7,841.69,852.5,0.0026
1_7,641.44,660.48,0.0026
1_7,919.36,957.88,0.0025
1_7,880.69,883.42,0.0025
1_7,864.04,867.13,0.0025
1_7,1039.75,1042.43,0.0022
1_7,1148.31,1153.89,0.002
1_7,766.98,777.6,0.0017
1_7,734.61,758.82,0.0013
1_7,986.06,1062.11,0.0013
1_7,657.98,664.37,0.0012
1_7,1053.65,1056.27,0.0012
1_7,915.43,1001.19,0.0011
1_7,782.68,859.1,0.001
1_7,612.76,642.16,0.001
22_40,767.92,780.24,0.9997
22_40,755.84,768.16,0.998
22_40,655.87,664.38,0.9968
22_40,812.94,817.68,0.995
22_40,748.03,755.36,0.9948
22_40,628.39,652.79,0.9893
22_40,780.48,784.04,0.988
22_40,724.32,744.96,0.9831
22_40,836.87,840.66,0.98
22_40,820.99,831.41,0.9731
22_40,697.09,707.51,0.9722
22_40,667.24,679.79,0.9595
22_40,843.74,850.14,0.9574
22_40,616.77,624.58,0.9439
22_40,816.73,819.58,0.9305
22_40,748.02,755.36,0.1348
22_40,655.87,664.38,0.1339
22_40,767.92,780.24,0.1326
22_40,755.84,768.15,0.1321
22_40,836.87,840.66,0.1318
22_40,780.48,784.03,0.1316
22_40,812.94,817.67,0.1269
22_40,748.02,755.36,0.0183
22_40,836.87,840.65,0.0179
22_40,780.48,784.03,0.0179
22_40,977.23,1015.75,0.0082
22_40,625.06,627.32,0.0061
22_40,732.18,737.44,0.0061
22_40,780.28,800.21,0.0055
22_40,699.07,704.83,0.0049
22_40,924.06,929.98,0.0046
22_40,712.41,718.8,0.0043
22_40,962.85,973.76,0.0042
22_40,1051.1,1061.02,0.0039
22_40,830.9,841.08,0.0038
22_40,959.63,964.56,0.0038
22_40,614.12,631.64,0.0031
22_40,930.97,942.05,0.003
22_40,680.17,700.55,0.003
22_40,752.84,755.25,0.0025
22_40,896.16,899.12,0.0024
22_40,903.12,914.26,0.0022
22_40,949.37,955.84,0.0021
22_40,944.1,983.31,0.0019
22_40,648.84,655.1,0.0018
22_40,679.37,720.78,0.0018
22_40,813.39,816.6,0.0018
22_40,810.38,848.95,0.0016
22_40,1049.58,1051.85,0.0015
22_40,972.89,975.9,0.0015
22_40,641.04,647.32,0.0014
22_40,1044.33,1050.23,0.0014
22_40,757.12,768.34,0.0014
22_40,816.93,822.24,0.0014
22_40,898.48,904.39,0.0014
22_40,720.4,722.97,0.0013
22_40,1040.49,1046.39,0.0013
22_40,633.59,640.15,0.0013
22_40,975.23,977.83,0.0013
22_40,821.96,824.04,0.0012
22_40,614.38,616.93,0.0012
22_40,587.75,639.32,0.0012
22_40,781.4,804.01,0.0012
22_40,659.65,681.93,0.0011
22_40,955.57,960.56,0.0011
22_40,1027.49,1037.94,0.0011
22_40,840.51,845.08,0.0011
22_40,822.5,828.77,0.0011
22_40,851.57,857.69,0.0011
17_40,681.17,731.94,0.9978
17_40,823.04,866.74,0.9978
17_40,770.7,822.36,0.9971
17_40,916.89,933.29,0.9968
17_40,867.43,879.42,0.9932
17_40,623.64,657.6,0.9852
17_40,736.98,744.22,0.9808
17_40,748.31,763.45,0.9771
17_40,882.57,900.51,0.9678
17_40,906.84,915.65,0.9666
17_40,681.23,731.89,0.1359
17_40,770.71,822.41,0.1355
17_40,867.44,879.41,0.1317
17_40,770.74,822.34,0.0182
17_40,992.91,1004.53,0.016
17_40,1005.82,1026.86,0.0136
17_40,732.71,770.45,0.0129
17_40,734.57,746.53,0.0093
17_40,1031.44,1034.44,0.0062
17_40,1151.77,1157.11,0.0049
17_40,704.85,729.34,0.0048
17_40,921.73,933.69,0.0048
17_40,617.84,620.47,0.004
17_40,1005.84,1016.94,0.004
17_40,1050.98,1134.22,0.0038
17_40,934.77,977.07,0.0036
17_40,997.1,999.8,0.0033
17_40,646.97,650.0,0.0031
17_40,1131.28,1133.94,0.0028
17_40,1098.49,1101.19,0.0027
17_40,799.28,820.34,0.0027
17_40,626.1,645.37,0.0025
17_40,1003.23,1005.41,0.0024
17_40,778.08,799.51,0.0024
17_40,1095.46,1106.58,0.0023
17_40,1032.48,1039.12,0.0023
17_40,620.59,623.07,0.0022
17_40,801.23,804.06,0.0021
17_40,897.52,907.63,0.0021
17_40,834.66,837.01,0.002
17_40,907.27,912.56,0.002
17_40,633.24,638.42,0.002
17_40,619.23,631.16,0.002
17_40,665.99,668.28,0.002
17_40,954.42,959.47,0.0019
17_40,764.41,769.59,0.0018
17_40,870.25,877.04,0.0018
17_40,1016.24,1021.54,0.0017
17_40,794.61,805.75,0.0016
17_40,651.04,653.73,0.0016
17_40,997.5,1003.52,0.0015
17_40,865.08,868.05,0.0015
17_40,756.37,759.31,0.0015
17_40,835.03,845.49,0.0014
17_40,885.7,897.31,0.0014
17_40,695.8,701.41,0.0014
17_40,682.27,687.77,0.0014
17_40,1027.68,1030.71,0.0013
17_40,918.14,929.21,0.0012
17_40,819.42,822.26,0.0012
17_40,616.24,621.14,0.0012
17_40,1045.96,1048.97,0.0012
17_40,657.64,660.73,0.0012
17_40,771.71,774.11,0.0012
17_40,994.42,996.66,0.0011
17_40,612.68,616.29,0.0011
17_40,1155.65,1157.91,0.0011
17_40,1129.49,1140.38,0.0011
17_40,762.11,773.95,0.001
17_40,1022.46,1033.69,0.001
17_40,951.34,954.0,0.001
17_40,1123.94,1126.54,0.001
3_50,716.49,723.0,0.9997
3_50,806.25,810.9,0.9994
3_50,725.79,739.05,0.9993
3_50,813.01,851.6,0.9985
3_50,616.49,620.44,0.9972
3_50,704.86,714.17,0.997
3_50,769.96,780.91,0.9957
3_50,651.61,669.03,0.9929
3_50,757.88,766.95,0.992
3_50,787.41,790.43,0.9917
3_50,745.31,755.09,0.9894
3_50,677.68,696.0,0.9858
3_50,793.47,801.13,0.9801
3_50,633.25,646.73,0.9754
3_50,769.97,780.89,0.1356
3_50,716.49,723.01,0.1349
3_50,725.79,739.05,0.1349
3_50,813.0,851.57,0.1347
3_50,757.89,766.95,0.1339
3_50,704.86,714.16,0.1326
3_50,745.31,755.1,0.1326
3_50,787.41,790.44,0.129
3_50,801.02,807.0,0.026
3_50,615.06,632.83,0.02
3_50,725.79,739.04,0.0182
3_50,730.8,807.0,0.0159
3_50,754.7,759.9,0.0146
3_50,1002.07,1004.5,0.0123
3_50,738.25,746.42,0.0122
3_50,800.3,812.09,0.0071
3_50,630.75,649.66,0.0056
3_50,782.17,787.58,0.0055
3_50,980.93,999.59,0.0055
3_50,866.17,905.12,0.0054
3_50,694.53,705.42,0.0053
3_50,940.96,946.67,0.0042
3_50,637.04,639.49,0.004
3_50,712.63,723.1,0.0039
3_50,994.98,1000.02,0.0036
3_50,804.8,891.91,0.0036
3_50,771.38,777.65,0.003
3_50,801.4,804.22,0.0026
3_50,741.44,761.4,0.0024
3_50,698.89,718.27,0.0024
3_50,878.21,883.59,0.0023
3_50,912.02,918.25,0.0023
3_50,767.48,769.68,0.0022
3_50,672.73,683.84,0.0021
3_50,942.18,944.79,0.0021
3_50,975.66,978.44,0.002
3_50,924.53,927.2,0.0019
3_50,1021.53,1060.55,0.0018
3_50,807.67,810.56,0.0018
3_50,884.4,894.84,0.0018
3_50,856.25,859.07,0.0017
3_50,698.21,703.62,0.0017
3_50,896.66,921.01,0.0017
3_50,918.6,959.03,0.0016
3_50,919.79,922.11,0.0016
3_50,758.81,761.49,0.0016
3_50,644.15,724.06,0.0016
3_50,847.8,850.45,0.0015
3_50,643.43,653.67,0.0014
3_50,685.25,688.61,0.0013
3_50,784.83,787.56,0.0013
3_50,869.21,890.11,0.0013
3_50,951.51,954.47,0.0013
3_50,841.89,844.37,0.0012
3_50,1041.63,1044.61,0.0012
3_50,822.48,828.57,0.0011
3_50,850.15,860.62,0.0011
3_50,937.88,940.62,0.001
3_50,653.86,664.36,0.001
3_50,706.42,712.42,0.001
20_17,1147.95,1169.07,0.9995
20_17,686.62,779.01,0.999
20_17,655.4,672.98,0.9988
20_17,1169.73,1228.8,0.9983
20_17,798.52,904.87,0.9979
20_17,906.43,995.81,0.9975
20_17,997.96,1073.33,0.9972
20_17,614.75,654.81,0.995
20_17,673.28,683.59,0.9943
20_17,1078.69,1131.79,0.9928
20_17,1169.81,1228.8,0.1352
20_17,1147.95,1169.07,0.1343
20_17,614.78,654.86,0.1335
20_17,1078.74,1131.82,0.1335
20_17,997.97,1073.22,0.1334
20_17,655.41,672.98,0.1331
20_17,1170.59,1181.13,0.0136
20_17,686.38,712.62,0.0124
20_17,1202.06,1228.8,0.0087
20_17,673.77,684.93,0.0084
20_17,929.32,931.96,0.0069
20_17,1050.55,1074.06,0.006
20_17,821.4,904.1,0.0056
20_17,952.77,993.68,0.0055
20_17,1165.91,1168.94,0.005
20_17,685.22,733.91,0.0047
20_17,1106.21,1129.45,0.0041
20_17,652.4,684.5,0.0039
20_17,1148.36,1151.16,0.0037
20_17,634.34,646.63,0.0037
20_17,620.07,625.88,0.0037
20_17,1172.5,1178.22,0.0029
20_17,754.6,778.48,0.0028
20_17,642.31,648.26,0.0027
20_17,1121.24,1123.87,0.0025
20_17,957.3,960.64,0.0019
20_17,791.83,894.4,0.0018
20_17,1087.73,1113.23,0.0018
20_17,1180.71,1184.06,0.0017
20_17,1161.23,1166.44,0.0016
20_17,632.29,637.19,0.0015
20_17,686.41,692.2,0.0014
20_17,670.29,672.58,0.0013
20_17,1150.67,1153.26,0.0012
20_17,1173.61,1219.99,0.0012
20_17,1078.19,1098.78,0.0012
20_17,917.29,923.66,0.0012
20_17,1146.08,1149.03,0.0011
20_17,1157.49,1163.47,0.0011
20_17,927.16,950.65,0.0011
20_17,615.5,634.06,0.001
20_17,748.6,755.02,0.001
7_5,844.68,866.9,0.9988
7_5,675.3,802.58,0.9979
7_5,804.38,819.86,0.9977
7_5,614.76,651.96,0.9968
7_5,652.33,674.16,0.995
7_5,914.18,929.64,0.9924
7_5,898.27,914.36,0.9919
7_5,820.47,827.21,0.9912
7_5,866.52,880.81,0.9882
7_5,828.0,844.48,0.9788
7_5,882.59,897.29,0.9745
7_5,652.33,674.17,0.1352
7_5,844.67,866.9,0.1347
7_5,866.52,880.81,0.1338
7_5,820.47,827.21,0.1337
7_5,898.28,914.36,0.1333
7_5,804.37,819.86,0.1321
7_5,882.61,897.29,0.1318
7_5,829.77,836.51,0.0253
7_5,898.28,914.35,0.018
7_5,804.37,819.86,0.0178
7_5,882.6,897.28,0.0177
7_5,783.15,804.96,0.0163
7_5,647.86,653.9,0.0097
7_5,1134.41,1139.2,0.0073
7_5,914.5,935.34,0.0057
7_5,1088.42,1094.32,0.0054
7_5,818.94,828.87,0.0053
7_5,684.76,688.09,0.0048
7_5,847.96,854.2,0.0046
7_5,1104.33,1114.62,0.0046
7_5,824.51,846.5,0.0043
7_5,615.77,639.85,0.0043
7_5,818.25,821.12,0.004
7_5,832.67,835.64,0.0037
7_5,684.34,730.48,0.0037
7_5,672.69,677.55,0.0036
7_5,762.54,764.78,0.0035
7_5,782.97,786.0,0.0033
7_5,1153.75,1156.44,0.0033
7_5,1006.27,1011.85,0.0029
7_5,642.75,645.71,0.0025
7_5,714.6,726.73,0.0024
7_5,657.32,663.26,0.0023
7_5,741.72,760.66,0.0023
7_5,1045.98,1057.57,0.0022
7_5,1065.77,1068.71,0.0022
7_5,1092.87,1098.46,0.0022
7_5,978.45,1000.95,0.0021
7_5,1107.56,1113.12,0.002
7_5,1037.05,1039.72,0.002
7_5,762.65,773.65,0.0019
7_5,957.02,962.92,0.0018
7_5,845.23,847.68,0.0018
7_5,630.61,633.35,0.0017
7_5,913.77,919.23,0.0016
7_5,926.92,937.54,0.0016
7_5,1032.82,1045.08,0.0016
7_5,704.9,793.27,0.0015
7_5,1114.3,1125.08,0.0015
7_5,911.05,913.8,0.0015
7_5,946.16,1034.73,0.0015
7_5,615.07,620.57,0.0014
7_5,1011.49,1015.11,0.0013
7_5,1122.84,1145.31,0.0013
7_5,676.96,679.62,0.0013
7_5,1156.52,1158.9,0.0013
7_5,707.53,713.56,0.0013
7_5,853.92,865.23,0.0012
7_5,1044.07,1046.58,0.0012
7_5,865.43,883.0,0.0012
7_5,1055.92,1059.24,0.0012
7_5,974.66,977.52,0.0012
7_5,1074.73,1080.25,0.0011
7_5,1126.69,1129.3,0.0011
7_5,882.02,885.19,0.001
7_5,1146.72,1149.94,0.001
28_2,1038.45,1057.45,0.999
28_2,687.16,728.06,0.9983
28_2,728.17,789.0,0.9956
28_2,916.18,956.08,0.9953
28_2,961.53,969.57,0.995
28_2,614.39,623.39,0.9926
28_2,855.68,894.46,0.9913
28_2,1064.03,1085.36,0.9891
28_2,969.58,995.17,0.983
28_2,956.16,959.92,0.982
28_2,894.52,916.16,0.9765
28_2,1012.85,1036.13,0.9749
28_2,624.47,656.42,0.9728
28_2,789.09,855.67,0.9712
28_2,656.42,687.06,0.9689
28_2,995.18,1010.69,0.9668
28_2,1057.47,1085.39,0.3032
28_2,1038.48,1057.46,0.1353
28_2,855.69,894.51,0.1349
28_2,961.52,969.57,0.1349
28_2,728.2,788.94,0.1337
28_2,1057.44,1085.36,0.0412
28_2,728.13,789.06,0.0183
28_2,961.52,969.57,0.0181
28_2,792.47,830.7,0.0147
28_2,775.41,786.96,0.0106
28_2,1045.73,1057.03,0.0092
28_2,988.41,991.3,0.0091
28_2,986.36,996.5,0.0056
28_2,1057.44,1085.38,0.0055
28_2,1145.41,1147.65,0.0043
28_2,884.36,887.1,0.0042
28_2,952.58,961.99,0.0039
28_2,855.48,861.71,0.0036
28_2,1133.18,1135.62,0.0036
28_2,918.99,941.2,0.0035
28_2,616.94,622.4,0.0034
28_2,1085.65,1088.2,0.0034
28_2,896.75,917.69,0.0031
28_2,993.6,1013.3,0.0027
28_2,895.88,899.11,0.0027
28_2,959.04,961.96,0.0025
28_2,658.87,682.02,0.0022
28_2,1013.43,1016.31,0.0021
28_2,919.07,921.9,0.0021
28_2,696.13,707.91,0.002
28_2,926.87,949.88,0.002
28_2,799.44,801.86,0.002
28_2,954.72,957.83,0.0019
28_2,1018.99,1021.49,0.0019
28_2,833.13,836.09,0.0018
28_2,1062.82,1066.48,0.0017
28_2,732.58,743.97,0.0016
28_2,1050.13,1055.56,0.0016
28_2,1085.62,1119.34,0.0015
28_2,899.39,902.27,0.0013
28_2,895.29,900.86,0.0011
28_2,862.72,886.78,0.001
28_2,1057.55,1059.9,0.001
28_2,626.06,664.05,0.001
28_2,611.35,626.61,0.001
12_12,782.4,799.68,0.9997
12_12,750.28,762.94,0.9992
12_12,877.83,893.53,0.9981
12_12,633.85,636.63,0.9968
12_12,710.13,726.81,0.9959
12_12,831.19,846.0,0.9951
12_12,637.12,647.13,0.9939
12_12,811.43,823.46,0.9855
12_12,666.28,698.07,0.97
12_12,710.13,726.8,0.1352
12_12,750.28,762.95,0.1348
12_12,877.82,893.56,0.1347
12_12,831.19,846.0,0.1344
12_12,782.41,799.68,0.1332
12_12,877.83,893.57,0.0183
12_12,750.28,762.93,0.018
12_12,831.18,846.0,0.0178
12_12,800.65,812.22,0.0169
12_12,1016.06,1021.48,0.0151
12_12,892.5,911.13,0.0124
12_12,815.12,821.41,0.0109
12_12,763.8,781.31,0.0084
12_12,935.84,975.08,0.0073
12_12,635.12,646.4,0.0067
12_12,1131.76,1137.44,0.0053
12_12,672.64,683.32,0.0048
12_12,615.62,638.23,0.0047
12_12,820.09,822.68,0.0047
12_12,647.21,652.1,0.0044
12_12,947.67,958.42,0.004
12_12,926.44,929.47,0.004
12_12,649.66,660.71,0.0038
12_12,727.88,748.75,0.0037
12_12,910.89,914.14,0.0036
12_12,992.44,1003.98,0.0034
12_12,675.97,678.56,0.0031
12_12,1054.84,1095.6,0.003
12_12,847.01,850.16,0.0026
12_12,623.56,626.53,0.0025
12_12,845.32,880.47,0.0023
12_12,1055.32,1057.82,0.0022
12_12,695.49,702.03,0.0021
12_12,812.64,831.24,0.0019
12_12,894.83,906.1,0.0019
12_12,832.45,838.01,0.0018
12_12,1056.75,1068.2,0.0017
12_12,784.16,790.25,0.0016
12_12,631.16,633.83,0.0016
12_12,936.5,942.87,0.0015
12_12,670.9,674.06,0.0015
12_12,962.49,965.02,0.0015
12_12,1113.85,1116.38,0.0015
12_12,944.28,967.12,0.0014
12_12,696.33,698.79,0.0014
12_12,702.08,707.97,0.0012
12_12,710.72,716.29,0.0012
12_12,643.74,646.82,0.0012
12_12,1014.7,1017.28,0.0012
12_12,881.28,892.82,0.0012
12_12,679.14,681.81,0.0012
12_12,963.09,974.07,0.0011
12_12,1135.49,1141.21,0.0011
12_12,922.49,933.74,0.001
8_20,618.93,655.31,0.9979
8_20,876.68,916.75,0.9973
8_20,719.25,770.61,0.9968
8_20,656.91,701.5,0.9961
8_20,772.63,824.92,0.9948
8_20,827.47,838.87,0.9946
8_20,839.87,862.08,0.994
8_20,827.47,838.88,0.135
8_20,772.59,824.86,0.1349
8_20,618.95,655.32,0.1349
8_20,656.92,701.54,0.1344
8_20,839.87,862.07,0.1338
8_20,719.27,770.62,0.1327
8_20,662.51,665.62,0.0177
8_20,936.81,958.51,0.0143
8_20,758.92,764.47,0.0124
8_20,863.08,866.09,0.0109
8_20,774.11,796.3,0.0106
8_20,657.08,663.6,0.0094
8_20,803.96,813.85,0.0082
8_20,918.36,958.18,0.0075
8_20,1074.95,1087.82,0.0059
8_20,715.35,726.45,0.0048
8_20,881.66,920.19,0.0044
8_20,859.84,879.44,0.0043
8_20,627.12,651.4,0.0039
8_20,1026.79,1039.19,0.0037
8_20,1070.81,1073.98,0.0036
8_20,793.72,796.54,0.0036
8_20,1155.43,1161.42,0.0033
8_20,690.16,696.54,0.0033
8_20,881.59,893.07,0.0031
8_20,961.57,967.19,0.0029
8_20,830.04,836.21,0.0028
8_20,1033.32,1116.76,0.0028
8_20,759.61,772.01,0.0028
8_20,706.86,717.57,0.0026
8_20,947.91,950.73,0.0024
8_20,919.69,922.29,0.0023
8_20,834.69,837.54,0.0023
8_20,808.31,814.91,0.0022
8_20,769.37,774.98,0.002
8_20,1038.2,1044.21,0.002
8_20,945.59,957.29,0.002
8_20,1014.12,1016.71,0.0019
8_20,658.99,681.0,0.0017
8_20,630.53,633.54,0.0017
8_20,1115.72,1137.6,0.0017
8_20,796.6,817.6,0.0016
8_20,817.92,840.17,0.0015
8_20,907.88,913.83,0.0015
8_20,1107.28,1113.36,0.0015
8_20,647.24,658.03,0.0014
8_20,810.87,813.49,0.0014
8_20,754.38,757.06,0.0013
8_20,1080.2,1118.78,0.0013
8_20,832.83,872.6,0.0013
8_20,752.12,774.4,0.0013
8_20,937.29,948.8,0.0013
8_20,624.29,647.48,0.0012
8_20,926.24,928.8,0.0012
8_20,766.69,769.44,0.0011
8_20,1060.9,1072.49,0.001
8_20,1052.99,1059.03,0.001
27_38,652.04,731.2,0.9987
27_38,751.62,791.32,0.9984
27_38,898.99,907.74,0.9961
27_38,881.73,898.37,0.9956
27_38,845.52,872.18,0.9946
27_38,795.77,810.76,0.9903
27_38,733.32,746.54,0.9891
27_38,617.68,646.92,0.9878
27_38,815.04,840.03,0.9875
27_38,652.13,731.25,0.1359
27_38,881.74,898.4,0.1352
27_38,845.55,872.17,0.1352
27_38,751.63,791.32,0.1351
27_38,899.0,907.74,0.1334
27_38,733.33,746.53,0.1313
27_38,1101.04,1112.62,0.0343
27_38,1037.2,1039.69,0.0166
27_38,876.39,913.8,0.0109
27_38,815.48,848.6,0.0063
27_38,905.18,923.91,0.0054
27_38,824.05,827.0,0.0052
27_38,785.13,787.94,0.0048
27_38,1009.53,1031.01,0.0048
27_38,996.67,1001.71,0.0044
27_38,931.48,1018.23,0.0043
27_38,695.96,707.05,0.0043
27_38,924.14,929.88,0.004
27_38,659.34,662.07,0.0037
27_38,750.27,752.63,0.0033
27_38,1029.98,1032.99,0.0033
27_38,614.16,650.65,0.003
27_38,796.42,807.98,0.003
27_38,1111.59,1153.73,0.003
27_38,1036.92,1043.06,0.003
27_38,786.93,789.67,0.0029
27_38,892.95,898.79,0.0029
27_38,843.26,876.29,0.0028
27_38,742.37,813.97,0.0026
27_38,754.12,757.2,0.0024
27_38,885.45,897.43,0.0021
27_38,1097.87,1119.04,0.002
27_38,1063.2,1073.9,0.0018
27_38,678.59,684.25,0.0018
27_38,724.86,728.02,0.0017
27_38,631.22,633.89,0.0017
27_38,840.54,843.78,0.0016
27_38,866.67,878.9,0.0015
27_38,662.64,665.15,0.0015
27_38,707.62,713.17,0.0014
27_38,984.62,1028.87,0.0014
27_38,727.9,733.25,0.0014
27_38,719.8,722.54,0.0014
27_38,1032.84,1038.5,0.0014
27_38,796.87,799.52,0.0013
27_38,821.48,833.45,0.0013
27_38,1078.47,1089.19,0.0012
27_38,662.8,704.08,0.0012
27_38,1064.16,1067.22,0.0012
27_38,1107.56,1110.1,0.0012
27_38,1112.12,1123.73,0.0012
27_38,1007.08,1010.05,0.0011
27_38,923.29,933.17,0.0011
27_38,793.0,795.15,0.001
21_37,668.92,717.05,0.9997
21_37,1165.78,1178.23,0.9994
21_37,715.22,734.65,0.9948
21_37,644.92,664.34,0.9944
21_37,900.23,915.01,0.9938
21_37,1154.95,1161.36,0.9926
21_37,748.54,776.26,0.9906
21_37,619.04,644.91,0.9903
21_37,914.22,1105.0,0.989
21_37,1103.72,1131.46,0.9833
21_37,777.02,901.13,0.9676
21_37,1130.57,1155.51,0.967
21_37,1165.78,1178.21,0.1355
21_37,900.23,915.02,0.1348
21_37,668.97,716.96,0.1344
21_37,748.54,776.24,0.134
21_37,644.92,664.36,0.1336
21_37,777.89,827.3,0.0286
21_37,1165.77,1178.23,0.0182
21_37,748.55,776.27,0.0181
21_37,779.94,781.96,0.0172
21_37,1055.6,1156.12,0.0133
21_37,910.62,952.38,0.0105
21_37,1108.11,1162.33,0.0075
21_37,1180.66,1191.31,0.0071
21_37,672.32,694.2,0.0052
21_37,786.08,792.34,0.0036
21_37,891.45,898.7,0.0035
21_37,616.51,666.32,0.0035
21_37,797.29,901.3,0.0034
21_37,1155.05,1160.65,0.0028
21_37,687.83,711.56,0.0025
21_37,736.87,743.62,0.0023
21_37,902.92,913.63,0.0022
21_37,614.62,617.2,0.0021
21_37,668.87,674.55,0.0019
21_37,722.54,734.31,0.0019
21_37,868.94,897.11,0.0019
21_37,927.34,1069.53,0.0016
21_37,612.99,615.23,0.0016
21_37,621.89,627.99,0.0016
21_37,629.0,641.84,0.0015
21_37,1084.4,1135.45,0.0015
21_37,732.98,750.74,0.0013
21_37,1150.68,1162.87,0.0012
21_37,601.37,628.02,0.0011
21_37,1190.97,1194.09,0.0011
21_37,1140.96,1154.62,0.0011
21_37,819.5,825.54,0.001
20_26,756.68,794.91,0.9984
20_26,655.97,698.79,0.9971
20_26,1108.08,1147.73,0.9968
20_26,995.69,1039.92,0.9968
20_26,1081.29,1086.51,0.9966
20_26,1148.79,1156.88,0.9958
20_26,1157.36,1174.66,0.9955
20_26,1176.41,1192.35,0.9952
20_26,718.78,734.33,0.9943
20_26,857.31,865.52,0.9933
20_26,1098.85,1107.4,0.9909
20_26,701.49,718.12,0.9903
20_26,798.69,855.91,0.9894
20_26,616.67,654.81,0.9873
20_26,1041.12,1078.38,0.9806
20_26,734.45,750.14,0.9575
20_26,873.31,1040.66,0.8585
20_26,798.67,855.87,0.1344
20_26,1176.41,1192.33,0.1343
20_26,1148.79,1156.88,0.1343
20_26,655.96,698.77,0.1334
20_26,701.5,718.13,0.1333
20_26,616.64,654.81,0.1332
20_26,1176.41,1192.33,0.0181
20_26,798.6,855.84,0.0178
20_26,1141.39,1147.84,0.0154
20_26,655.89,662.18,0.0146
20_26,1190.85,1193.26,0.0117
20_26,1086.03,1098.93,0.0097
20_26,1159.13,1162.1,0.0083
20_26,998.94,1039.95,0.0056
20_26,1090.91,1156.46,0.0048
20_26,774.47,794.0,0.0046
20_26,616.14,639.85,0.0045
20_26,689.46,699.91,0.0043
20_26,864.74,867.69,0.0042
20_26,791.96,795.11,0.0041
20_26,1163.28,1173.62,0.0039
20_26,721.12,733.82,0.0039
20_26,797.44,807.61,0.0032
20_26,731.9,748.38,0.0032
20_26,1150.9,1157.04,0.003
20_26,706.62,717.72,0.0026
20_26,995.42,1008.85,0.0024
20_26,654.14,679.53,0.0024
20_26,701.51,708.5,0.0023
20_26,1107.94,1110.95,0.002
20_26,1041.56,1082.7,0.002
20_26,653.72,656.13,0.0019
20_26,718.64,728.96,0.0019
20_26,799.0,822.82,0.0019
20_26,1121.43,1147.97,0.0018
20_26,1158.39,1175.11,0.0018
20_26,659.42,665.29,0.0016
20_26,877.0,879.52,0.0014
20_26,1082.5,1085.78,0.0014
20_26,1016.37,1039.25,0.0013
20_26,665.17,667.82,0.0013
20_26,686.56,700.51,0.0013
20_26,1092.09,1110.04,0.0012
20_26,949.37,994.9,0.0012
20_26,1107.82,1118.6,0.0012
20_26,1157.73,1163.2,0.0011
20_26,909.43,912.39,0.001
20_26,1078.89,1097.84,0.001
16_3,616.98,660.13,0.9041
16_3,943.38,1032.58,0.4951
16_3,790.2,875.81,0.4941
16_3,683.72,784.33,0.4924
16_3,1108.5,1208.99,0.4832
16_3,867.51,939.84,0.3902
16_3,1043.03,1079.87,0.323
16_3,1096.98,1122.31,0.3008
16_3,659.66,679.6,0.2692
16_3,1207.12,1228.8,0.2309
16_3,679.43,690.79,0.2298
16_3,1076.51,1100.54,0.2234
16_3,1019.41,1044.64,0.2129
16_3,1034.18,1055.42,0.1777
16_3,1063.82,1085.22,0.1596
16_3,650.64,673.2,0.1523
16_3,764.58,847.51,0.1433
16_3,672.55,683.55,0.1404
16_3,864.07,911.22,0.1343
16_3,1086.06,1107.89,0.1246
16_3,686.03,691.97,0.1235
16_3,642.04,660.74,0.1223
16_3,670.1,766.97,0.1117
16_3,898.94,942.44,0.1108
16_3,933.98,1018.57,0.1066
16_3,684.33,687.27,0.1008
16_3,1124.22,1218.01,0.0987
16_3,1047.25,1069.6,0.0948
16_3,1228.65,1228.8,0.0943
16_3,616.34,654.53,0.0764
16_3,938.89,950.72,0.0741
16_3,667.7,680.46,0.0723
16_3,1094.13,1142.63,0.0694
16_3,680.37,687.04,0.0672
16_3,928.45,970.37,0.0578
16_3,1060.24,1066.15,0.0578
16_3,1088.58,1097.64,0.055
16_3,803.16,889.52,0.054
16_3,676.36,682.15,0.0527
16_3,1203.15,1228.8,0.0489
16_3,698.69,797.47,0.0486
16_3,1040.07,1060.51,0.0485
16_3,1094.56,1107.45,0.0474
16_3,686.87,690.16,0.047
16_3,1005.94,1026.11,0.0459
16_3,1067.23,1090.41,0.0428
16_3,881.73,926.74,0.0417
16_3,958.21,1045.23,0.0376
16_3,918.74,939.84,0.0376
16_3,690.16,693.1,0.0348
16_3,1086.39,1180.84,0.0338
16_3,1024.72,1046.38,0.0336
16_3,823.22,863.61,0.0331
16_3,870.19,876.91,0.0323
16_3,666.68,673.04,0.032
16_3,622.88,668.44,0.0314
16_3,1054.41,1078.71,0.0308
16_3,676.8,679.72,0.0307
16_3,941.06,946.4,0.0304
16_3,1043.05,1052.2,0.0298
16_3,757.68,799.03,0.0297
16_3,1227.54,1228.8,0.0286
16_3,685.61,688.39,0.0256
16_3,944.76,967.06,0.0254
16_3,1100.8,1114.42,0.0251
16_3,1121.91,1135.76,0.0251
16_3,1051.53,1060.79,0.0248
16_3,1075.92,1087.11,0.0217
16_3,664.2,749.13,0.0214
16_3,658.16,669.11,0.0207
16_3,902.61,923.37,0.0207
16_3,1166.06,1188.46,0.0205
16_3,974.65,1016.32,0.0203
16_3,850.23,871.9,0.0199
16_3,688.51,691.48,0.0194
16_3,1204.03,1226.57,0.0186
16_3,869.2,889.28,0.0183
16_3,1143.78,1170.24,0.0181
16_3,1017.76,1029.76,0.018
16_3,1095.83,1101.69,0.0179
16_3,1102.54,1105.62,0.0172
16_3,1089.54,1091.95,0.0171
16_3,735.81,756.93,0.0169
16_3,645.35,682.07,0.0168
16_3,1058.58,1070.73,0.0161
16_3,1121.33,1124.1,0.0159
16_3,945.79,948.65,0.0155
16_3,683.37,686.24,0.0154
16_3,927.64,934.44,0.0149
16_3,1104.45,1107.76,0.0147
16_3,678.85,703.67,0.0145
16_3,1215.76,1228.8,0.0137
16_3,1030.15,1043.27,0.0137
16_3,1109.98,1112.98,0.0135
16_3,1175.21,1210.97,0.0134
16_3,669.76,676.24,0.0133
16_3,952.74,976.91,0.0132
16_3,779.3,865.27,0.0132
16_3,1130.87,1156.37,0.0128
16_3,891.47,915.94,0.0123
16_3,942.37,945.59,0.0123
16_3,1081.66,1093.53,0.012
16_3,928.32,949.14,0.0117
16_3,911.8,932.72,0.0113
16_3,1117.78,1131.17,0.0112
16_3,667.29,670.33,0.0106
16_3,1022.92,1028.77,0.0105
16_3,1109.46,1121.95,0.0104
16_3,1054.98,1061.09,0.0104
16_3,1013.36,1022.92,0.0104
16_3,686.63,689.25,0.0103
16_3,728.4,771.42,0.0102
16_3,680.3,682.85,0.0102
16_3,690.97,693.54,0.0101
16_3,674.32,680.14,0.01
16_3,1093.39,1099.92,0.01
16_3,1100.18,1103.42,0.0099
16_3,995.53,1017.03,0.0098
16_3,1222.49,1228.54,0.0097
16_3,785.61,791.0,0.0095
16_3,836.79,911.16,0.0094
16_3,1081.39,1084.86,0.0094
16_3,1047.47,1053.51,0.0092
16_3,827.58,845.97,0.0089
16_3,1062.52,1065.29,0.0089
16_3,1040.64,1045.77,0.0087
16_3,1198.14,1209.11,0.0085
16_3,781.59,807.29,0.0081
16_3,1182.5,1185.22,0.0081
16_3,1064.54,1077.25,0.0081
16_3,1158.3,1171.75,0.0079
16_3,1125.14,1132.04,0.0077
16_3,1074.06,1115.48,0.0076
16_3,1171.39,1183.39,0.0074
16_3,656.16,666.74,0.0073
16_3,677.53,688.37,0.0073
16_3,873.17,876.32,0.0072
16_3,909.01,920.77,0.0072
16_3,1007.59,1075.99,0.0071
16_3,1108.09,1111.62,0.007
16_3,643.2,649.5,0.0067
16_3,848.37,859.13,0.0067
16_3,1145.84,1152.11,0.0065
16_3,943.15,955.41,0.0064
16_3,1156.13,1159.65,0.0064
16_3,1151.97,1155.27,0.0062
16_3,1048.93,1051.32,0.0061
16_3,922.98,1003.01,0.006
16_3,746.84,831.49,0.006
16_3,1021.37,1024.4,0.006
16_3,733.41,738.76,0.006
16_3,912.62,915.46,0.0059
16_3,677.79,680.94,0.0058
16_3,935.8,945.91,0.0057
16_3,918.61,921.37,0.0057
16_3,1106.22,1109.32,0.0057
16_3,1058.41,1061.11,0.0057
16_3,621.14,695.92,0.0056
16_3,1140.53,1146.82,0.0056
16_3,685.06,687.72,0.0055
16_3,1130.22,1133.29,0.0055
16_3,838.41,844.39,0.0055
16_3,953.81,965.65,0.0054
16_3,1085.81,1092.02,0.0052
16_3,1118.52,1125.55,0.0051
16_3,1094.46,1097.43,0.0051
16_3,1064.76,1067.66,0.0051
16_3,1110.99,1114.15,0.0051
16_3,687.55,690.73,0.0051
16_3,672.62,675.5,0.0051
16_3,588.0,641.52,0.0049
16_3,1005.58,1016.02,0.0049
16_3,877.72,952.47,0.0048
16_3,1029.15,1035.87,0.0047
16_3,674.93,677.61,0.0047
16_3,926.93,930.17,0.0047
16_3,1051.64,1054.95,0.0047
16_3,1056.54,1059.5,0.0047
16_3,790.34,796.82,0.0046
16_3,668.74,672.12,0.0046
16_3,963.92,966.67,0.0046
16_3,1167.88,1174.58,0.0044
16_3,1102.03,1105.03,0.0044
16_3,1098.33,1192.09,0.0043
16_3,662.66,668.49,0.0043
16_3,1159.43,1162.76,0.0042
16_3,907.6,914.33,0.0041
16_3,758.86,777.38,0.0041
16_3,1096.48,1099.85,0.0041
16_3,1023.98,1027.09,0.0041
16_3,1123.22,1126.39,0.004
16_3,944.59,950.11,0.0039
16_3,1223.33,1228.8,0.0038
16_3,1163.68,1167.03,0.0038
16_3,858.72,902.09,0.0038
16_3,679.2,681.9,0.0037
16_3,614.56,617.26,0.0037
16_3,644.82,648.17,0.0037
16_3,1125.72,1129.2,0.0036
16_3,901.26,907.75,0.0036
16_3,1013.49,1018.31,0.0035
16_3,930.81,942.41,0.0035
16_3,689.97,692.43,0.0035
16_3,1199.07,1202.24,0.0035
16_3,1146.22,1149.38,0.0034
16_3,661.52,664.29,0.0034
16_3,1089.31,1093.93,0.0034
16_3,1060.95,1067.92,0.0033
16_3,854.56,860.52,0.0033
16_3,1128.75,1141.65,0.0033
16_3,1056.04,1134.34,0.0032
16_3,1223.99,1228.8,0.0032
16_3,980.15,983.56,0.0031
16_3,682.67,694.12,0.0031
16_3,1146.76,1228.8,0.0031
16_3,670.95,674.04,0.003
16_3,639.99,657.7,0.003
16_3,1161.14,1164.26,0.003
16_3,1154.65,1158.06,0.003
16_3,789.94,792.78,0.003
16_3,770.58,792.19,0.0028
16_3,1076.4,1082.99,0.0028
16_3,871.97,877.18,0.0028
16_3,962.84,965.78,0.0028
16_3,1170.92,1173.67,0.0028
16_3,612.84,615.88,0.0028
16_3,911.08,914.05,0.0027
16_3,1018.32,1055.24,0.0027
16_3,676.48,679.32,0.0027
16_3,968.81,1011.59,0.0026
16_3,753.71,765.63,0.0026
16_3,680.02,685.81,0.0026
16_3,1114.21,1117.35,0.0026
16_3,1102.92,1109.41,0.0026
16_3,1128.75,1131.76,0.0026
16_3,734.45,737.46,0.0026
16_3,1181.74,1184.37,0.0026
16_3,1188.31,1208.39,0.0026
16_3,1082.57,1085.81,0.0025
16_3,836.23,842.68,0.0025
16_3,918.79,929.1,0.0025
16_3,1026.98,1029.54,0.0024
16_3,1148.17,1151.67,0.0024
16_3,1018.97,1024.77,0.0024
16_3,1069.54,1080.24,0.0024
16_3,1004.55,1006.88,0.0024
16_3,693.51,737.87,0.0024
16_3,1217.29,1228.8,0.0023
16_3,761.71,764.62,0.0023
16_3,821.53,833.34,0.0023
16_3,740.64,758.79,0.0023
16_3,904.67,907.58,0.0022
16_3,1151.82,1165.17,0.0022
16_3,942.06,945.05,0.0022
16_3,662.75,684.62,0.0022
16_3,950.17,954.94,0.0022
16_3,1052.43,1064.05,0.0021
16_3,1120.46,1123.79,0.0021
16_3,691.9,694.75,0.0021
16_3,1050.99,1053.71,0.002
16_3,1137.31,1149.98,0.002
16_3,864.58,876.27,0.002
16_3,1089.77,1103.1,0.002
16_3,1169.13,1172.08,0.002
16_3,832.75,869.72,0.002
16_3,959.15,964.95,0.0019
16_3,944.56,947.71,0.0019
16_3,1086.01,1089.01,0.0019
16_3,782.94,795.93,0.0019
16_3,1041.2,1046.87,0.0019
16_3,1013.0,1015.75,0.0019
16_3,900.26,903.51,0.0019
16_3,1134.93,1138.27,0.0019
16_3,953.97,959.85,0.0018
16_3,1046.55,1052.38,0.0018
16_3,855.98,859.16,0.0018
16_3,683.84,686.69,0.0018
16_3,755.22,758.32,0.0018
16_3,842.9,845.51,0.0018
16_3,1099.73,1106.37,0.0018
16_3,914.1,920.33,0.0018
16_3,1176.18,1178.96,0.0018
16_3,929.57,934.67,0.0017
16_3,980.07,986.85,0.0017
16_3,1127.46,1130.66,0.0017
16_3,1028.95,1031.79,0.0016
16_3,840.24,843.06,0.0016
16_3,1202.31,1212.27,0.0016
16_3,1053.24,1055.4,0.0016
16_3,1157.44,1160.58,0.0016
16_3,1117.96,1120.96,0.0015
16_3,1107.14,1110.45,0.0015
16_3,962.74,983.29,0.0015
16_3,906.02,911.95,0.0015
16_3,1165.79,1169.15,0.0015
16_3,1066.63,1069.76,0.0015
16_3,1031.47,1034.54,0.0015
16_3,616.98,626.52,0.0015
16_3,1110.51,1116.93,0.0015
16_3,1122.04,1125.43,0.0015
16_3,997.23,1039.07,0.0015
16_3,717.21,765.29,0.0015
16_3,871.18,895.14,0.0015
16_3,672.2,711.91,0.0014
16_3,802.19,852.16,0.0014
16_3,893.47,907.4,0.0014
16_3,1114.76,1140.08,0.0014
16_3,1000.47,1006.74,0.0014
16_3,654.51,657.19,0.0014
16_3,1087.51,1090.35,0.0014
16_3,1081.06,1084.06,0.0014
16_3,1227.4,1228.8,0.0014
16_3,946.27,951.67,0.0014
16_3,1150.39,1153.57,0.0014
16_3,776.58,779.42,0.0014
16_3,1061.26,1064.52,0.0014
16_3,1029.13,1091.14,0.0013
16_3,643.88,646.59,0.0013
16_3,843.53,848.58,0.0013
16_3,614.98,617.95,0.0013
16_3,1162.17,1175.67,0.0013
16_3,669.96,672.96,0.0013
16_3,1017.0,1020.1,0.0013
16_3,1049.31,1051.74,0.0013
16_3,965.59,968.44,0.0012
16_3,786.94,789.58,0.0012
16_3,666.76,669.85,0.0012
16_3,1020.28,1023.31,0.0012
16_3,809.85,812.65,0.0012
16_3,1014.59,1017.39,0.0012
16_3,1095.15,1097.92,0.0012
16_3,733.75,736.18,0.0012
16_3,673.56,676.76,0.0012
16_3,926.12,928.87,0.0012
16_3,1152.96,1156.42,0.0012
16_3,1181.55,1188.28,0.0012
16_3,917.93,920.91,0.0011
16_3,1115.37,1118.36,0.0011
16_3,1089.85,1092.74,0.0011
16_3,1220.47,1228.8,0.0011
16_3,690.43,696.35,0.0011
16_3,1040.17,1043.18,0.0011
16_3,1105.07,1108.11,0.0011
16_3,933.1,935.56,0.0011
16_3,1025.08,1028.09,0.0011
16_3,644.66,669.18,0.0011
16_3,1200.84,1224.48,0.0011
16_3,1137.69,1140.83,0.0011
16_3,1147.29,1150.36,0.001
16_3,613.66,615.0,0.001
16_3,687.93,691.28,0.001
16_3,1124.32,1127.43,0.001
16_3,873.8,876.65,0.001
16_3,942.97,945.82,0.001
16_3,1131.13,1134.56,0.001
16_3,1162.66,1165.97,0.001
16_3,1078.37,1081.53,0.001
15_33,622.53,640.34,0.9989
15_33,776.08,793.67,0.9985
15_33,911.61,921.66,0.9981
15_33,923.34,932.81,0.998
15_33,705.15,739.5,0.9979
15_33,642.26,701.25,0.9975
15_33,885.45,899.87,0.9952
15_33,740.25,771.27,0.9939
15_33,795.21,880.7,0.9935
15_33,949.26,957.83,0.9909
15_33,908.0,910.03,0.9898
15_33,901.24,907.55,0.9893
15_33,944.08,947.24,0.9867
15_33,642.32,701.3,0.1359
15_33,740.24,771.35,0.1355
15_33,705.14,739.54,0.1351
15_33,911.61,921.67,0.1349
15_33,908.0,910.03,0.1348
15_33,885.45,899.89,0.1348
15_33,944.08,947.24,0.1342
15_33,740.27,771.26,0.0186
15_33,642.3,701.25,0.0183
15_33,1023.53,1028.99,0.015
15_33,694.39,704.87,0.013
15_33,1019.08,1024.42,0.0116
15_33,958.37,960.76,0.0095
15_33,680.55,700.46,0.0095
15_33,923.85,946.56,0.0094
15_33,1026.25,1032.21,0.0089
15_33,736.41,741.59,0.0085
15_33,1012.56,1015.36,0.0084
15_33,818.14,838.54,0.0084
15_33,1094.96,1106.02,0.0075
15_33,995.07,1001.33,0.0075
15_33,1044.35,1050.89,0.0073
15_33,1040.23,1042.99,0.0055
15_33,1034.4,1040.83,0.0052
15_33,1009.99,1020.44,0.0051
15_33,696.69,702.58,0.0049
15_33,1092.79,1095.9,0.0049
15_33,912.48,915.55,0.0044
15_33,1033.99,1036.4,0.0042
15_33,798.92,821.44,0.0042
15_33,907.11,912.13,0.0041
15_33,879.2,899.54,0.0039
15_33,967.18,978.82,0.0038
15_33,723.28,735.57,0.0038
15_33,763.21,768.64,0.0034
15_33,935.97,939.17,0.0033
15_33,910.29,930.89,0.0032
15_33,1148.89,1155.3,0.0031
15_33,803.84,887.64,0.0028
15_33,635.04,640.69,0.0028
15_33,895.25,897.64,0.0027
15_33,833.36,839.42,0.0027
15_33,920.9,923.3,0.0025
15_33,617.36,620.01,0.0024
15_33,1061.51,1067.51,0.0024
15_33,773.03,778.07,0.0023
15_33,721.92,724.64,0.0023
15_33,1006.42,1017.31,0.0023
15_33,1096.1,1099.07,0.0022
15_33,1039.78,1045.12,0.0022
15_33,623.58,635.66,0.0021
15_33,1117.37,1122.33,0.0021
15_33,693.39,699.66,0.0021
15_33,964.42,967.15,0.0021
15_33,951.6,954.33,0.002
15_33,932.35,938.61,0.002
15_33,745.77,748.51,0.0019
15_33,640.77,645.94,0.0018
15_33,1009.71,1012.78,0.0018
15_33,790.59,800.7,0.0018
15_33,938.12,943.97,0.0018
15_33,654.64,659.57,0.0018
15_33,1069.63,1080.56,0.0018
15_33,1013.86,1025.97,0.0017
15_33,1050.43,1061.56,0.0017
15_33,992.25,994.86,0.0017
15_33,1031.8,1034.35,0.0017
15_33,739.86,756.07,0.0017
15_33,867.32,877.89,0.0017
15_33,1083.96,1089.93,0.0016
15_33,1028.33,1030.53,0.0016
15_33,928.24,966.74,0.0016
15_33,967.67,970.46,0.0015
15_33,589.9,626.93,0.0015
15_33,644.35,677.01,0.0015
15_33,693.16,695.93,0.0015
15_33,1044.49,1047.07,0.0015
15_33,929.29,932.09,0.0015
15_33,666.94,669.79,0.0015
15_33,960.93,963.46,0.0014
15_33,841.92,863.28,0.0013
15_33,989.16,991.86,0.0013
15_33,912.25,918.4,0.0013
15_33,966.05,988.61,0.0013
15_33,831.27,841.75,0.0013
15_33,1024.02,1026.96,0.0012
15_33,777.27,782.1,0.0012
15_33,756.5,762.36,0.0012
15_33,718.98,739.16,0.0012
15_33,1038.82,1041.35,0.0011
15_33,1053.4,1056.18,0.0011
15_33,1033.11,1038.72,0.0011
15_33,857.68,860.4,0.0011
15_33,800.02,805.8,0.0011
15_33,624.77,627.51,0.001
15_33,747.92,750.54,0.001
15_33,705.87,711.02,0.001
28_28,1004.26,1015.52,0.9998
28_28,767.99,858.62,0.9992
28_28,860.22,871.48,0.9986
28_28,913.72,933.03,0.997
28_28,616.41,622.85,0.9966
28_28,983.37,1004.24,0.993
28_28,880.32,910.92,0.993
28_28,681.18,728.67,0.9925
28_28,622.81,679.63,0.9896
28_28,1016.73,1031.21,0.987
28_28,940.69,953.16,0.9855
28_28,739.52,761.65,0.9823
28_28,913.75,933.04,0.1354
28_28,1004.25,1015.52,0.1354
28_28,616.41,622.85,0.135
28_28,768.1,858.71,0.1347
28_28,681.19,728.66,0.1334
28_28,817.85,828.29,0.0206
28_28,933.84,936.71,0.0186
28_28,1004.25,1015.52,0.018
28_28,681.15,728.66,0.0178
28_28,848.36,851.83,0.012
28_28,992.34,1003.18,0.0097
28_28,913.19,916.3,0.009
28_28,1014.94,1033.75,0.0083
28_28,1018.17,1023.3,0.0068
28_28,1030.1,1039.75,0.0064
28_28,1009.36,1012.14,0.0062
28_28,889.13,902.84,0.0055
28_28,632.33,737.93,0.0048
28_28,728.72,762.98,0.0043
28_28,608.46,618.2,0.0039
28_28,758.46,778.24,0.0035
28_28,1009.37,1014.63,0.0035
28_28,954.09,974.87,0.0032
28_28,633.15,678.76,0.0031
28_28,1149.93,1191.94,0.0029
28_28,1073.64,1079.18,0.0029
28_28,1005.15,1010.77,0.0024
28_28,615.64,623.49,0.0022
28_28,1101.57,1106.69,0.0019
28_28,957.97,963.9,0.0019
28_28,1143.63,1146.47,0.0018
28_28,965.21,971.46,0.0018
28_28,792.68,798.7,0.0016
28_28,806.49,809.45,0.0016
28_28,834.59,856.09,0.0015
28_28,738.08,744.59,0.0015
28_28,1085.76,1105.71,0.0014
28_28,1061.01,1063.8,0.0014
28_28,815.64,827.83,0.0013
28_28,1030.52,1033.22,0.0012
28_28,1111.66,1123.83,0.0012
28_28,1017.64,1022.42,0.0011
28_28,693.08,697.99,0.0011
28_28,826.83,837.89,0.0011
28_28,1055.18,1065.23,0.0011
28_28,1038.95,1044.91,0.001
28_28,875.06,917.48,0.001
28_28,611.92,622.76,0.001
28_28,980.95,1002.11,0.001
29_34,683.59,817.39,0.9991
29_34,819.97,838.43,0.9971
29_34,615.3,634.0,0.9969
29_34,911.27,935.35,0.9968
29_34,955.61,967.62,0.9941
29_34,940.23,953.82,0.9933
29_34,841.11,889.83,0.9868
29_34,892.35,908.82,0.9835
29_34,636.24,680.45,0.9803
29_34,615.29,633.99,0.1355
29_34,819.98,838.45,0.1351
29_34,911.26,935.34,0.1344
29_34,841.12,889.87,0.1336
29_34,955.61,967.62,0.1328
29_34,646.52,667.63,0.015
29_34,977.34,983.43,0.009
29_34,600.67,627.92,0.0061
29_34,684.77,697.66,0.0058
29_34,933.62,954.7,0.0056
29_34,944.7,947.43,0.0054
29_34,920.82,923.54,0.005
29_34,819.82,831.96,0.0046
29_34,634.11,654.16,0.0043
29_34,948.47,953.93,0.0041
29_34,1018.8,1024.69,0.004
29_34,779.2,782.33,0.0036
29_34,893.14,903.94,0.0036
29_34,785.85,797.18,0.0032
29_34,1130.18,1133.35,0.0031
29_34,796.29,818.31,0.003
29_34,919.42,931.51,0.0029
29_34,879.59,882.92,0.0028
29_34,659.97,679.67,0.0027
29_34,988.23,1000.15,0.0027
29_34,810.96,813.64,0.0024
29_34,1141.23,1143.73,0.0023
29_34,731.68,738.01,0.0022
29_34,739.52,741.9,0.002
29_34,893.28,898.91,0.0019
29_34,1009.06,1030.88,0.0019
29_34,913.28,919.33,0.0019
29_34,863.69,873.34,0.0019
29_34,1134.0,1139.96,0.0018
29_34,844.31,846.73,0.0018
29_34,966.98,978.96,0.0018
29_34,1025.27,1028.14,0.0016
29_34,961.66,963.72,0.0015
29_34,1001.87,1008.05,0.0015
29_34,1046.25,1052.12,0.0014
29_34,835.41,840.78,0.0014
29_34,681.68,684.77,0.0014
29_34,769.96,790.67,0.0014
29_34,741.6,752.04,0.0014
29_34,694.78,772.25,0.0012
29_34,1081.74,1084.64,0.0012
29_34,659.19,662.09,0.0012
29_34,682.92,688.8,0.0012
29_34,1066.25,1069.25,0.0011
29_34,617.58,619.84,0.0011
29_34,1050.95,1061.18,0.0011
29_34,773.89,779.27,0.0011
29_34,786.65,789.81,0.0011
29_34,1151.5,1154.91,0.001
29_34,636.92,639.88,0.001
29_34,748.04,770.12,0.001
25_5,1094.81,1097.16,1.0
25_5,1145.37,1147.21,0.9999
25_5,1126.76,1137.92,0.9994
25_5,651.12,667.09,0.9979
25_5,983.03,1013.04,0.9968
25_5,728.58,741.36,0.9947
25_5,813.07,980.54,0.9937
25_5,807.63,809.46,0.9926
25_5,1107.86,1121.43,0.992
25_5,1216.99,1228.8,0.9912
25_5,981.16,982.97,0.9895
25_5,670.36,718.97,0.9864
25_5,1017.07,1019.2,0.9748
25_5,1148.59,1216.42,0.9737
25_5,792.46,800.44,0.9681
25_5,752.56,776.48,0.9654
25_5,1019.25,1094.15,0.9567
25_5,651.15,667.09,0.1361
25_5,1216.99,1228.8,0.1345
25_5,670.33,718.92,0.1342
25_5,728.58,741.36,0.1337
25_5,813.34,980.5,0.1333
25_5,981.16,982.97,0.1328
25_5,792.46,800.45,0.1289
25_5,1107.86,1121.43,0.1288
25_5,1091.73,1094.85,0.0266
25_5,721.82,724.43,0.0239
25_5,778.25,801.03,0.0186
25_5,651.15,667.09,0.0183
25_5,1217.0,1228.8,0.0181
25_5,1162.78,1164.78,0.0179
25_5,668.53,679.56,0.0164
25_5,984.2,987.15,0.0148
25_5,1089.18,1091.07,0.0139
25_5,1184.0,1196.98,0.0117
25_5,1084.4,1096.02,0.0111
25_5,982.98,1020.44,0.01
25_5,779.63,790.97,0.01
25_5,636.0,641.4,0.0083
25_5,741.5,744.15,0.006
25_5,668.09,673.91,0.0054
25_5,982.74,988.34,0.0054
25_5,623.07,627.7,0.0054
25_5,1094.69,1096.81,0.0053
25_5,1045.26,1070.31,0.0052
25_5,1200.78,1214.54,0.0052
25_5,1057.74,1060.78,0.005
25_5,1113.24,1120.63,0.005
25_5,809.05,811.27,0.0046
25_5,714.99,720.49,0.004
25_5,613.98,651.38,0.004
25_5,685.58,696.92,0.0039
25_5,1121.84,1139.75,0.0034
25_5,1140.04,1142.75,0.0033
25_5,1073.89,1077.39,0.0032
25_5,651.35,658.24,0.0032
25_5,618.51,624.07,0.003
25_5,1148.97,1171.41,0.0029
25_5,1217.11,1220.26,0.0026
25_5,989.76,1002.67,0.0024
25_5,897.29,946.74,0.0023
25_5,1145.36,1147.41,0.0023
25_5,1152.99,1159.01,0.0023
25_5,1155.47,1201.24,0.002
25_5,639.34,650.52,0.002
25_5,772.58,778.15,0.0019
25_5,807.43,813.49,0.0019
25_5,801.0,806.0,0.0018
25_5,765.03,767.93,0.0017
25_5,1099.99,1108.83,0.0017
25_5,831.36,845.15,0.0015
25_5,768.88,775.3,0.0014
25_5,918.51,921.33,0.0014
25_5,1090.06,1094.91,0.0014
25_5,745.94,748.39,0.0014
25_5,1158.65,1161.33,0.0013
25_5,987.86,993.87,0.0013
25_5,723.7,729.18,0.0013
25_5,1216.67,1222.33,0.0013
25_5,1016.61,1019.09,0.0012
25_5,951.0,977.73,0.0012
25_5,975.19,1014.93,0.0012
25_5,650.93,653.64,0.0012
25_5,807.32,809.33,0.0012
25_5,748.0,750.8,0.0012
25_5,1065.78,1068.72,0.0012
25_5,1143.2,1148.27,0.0012
25_5,1024.98,1077.28,0.0011
25_5,1057.12,1063.56,0.0011
25_5,804.98,823.85,0.001
25_5,1138.24,1140.35,0.001
25_5,744.15,746.84,0.001
29_18,759.76,798.73,0.9984
29_18,1049.26,1061.89,0.9979
29_18,840.52,876.2,0.9979
29_18,614.4,639.88,0.9974
29_18,800.47,837.13,0.9947
29_18,1024.61,1031.49,0.9945
29_18,1033.22,1048.12,0.9926
29_18,640.75,722.76,0.9922
29_18,723.34,756.62,0.9921
29_18,879.76,1005.95,0.9879
29_18,1007.13,1023.47,0.9686
29_18,1049.26,1061.87,0.1358
29_18,614.42,639.93,0.1354
29_18,840.53,876.17,0.1354
29_18,759.72,798.76,0.1342
29_18,1082.35,1087.49,0.0198
29_18,980.24,983.19,0.0155
29_18,838.02,843.06,0.0132
29_18,1061.74,1080.96,0.0125
29_18,1024.37,1035.34,0.0087
29_18,980.0,1018.83,0.0082
29_18,917.83,995.74,0.0057
29_18,839.08,841.83,0.0046
29_18,682.26,684.95,0.0044
29_18,801.75,814.8,0.0042
29_18,709.44,712.12,0.0041
29_18,905.18,916.21,0.004
29_18,1117.84,1123.77,0.004
29_18,643.82,646.7,0.0039
29_18,711.88,714.46,0.0038
29_18,966.34,979.44,0.0037
29_18,1128.02,1149.79,0.0037
29_18,1097.21,1102.16,0.0036
29_18,745.31,748.09,0.0033
29_18,1001.95,1022.86,0.0033
29_18,889.04,935.29,0.0033
29_18,1026.09,1048.75,0.0031
29_18,677.65,688.51,0.0026
29_18,745.9,822.69,0.0025
29_18,977.98,980.65,0.0024
29_18,1061.17,1073.32,0.0024
29_18,971.57,973.96,0.0023
29_18,811.3,816.94,0.0022
29_18,1000.28,1009.54,0.0022
29_18,1023.17,1033.65,0.0022
29_18,982.41,984.78,0.002
29_18,932.0,953.41,0.002
29_18,864.81,883.43,0.0019
29_18,721.18,754.73,0.0018
29_18,712.62,718.78,0.0017
29_18,672.02,678.36,0.0016
29_18,1031.66,1034.33,0.0016
29_18,636.65,641.53,0.0016
29_18,694.2,700.55,0.0015
29_18,914.41,935.83,0.0015
29_18,678.73,681.34,0.0015
29_18,831.18,837.06,0.0014
29_18,1034.35,1037.34,0.0014
29_18,1131.38,1154.88,0.0013
29_18,1010.32,1016.15,0.0013
29_18,1060.06,1062.74,0.0013
29_18,600.27,631.25,0.0013
29_18,824.98,830.73,0.0012
29_18,1044.61,1047.32,0.0012
29_18,1113.75,1119.41,0.0012
29_18,958.38,960.62,0.0011
29_18,679.63,686.03,0.0011
29_18,771.14,782.69,0.0011
29_18,1077.03,1079.69,0.0011
29_18,881.98,884.44,0.0011
29_18,951.31,991.43,0.0011
29_18,1093.65,1116.69,0.0011
29_18,1037.31,1039.5,0.0011
4_17,931.15,935.99,0.9996
4_17,753.42,758.7,0.9996
4_17,761.34,769.7,0.9996
4_17,742.87,752.1,0.9995
4_17,721.75,736.6,0.9994
4_17,783.33,786.85,0.998
4_17,636.38,668.1,0.9973
4_17,993.62,998.9,0.9961
4_17,705.46,712.95,0.9953
4_17,1001.64,1017.38,0.9942
4_17,937.33,991.62,0.9925
4_17,619.67,630.67,0.9846
4_17,683.03,701.62,0.9756
4_17,921.04,930.27,0.9722
4_17,787.79,919.49,0.9688
4_17,636.43,668.04,0.1364
4_17,742.86,752.1,0.1354
4_17,705.47,712.94,0.1352
4_17,1001.63,1017.38,0.1348
4_17,937.36,991.58,0.1347
4_17,600.64,626.55,0.0264
4_17,636.41,668.09,0.0184
4_17,937.27,991.5,0.0184
4_17,1001.63,1017.38,0.0182
4_17,705.47,712.95,0.0182
4_17,812.34,834.64,0.011
4_17,752.06,761.74,0.0103
4_17,671.2,708.6,0.0092
4_17,1040.94,1047.57,0.0087
4_17,990.52,1000.69,0.0086
4_17,800.4,811.66,0.0083
4_17,848.69,921.44,0.0081
4_17,950.49,953.45,0.0068
4_17,908.51,918.01,0.0068
4_17,642.57,653.34,0.0066
4_17,770.19,782.2,0.0065
4_17,970.37,991.87,0.0064
4_17,931.17,936.58,0.0061
4_17,763.13,768.63,0.0061
4_17,679.84,682.17,0.0056
4_17,748.68,751.8,0.005
4_17,715.88,736.68,0.0045
4_17,1042.4,1064.78,0.0045
4_17,787.65,790.85,0.0035
4_17,915.77,920.78,0.0031
4_17,886.75,889.46,0.0029
4_17,1099.27,1111.5,0.0028
4_17,684.19,695.29,0.0028
4_17,963.1,969.85,0.0028
4_17,712.97,724.53,0.0026
4_17,793.98,799.77,0.0024
4_17,738.45,756.7,0.0024
4_17,699.12,704.74,0.0023
4_17,862.8,873.96,0.0023
4_17,973.32,996.43,0.0023
4_17,1059.31,1069.31,0.0022
4_17,875.87,886.62,0.0021
4_17,892.6,895.26,0.0021
4_17,780.85,787.53,0.002
4_17,713.8,716.36,0.0018
4_17,740.25,779.66,0.0017
4_17,1013.0,1054.35,0.0016
4_17,1139.77,1142.04,0.0016
4_17,636.76,638.92,0.0016
4_17,994.04,999.74,0.0015
4_17,1053.82,1056.24,0.0014
4_17,916.73,935.07,0.0014
4_17,1076.38,1079.37,0.0014
4_17,795.17,797.5,0.0014
4_17,623.24,686.27,0.0014
4_17,809.21,814.49,0.0014
4_17,935.63,938.5,0.0013
4_17,693.41,699.22,0.0013
4_17,1058.78,1061.87,0.0013
4_17,649.8,652.47,0.0013
4_17,844.49,846.99,0.0012
4_17,863.1,908.0,0.0011
4_17,1087.84,1094.1,0.0011
4_17,1124.55,1136.74,0.001
4_17,898.94,901.52,0.001
4_17,681.95,687.76,0.001
21_43,992.58,999.58,0.9988
21_43,620.29,652.26,0.9981
21_43,728.07,778.33,0.9969
21_43,930.56,974.96,0.9958
21_43,839.74,854.76,0.9957
21_43,677.75,699.97,0.9952
21_43,856.1,931.82,0.9951
21_43,1002.49,1013.52,0.995
21_43,653.58,668.62,0.9938
21_43,794.67,828.62,0.987
21_43,709.77,719.55,0.9745
21_43,973.64,1002.38,0.8822
21_43,856.02,931.85,0.1347
21_43,677.76,699.97,0.1347
21_43,1002.49,1013.52,0.1346
21_43,839.75,854.76,0.1345
21_43,930.53,974.97,0.1339
21_43,620.28,652.27,0.1326
21_43,973.67,1002.38,0.1197
21_43,1013.17,1036.62,0.0193
21_43,839.75,854.76,0.0181
21_43,620.27,652.27,0.0179
21_43,617.46,620.04,0.015
21_43,833.28,836.03,0.0146
21_43,986.22,989.1,0.0116
21_43,855.56,868.41,0.0103
21_43,1064.22,1086.39,0.0096
21_43,698.34,703.2,0.0076
21_43,1152.35,1155.12,0.0047
21_43,696.67,707.61,0.0044
21_43,958.94,964.79,0.0041
21_43,1069.14,1074.89,0.0037
21_43,759.24,762.75,0.0036
21_43,998.71,1035.84,0.0036
21_43,1142.54,1148.72,0.0035
21_43,689.23,691.88,0.0033
21_43,658.21,661.02,0.0032
21_43,828.95,831.75,0.0032
21_43,720.07,789.87,0.0031
21_43,949.08,970.99,0.0031
21_43,651.32,672.68,0.0029
21_43,1042.61,1048.46,0.0028
21_43,879.48,884.89,0.0025
21_43,648.28,650.74,0.0025
21_43,971.47,1008.59,0.0024
21_43,842.17,845.21,0.0023
21_43,808.51,814.77,0.0022
21_43,1137.0,1140.31,0.0019
21_43,636.49,647.94,0.0018
21_43,795.01,800.94,0.0018
21_43,1075.7,1088.03,0.0018
21_43,1001.75,1020.18,0.0018
21_43,992.41,998.67,0.0018
21_43,685.27,696.84,0.0018
21_43,1027.35,1030.33,0.0016
21_43,1090.39,1159.53,0.0015
21_43,977.24,983.36,0.0015
21_43,988.56,993.66,0.0015
21_43,924.25,929.95,0.0015
21_43,874.82,880.66,0.0014
21_43,963.27,968.91,0.0014
21_43,720.32,723.03,0.0014
21_43,817.9,839.06,0.0014
21_43,685.05,687.95,0.0014
21_43,814.01,816.87,0.0014
21_43,1070.5,1073.1,0.0013
21_43,1106.78,1128.06,0.0013
21_43,652.68,655.08,0.0013
21_43,630.74,633.27,0.0013
21_43,1101.85,1107.89,0.0013
21_43,863.28,868.84,0.0012
21_43,786.51,791.93,0.0012
21_43,880.72,883.57,0.0012
21_43,697.77,719.53,0.0012
21_43,614.49,617.57,0.0012
21_43,961.84,964.41,0.0012
21_43,753.11,773.81,0.0011
21_43,651.2,696.28,0.0011
21_43,772.35,778.26,0.001
2_5,948.58,1014.43,0.999
2_5,1081.16,1090.44,0.9987
2_5,666.73,692.92,0.9985
2_5,811.06,818.66,0.9983
2_5,736.77,776.43,0.9977
2_5,933.46,949.45,0.9971
2_5,703.04,734.26,0.997
2_5,616.07,655.78,0.9968
2_5,1024.61,1082.85,0.9962
2_5,827.09,873.45,0.9954
2_5,1089.65,1142.82,0.9949
2_5,778.15,811.88,0.9948
2_5,1013.63,1023.75,0.9933
2_5,873.54,891.22,0.993
2_5,655.76,668.42,0.9887
2_5,891.27,934.25,0.9859
2_5,666.77,692.85,0.1368
2_5,827.04,873.51,0.1351
2_5,948.61,1014.45,0.135
2_5,933.45,949.45,0.1346
2_5,1013.64,1023.75,0.1343
2_5,616.12,655.78,0.134
2_5,736.79,776.42,0.134
2_5,1089.52,1142.74,0.1339
2_5,655.76,668.42,0.1334
2_5,1024.64,1082.8,0.1319
2_5,906.69,929.48,0.0194
2_5,948.62,1014.53,0.0183
2_5,666.71,692.89,0.0181
2_5,1028.33,1052.65,0.0128
2_5,755.28,761.32,0.008
2_5,1034.49,1037.25,0.0079
2_5,702.19,723.51,0.0072
2_5,1056.1,1062.06,0.0054
2_5,1036.95,1039.62,0.0047
2_5,690.74,708.19,0.0043
2_5,843.43,864.54,0.0042
2_5,771.12,777.17,0.0039
2_5,709.53,712.3,0.0034
2_5,1096.76,1120.77,0.0031
2_5,871.58,889.98,0.0031
2_5,836.1,848.35,0.0031
2_5,1145.93,1148.33,0.0029
2_5,605.95,671.57,0.0029
2_5,983.79,995.21,0.0028
2_5,653.56,656.37,0.0027
2_5,713.74,735.86,0.0027
2_5,966.67,969.39,0.0027
2_5,812.07,814.66,0.0026
2_5,1149.88,1172.23,0.0025
2_5,745.18,756.81,0.0025
2_5,657.34,663.16,0.0025
2_5,779.57,819.1,0.0024
2_5,912.25,931.97,0.0024
2_5,1096.11,1098.59,0.0023
2_5,987.16,1009.77,0.0022
2_5,1157.7,1163.58,0.0022
2_5,1099.06,1111.02,0.0019
2_5,800.31,811.83,0.0019
2_5,776.98,782.48,0.0018
2_5,936.41,948.54,0.0017
2_5,617.15,628.82,0.0017
2_5,773.28,776.29,0.0017
2_5,906.84,912.86,0.0016
2_5,789.08,791.8,0.0016
2_5,1048.82,1051.63,0.0015
2_5,853.0,855.78,0.0015
2_5,717.17,719.78,0.0015
2_5,763.36,766.18,0.0013
2_5,950.55,953.34,0.0013
2_5,670.03,682.94,0.0013
2_5,658.43,661.22,0.0012
2_5,726.59,729.72,0.0012
2_5,860.5,871.53,0.0012
2_5,822.55,828.48,0.0011
2_5,956.06,979.85,0.0011
2_5,720.6,805.93,0.0011
2_5,922.33,933.48,0.001
2_5,956.93,959.77,0.001
18_3,912.06,920.77,0.9977
18_3,618.98,696.38,0.9976
18_3,795.49,820.71,0.9972
18_3,864.14,888.29,0.9969
18_3,897.18,912.1,0.9963
18_3,771.29,795.3,0.9909
18_3,705.18,768.77,0.9905
18_3,847.72,856.79,0.9904
18_3,822.12,843.86,0.9856
18_3,920.93,989.79,0.9797
18_3,990.11,991.3,0.9766
18_3,699.78,705.46,0.9604
18_3,864.11,888.28,0.1357
18_3,619.02,696.34,0.1355
18_3,912.06,920.77,0.1352
18_3,847.71,856.79,0.1342
18_3,795.51,820.71,0.134
18_3,771.29,795.31,0.1337
18_3,990.11,991.31,0.1312
18_3,864.14,888.29,0.0183
18_3,614.64,617.37,0.0157
18_3,876.08,878.45,0.014
18_3,937.15,948.74,0.0129
18_3,886.52,889.48,0.0129
18_3,995.56,1017.27,0.0128
18_3,728.72,770.42,0.0106
18_3,911.05,913.86,0.0064
18_3,1039.24,1044.82,0.0063
18_3,824.39,846.35,0.0063
18_3,886.78,897.6,0.0057
18_3,1132.36,1135.11,0.0053
18_3,698.39,708.95,0.0053
18_3,1044.52,1046.99,0.0049
18_3,852.86,906.5,0.0042
18_3,680.54,686.55,0.0042
18_3,632.39,681.25,0.0042
18_3,837.05,848.31,0.0039
18_3,990.44,995.61,0.0036
18_3,844.44,862.98,0.0036
18_3,749.82,769.87,0.0034
18_3,920.51,931.6,0.0032
18_3,621.81,631.98,0.003
18_3,948.59,954.91,0.0029
18_3,962.16,998.43,0.0028
18_3,774.62,780.95,0.0028
18_3,860.44,863.23,0.0028
18_3,1041.46,1043.93,0.0025
18_3,987.42,989.92,0.0025
18_3,1046.15,1048.7,0.0023
18_3,848.3,854.24,0.0023
18_3,748.99,751.76,0.0023
18_3,1052.07,1132.78,0.0021
18_3,994.12,1033.47,0.0021
18_3,1089.81,1095.37,0.002
18_3,820.64,831.27,0.002
18_3,635.6,641.99,0.002
18_3,612.62,616.32,0.002
18_3,968.58,971.56,0.002
18_3,1095.92,1099.03,0.0019
18_3,876.9,883.24,0.0019
18_3,1034.83,1037.43,0.0019
18_3,1018.69,1021.13,0.0017
18_3,1055.08,1065.32,0.0016
18_3,826.37,829.35,0.0016
18_3,855.61,864.45,0.0015
18_3,1117.43,1120.39,0.0015
18_3,675.61,697.58,0.0014
18_3,1068.79,1090.4,0.0014
18_3,654.6,657.21,0.0014
18_3,865.95,868.76,0.0013
18_3,731.29,734.07,0.0013
18_3,905.15,910.26,0.0013
18_3,1003.24,1006.33,0.0012
18_3,843.98,846.72,0.0012
18_3,1146.56,1149.03,0.0012
18_3,945.67,958.15,0.0011
18_3,807.83,813.41,0.0011
18_3,824.51,835.5,0.0011
18_3,1026.77,1037.92,0.0011
18_3,944.31,947.02,0.0011
18_3,699.51,704.85,0.0011
18_3,1111.79,1114.49,0.0011
18_3,873.19,876.18,0.001
18_3,977.59,989.8,0.001
18_3,995.2,1001.02,0.001
18_3,732.12,743.81,0.001
18_3,1049.79,1055.62,0.001
22_37,674.51,685.93,0.9996
22_37,897.23,908.87,0.9995
22_37,692.34,792.13,0.9992
22_37,617.84,639.74,0.9986
22_37,644.31,658.16,0.9979
22_37,824.97,834.41,0.9977
22_37,660.92,673.74,0.9963
22_37,793.12,804.36,0.9945
22_37,686.41,692.19,0.9928
22_37,812.37,824.53,0.9855
22_37,891.78,894.54,0.9836
22_37,844.94,893.15,0.9616
22_37,802.33,806.47,0.9485
22_37,717.51,731.77,0.9428
22_37,749.37,777.96,0.8475
22_37,897.24,908.86,0.1357
22_37,660.94,673.75,0.1351
22_37,617.85,639.73,0.1349
22_37,644.32,658.17,0.1345
22_37,812.38,824.54,0.1332
22_37,891.78,894.54,0.1331
22_37,793.13,804.35,0.1292
22_37,749.36,777.97,0.1142
22_37,692.31,792.11,0.0925
22_37,1121.18,1124.23,0.0246
22_37,897.24,908.86,0.0183
22_37,749.35,777.96,0.0131
22_37,798.04,803.23,0.0125
22_37,1099.22,1137.2,0.0112
22_37,910.36,923.62,0.0105
22_37,1075.63,1081.11,0.0072
22_37,854.51,857.3,0.006
22_37,645.43,648.41,0.0055
22_37,802.79,805.59,0.0054
22_37,1157.0,1159.75,0.0053
22_37,910.26,916.31,0.0052
22_37,953.43,975.92,0.0051
22_37,700.65,749.59,0.005
22_37,830.58,850.08,0.0045
22_37,901.52,907.0,0.0044
22_37,748.87,755.09,0.0042
22_37,685.61,695.59,0.0041
22_37,696.78,719.02,0.0038
22_37,1013.71,1033.6,0.0033
22_37,1130.58,1136.6,0.0032
22_37,682.01,684.63,0.003
22_37,1138.88,1143.86,0.003
22_37,1153.49,1159.04,0.0029
22_37,710.05,712.97,0.0029
22_37,935.24,959.31,0.0026
22_37,1014.96,1017.07,0.0026
22_37,973.45,984.66,0.0026
22_37,669.49,672.47,0.0024
22_37,613.15,646.91,0.0023
22_37,783.03,794.55,0.0022
22_37,847.03,853.18,0.0021
22_37,1026.85,1031.7,0.002
22_37,673.17,692.5,0.002
22_37,1081.31,1103.78,0.0019
22_37,939.55,946.14,0.0018
22_37,814.87,894.24,0.0018
22_37,1050.81,1056.7,0.0018
22_37,899.31,902.32,0.0017
22_37,1135.99,1138.19,0.0017
22_37,889.24,892.05,0.0016
22_37,620.41,633.53,0.0016
22_37,813.8,820.14,0.0015
22_37,1035.3,1038.19,0.0015
22_37,983.87,1026.72,0.0015
22_37,703.02,705.94,0.0014
22_37,1110.63,1116.47,0.0014
22_37,754.51,757.67,0.0014
22_37,837.91,841.08,0.0013
22_37,799.16,801.92,0.0013
22_37,1138.95,1224.02,0.0013
22_37,1037.6,1048.44,0.0013
22_37,907.31,909.97,0.0012
22_37,1055.01,1061.0,0.0012
22_37,644.62,665.65,0.0012
22_37,719.86,722.36,0.0011
22_37,698.46,704.98,0.0011
22_37,1040.01,1042.95,0.0011
22_37,714.84,735.21,0.0011
22_37,930.95,933.57,0.0011
22_37,776.4,778.75,0.0011
22_37,787.79,834.4,0.001
22_37,1127.3,1138.28,0.001
22_37,782.32,787.84,0.001
22_37,909.11,932.67,0.001
4_22,813.5,815.52,0.9999
4_22,777.11,785.7,0.9999
4_22,971.51,1011.08,0.9994
4_22,1068.69,1087.2,0.9989
4_22,715.22,751.28,0.9985
4_22,766.67,775.94,0.9978
4_22,790.88,801.89,0.9959
4_22,966.82,970.93,0.995
4_22,675.64,697.22,0.995
4_22,656.08,672.02,0.9946
4_22,625.73,641.67,0.9912
4_22,1058.39,1065.59,0.9875
4_22,700.34,711.1,0.9854
4_22,815.97,957.57,0.9726
4_22,1025.47,1031.12,0.9616
4_22,766.68,775.94,0.1355
4_22,656.07,672.03,0.135
4_22,625.72,641.67,0.1346
4_22,1068.69,1087.19,0.1344
4_22,790.88,801.88,0.1339
4_22,1058.38,1065.59,0.1327
4_22,966.81,970.93,0.1294
4_22,800.17,809.69,0.0214
4_22,625.72,641.67,0.018
4_22,1119.53,1129.5,0.0119
4_22,965.65,1044.66,0.0114
4_22,821.6,827.1,0.0105
4_22,734.74,738.1,0.0081
4_22,642.15,654.44,0.0068
4_22,1087.07,1106.78,0.0063
4_22,722.56,745.54,0.0061
4_22,866.01,869.45,0.0057
4_22,1107.08,1113.4,0.0055
4_22,965.41,976.75,0.0054
4_22,1064.58,1070.27,0.0053
4_22,920.39,940.72,0.0045
4_22,1006.72,1025.23,0.0044
4_22,800.0,812.35,0.0044
4_22,607.25,621.97,0.0035
4_22,1026.34,1047.46,0.0034
4_22,825.18,830.56,0.0034
4_22,899.62,919.95,0.0032
4_22,756.18,767.41,0.0031
4_22,959.25,965.17,0.003
4_22,1148.7,1158.92,0.0029
4_22,1104.41,1106.69,0.0028
4_22,1084.59,1087.31,0.0028
4_22,653.06,658.96,0.0027
4_22,850.32,856.14,0.0026
4_22,1007.28,1009.8,0.0026
4_22,685.53,688.2,0.0025
4_22,1053.13,1055.51,0.0024
4_22,1128.41,1134.85,0.0024
4_22,615.9,626.08,0.0024
4_22,738.8,741.57,0.0022
4_22,716.18,722.08,0.0021
4_22,890.54,901.86,0.002
4_22,833.25,875.67,0.002
4_22,797.74,800.24,0.002
4_22,919.71,925.57,0.0019
4_22,1015.04,1018.15,0.0019
4_22,1089.94,1102.65,0.0019
4_22,979.88,1000.03,0.0017
4_22,1110.75,1133.5,0.0017
4_22,903.4,905.68,0.0017
4_22,1059.11,1062.45,0.0016
4_22,864.55,866.81,0.0016
4_22,784.25,819.6,0.0015
4_22,906.95,919.52,0.0015
4_22,1064.37,1067.06,0.0015
4_22,999.55,1005.86,0.0014
4_22,944.14,954.2,0.0014
4_22,868.02,874.72,0.0014
4_22,813.39,815.89,0.0013
4_22,1053.27,1058.78,0.0013
4_22,1071.54,1084.37,0.0013
4_22,699.63,710.01,0.0013
4_22,761.97,781.48,0.0013
4_22,811.08,813.47,0.0012
4_22,855.48,861.42,0.0012
4_22,660.73,663.25,0.0012
4_22,1070.65,1073.29,0.0012
4_22,691.95,694.62,0.0012
4_22,790.86,796.31,0.0011
4_22,621.67,653.12,0.0011
4_22,718.38,742.37,0.0011
4_22,1023.8,1033.12,0.0011
4_22,837.14,847.93,0.0011
4_22,970.96,976.77,0.0011
4_22,1008.35,1014.19,0.0011
13_5,654.26,677.5,0.9986
13_5,927.12,961.69,0.9974
13_5,735.42,760.18,0.9968
13_5,768.34,842.15,0.9955
13_5,1214.98,1226.05,0.9943
13_5,1176.65,1192.43,0.9934
13_5,896.23,913.55,0.9933
13_5,683.54,709.84,0.9905
13_5,848.93,864.73,0.9624
13_5,968.74,1078.92,0.9569
13_5,927.14,961.62,0.1354
13_5,735.42,760.19,0.1346
13_5,1176.66,1192.44,0.1345
13_5,683.56,709.83,0.1338
13_5,1176.66,1192.43,0.0177
13_5,725.44,735.16,0.0108
13_5,965.89,988.88,0.0107
13_5,713.48,725.01,0.0105
13_5,651.48,673.57,0.0099
13_5,768.07,779.91,0.0097
13_5,785.41,797.41,0.0076
13_5,666.48,678.62,0.0071
13_5,853.97,857.08,0.006
13_5,1165.56,1170.36,0.0058
13_5,867.15,891.51,0.0057
13_5,1193.39,1195.57,0.0053
13_5,1086.97,1170.23,0.0047
13_5,1196.52,1208.41,0.0045
13_5,887.19,919.42,0.004
13_5,798.96,804.8,0.004
13_5,1219.12,1225.67,0.0037
13_5,853.13,865.15,0.0034
13_5,735.42,741.27,0.0033
13_5,1085.78,1108.55,0.0032
13_5,785.7,810.17,0.003
13_5,659.25,671.08,0.0026
13_5,1186.1,1192.35,0.0025
13_5,1158.72,1171.15,0.0024
13_5,807.7,810.59,0.0023
13_5,1076.45,1086.86,0.0023
13_5,695.5,708.4,0.0021
13_5,1225.83,1228.42,0.0021
13_5,1177.39,1183.58,0.002
13_5,816.3,838.54,0.002
13_5,938.99,962.34,0.0018
13_5,675.59,677.97,0.0018
13_5,1156.7,1159.12,0.0018
13_5,763.48,781.83,0.0016
13_5,1215.98,1219.13,0.0015
13_5,907.84,910.79,0.0015
13_5,714.42,726.44,0.0013
13_5,615.54,629.78,0.0013
13_5,798.47,810.08,0.0013
13_5,1207.24,1226.97,0.0012
13_5,627.93,645.54,0.0012
13_5,860.78,863.21,0.0011
13_5,743.65,746.56,0.0011
13_5,1178.33,1181.31,0.0011
13_5,1109.17,1134.67,0.001
13_5,1166.9,1170.0,0.001
13_5,783.25,820.67,0.001
9_45,762.16,771.01,0.999
9_45,659.45,666.16,0.998
9_45,620.03,632.64,0.9973
9_45,772.37,782.28,0.9972
9_45,633.47,658.65,0.9968
9_45,682.54,714.17,0.996
9_45,736.43,750.9,0.9952
9_45,727.57,735.62,0.9867
9_45,671.26,681.97,0.9863
9_45,715.5,727.56,0.9704
9_45,743.68,761.35,0.8406
9_45,772.37,782.28,0.1347
9_45,762.17,771.01,0.1343
9_45,659.45,666.16,0.1343
9_45,633.44,658.65,0.1341
9_45,620.02,632.63,0.1317
9_45,743.7,761.35,0.1136
9_45,736.41,750.9,0.0957
9_45,659.46,666.16,0.0181
9_45,728.08,738.77,0.0109
9_45,684.19,689.94,0.0094
9_45,611.08,617.6,0.0088
9_45,792.07,795.1,0.0051
9_45,711.49,732.32,0.0047
9_45,890.12,909.09,0.0039
9_45,841.96,844.68,0.0032
9_45,616.29,633.56,0.003
9_45,782.74,795.47,0.003
9_45,673.75,678.9,0.0026
9_45,801.24,807.05,0.0025
9_45,636.88,643.0,0.0023
9_45,916.06,918.45,0.0022
9_45,870.45,876.62,0.0022
9_45,884.15,894.18,0.002
9_45,814.43,819.94,0.0019
9_45,668.52,671.1,0.0018
9_45,905.69,917.08,0.0018
9_45,900.69,906.19,0.0018
9_45,817.92,837.16,0.0018
9_45,845.36,850.34,0.0018
9_45,867.09,891.65,0.0016
9_45,841.06,846.02,0.0014
9_45,824.84,830.72,0.0014
9_45,751.47,761.39,0.0014
9_45,662.58,737.62,0.0013
9_45,774.7,777.56,0.0012
9_45,640.42,652.7,0.0012
9_45,762.98,769.1,0.0012
9_45,862.58,867.53,0.0011
9_45,784.54,789.95,0.0011
23_17,845.65,854.52,0.9988
23_17,965.44,975.97,0.998
23_17,1036.8,1040.0,0.9978
23_17,680.97,697.04,0.9975
23_17,1155.07,1179.48,0.9967
23_17,1094.65,1151.2,0.9964
23_17,1027.54,1036.27,0.9958
23_17,698.7,741.97,0.9947
23_17,1039.73,1091.79,0.9937
23_17,980.41,1011.87,0.9913
23_17,743.71,807.86,0.9896
23_17,646.58,677.06,0.9883
23_17,856.19,910.53,0.9852
23_17,810.16,843.4,0.9827
23_17,934.36,960.98,0.9824
23_17,617.18,643.25,0.9805
23_17,912.21,931.03,0.9689
23_17,680.94,697.04,0.1353
23_17,743.58,807.88,0.1339
23_17,845.65,854.52,0.1337
23_17,646.59,677.04,0.1335
23_17,1155.09,1179.47,0.1331
23_17,698.65,741.97,0.1328
23_17,1094.69,1151.25,0.1328
23_17,1036.8,1040.0,0.1322
23_17,856.18,910.54,0.1317
23_17,1039.7,1091.83,0.1293
23_17,1013.86,1025.69,0.0193
23_17,680.96,697.03,0.0184
23_17,743.71,807.9,0.0182
23_17,646.57,677.06,0.0179
23_17,1036.8,1040.0,0.0174
23_17,690.0,692.49,0.0148
23_17,1091.2,1097.44,0.0142
23_17,806.87,818.5,0.0139
23_17,855.24,868.82,0.0121
23_17,818.14,824.13,0.012
23_17,1111.97,1114.88,0.012
23_17,838.96,842.24,0.0092
23_17,1164.9,1178.2,0.0073
23_17,966.46,976.71,0.0071
23_17,924.7,927.79,0.0069
23_17,935.94,966.96,0.0069
23_17,695.5,697.77,0.0063
23_17,1030.33,1036.78,0.0059
23_17,616.5,640.99,0.0053
23_17,699.52,711.71,0.0052
23_17,1118.06,1144.09,0.0052
23_17,749.67,756.56,0.0048
23_17,687.14,690.13,0.0048
23_17,1141.66,1144.18,0.0041
23_17,1053.48,1067.14,0.0041
23_17,1003.61,1013.77,0.0037
23_17,1012.57,1036.37,0.0037
23_17,1136.16,1142.23,0.0035
23_17,692.34,695.38,0.0035
23_17,918.67,925.04,0.0032
23_17,684.42,691.19,0.003
23_17,966.25,973.03,0.0029
23_17,673.09,675.52,0.0029
23_17,1022.74,1025.24,0.0029
23_17,1161.25,1164.01,0.0028
23_17,1122.87,1129.57,0.0028
23_17,1173.73,1228.8,0.0027
23_17,992.58,1012.54,0.0023
23_17,814.03,824.65,0.0023
23_17,932.48,935.1,0.0022
23_17,645.1,647.59,0.0021
23_17,981.44,993.5,0.0021
23_17,775.78,803.05,0.0021
23_17,613.75,614.74,0.002
23_17,800.37,802.83,0.002
23_17,709.87,733.57,0.0019
23_17,1027.81,1034.94,0.0019
23_17,634.15,644.97,0.0018
23_17,1188.54,1190.93,0.0017
23_17,919.5,932.06,0.0017
23_17,950.14,960.45,0.0016
23_17,1114.89,1117.68,0.0016
23_17,1152.38,1155.05,0.0015
23_17,905.46,907.72,0.0015
23_17,826.23,832.92,0.0015
23_17,1040.05,1047.02,0.0013
23_17,1091.1,1101.58,0.0012
23_17,738.23,741.12,0.0012
23_17,1003.95,1010.53,0.0012
23_17,612.97,615.28,0.0012
23_17,793.07,805.59,0.0012
23_17,834.57,844.37,0.0011
23_17,1067.33,1074.19,0.0011
23_17,1163.69,1165.85,0.0011
23_17,1040.19,1042.25,0.0011
23_17,1018.83,1024.93,0.0011
23_17,1137.12,1148.78,0.0011
23_17,1186.31,1188.93,0.001
20_25,1124.67,1130.68,0.9982
20_25,620.63,667.77,0.9974
20_25,853.98,863.02,0.9952
20_25,1032.48,1037.64,0.9944
20_25,686.02,742.38,0.9924
20_25,1038.43,1070.36,0.9919
20_25,1074.05,1079.57,0.9919
20_25,883.17,898.12,0.9891
20_25,1107.2,1122.79,0.9874
20_25,1131.75,1139.2,0.9865
20_25,962.85,968.15,0.986
20_25,972.24,1030.66,0.9802
20_25,902.48,959.58,0.9765
20_25,669.21,684.44,0.9731
20_25,1087.98,1107.14,0.9723
20_25,743.49,852.61,0.9702
20_25,1145.51,1164.66,0.9644
20_25,867.61,881.82,0.957
20_25,1124.67,1130.68,0.1354
20_25,620.63,667.75,0.135
20_25,1038.45,1070.35,0.1345
20_25,1032.48,1037.64,0.1345
20_25,1074.05,1079.58,0.1338
20_25,853.97,863.03,0.1337
20_25,972.32,1030.81,0.1336
20_25,883.14,898.12,0.1334
20_25,902.36,959.6,0.133
20_25,669.23,684.44,0.1308
20_25,1107.19,1122.81,0.1289
20_25,1131.75,1139.2,0.1267
20_25,684.4,697.46,0.0199
20_25,972.38,1030.66,0.0183
20_25,902.47,959.66,0.0182
20_25,669.2,684.44,0.0178
20_25,1038.42,1070.38,0.0174
20_25,807.9,849.76,0.0172
20_25,745.45,773.31,0.0152
20_25,1138.95,1140.97,0.0132
20_25,827.57,851.95,0.0093
20_25,684.35,691.37,0.0089
20_25,950.13,961.29,0.0076
20_25,670.2,676.17,0.0075
20_25,867.85,886.61,0.0072
20_25,899.69,905.08,0.0067
20_25,739.33,745.61,0.0066
20_25,901.76,924.8,0.0056
20_25,686.21,767.9,0.0056
20_25,960.95,970.65,0.0055
20_25,1072.55,1088.82,0.0052
20_25,1117.98,1124.31,0.0051
20_25,1176.2,1228.8,0.0045
20_25,1079.53,1081.95,0.0045
20_25,1074.63,1078.13,0.0035
20_25,671.57,674.5,0.0034
20_25,1139.03,1144.8,0.0034
20_25,665.74,668.49,0.0034
20_25,1147.64,1160.01,0.0027
20_25,1089.46,1107.59,0.0026
20_25,677.02,686.43,0.0026
20_25,749.4,752.51,0.0025
20_25,867.03,873.87,0.0022
20_25,1205.64,1228.14,0.0022
20_25,644.01,669.5,0.0021
20_25,1132.4,1152.92,0.002
20_25,962.0,967.32,0.002
20_25,1127.06,1130.01,0.002
20_25,907.18,910.11,0.0019
20_25,922.27,925.2,0.0019
20_25,684.91,708.6,0.0018
20_25,1079.18,1084.34,0.0018
20_25,1159.78,1162.53,0.0018
20_25,1129.62,1132.03,0.0016
20_25,694.13,696.69,0.0016
20_25,975.04,986.73,0.0016
20_25,745.52,804.33,0.0015
20_25,900.96,911.44,0.0014
20_25,1033.62,1036.72,0.0014
20_25,858.3,860.8,0.0013
20_25,1013.28,1025.74,0.0012
20_25,1038.43,1052.05,0.0012
20_25,685.83,691.57,0.0012
20_25,1134.82,1137.28,0.0011
20_25,740.28,746.45,0.0011
20_25,622.92,689.67,0.001
20_25,1170.99,1217.45,0.001
12_26,641.11,678.9,0.9966
12_26,730.1,734.35,0.9951
12_26,748.99,755.92,0.9943
12_26,709.93,716.21,0.9929
12_26,736.68,739.97,0.9912
12_26,689.13,695.28,0.9876
12_26,624.6,629.81,0.9799
12_26,634.57,639.03,0.9752
12_26,641.14,678.97,0.1352
12_26,730.1,734.35,0.1344
12_26,748.99,755.92,0.1344
12_26,709.94,716.21,0.1343
12_26,736.68,739.97,0.1309
12_26,673.7,678.87,0.0103
12_26,725.03,730.27,0.01
12_26,782.58,785.56,0.0095
12_26,795.58,819.06,0.0086
12_26,634.84,637.67,0.0072
12_26,892.13,897.61,0.0052
12_26,619.51,688.08,0.0052
12_26,688.02,698.64,0.0049
12_26,882.86,887.6,0.0047
12_26,736.04,748.46,0.0047
12_26,854.83,877.41,0.0041
12_26,638.41,643.56,0.004
12_26,754.97,760.03,0.004
12_26,705.57,710.57,0.0037
12_26,907.87,910.65,0.0037
12_26,942.96,945.91,0.0037
12_26,922.0,934.27,0.0036
12_26,649.02,671.93,0.0034
12_26,613.54,615.14,0.0032
12_26,805.59,811.49,0.0024
12_26,767.36,787.01,0.0023
12_26,940.55,962.9,0.0021
12_26,693.77,715.0,0.0021
12_26,852.36,855.3,0.002
12_26,842.1,865.04,0.0019
12_26,924.44,931.21,0.0019
12_26,735.5,741.01,0.0017
12_26,787.56,793.27,0.0017
12_26,901.92,904.98,0.0015
12_26,803.86,806.58,0.0015
12_26,759.17,764.24,0.0015
12_26,628.66,634.62,0.0014
12_26,734.28,736.79,0.0012
12_26,817.99,828.57,0.0012
12_26,745.71,788.8,0.0012
12_26,716.74,719.22,0.0011
12_26,689.39,691.85,0.0011
12_26,880.76,883.69,0.0011
12_26,744.4,746.93,0.001
12_26,919.69,940.31,0.001
12_26,662.01,664.89,0.001
28_10,861.39,881.24,0.9988
28_10,840.83,861.39,0.998
28_10,741.99,785.94,0.9978
28_10,615.88,668.56,0.9967
28_10,1124.0,1135.92,0.996
28_10,935.65,947.01,0.9945
28_10,1135.93,1142.66,0.9938
28_10,828.93,840.83,0.9927
28_10,893.56,933.16,0.9919
28_10,709.67,738.13,0.9911
28_10,1107.58,1124.0,0.9906
28_10,669.7,701.14,0.9884
28_10,1142.66,1194.87,0.9857
28_10,958.99,1106.04,0.9844
28_10,785.98,801.33,0.9772
28_10,803.71,808.11,0.9735
28_10,810.78,826.15,0.9705
28_10,840.81,861.37,0.1354
28_10,741.97,785.93,0.1353
28_10,1107.58,1124.01,0.1342
28_10,828.93,840.82,0.134
28_10,616.01,668.56,0.1339
28_10,669.67,701.15,0.1338
28_10,1142.74,1194.85,0.1336
28_10,958.95,1105.76,0.1335
28_10,803.71,808.11,0.1319
28_10,1124.0,1135.92,0.1315
28_10,709.64,738.12,0.1268
28_10,945.99,956.28,0.0244
28_10,828.93,840.83,0.0181
28_10,1142.69,1194.74,0.018
28_10,1107.58,1123.99,0.0179
28_10,787.06,793.88,0.0158
28_10,887.14,893.74,0.0138
28_10,1136.31,1144.8,0.0083
28_10,993.18,1051.69,0.0081
28_10,712.02,726.08,0.0071
28_10,806.97,827.68,0.0068
28_10,936.12,939.06,0.0061
28_10,739.45,741.95,0.0047
28_10,616.79,622.53,0.0046
28_10,735.32,737.5,0.0039
28_10,957.41,980.72,0.0034
28_10,894.7,916.35,0.0032
28_10,925.46,932.32,0.003
28_10,931.47,934.15,0.0023
28_10,936.35,947.15,0.0021
28_10,873.95,893.4,0.0021
28_10,684.15,703.18,0.0021
28_10,1086.39,1107.04,0.002
28_10,880.64,885.86,0.0017
28_10,911.38,933.49,0.0016
28_10,737.42,739.18,0.0016
28_10,959.67,966.5,0.0015
28_10,644.57,668.34,0.0015
28_10,800.71,809.08,0.0015
28_10,1087.81,1094.61,0.0013
28_10,692.76,698.76,0.0013
28_10,837.61,885.8,0.0012
28_10,807.24,843.11,0.0011
28_10,669.87,688.11,0.0011
28_10,935.43,942.38,0.0011
28_10,782.32,800.07,0.001
25_40,698.7,726.64,0.9994
25_40,1033.1,1038.4,0.999
25_40,776.79,781.88,0.9987
25_40,874.67,881.07,0.9984
25_40,989.54,1030.51,0.9976
25_40,966.9,977.07,0.9974
25_40,898.74,934.41,0.9973
25_40,1038.94,1074.57,0.992
25_40,793.72,849.12,0.9919
25_40,793.07,794.67,0.9889
25_40,932.95,937.33,0.9876
25_40,753.02,755.61,0.9867
25_40,987.73,988.8,0.9805
25_40,886.4,893.86,0.9802
25_40,896.0,898.13,0.9798
25_40,1075.2,1078.92,0.9784
25_40,763.77,769.96,0.9751
25_40,981.04,985.53,0.9742
25_40,783.01,787.73,0.9699
25_40,989.58,1030.51,0.1355
25_40,898.75,934.39,0.1348
25_40,966.9,977.07,0.1348
25_40,698.73,726.6,0.1337
25_40,1075.2,1078.92,0.133
25_40,793.07,794.67,0.1318
25_40,753.02,755.61,0.1313
25_40,874.67,881.06,0.1313
25_40,932.95,937.33,0.1312
25_40,776.79,781.87,0.1311
25_40,886.4,893.87,0.1311
25_40,937.44,939.92,0.0299
25_40,698.72,726.65,0.0181
25_40,1075.2,1078.92,0.0179
25_40,874.67,881.07,0.0177
25_40,886.41,893.87,0.0177
25_40,787.66,790.72,0.0176
25_40,758.48,764.41,0.0154
25_40,984.82,987.4,0.0151
25_40,937.11,942.36,0.0124
25_40,850.72,891.2,0.0114
25_40,727.65,769.25,0.01
25_40,787.43,793.08,0.0081
25_40,893.22,898.67,0.0078
25_40,1072.92,1075.5,0.0076
25_40,730.78,740.65,0.0075
25_40,865.93,875.28,0.0072
25_40,1023.6,1032.81,0.0068
25_40,862.45,865.24,0.0063
25_40,781.28,860.85,0.006
25_40,970.03,1040.63,0.0049
25_40,681.35,688.14,0.0047
25_40,1089.9,1092.61,0.0046
25_40,963.94,981.65,0.0046
25_40,1070.34,1075.89,0.0046
25_40,623.52,625.83,0.0041
25_40,652.62,696.02,0.0041
25_40,752.13,756.58,0.004
25_40,1095.67,1101.33,0.0036
25_40,982.29,984.68,0.0036
25_40,816.4,838.97,0.0034
25_40,645.87,656.0,0.0034
25_40,932.19,967.47,0.0033
25_40,798.96,821.48,0.0032
25_40,1032.22,1037.78,0.0031
25_40,881.95,886.82,0.0031
25_40,976.92,986.49,0.003
25_40,727.22,749.92,0.0026
25_40,1038.18,1043.89,0.0026
25_40,823.64,826.48,0.0026
25_40,924.49,927.15,0.0024
25_40,798.96,802.1,0.0024
25_40,1023.24,1029.4,0.0023
25_40,769.96,782.94,0.0023
25_40,1129.16,1134.46,0.0022
25_40,641.57,646.64,0.0022
25_40,661.99,664.63,0.0022
25_40,1034.22,1071.03,0.002
25_40,732.13,737.64,0.002
25_40,921.14,924.27,0.0017
25_40,927.03,933.3,0.0017
25_40,802.75,808.17,0.0017
25_40,749.88,752.3,0.0017
25_40,1151.83,1154.46,0.0017
25_40,821.9,833.8,0.0016
25_40,955.96,967.72,0.0016
25_40,1079.76,1091.9,0.0016
25_40,905.88,911.48,0.0015
25_40,639.69,642.26,0.0015
25_40,669.1,674.67,0.0014
25_40,756.56,759.12,0.0014
25_40,703.66,706.66,0.0014
25_40,840.82,846.43,0.0014
25_40,1013.56,1025.91,0.0013
25_40,893.42,903.35,0.0013
25_40,777.59,780.84,0.0013
25_40,877.33,880.22,0.0013
25_40,1092.84,1095.51,0.0012
25_40,1124.28,1127.31,0.0012
25_40,1130.45,1133.11,0.0012
25_40,794.86,797.51,0.0012
25_40,1117.24,1122.34,0.0012
25_40,807.34,812.01,0.0012
25_40,853.58,859.37,0.0011
25_40,736.48,738.91,0.0011
25_40,739.53,745.14,0.0011
25_40,674.93,677.67,0.0011
25_40,1126.89,1137.61,0.001
25_40,757.65,792.93,0.001
25_40,899.51,905.3,0.001
13_32,861.8,864.53,0.999
13_32,663.94,668.84,0.9977
13_32,864.54,869.68,0.9975
13_32,813.81,819.42,0.9965
13_32,791.69,798.41,0.9958
13_32,770.51,779.93,0.9931
13_32,636.54,653.72,0.989
13_32,844.98,854.35,0.9889
13_32,682.02,753.08,0.9576
13_32,861.8,864.53,0.135
13_32,813.81,819.42,0.1347
13_32,791.69,798.41,0.1346
13_32,770.5,779.93,0.1334
13_32,679.82,685.31,0.0252
13_32,791.69,798.4,0.0183
13_32,819.5,825.0,0.0176
13_32,629.76,668.96,0.0156
13_32,1061.66,1072.48,0.0083
13_32,636.61,639.38,0.0076
13_32,748.32,770.4,0.0074
13_32,1005.37,1007.7,0.005
13_32,924.64,935.32,0.0048
13_32,951.31,953.81,0.0047
13_32,700.5,705.44,0.0046
13_32,868.91,872.0,0.0045
13_32,1078.15,1097.26,0.004
13_32,941.87,947.89,0.004
13_32,890.77,901.21,0.0039
13_32,745.66,748.62,0.0037
13_32,811.53,822.63,0.0037
13_32,851.61,873.65,0.0037
13_32,1062.03,1064.58,0.0033
13_32,781.64,792.23,0.0031
13_32,918.02,920.66,0.003
13_32,765.03,770.92,0.0024
13_32,837.87,843.14,0.0024
13_32,915.07,917.56,0.0023
13_32,834.28,837.07,0.0023
13_32,864.2,868.99,0.0022
13_32,884.58,887.18,0.0021
13_32,878.21,880.9,0.0021
13_32,644.37,647.53,0.002
13_32,614.53,620.5,0.002
13_32,955.95,958.79,0.002
13_32,685.4,688.3,0.0019
13_32,1005.8,1026.59,0.0019
13_32,855.26,865.0,0.0019
13_32,751.57,754.6,0.0017
13_32,684.45,706.12,0.0017
13_32,830.7,841.16,0.0016
13_32,911.14,949.96,0.0016
13_32,672.61,691.95,0.0015
13_32,927.23,929.9,0.0014
13_32,711.77,717.16,0.0014
13_32,872.48,874.8,0.0013
13_32,664.33,667.25,0.0013
13_32,720.7,723.6,0.0013
13_32,786.24,792.03,0.0012
13_32,798.54,809.59,0.0012
13_32,850.32,853.15,0.0011
13_32,733.55,736.33,0.0011
13_32,783.16,786.06,0.0011
13_32,831.51,834.4,0.0011
13_32,866.46,868.96,0.001
13_32,1010.67,1016.07,0.001
13_32,939.2,942.43,0.001
17_49,680.58,695.71,0.9999
17_49,620.34,661.6,0.9992
17_49,935.76,965.69,0.9991
17_49,775.99,831.22,0.9985
17_49,729.14,748.85,0.9973
17_49,752.38,767.87,0.9961
17_49,711.92,727.38,0.9958
17_49,831.98,863.55,0.99
17_49,698.18,711.2,0.9899
17_49,967.12,978.36,0.9894
17_49,874.16,931.88,0.9877
17_49,711.9,727.4,0.1357
17_49,680.57,695.7,0.1352
17_49,831.96,863.58,0.1345
17_49,698.18,711.19,0.1339
17_49,935.79,965.67,0.1337
17_49,711.92,727.37,0.0184
17_49,965.68,988.19,0.0182
17_49,935.82,965.67,0.018
17_49,621.88,633.01,0.0149
17_49,716.16,718.5,0.0137
17_49,879.78,903.04,0.0136
17_49,663.85,681.3,0.0123
17_49,787.22,830.22,0.0075
17_49,1031.6,1041.33,0.0067
17_49,1071.81,1146.39,0.0059
17_49,1157.85,1170.57,0.0042
17_49,820.69,830.62,0.0038
17_49,766.45,777.72,0.0037
17_49,758.84,764.67,0.0029
17_49,865.62,939.44,0.0027
17_49,668.62,679.63,0.0025
17_49,629.74,652.06,0.0025
17_49,631.91,634.26,0.0022
17_49,693.92,696.84,0.0022
17_49,1123.24,1129.17,0.0021
17_49,986.37,997.31,0.002
17_49,814.3,820.18,0.002
17_49,820.74,823.07,0.0019
17_49,1147.41,1228.8,0.0017
17_49,1097.47,1138.22,0.0016
17_49,917.99,993.4,0.0015
17_49,759.81,762.37,0.0015
17_49,828.58,846.4,0.0015
17_49,959.58,964.93,0.0014
17_49,1027.49,1033.4,0.0014
17_49,914.26,917.09,0.0013
17_49,805.95,808.97,0.0013
17_49,660.51,680.19,0.0013
17_49,1140.86,1150.77,0.0013
17_49,948.52,954.78,0.0013
17_49,776.71,779.64,0.0012
17_49,837.09,860.59,0.0012
17_49,1039.2,1059.68,0.0012
17_49,810.76,813.56,0.0012
17_49,748.33,753.51,0.0011
17_49,809.31,821.83,0.001
27_4,911.71,925.94,0.9982
27_4,772.6,855.17,0.9982
27_4,869.01,892.56,0.9978
27_4,631.37,637.4,0.9952
27_4,732.66,754.57,0.994
27_4,678.98,728.82,0.9918
27_4,757.31,762.78,0.9912
27_4,659.31,672.99,0.9909
27_4,944.02,957.72,0.9845
27_4,903.51,910.08,0.9803
27_4,927.04,943.47,0.9736
27_4,679.05,728.84,0.1351
27_4,911.73,925.94,0.135
27_4,869.01,892.57,0.1344
27_4,757.31,762.78,0.1341
27_4,772.62,855.31,0.1338
27_4,631.37,637.4,0.1319
27_4,942.27,944.76,0.0344
27_4,811.74,814.87,0.0231
27_4,911.72,925.94,0.0182
27_4,853.51,855.7,0.0133
27_4,738.29,740.79,0.0118
27_4,731.9,769.72,0.011
27_4,810.04,820.73,0.0096
27_4,656.06,675.46,0.0066
27_4,642.51,644.9,0.0064
27_4,971.7,973.9,0.0045
27_4,891.21,911.06,0.0045
27_4,996.68,999.85,0.0042
27_4,715.21,733.59,0.0038
27_4,931.55,941.84,0.0035
27_4,748.59,751.18,0.0035
27_4,977.74,982.65,0.0032
27_4,956.15,965.1,0.0028
27_4,688.13,698.95,0.0028
27_4,755.9,767.33,0.0027
27_4,772.56,778.47,0.0027
27_4,794.87,805.14,0.0026
27_4,962.46,965.02,0.0024
27_4,1055.74,1134.84,0.0023
27_4,722.29,725.28,0.0021
27_4,947.35,1028.63,0.0021
27_4,778.76,824.31,0.0021
27_4,1159.18,1164.36,0.002
27_4,865.26,867.71,0.002
27_4,787.24,793.79,0.002
27_4,735.27,756.07,0.0019
27_4,1089.01,1095.16,0.0019
27_4,712.66,715.35,0.0019
27_4,801.68,811.24,0.0018
27_4,876.55,889.76,0.0017
27_4,637.59,646.84,0.0017
27_4,769.24,772.14,0.0017
27_4,1152.26,1158.12,0.0016
27_4,610.87,621.82,0.0016
27_4,934.08,936.78,0.0015
27_4,645.02,647.75,0.0015
27_4,1026.32,1029.25,0.0015
27_4,921.29,924.3,0.0014
27_4,927.18,933.28,0.0014
27_4,617.35,637.53,0.0013
27_4,752.4,758.04,0.0012
27_4,862.11,897.53,0.0012
27_4,661.9,664.88,0.0011
27_4,1061.66,1067.42,0.0011
27_4,890.9,893.7,0.001
27_4,944.17,955.48,0.001
27_4,750.61,753.4,0.001
27_4,857.97,869.49,0.001
27_4,869.48,875.72,0.001
3_5,684.83,707.63,0.999
3_5,622.17,643.77,0.9989
3_5,724.75,745.43,0.9989
3_5,862.95,920.24,0.9956
3_5,747.82,758.01,0.9954
3_5,662.37,675.86,0.9947
3_5,834.76,844.98,0.9925
3_5,710.34,721.44,0.9921
3_5,648.28,655.78,0.9912
3_5,761.6,786.52,0.989
3_5,614.41,618.9,0.9861
3_5,816.78,825.47,0.9841
3_5,853.06,859.06,0.9823
3_5,797.89,813.19,0.9515
3_5,648.28,655.78,0.1341
3_5,853.06,859.07,0.134
3_5,761.61,786.52,0.1339
3_5,834.76,844.97,0.1339
3_5,710.35,721.45,0.1337
3_5,622.18,643.8,0.1328
3_5,662.38,675.86,0.1321
3_5,862.97,920.27,0.1317
3_5,1112.86,1118.53,0.0242
3_5,648.29,655.78,0.018
3_5,843.37,863.44,0.0143
3_5,1110.19,1112.81,0.0107
3_5,954.13,965.58,0.0086
3_5,674.14,676.54,0.0084
3_5,747.63,750.22,0.0075
3_5,697.69,736.08,0.0068
3_5,689.85,701.36,0.0066
3_5,953.45,992.73,0.0065
3_5,798.08,811.0,0.0063
3_5,941.48,952.58,0.0056
3_5,1078.87,1082.24,0.0056
3_5,658.69,680.26,0.0054
3_5,821.82,825.23,0.0048
3_5,868.29,880.47,0.0046
3_5,686.51,689.67,0.0045
3_5,896.33,908.44,0.0044
3_5,616.08,650.92,0.0042
3_5,824.64,835.84,0.0041
3_5,748.87,754.91,0.0038
3_5,669.32,675.05,0.0037
3_5,708.58,725.14,0.0036
3_5,1030.52,1050.58,0.0036
3_5,906.81,913.12,0.0034
3_5,699.9,705.58,0.0033
3_5,1050.36,1057.36,0.0031
3_5,874.94,886.57,0.0031
3_5,727.9,739.28,0.0029
3_5,643.59,649.03,0.0028
3_5,1103.5,1114.74,0.0027
3_5,1147.94,1150.74,0.0027
3_5,689.98,692.37,0.0025
3_5,676.55,682.53,0.0023
3_5,887.71,911.81,0.0017
3_5,913.76,916.52,0.0015
3_5,643.88,660.85,0.0015
3_5,618.45,623.45,0.0015
3_5,1107.76,1113.03,0.0014
3_5,1124.98,1127.73,0.0014
3_5,608.22,618.72,0.0013
3_5,902.95,908.51,0.0013
3_5,790.46,813.69,0.0013
3_5,1046.6,1049.72,0.0012
3_5,726.22,747.47,0.0012
3_5,883.93,895.46,0.0012
3_5,784.22,794.96,0.0012
3_5,849.08,854.59,0.0012
3_5,749.62,752.64,0.0012
3_5,1010.04,1030.73,0.0011
3_5,625.83,637.34,0.0011
3_5,835.18,841.45,0.0011
3_5,741.41,744.48,0.0011
3_5,724.03,726.35,0.001
15_30,688.87,729.37,0.9991
15_30,640.28,646.45,0.999
15_30,651.94,672.76,0.9985
15_30,731.52,758.96,0.998
15_30,930.2,953.06,0.9969
15_30,828.75,830.61,0.9969
15_30,855.31,865.75,0.9953
15_30,673.67,686.56,0.9949
15_30,760.3,792.75,0.9948
15_30,835.87,844.89,0.9944
15_30,793.27,812.59,0.9944
15_30,866.24,880.75,0.9939
15_30,831.14,835.99,0.9932
15_30,925.2,928.03,0.9902
15_30,846.73,853.64,0.9901
15_30,617.29,638.73,0.9872
15_30,884.88,925.01,0.9829
15_30,813.03,825.29,0.9821
15_30,731.48,758.92,0.1364
15_30,831.15,836.0,0.1349
15_30,930.21,953.05,0.1348
15_30,855.31,865.74,0.1345
15_30,846.72,853.64,0.1343
15_30,866.24,880.75,0.1337
15_30,640.27,646.45,0.1327
15_30,925.2,928.03,0.1323
15_30,828.74,830.61,0.132
15_30,673.67,686.56,0.1316
15_30,888.41,894.86,0.0202
15_30,731.51,758.88,0.0182
15_30,846.72,853.65,0.018
15_30,977.73,980.84,0.0138
15_30,761.56,836.75,0.0092
15_30,852.74,854.92,0.0089
15_30,815.99,822.45,0.0081
15_30,727.5,729.66,0.0079
15_30,613.54,615.43,0.0075
15_30,1101.46,1112.76,0.007
15_30,685.98,697.2,0.007
15_30,759.62,777.83,0.0067
15_30,855.25,857.7,0.0063
15_30,1008.84,1011.13,0.0062
15_30,1113.39,1116.08,0.0061
15_30,719.7,730.18,0.0058
15_30,980.87,999.24,0.0057
15_30,873.8,880.09,0.0056
15_30,755.53,761.12,0.0046
15_30,990.89,997.47,0.0044
15_30,1060.02,1081.37,0.0038
15_30,1122.83,1128.24,0.0037
15_30,952.88,955.4,0.0036
15_30,912.21,915.22,0.0034
15_30,1025.81,1045.86,0.0034
15_30,646.67,649.37,0.0032
15_30,844.33,846.51,0.0031
15_30,796.31,808.34,0.0031
15_30,869.22,875.78,0.003
15_30,1108.47,1111.37,0.0029
15_30,811.91,834.43,0.0028
15_30,627.31,633.02,0.0027
15_30,1085.87,1092.28,0.0027
15_30,659.29,672.25,0.0026
15_30,947.4,953.11,0.0026
15_30,698.9,704.8,0.0024
15_30,892.23,903.7,0.0024
15_30,942.54,945.49,0.0023
15_30,835.33,841.45,0.0023
15_30,792.01,795.0,0.0022
15_30,702.51,714.07,0.0021
15_30,636.0,653.1,0.0018
15_30,856.58,862.84,0.0017
15_30,828.66,831.54,0.0016
15_30,973.98,984.86,0.0016
15_30,832.06,835.12,0.0016
15_30,652.16,657.38,0.0016
15_30,622.16,627.4,0.0016
15_30,734.16,746.32,0.0015
15_30,867.4,870.36,0.0015
15_30,1137.98,1149.44,0.0015
15_30,651.93,691.71,0.0014
15_30,1006.94,1013.02,0.0014
15_30,1047.19,1049.82,0.0013
15_30,935.18,938.13,0.0013
15_30,1044.72,1063.52,0.0011
15_30,1137.14,1139.96,0.0011
15_30,831.09,850.29,0.0011
15_30,797.11,799.55,0.0011
15_30,1075.61,1087.19,0.0011
15_30,689.25,692.27,0.001
15_30,1004.06,1007.48,0.001
15_30,1022.14,1042.94,0.001
22_24,856.96,898.61,0.9995
22_24,812.23,816.65,0.9988
22_24,618.93,724.62,0.996
22_24,819.16,853.71,0.9957
22_24,744.63,769.13,0.9952
22_24,781.22,805.07,0.9945
22_24,901.71,1024.0,0.9933
22_24,1026.07,1228.8,0.9846
22_24,725.75,744.07,0.9573
22_24,744.62,769.12,0.1348
22_24,618.91,724.69,0.1347
22_24,901.79,1024.02,0.1341
22_24,812.23,816.65,0.1325
22_24,734.34,744.55,0.0329
22_24,744.62,769.09,0.018
22_24,1078.76,1080.91,0.0115
22_24,900.84,919.22,0.0104
22_24,738.41,743.34,0.0104
22_24,727.04,740.81,0.0095
22_24,705.07,725.12,0.0083
22_24,821.99,825.12,0.0072
22_24,773.59,779.27,0.0069
22_24,905.94,910.38,0.0064
22_24,1192.05,1214.76,0.0059
22_24,1218.97,1228.8,0.0053
22_24,1011.01,1017.81,0.0051
22_24,1071.84,1114.98,0.0047
22_24,742.64,744.66,0.0045
22_24,1217.55,1224.64,0.0044
22_24,855.83,865.08,0.0044
22_24,793.0,856.26,0.0043
22_24,872.69,899.89,0.0041
22_24,780.07,803.42,0.0039
22_24,865.44,871.04,0.0037
22_24,862.4,865.33,0.0033
22_24,739.13,744.98,0.0033
22_24,955.86,961.69,0.0032
22_24,1088.17,1090.87,0.0032
22_24,1047.48,1069.85,0.0029
22_24,663.79,716.44,0.0026
22_24,794.2,806.04,0.0026
22_24,1217.27,1228.8,0.0025
22_24,1047.18,1049.86,0.0023
22_24,618.02,660.8,0.0022
22_24,1069.89,1088.05,0.0022
22_24,1176.9,1184.93,0.0022
22_24,833.53,853.14,0.0021
22_24,850.31,856.75,0.002
22_24,741.16,743.4,0.002
22_24,915.21,962.31,0.002
22_24,1194.16,1219.35,0.0018
22_24,779.37,791.6,0.0018
22_24,1131.11,1135.51,0.0017
22_24,773.41,776.2,0.0017
22_24,701.86,724.49,0.0017
22_24,1073.84,1228.8,0.0016
22_24,779.06,781.27,0.0016
22_24,730.06,737.24,0.0015
22_24,1120.73,1150.28,0.0015
22_24,957.07,1002.82,0.0015
22_24,813.18,816.47,0.0015
22_24,807.46,809.71,0.0014
22_24,736.14,742.63,0.0013
22_24,1145.57,1192.75,0.0013
22_24,886.96,899.62,0.0013
22_24,984.88,994.89,0.0012
22_24,694.15,696.98,0.0012
22_24,1149.95,1152.83,0.0012
22_24,1000.03,1002.63,0.0012
22_24,1085.68,1107.18,0.0011
22_24,1193.6,1200.17,0.0011
22_24,771.07,780.72,0.0011
22_24,741.69,746.09,0.0011
22_24,1227.35,1228.8,0.001
22_24,839.11,846.23,0.001
22_24,614.82,618.93,0.001
22_24,1187.72,1190.85,0.001
22_24,861.76,867.69,0.001
15_29,1139.08,1152.0,0.9999
15_29,1113.06,1118.93,0.9996
15_29,1083.86,1094.4,0.9984
15_29,1029.32,1083.19,0.998
15_29,707.73,719.47,0.9976
15_29,637.32,668.26,0.9971
15_29,672.02,707.21,0.9963
15_29,961.2,994.23,0.9955
15_29,1121.55,1131.21,0.9933
15_29,618.65,629.34,0.9933
15_29,1134.68,1137.04,0.9904
15_29,721.61,806.39,0.9894
15_29,812.1,872.54,0.9892
15_29,995.42,1022.91,0.9878
15_29,956.27,958.08,0.9858
15_29,943.93,955.74,0.9802
15_29,1096.91,1112.88,0.9777
15_29,876.24,935.72,0.9766
15_29,707.73,719.46,0.1351
15_29,1083.86,1094.4,0.1351
15_29,637.34,668.26,0.1349
15_29,618.66,629.34,0.1346
15_29,961.22,994.23,0.1342
15_29,943.92,955.72,0.1333
15_29,812.13,872.48,0.1329
15_29,995.42,1022.95,0.1314
15_29,1139.08,1151.99,0.129
15_29,721.01,725.83,0.0246
15_29,637.34,668.26,0.018
15_29,812.13,872.53,0.0178
15_29,1139.09,1152.01,0.0175
15_29,790.07,797.49,0.0134
15_29,1030.76,1051.41,0.0116
15_29,1113.04,1115.36,0.0115
15_29,1108.29,1111.33,0.0082
15_29,923.94,936.57,0.0054
15_29,876.13,882.15,0.0053
15_29,612.79,628.52,0.0047
15_29,1094.59,1111.3,0.0043
15_29,673.02,676.19,0.0042
15_29,683.52,705.6,0.0041
15_29,881.29,943.45,0.0041
15_29,960.99,967.5,0.0037
15_29,1154.23,1176.62,0.0036
15_29,857.84,871.28,0.0035
15_29,1052.39,1054.58,0.0034
15_29,632.13,635.11,0.0033
15_29,811.09,813.59,0.0032
15_29,1011.99,1081.44,0.0032
15_29,1106.04,1111.96,0.0032
15_29,647.29,649.66,0.0031
15_29,1153.46,1228.8,0.0031
15_29,788.8,807.65,0.0026
15_29,876.1,889.35,0.0026
15_29,1072.3,1074.87,0.0026
15_29,1121.53,1128.58,0.0024
15_29,972.49,975.31,0.0023
15_29,888.55,891.89,0.0023
15_29,952.75,1018.12,0.0023
15_29,812.31,836.81,0.002
15_29,714.8,717.83,0.002
15_29,977.58,982.93,0.0019
15_29,630.69,636.27,0.0018
15_29,721.57,723.92,0.0018
15_29,1193.68,1200.03,0.0015
15_29,1054.27,1079.58,0.0015
15_29,999.56,1013.46,0.0014
15_29,1077.54,1083.28,0.0014
15_29,947.75,953.87,0.0013
15_29,1132.98,1137.64,0.0013
15_29,759.28,787.51,0.0012
15_29,912.43,937.38,0.0012
15_29,952.9,955.51,0.0011
15_29,617.11,634.58,0.001
15_29,672.89,679.7,0.001
15_29,641.6,644.76,0.001
15_29,964.78,990.85,0.001
3_36,750.34,772.25,0.9993
3_36,774.71,817.05,0.9989
3_36,819.03,845.82,0.9983
3_36,996.38,1118.25,0.9971
3_36,921.6,938.13,0.9969
3_36,710.89,746.92,0.9964
3_36,645.59,662.15,0.9954
3_36,940.81,954.97,0.9944
3_36,615.37,625.6,0.9944
3_36,671.91,707.49,0.9894
3_36,982.74,995.91,0.9872
3_36,847.26,893.99,0.9862
3_36,938.67,940.27,0.9778
3_36,961.8,981.29,0.9593
3_36,940.27,941.33,0.9439
3_36,896.5,913.56,0.9428
3_36,750.33,772.28,0.1352
3_36,921.6,938.13,0.1349
3_36,819.05,845.82,0.1348
3_36,710.91,746.92,0.1348
3_36,938.67,940.27,0.1325
3_36,940.8,954.97,0.1322
3_36,703.66,713.41,0.0265
3_36,819.06,845.8,0.018
3_36,1004.65,1045.34,0.0091
3_36,997.74,1016.94,0.0064
3_36,905.89,908.63,0.0051
3_36,728.29,735.04,0.005
3_36,910.25,920.77,0.005
3_36,760.53,771.18,0.0045
3_36,974.55,977.51,0.0044
3_36,957.02,959.61,0.004
3_36,1124.47,1146.07,0.0038
3_36,988.96,991.71,0.0038
3_36,952.49,992.31,0.0033
3_36,751.98,763.43,0.003
3_36,804.03,807.01,0.0029
3_36,1139.68,1142.02,0.0029
3_36,990.51,995.81,0.0029
3_36,749.64,828.66,0.0028
3_36,921.77,924.63,0.0028
3_36,937.7,956.93,0.0025
3_36,734.64,737.52,0.0025
3_36,985.61,987.84,0.0024
3_36,850.75,873.76,0.0024
3_36,972.67,975.08,0.0024
3_36,636.34,639.41,0.0024
3_36,995.67,1006.02,0.0023
3_36,648.97,661.14,0.0023
3_36,673.28,675.96,0.0022
3_36,771.04,782.14,0.0022
3_36,620.02,644.01,0.0021
3_36,718.63,741.19,0.0021
3_36,654.95,657.98,0.002
3_36,802.55,814.4,0.0018
3_36,923.14,933.38,0.0017
3_36,784.0,803.99,0.0016
3_36,721.79,724.88,0.0016
3_36,707.03,709.72,0.0016
3_36,870.63,876.44,0.0016
3_36,965.74,975.75,0.0015
3_36,636.44,646.98,0.0015
3_36,725.73,728.39,0.0015
3_36,588.95,636.47,0.0014
3_36,995.42,998.29,0.0014
3_36,1119.89,1123.13,0.0013
3_36,988.3,993.38,0.0013
3_36,1078.06,1117.34,0.0013
3_36,1045.92,1049.0,0.0013
3_36,724.02,726.38,0.0013
3_36,788.08,790.77,0.0012
3_36,829.74,842.52,0.0012
3_36,909.55,912.37,0.0012
3_36,740.4,743.26,0.0012
3_36,623.68,635.06,0.0012
3_36,1128.72,1134.54,0.0011
3_36,876.73,879.79,0.0011
3_36,998.35,1001.46,0.0011
3_36,663.59,669.65,0.0011
3_36,1050.17,1055.69,0.001
7_26,646.59,701.11,0.9988
7_26,702.19,712.2,0.9984
7_26,783.87,804.04,0.9982
7_26,712.59,729.96,0.9972
7_26,745.95,773.59,0.995
7_26,774.37,783.38,0.9902
7_26,729.97,745.71,0.982
7_26,804.95,816.85,0.9819
7_26,615.81,646.26,0.9788
7_26,702.19,712.2,0.1341
7_26,646.66,701.15,0.1337
7_26,646.66,701.14,0.018
7_26,707.48,791.45,0.01
7_26,919.81,939.61,0.008
7_26,767.8,805.63,0.0066
7_26,779.17,781.31,0.0061
7_26,699.96,702.24,0.0052
7_26,645.48,651.48,0.0051
7_26,826.42,829.27,0.0048
7_26,918.47,929.22,0.0046
7_26,614.6,617.22,0.0045
7_26,624.1,627.27,0.0044
7_26,732.05,737.9,0.0037
7_26,806.29,817.75,0.0034
7_26,616.85,638.57,0.0033
7_26,833.29,839.13,0.0025
7_26,849.1,926.26,0.0023
7_26,866.73,878.16,0.0021
7_26,979.29,982.12,0.002
7_26,706.01,711.74,0.002
7_26,835.19,845.9,0.0018
7_26,717.23,722.95,0.0017
7_26,756.48,762.09,0.0017
7_26,761.59,764.8,0.0014
7_26,646.39,668.34,0.0014
7_26,725.2,744.73,0.0014
7_26,690.02,693.27,0.0013
7_26,657.72,660.76,0.0013
7_26,671.31,706.64,0.0012
7_26,711.83,717.35,0.0012
7_26,983.57,986.43,0.0011
7_26,810.82,816.77,0.0011
7_26,845.16,856.96,0.0011
7_26,926.87,937.5,0.001
7_26,618.77,621.75,0.001
7_26,713.24,734.35,0.001
7_26,692.58,695.18,0.001
3_34,619.79,626.08,0.9988
3_34,751.91,763.9,0.9986
3_34,706.38,724.06,0.9977
3_34,681.21,699.48,0.9977
3_34,627.0,653.04,0.9975
3_34,794.15,831.84,0.9971
3_34,665.34,680.31,0.9964
3_34,867.28,920.91,0.9947
3_34,729.17,751.32,0.9936
3_34,846.01,866.06,0.9929
3_34,770.52,789.05,0.9902
3_34,653.05,660.24,0.9697
3_34,665.34,680.3,0.1352
3_34,706.38,724.05,0.1352
3_34,729.16,751.32,0.1346
3_34,845.99,866.07,0.1334
3_34,867.3,920.9,0.1323
3_34,751.94,763.9,0.1321
3_34,653.05,660.24,0.1312
3_34,665.33,680.3,0.0179
3_34,869.99,875.27,0.0122
3_34,955.3,957.98,0.0082
3_34,734.35,740.15,0.0068
3_34,868.74,888.78,0.0064
3_34,662.62,665.61,0.0059
3_34,786.59,859.41,0.0059
3_34,920.57,994.26,0.0058
3_34,837.0,839.8,0.0051
3_34,1041.66,1044.67,0.0039
3_34,761.04,766.08,0.0038
3_34,1082.09,1118.09,0.0037
3_34,681.07,697.32,0.0036
3_34,776.89,782.84,0.0034
3_34,764.29,776.28,0.0032
3_34,752.44,757.61,0.0032
3_34,1056.58,1061.64,0.0028
3_34,1016.02,1027.23,0.0026
3_34,698.16,703.37,0.0026
3_34,945.37,957.48,0.0025
3_34,1025.31,1046.91,0.0025
3_34,916.88,922.26,0.0023
3_34,972.3,990.69,0.002
3_34,617.9,628.08,0.002
3_34,924.52,944.52,0.002
3_34,1090.24,1110.44,0.0018
3_34,746.92,749.25,0.0018
3_34,619.2,660.11,0.0017
3_34,755.63,765.62,0.0017
3_34,807.4,831.24,0.0017
3_34,869.17,880.08,0.0016
3_34,796.01,801.72,0.0016
3_34,893.89,913.54,0.0015
3_34,965.77,968.41,0.0015
3_34,1044.21,1063.21,0.0015
3_34,638.2,650.57,0.0014
3_34,946.13,949.38,0.0014
3_34,987.77,1008.39,0.0013
3_34,930.08,932.55,0.0012
3_34,865.58,870.74,0.0012
3_34,731.29,733.71,0.0012
3_34,957.36,962.5,0.0012
3_34,736.34,738.96,0.0011
3_34,1092.53,1095.26,0.0011
5_18,778.02,798.52,0.9999
5_18,1013.54,1035.91,0.9994
5_18,625.67,684.62,0.9983
5_18,810.03,812.74,0.9981
5_18,687.8,710.45,0.9978
5_18,1138.07,1228.8,0.9971
5_18,993.18,996.68,0.9967
5_18,999.41,1006.74,0.9966
5_18,933.84,976.89,0.996
5_18,897.51,933.88,0.9956
5_18,1083.4,1137.65,0.9913
5_18,1073.21,1083.09,0.9897
5_18,821.13,897.26,0.9886
5_18,720.09,798.78,0.8731
5_18,897.52,933.81,0.1355
5_18,820.96,897.19,0.1351
5_18,1138.05,1228.8,0.1338
5_18,625.64,684.62,0.1336
5_18,810.03,812.74,0.1335
5_18,993.18,996.68,0.1326
5_18,1073.21,1083.08,0.1324
5_18,720.01,798.82,0.1183
5_18,625.69,684.58,0.0179
5_18,625.79,631.2,0.0102
5_18,1137.15,1149.4,0.008
5_18,992.74,999.54,0.0051
5_18,672.99,683.64,0.005
5_18,726.44,777.29,0.005
5_18,1000.22,1006.74,0.0049
5_18,1211.79,1228.8,0.0043
5_18,1046.38,1070.75,0.0038
5_18,918.28,924.87,0.0034
5_18,1082.41,1094.23,0.0034
5_18,877.89,896.93,0.0034
5_18,1139.3,1185.6,0.0033
5_18,799.19,809.57,0.0033
5_18,1047.92,1050.39,0.0029
5_18,1030.6,1036.15,0.0028
5_18,897.9,918.83,0.0028
5_18,621.56,628.01,0.0027
5_18,1015.14,1029.16,0.0027
5_18,648.5,654.54,0.0027
5_18,999.48,1002.59,0.0025
5_18,809.23,813.02,0.0023
5_18,607.83,620.87,0.0023
5_18,1062.76,1133.0,0.0021
5_18,820.88,823.56,0.002
5_18,686.77,708.3,0.0019
5_18,679.87,684.15,0.0018
5_18,652.11,679.15,0.0017
5_18,1012.95,1043.81,0.0017
5_18,782.82,794.97,0.0015
5_18,1137.1,1160.36,0.0014
5_18,896.5,909.12,0.0014
5_18,720.83,769.36,0.0013
5_18,820.68,831.16,0.0013
5_18,799.18,801.79,0.0011
5_18,931.9,973.15,0.0011
5_18,992.52,997.51,0.001
22_137,736.03,759.91,0.9997
22_137,794.84,813.12,0.9993
22_137,813.34,817.5,0.9979
22_137,618.37,728.43,0.9967
22_137,760.43,787.77,0.993
22_137,823.83,976.93,0.9922
22_137,896.77,944.66,0.7978
22_137,618.27,728.27,0.1361
22_137,794.83,813.14,0.1359
22_137,813.34,817.5,0.135
22_137,736.03,759.92,0.1343
22_137,760.44,787.77,0.1335
22_137,813.34,817.5,0.0181
22_137,736.03,759.92,0.018
22_137,875.56,898.84,0.0126
22_137,941.07,953.54,0.0082
22_137,793.98,796.4,0.0068
22_137,880.54,883.52,0.0064
22_137,845.98,929.77,0.0063
22_137,824.45,835.83,0.0057
22_137,614.55,616.76,0.0047
22_137,728.77,734.9,0.0043
22_137,1064.91,1076.02,0.0042
22_137,892.64,895.2,0.0037
22_137,1021.99,1034.02,0.0036
22_137,679.84,702.45,0.0034
22_137,717.74,728.15,0.0034
22_137,959.56,962.46,0.0028
22_137,856.27,901.34,0.0025
22_137,611.25,617.36,0.0025
22_137,973.13,975.63,0.0025
22_137,967.61,973.56,0.0023
22_137,822.6,825.46,0.002
22_137,947.49,983.81,0.002
22_137,843.93,850.07,0.002
22_137,1150.9,1153.34,0.002
22_137,740.48,824.93,0.0019
22_137,849.57,861.64,0.0019
22_137,1141.79,1147.18,0.0018
22_137,649.13,652.16,0.0018
22_137,793.5,799.6,0.0018
22_137,1033.94,1044.88,0.0017
22_137,1129.69,1132.72,0.0017
22_137,799.83,812.02,0.0017
22_137,1033.12,1035.18,0.0017
22_137,783.05,785.74,0.0016
22_137,819.84,822.85,0.0015
22_137,797.86,800.98,0.0015
22_137,1014.44,1017.63,0.0014
22_137,625.11,670.42,0.0014
22_137,759.63,793.02,0.0014
22_137,728.86,731.46,0.0013
22_137,760.42,762.93,0.0013
22_137,899.17,920.02,0.0013
22_137,1022.29,1027.78,0.0012
22_137,989.34,995.08,0.0012
22_137,1037.38,1079.74,0.0012
22_137,690.2,696.46,0.0012
22_137,1082.01,1094.38,0.001
22_137,1074.22,1077.32,0.001
22_137,914.86,917.61,0.001
25_42,704.06,711.08,0.9974
25_42,1133.98,1145.02,0.9971
25_42,1067.38,1104.83,0.9969
25_42,972.38,1039.55,0.9967
25_42,1117.86,1122.93,0.9956
25_42,783.52,785.98,0.9951
25_42,1051.18,1063.72,0.9935
25_42,757.7,760.03,0.9932
25_42,740.85,749.08,0.9921
25_42,1043.53,1045.16,0.9907
25_42,1152.35,1155.73,0.9905
25_42,800.88,965.64,0.9873
25_42,966.4,968.66,0.9857
25_42,1155.83,1225.41,0.9825
25_42,1062.93,1066.13,0.9772
25_42,719.37,730.02,0.9758
25_42,766.89,777.61,0.9753
25_42,704.05,711.08,0.1352
25_42,783.52,785.99,0.1345
25_42,1051.17,1063.73,0.1334
25_42,1117.86,1122.93,0.1316
25_42,743.92,745.89,0.021
25_42,704.05,711.08,0.0178
25_42,969.03,971.26,0.0149
25_42,1152.45,1164.13,0.0135
25_42,1134.74,1145.26,0.0074
25_42,785.74,788.24,0.0054
25_42,675.54,711.49,0.0052
25_42,684.67,687.21,0.005
25_42,743.82,749.43,0.0044
25_42,1046.21,1117.4,0.0044
25_42,1147.73,1221.03,0.0043
25_42,1122.77,1125.62,0.004
25_42,617.52,637.7,0.0039
25_42,883.87,886.94,0.0039
25_42,1043.08,1052.36,0.0036
25_42,970.48,972.74,0.0034
25_42,814.69,990.88,0.0031
25_42,617.23,686.89,0.0028
25_42,803.35,809.2,0.0026
25_42,774.97,867.53,0.0025
25_42,745.0,766.14,0.0025
25_42,1159.05,1161.85,0.0023
25_42,814.96,821.3,0.0022
25_42,684.25,706.21,0.0022
25_42,1062.96,1065.43,0.002
25_42,1144.45,1154.51,0.0019
25_42,924.07,967.68,0.0018
25_42,699.35,702.17,0.0018
25_42,1114.99,1117.58,0.0017
25_42,990.07,1015.81,0.0016
25_42,779.74,799.57,0.0016
25_42,770.0,776.65,0.0015
25_42,1122.98,1129.17,0.0015
25_42,734.08,737.67,0.0015
25_42,910.49,925.04,0.0014
25_42,718.06,729.76,0.0013
25_42,742.24,744.64,0.0013
25_42,613.61,615.01,0.0013
25_42,1093.15,1105.0,0.0012
25_42,853.84,877.85,0.0012
25_42,1048.32,1067.32,0.0012
25_42,1063.06,1138.92,0.0011
25_42,1164.62,1170.83,0.0011
25_42,832.72,835.36,0.0011
25_42,861.33,864.23,0.0011
25_42,1126.42,1128.53,0.001
23_19,1176.73,1228.8,0.9989
23_19,990.38,1001.23,0.998
23_19,1006.65,1018.1,0.9978
23_19,614.41,637.3,0.9976
23_19,1139.26,1176.54,0.9975
23_19,1112.11,1134.94,0.9974
23_19,657.86,706.57,0.9972
23_19,1069.31,1092.81,0.9961
23_19,957.81,990.37,0.9955
23_19,1018.69,1044.55,0.9907
23_19,1097.62,1111.48,0.9875
23_19,812.93,936.96,0.9874
23_19,1045.2,1064.47,0.9847
23_19,937.36,956.02,0.9815
23_19,708.98,808.9,0.9753
23_19,638.52,656.57,0.9424
23_19,1135.41,1137.96,0.9387
23_19,1069.31,1092.79,0.135
23_19,1112.1,1134.97,0.1347
23_19,1006.64,1018.09,0.1347
23_19,1139.25,1176.53,0.1345
23_19,614.42,637.32,0.1332
23_19,1176.58,1228.8,0.1325
23_19,708.88,809.02,0.1324
23_19,801.86,818.92,0.0424
23_19,793.04,813.02,0.0277
23_19,1056.72,1064.01,0.0226
23_19,1112.07,1134.98,0.0184
23_19,614.41,637.31,0.018
23_19,1069.33,1092.8,0.018
23_19,918.13,936.63,0.0155
23_19,806.16,815.87,0.014
23_19,676.34,706.67,0.0125
23_19,937.67,943.92,0.012
23_19,1017.39,1022.59,0.0092
23_19,705.09,759.56,0.0081
23_19,1035.62,1041.45,0.008
23_19,752.51,799.32,0.0078
23_19,644.25,655.43,0.0073
23_19,832.96,930.36,0.0059
23_19,655.75,667.85,0.0058
23_19,1138.98,1152.16,0.0056
23_19,1054.42,1065.0,0.0053
23_19,994.63,999.73,0.0051
23_19,1022.27,1034.81,0.0051
23_19,793.26,803.72,0.0046
23_19,656.38,727.05,0.0045
23_19,638.02,642.32,0.0045
23_19,884.67,921.13,0.0041
23_19,703.15,708.61,0.0041
23_19,807.93,831.73,0.004
23_19,1047.35,1060.23,0.0037
23_19,937.37,945.93,0.0036
23_19,707.25,735.35,0.0034
23_19,798.42,816.06,0.0031
23_19,601.85,629.98,0.0027
23_19,791.8,797.35,0.0026
23_19,1002.67,1005.65,0.0026
23_19,1150.71,1176.17,0.0025
23_19,1059.82,1062.89,0.0025
23_19,1009.94,1016.5,0.0025
23_19,643.08,649.58,0.0025
23_19,1138.4,1140.38,0.0023
23_19,922.62,991.89,0.0022
23_19,926.61,937.53,0.0021
23_19,624.6,636.48,0.002
23_19,978.1,987.98,0.002
23_19,774.33,795.08,0.0019
23_19,1034.08,1069.21,0.0018
23_19,1210.39,1217.13,0.0018
23_19,809.66,815.56,0.0017
23_19,796.3,807.57,0.0016
23_19,704.64,709.84,0.0016
23_19,1095.05,1110.96,0.0016
23_19,949.44,955.38,0.0015
23_19,1017.66,1023.47,0.0015
23_19,1176.82,1195.15,0.0015
23_19,635.89,638.33,0.0014
23_19,638.72,654.2,0.0014
23_19,1135.28,1140.42,0.0014
23_19,819.08,868.4,0.0014
23_19,1001.48,1017.52,0.0014
23_19,654.35,657.53,0.0013
23_19,1112.59,1129.27,0.0013
23_19,1139.86,1154.34,0.0012
23_19,1056.38,1061.83,0.0011
23_19,937.84,940.47,0.0011
23_19,938.91,959.49,0.0011
23_19,795.91,798.69,0.0011
23_19,874.03,901.51,0.001
23_19,807.84,811.35,0.001
18_33,769.61,809.21,0.9984
18_33,830.89,924.34,0.9984
18_33,633.61,714.88,0.9964
18_33,818.8,828.64,0.9947
18_33,724.39,769.2,0.9924
18_33,809.5,817.48,0.9907
18_33,886.7,892.68,0.9853
18_33,614.95,632.07,0.9843
18_33,715.23,722.3,0.982
18_33,831.48,837.67,0.9568
18_33,870.39,885.87,0.9379
18_33,633.64,714.75,0.1358
18_33,769.66,809.18,0.1348
18_33,724.42,769.21,0.1346
18_33,809.5,817.48,0.1346
18_33,831.48,837.67,0.1301
18_33,870.4,885.86,0.1245
18_33,830.89,924.42,0.1169
18_33,1035.46,1046.84,0.0074
18_33,885.76,906.92,0.0072
18_33,845.12,857.52,0.0065
18_33,1105.9,1116.85,0.0049
18_33,712.21,787.9,0.0044
18_33,770.15,776.08,0.0042
18_33,1000.6,1020.09,0.0042
18_33,1056.76,1076.57,0.0035
18_33,878.34,881.63,0.0032
18_33,1046.5,1057.63,0.0032
18_33,639.53,642.49,0.0029
18_33,790.55,796.24,0.0029
18_33,1018.64,1064.17,0.0028
18_33,1078.09,1098.91,0.0027
18_33,779.31,785.0,0.0026
18_33,1033.18,1036.16,0.0026
18_33,846.02,851.88,0.0025
18_33,802.62,808.42,0.0022
18_33,850.11,872.39,0.0022
18_33,959.1,969.26,0.0022
18_33,591.07,624.52,0.0021
18_33,1145.72,1151.72,0.0021
18_33,757.16,759.72,0.0021
18_33,870.83,876.74,0.002
18_33,994.69,1000.13,0.0019
18_33,827.04,832.73,0.0019
18_33,821.3,827.61,0.0018
18_33,977.11,980.18,0.0017
18_33,616.16,629.47,0.0016
18_33,969.67,975.71,0.0016
18_33,812.63,818.74,0.0016
18_33,700.57,703.17,0.0016
18_33,1100.37,1138.16,0.0016
18_33,1110.73,1116.08,0.0015
18_33,1005.93,1008.61,0.0013
18_33,650.09,660.45,0.0013
18_33,701.67,724.11,0.0013
18_33,828.01,838.98,0.0012
18_33,753.73,756.3,0.0012
18_33,889.19,892.06,0.0012
18_33,901.01,903.82,0.0012
18_33,979.72,982.13,0.0011
18_33,1153.21,1158.89,0.001
18_33,796.57,808.22,0.001
1_30,702.47,718.0,0.9989
1_30,782.53,851.68,0.9988
1_30,641.02,660.79,0.9973
1_30,683.66,699.43,0.9957
1_30,749.62,782.33,0.994
1_30,851.99,856.4,0.9927
1_30,666.07,679.71,0.9867
1_30,616.09,638.54,0.9861
1_30,856.43,859.88,0.9811
1_30,719.52,749.22,0.9791
1_30,702.48,718.0,0.1352
1_30,641.02,660.79,0.1348
1_30,666.07,679.71,0.1333
1_30,856.43,859.88,0.1314
1_30,783.85,804.28,0.0188
1_30,702.47,718.0,0.0182
1_30,856.42,859.88,0.0179
1_30,950.03,1029.76,0.0118
1_30,695.48,698.51,0.0082
1_30,1050.18,1053.33,0.0072
1_30,718.16,729.02,0.0068
1_30,849.96,860.35,0.0036
1_30,690.72,696.25,0.0032
1_30,853.4,856.31,0.0029
1_30,707.39,710.07,0.0027
1_30,995.94,1006.42,0.0024
1_30,1013.64,1035.36,0.0019
1_30,1075.82,1078.85,0.0019
1_30,907.42,928.38,0.0019
1_30,913.28,916.04,0.0017
1_30,686.0,692.26,0.0016
1_30,936.63,957.53,0.0016
1_30,661.75,680.49,0.0013
1_30,617.28,663.39,0.0013
1_30,860.97,946.03,0.0013
1_30,893.04,895.91,0.0012
1_30,683.72,703.13,0.0012
1_30,747.63,753.68,0.0011
1_30,835.68,838.25,0.0011
1_30,890.92,911.38,0.001
1_30,621.89,628.06,0.001
1_30,653.28,658.85,0.001
1_30,708.19,749.01,0.001
26_4,733.64,760.23,0.9995
26_4,814.95,837.61,0.9991
26_4,1079.45,1095.73,0.9984
26_4,615.9,657.96,0.997
26_4,676.35,686.67,0.9968
26_4,913.17,938.79,0.9967
26_4,939.93,989.75,0.9966
26_4,658.22,673.17,0.9952
26_4,766.21,791.05,0.9948
26_4,842.27,871.74,0.9948
26_4,1105.83,1128.28,0.9942
26_4,990.23,1012.25,0.9933
26_4,1096.52,1105.2,0.9928
26_4,1012.28,1013.1,0.9902
26_4,877.65,913.06,0.9893
26_4,793.14,813.3,0.9893
26_4,729.26,730.36,0.9856
26_4,1043.24,1079.59,0.9818
26_4,690.59,728.75,0.9811
26_4,1013.14,1018.35,0.9793
26_4,729.26,730.36,0.1357
26_4,615.94,657.96,0.1352
26_4,766.22,791.03,0.1351
26_4,913.16,938.78,0.1351
26_4,990.23,1012.27,0.1348
26_4,842.26,871.75,0.1347
26_4,676.35,686.68,0.1343
26_4,814.94,837.6,0.1338
26_4,733.65,760.21,0.1335
26_4,1043.27,1079.59,0.1331
26_4,733.69,760.2,0.0181
26_4,842.27,871.74,0.018
26_4,1131.4,1142.27,0.0118
26_4,934.98,946.46,0.0116
26_4,1019.92,1025.72,0.0106
26_4,1118.06,1124.07,0.0106
26_4,892.51,895.33,0.0102
26_4,671.26,688.7,0.0066
26_4,730.69,732.99,0.0065
26_4,889.19,891.88,0.0059
26_4,732.34,744.84,0.0058
26_4,1130.33,1132.98,0.0057
26_4,890.67,909.92,0.0056
26_4,866.64,878.0,0.0055
26_4,769.39,816.23,0.0053
26_4,712.84,725.8,0.0052
26_4,633.22,646.13,0.0044
26_4,1032.9,1045.29,0.004
26_4,1132.8,1135.11,0.004
26_4,1047.78,1053.76,0.004
26_4,841.54,858.57,0.0039
26_4,685.88,697.1,0.0034
26_4,760.5,769.3,0.0033
26_4,1099.71,1135.03,0.0032
26_4,1044.81,1065.9,0.0032
26_4,701.88,707.96,0.0032
26_4,801.82,842.05,0.0031
26_4,649.14,659.4,0.0028
26_4,939.97,945.66,0.0028
26_4,721.8,724.63,0.0027
26_4,726.6,729.16,0.0027
26_4,740.31,746.21,0.0023
26_4,846.2,851.74,0.0023
26_4,1011.58,1029.96,0.0022
26_4,768.06,771.04,0.0021
26_4,1109.47,1112.23,0.0021
26_4,935.72,941.6,0.002
26_4,625.07,628.19,0.0019
26_4,1072.77,1077.61,0.0017
26_4,1123.68,1129.18,0.0016
26_4,1027.37,1029.99,0.0016
26_4,1147.0,1149.51,0.0015
26_4,947.51,950.03,0.0015
26_4,720.29,726.44,0.0015
26_4,752.14,761.49,0.0014
26_4,1139.61,1144.91,0.0013
26_4,1127.54,1138.5,0.0013
26_4,1090.57,1093.64,0.0012
26_4,926.82,937.98,0.0012
26_4,824.48,830.8,0.0012
26_4,745.02,756.53,0.0012
26_4,618.92,631.03,0.0011
26_4,919.52,1000.46,0.0011
26_4,1155.84,1158.73,0.001
26_4,991.26,1039.57,0.001
29_5,618.39,666.14,0.9994
29_5,781.1,952.74,0.9991
29_5,699.33,725.43,0.9983
29_5,668.29,684.17,0.9948
29_5,1058.1,1070.75,0.9921
29_5,1072.57,1096.44,0.9919
29_5,725.84,781.48,0.9893
29_5,954.69,1018.76,0.9787
29_5,1046.16,1057.38,0.9785
29_5,683.47,699.39,0.9769
29_5,1020.47,1044.35,0.975
29_5,618.37,666.09,0.1357
29_5,699.38,725.42,0.1354
29_5,1058.11,1070.75,0.1342
29_5,725.72,781.47,0.1342
29_5,668.29,684.19,0.134
29_5,995.1,1017.25,0.0277
29_5,668.3,684.17,0.0183
29_5,699.38,725.43,0.0181
29_5,944.3,950.1,0.0177
29_5,836.63,839.3,0.0171
29_5,998.41,1011.48,0.0133
29_5,829.87,832.31,0.0104
29_5,1023.62,1037.35,0.0088
29_5,685.07,701.67,0.0077
29_5,730.68,741.91,0.0076
29_5,1008.35,1013.68,0.0068
29_5,1026.46,1074.02,0.0054
29_5,947.87,950.98,0.0053
29_5,779.93,782.77,0.0049
29_5,804.94,816.62,0.0045
29_5,746.22,772.59,0.0044
29_5,1156.41,1158.53,0.0038
29_5,644.7,655.91,0.0038
29_5,836.81,839.5,0.0037
29_5,956.51,981.19,0.0035
29_5,996.54,1002.54,0.0034
29_5,767.41,779.7,0.0034
29_5,1074.05,1085.69,0.0033
29_5,1006.65,1020.24,0.0033
29_5,930.14,932.32,0.0031
29_5,1043.4,1058.54,0.0031
29_5,1026.17,1032.68,0.0031
29_5,1000.61,1003.75,0.003
29_5,785.39,808.28,0.0029
29_5,1097.12,1144.25,0.0028
29_5,876.47,883.18,0.0027
29_5,975.93,1017.44,0.0026
29_5,1009.84,1012.31,0.0024
29_5,870.12,897.49,0.0023
29_5,816.78,829.04,0.0022
29_5,944.09,953.45,0.0022
29_5,810.05,815.67,0.0021
29_5,657.25,663.15,0.002
29_5,1084.42,1095.46,0.002
29_5,806.06,808.87,0.0019
29_5,1014.29,1017.56,0.0018
29_5,936.55,941.28,0.0017
29_5,613.42,701.04,0.0016
29_5,796.42,922.73,0.0016
29_5,880.12,886.39,0.0016
29_5,1023.18,1045.17,0.0015
29_5,687.12,693.13,0.0014
29_5,1027.07,1030.35,0.0014
29_5,901.66,915.15,0.0014
29_5,1152.45,1155.51,0.0013
29_5,875.22,878.38,0.0013
29_5,781.38,800.68,0.0013
29_5,970.61,983.2,0.0013
29_5,758.6,778.25,0.0013
29_5,963.06,969.39,0.0013
29_5,1000.58,1012.94,0.0012
29_5,853.76,859.03,0.0012
29_5,712.66,715.94,0.0011
29_5,954.87,1041.09,0.0011
29_5,732.05,743.73,0.0011
29_5,927.01,930.06,0.001
29_5,807.75,810.45,0.001
1_136,839.46,864.71,0.9989
1_136,619.51,640.09,0.9985
1_136,914.17,1011.39,0.9981
1_136,865.42,901.29,0.9979
1_136,699.26,750.88,0.9975
1_136,817.08,835.02,0.9969
1_136,640.97,694.84,0.9962
1_136,754.27,813.57,0.9934
1_136,817.08,835.03,0.1351
1_136,865.41,901.28,0.1351
1_136,619.5,640.09,0.1347
1_136,699.3,750.82,0.1346
1_136,914.2,1011.44,0.1339
1_136,1017.14,1039.51,0.0109
1_136,696.84,703.07,0.0075
1_136,667.01,690.43,0.0072
1_136,972.42,975.3,0.0071
1_136,865.69,878.59,0.0064
1_136,1072.37,1143.57,0.0061
1_136,955.69,958.6,0.005
1_136,1037.41,1040.35,0.004
1_136,759.48,831.25,0.0038
1_136,835.74,841.19,0.0037
1_136,621.3,633.45,0.0036
1_136,962.94,965.63,0.0035
1_136,683.49,694.97,0.0032
1_136,849.41,915.66,0.0032
1_136,938.86,944.81,0.0028
1_136,681.06,686.9,0.0028
1_136,760.82,783.29,0.0025
1_136,924.04,969.26,0.0024
1_136,727.06,740.26,0.0023
1_136,851.97,862.61,0.0023
1_136,697.27,720.03,0.0022
1_136,645.06,668.59,0.0021
1_136,863.84,887.89,0.0021
1_136,1051.96,1064.05,0.0021
1_136,1009.57,1021.66,0.0019
1_136,689.1,692.06,0.0018
1_136,610.53,618.39,0.0018
1_136,794.82,817.18,0.0017
1_136,1003.51,1008.59,0.0016
1_136,1134.94,1137.77,0.0014
1_136,978.52,984.19,0.0014
1_136,1109.66,1115.45,0.0014
1_136,1021.87,1061.83,0.0014
1_136,704.6,710.04,0.0014
1_136,1128.77,1131.54,0.0014
1_136,918.81,924.78,0.0013
1_136,624.99,637.72,0.0013
1_136,805.46,811.82,0.0012
1_136,909.06,914.71,0.0011
1_136,865.12,871.25,0.0011
1_136,1061.69,1071.6,0.0011
1_136,827.87,866.97,0.001
1_136,1141.0,1146.15,0.001
1_136,1070.19,1075.83,0.001
23_6,896.73,997.66,0.9991
23_6,837.55,853.68,0.9988
23_6,810.5,833.15,0.9974
23_6,1038.75,1066.56,0.9957
23_6,1117.77,1194.57,0.9944
23_6,681.76,716.1,0.993
23_6,1066.55,1078.26,0.9927
23_6,720.5,746.09,0.9903
23_6,617.34,673.6,0.9897
23_6,1010.93,1039.48,0.9895
23_6,752.02,803.14,0.9894
23_6,1195.36,1228.8,0.9833
23_6,1084.09,1113.37,0.9573
23_6,896.65,997.72,0.1351
23_6,810.5,833.16,0.1351
23_6,1038.72,1066.58,0.1348
23_6,617.33,673.54,0.1341
23_6,1066.55,1078.27,0.1324
23_6,1084.1,1113.37,0.1297
23_6,752.0,803.05,0.1273
23_6,810.49,833.16,0.0182
23_6,1066.56,1078.26,0.018
23_6,1113.93,1158.96,0.0175
23_6,1098.55,1111.58,0.0087
23_6,999.64,1005.26,0.0083
23_6,983.1,985.13,0.0079
23_6,981.09,983.3,0.0076
23_6,682.4,692.75,0.0071
23_6,664.4,677.82,0.0068
23_6,1195.67,1201.66,0.0068
23_6,1114.78,1139.74,0.0065
23_6,751.12,754.16,0.0063
23_6,714.6,736.42,0.0042
23_6,1051.2,1064.42,0.0042
23_6,939.49,989.34,0.0039
23_6,1025.91,1037.5,0.0038
23_6,834.03,872.42,0.0031
23_6,732.76,743.25,0.003
23_6,1014.8,1020.0,0.0029
23_6,650.22,663.42,0.0029
23_6,741.58,744.09,0.0027
23_6,859.67,862.76,0.0024
23_6,1008.78,1015.27,0.0023
23_6,1190.33,1193.02,0.0023
23_6,1029.38,1032.34,0.0021
23_6,977.34,983.77,0.002
23_6,1150.68,1198.41,0.0019
23_6,692.56,711.89,0.0019
23_6,625.23,637.03,0.0018
23_6,791.1,804.26,0.0018
23_6,1015.16,1038.39,0.0018
23_6,830.38,836.15,0.0016
23_6,984.28,994.42,0.0016
23_6,611.4,616.23,0.0016
23_6,857.21,867.13,0.0015
23_6,743.12,753.54,0.0015
23_6,1222.98,1228.8,0.0014
23_6,720.74,725.89,0.0014
23_6,1199.79,1216.96,0.0013
23_6,672.36,683.53,0.0012
23_6,1084.63,1123.96,0.0012
23_6,664.44,676.35,0.0011
23_6,913.68,925.77,0.0011
15_8,1064.71,1159.24,0.9949
15_8,950.38,1066.63,0.989
15_8,616.83,749.53,0.9854
15_8,764.15,903.25,0.985
15_8,903.08,940.85,0.7881
15_8,1165.12,1191.73,0.487
15_8,750.12,763.98,0.447
15_8,1196.74,1208.68,0.3947
15_8,750.36,773.11,0.1668
15_8,1200.72,1212.61,0.1304
15_8,1168.44,1193.71,0.1028
15_8,754.99,767.75,0.0849
15_8,764.97,779.06,0.0716
15_8,1195.3,1207.79,0.0704
15_8,736.88,748.08,0.0661
15_8,759.95,764.78,0.0603
15_8,632.19,747.24,0.0603
15_8,1147.97,1169.34,0.0582
15_8,906.35,943.13,0.0535
15_8,1182.4,1193.37,0.051
15_8,763.51,766.3,0.0446
15_8,1108.13,1206.09,0.0414
15_8,759.64,895.83,0.0414
15_8,749.11,762.32,0.0365
15_8,742.22,748.59,0.0329
15_8,764.78,789.59,0.0288
15_8,1206.28,1211.64,0.0287
15_8,964.75,1067.27,0.0282
15_8,1161.52,1172.6,0.0279
15_8,1171.1,1177.82,0.0271
15_8,652.42,678.75,0.0271
15_8,1196.99,1228.8,0.0249
15_8,1188.23,1196.27,0.0237
15_8,898.01,920.98,0.0233
15_8,880.9,902.89,0.0219
15_8,1143.48,1163.17,0.0219
15_8,1194.13,1201.55,0.0216
15_8,763.84,770.2,0.0214
15_8,756.09,759.44,0.0205
15_8,1149.97,1156.85,0.017
15_8,744.31,753.52,0.0163
15_8,620.12,675.33,0.0161
15_8,1198.93,1205.33,0.015
15_8,751.68,758.71,0.0142
15_8,1163.61,1187.52,0.0142
15_8,758.12,764.41,0.0131
15_8,1203.32,1209.38,0.0125
15_8,764.48,821.47,0.0122
15_8,1154.66,1157.67,0.0112
15_8,894.9,906.18,0.0111
15_8,1129.0,1171.07,0.0108
15_8,772.32,778.63,0.0107
15_8,745.95,748.37,0.0099
15_8,763.25,765.61,0.0097
15_8,1195.91,1215.42,0.0095
15_8,769.58,772.73,0.0095
15_8,1162.41,1167.1,0.0092
15_8,1177.75,1180.63,0.009
15_8,872.69,944.28,0.0086
15_8,1190.31,1198.99,0.0085
15_8,758.48,761.39,0.0083
15_8,670.66,674.3,0.008
15_8,1174.42,1194.12,0.008
15_8,782.61,901.92,0.0077
15_8,748.04,752.29,0.0077
15_8,1151.44,1154.59,0.0075
15_8,732.98,750.27,0.0073
15_8,1018.17,1062.88,0.0071
15_8,1159.05,1164.17,0.0069
15_8,1210.32,1212.98,0.0069
15_8,777.66,780.97,0.0067
15_8,1173.43,1179.37,0.0067
15_8,649.65,672.87,0.0066
15_8,1176.97,1228.8,0.0063
15_8,922.52,943.23,0.006
15_8,751.63,754.53,0.0059
15_8,1197.6,1200.46,0.0059
15_8,900.5,912.62,0.0059
15_8,966.71,1014.63,0.0057
15_8,775.18,777.99,0.0057
15_8,1124.98,1145.87,0.0055
15_8,1207.16,1212.02,0.0055
15_8,770.87,773.71,0.0052
15_8,755.62,758.07,0.0052
15_8,614.65,616.96,0.0051
15_8,1075.5,1126.45,0.005
15_8,665.43,672.32,0.005
15_8,1208.05,1226.12,0.0048
15_8,1141.17,1147.77,0.0048
15_8,1192.73,1195.49,0.0047
15_8,1183.95,1190.02,0.0047
15_8,1153.11,1159.49,0.0046
15_8,832.3,890.76,0.0046
15_8,1169.97,1174.85,0.0044
15_8,1203.23,1206.44,0.0042
15_8,760.6,766.55,0.0041
15_8,884.81,895.51,0.0041
15_8,744.11,747.08,0.004
15_8,966.52,978.86,0.0039
15_8,753.66,756.54,0.0038
15_8,1198.85,1202.26,0.0038
15_8,778.8,781.71,0.0037
15_8,617.32,662.41,0.0037
15_8,934.46,951.81,0.0036
15_8,764.09,777.29,0.0036
15_8,1154.31,1166.66,0.0033
15_8,740.71,750.84,0.0031
15_8,1092.26,1185.54,0.003
15_8,1186.84,1204.14,0.003
15_8,1172.35,1175.61,0.0029
15_8,668.88,671.99,0.0028
15_8,760.21,763.08,0.0028
15_8,890.7,909.93,0.0028
15_8,748.77,788.07,0.0027
15_8,771.63,774.87,0.0025
15_8,1150.85,1153.31,0.0025
15_8,1189.46,1194.15,0.0025
15_8,1166.04,1171.92,0.0025
15_8,810.41,837.47,0.0025
15_8,754.93,761.41,0.0024
15_8,899.74,936.93,0.0024
15_8,1105.4,1110.76,0.0023
15_8,766.49,769.37,0.0023
15_8,1205.58,1208.33,0.0023
15_8,1201.71,1204.54,0.0022
15_8,1186.79,1189.67,0.0022
15_8,747.7,749.93,0.0022
15_8,762.78,764.9,0.0022
15_8,773.58,776.34,0.0021
15_8,1165.08,1167.7,0.0021
15_8,654.95,684.57,0.0021
15_8,1058.21,1061.22,0.0021
15_8,776.08,779.16,0.002
15_8,1174.75,1177.28,0.002
15_8,663.34,669.74,0.0019
15_8,1178.26,1180.8,0.0019
15_8,671.54,674.62,0.0018
15_8,738.07,744.49,0.0018
15_8,764.13,767.55,0.0018
15_8,936.31,945.34,0.0017
15_8,810.15,817.61,0.0017
15_8,1167.3,1179.4,0.0017
15_8,967.48,973.91,0.0017
15_8,750.43,753.49,0.0017
15_8,1203.1,1228.8,0.0016
15_8,1178.21,1190.53,0.0016
15_8,861.44,888.29,0.0016
15_8,1170.14,1172.34,0.0016
15_8,722.71,760.22,0.0016
15_8,1156.81,1159.07,0.0015
15_8,757.44,760.48,0.0015
15_8,769.05,772.19,0.0015
15_8,1197.13,1199.89,0.0015
15_8,1215.7,1218.43,0.0015
15_8,1100.96,1148.58,0.0015
15_8,1207.42,1209.86,0.0015
15_8,776.46,783.2,0.0015
15_8,1143.76,1149.51,0.0014
15_8,821.86,829.38,0.0014
15_8,690.95,741.18,0.0013
15_8,761.77,811.66,0.0013
15_8,918.17,939.78,0.0013
15_8,761.94,764.32,0.0012
15_8,669.04,676.88,0.0012
15_8,1146.55,1158.13,0.0012
15_8,908.06,913.65,0.0012
15_8,1209.16,1219.41,0.0011
15_8,811.65,875.39,0.0011
15_8,653.61,656.34,0.0011
15_8,616.88,628.85,0.0011
15_8,748.81,751.84,0.0011
15_8,619.83,727.32,0.001
15_8,740.41,743.09,0.001
15_8,752.98,756.38,0.001
26_30,767.3,797.65,0.9993
26_30,616.27,636.49,0.9982
26_30,798.0,820.91,0.9974
26_30,643.63,663.12,0.9972
26_30,966.29,1014.94,0.9972
26_30,953.53,961.03,0.9971
26_30,1034.37,1076.44,0.9964
26_30,703.96,727.21,0.9963
26_30,853.08,880.09,0.9945
26_30,934.03,948.27,0.9945
26_30,890.96,923.89,0.9943
26_30,948.27,953.07,0.9931
26_30,820.46,823.32,0.9923
26_30,663.89,679.97,0.9916
26_30,732.82,762.8,0.9895
26_30,827.62,843.76,0.9893
26_30,1015.98,1033.65,0.9841
26_30,890.93,923.96,0.1357
26_30,663.87,679.99,0.1352
26_30,732.83,762.75,0.1347
26_30,1034.39,1076.51,0.1345
26_30,934.05,948.26,0.1345
26_30,853.1,880.08,0.1342
26_30,767.3,797.66,0.1336
26_30,953.54,961.01,0.1335
26_30,663.88,679.99,0.0183
26_30,732.84,762.77,0.0183
26_30,853.1,880.06,0.0181
26_30,934.04,948.26,0.018
26_30,767.32,797.68,0.0179
26_30,1021.53,1026.49,0.0107
26_30,704.11,707.24,0.009
26_30,865.23,875.87,0.0086
26_30,680.58,701.29,0.0073
26_30,794.23,797.2,0.0059
26_30,1064.01,1069.63,0.0054
26_30,1080.01,1083.16,0.0051
26_30,945.74,954.77,0.0049
26_30,1001.19,1004.14,0.004
26_30,1012.36,1088.13,0.0039
26_30,782.02,788.74,0.0038
26_30,935.66,1017.2,0.0038
26_30,817.51,823.49,0.0036
26_30,1045.48,1048.21,0.0036
26_30,711.81,714.25,0.0036
26_30,920.08,925.68,0.0033
26_30,900.84,922.87,0.0032
26_30,614.33,650.01,0.0032
26_30,754.99,757.81,0.003
26_30,1059.28,1065.75,0.0029
26_30,665.25,675.32,0.0028
26_30,796.87,819.21,0.0027
26_30,849.22,855.59,0.0023
26_30,911.91,915.08,0.0023
26_30,805.52,850.45,0.0022
26_30,840.33,845.41,0.0021
26_30,620.61,627.43,0.002
26_30,971.85,974.88,0.0019
26_30,774.45,780.37,0.0019
26_30,1005.48,1008.04,0.0019
26_30,740.57,746.53,0.0019
26_30,786.83,789.84,0.0018
26_30,693.78,728.77,0.0018
26_30,779.36,782.38,0.0017
26_30,1081.95,1084.66,0.0017
26_30,853.45,859.68,0.0016
26_30,763.99,770.02,0.0016
26_30,1112.85,1123.31,0.0016
26_30,789.38,795.1,0.0016
26_30,686.97,692.89,0.0015
26_30,826.53,838.71,0.0015
26_30,924.56,934.79,0.0015
26_30,885.25,888.41,0.0014
26_30,1020.48,1031.56,0.0014
26_30,1127.56,1130.26,0.0013
26_30,627.88,633.28,0.0012
26_30,1060.81,1063.76,0.0012
26_30,1086.02,1164.9,0.0012
26_30,924.12,954.97,0.0012
26_30,708.21,721.04,0.0012
26_30,1022.57,1025.5,0.0012
26_30,961.3,963.97,0.0012
26_30,757.13,759.79,0.0012
26_30,623.58,626.43,0.0011
26_30,733.04,739.08,0.0011
26_30,793.88,796.7,0.0011
26_30,970.35,982.71,0.0011
26_30,877.54,880.39,0.0011
26_30,746.7,749.78,0.0011
26_30,1147.98,1153.85,0.0011
26_30,722.31,725.06,0.0011
26_30,743.76,746.44,0.0011
26_30,928.52,931.5,0.0011
27_18,957.11,966.17,0.9998
27_18,850.97,892.81,0.9996
27_18,987.97,1019.85,0.9986
27_18,830.27,848.42,0.9983
27_18,1069.82,1085.55,0.9983
27_18,902.24,954.62,0.9981
27_18,701.87,717.66,0.9969
27_18,1036.11,1066.74,0.9933
27_18,729.95,740.77,0.9854
27_18,746.31,827.9,0.9809
27_18,632.95,699.84,0.9789
27_18,987.97,1019.83,0.1353
27_18,1069.83,1085.53,0.1352
27_18,701.89,717.63,0.1352
27_18,902.2,954.58,0.1348
27_18,718.24,739.77,0.0242
27_18,701.87,717.65,0.0183
27_18,1069.82,1085.52,0.0183
27_18,956.05,990.08,0.0172
27_18,674.81,699.76,0.0148
27_18,1046.86,1069.14,0.0101
27_18,1115.1,1152.63,0.0092
27_18,1102.66,1105.37,0.0072
27_18,983.79,989.31,0.0072
27_18,717.46,729.57,0.0058
27_18,602.35,624.02,0.0056
27_18,924.39,944.68,0.0052
27_18,958.14,964.39,0.0052
27_18,1085.32,1095.87,0.0042
27_18,1126.17,1131.27,0.004
27_18,801.05,803.32,0.0038
27_18,843.02,848.8,0.0036
27_18,964.26,983.19,0.0034
27_18,996.38,999.33,0.0029
27_18,850.41,872.71,0.0027
27_18,837.74,843.18,0.0027
27_18,1084.08,1164.57,0.0027
27_18,1050.7,1057.23,0.0026
27_18,876.39,879.22,0.0025
27_18,821.53,853.29,0.0025
27_18,619.91,625.98,0.0024
27_18,696.3,701.21,0.0023
27_18,790.84,793.34,0.0023
27_18,1076.13,1085.77,0.0023
27_18,965.19,969.99,0.0022
27_18,953.77,1027.78,0.0022
27_18,614.86,617.28,0.0021
27_18,1031.67,1034.54,0.002
27_18,1053.91,1056.33,0.002
27_18,788.64,791.29,0.0019
27_18,894.74,897.26,0.0017
27_18,649.06,660.86,0.0017
27_18,1063.58,1070.01,0.0017
27_18,979.39,982.1,0.0017
27_18,935.99,941.67,0.0016
27_18,1016.23,1019.11,0.0016
27_18,629.16,633.85,0.0016
27_18,980.77,990.4,0.0015
27_18,1109.54,1121.25,0.0015
27_18,691.04,697.4,0.0014
27_18,820.52,823.25,0.0014
27_18,835.3,841.37,0.0014
27_18,892.35,895.47,0.0014
27_18,636.47,678.88,0.0014
27_18,885.44,888.65,0.0013
27_18,1045.84,1049.09,0.0013
27_18,977.22,979.9,0.0013
27_18,1148.29,1151.22,0.0012
27_18,889.08,892.05,0.0012
27_18,782.82,785.24,0.0012
27_18,1056.2,1068.57,0.0012
27_18,1127.0,1129.9,0.0011
27_18,1071.2,1076.84,0.0011
27_18,806.66,812.91,0.0011
27_18,765.21,768.41,0.0011
27_18,690.15,727.42,0.0011
27_18,740.86,746.14,0.0011
27_18,789.42,795.54,0.001
27_18,653.53,656.24,0.001
27_18,619.47,622.24,0.001
1_28,676.52,696.09,0.9995
1_28,697.09,736.7,0.9992
1_28,616.59,635.93,0.9988
1_28,774.44,787.46,0.9981
1_28,753.86,771.58,0.9933
1_28,832.09,848.47,0.9861
1_28,790.43,828.16,0.9832
1_28,637.79,653.03,0.9811
1_28,848.89,852.21,0.9782
1_28,653.45,669.77,0.9718
1_28,715.71,753.51,0.7356
1_28,848.89,852.21,0.1318
1_28,758.1,769.85,0.0113
1_28,979.54,1068.62,0.0104
1_28,829.52,832.28,0.0097
1_28,943.19,945.49,0.0067
1_28,1038.06,1060.77,0.0055
1_28,667.08,672.99,0.0052
1_28,686.72,689.6,0.0043
1_28,692.09,695.78,0.004
1_28,889.51,911.03,0.004
1_28,613.69,614.97,0.004
1_28,813.96,834.57,0.0036
1_28,999.04,1010.94,0.0034
1_28,653.19,676.89,0.0033
1_28,822.26,825.61,0.003
1_28,615.67,634.24,0.0028
1_28,1012.84,1018.2,0.0028
1_28,942.33,944.92,0.0027
1_28,820.2,823.32,0.0026
1_28,706.93,728.0,0.0019
1_28,950.83,954.16,0.0018
1_28,787.0,789.25,0.0018
1_28,691.24,697.18,0.0017
1_28,696.32,703.42,0.0017
1_28,612.9,615.83,0.0016
1_28,633.81,639.63,0.0016
1_28,783.38,826.14,0.0016
1_28,849.56,873.35,0.0015
1_28,590.9,627.49,0.0015
1_28,642.96,654.04,0.0015
1_28,976.13,986.36,0.0013
1_28,852.24,858.87,0.0013
1_28,769.83,786.68,0.0013
1_28,904.7,907.7,0.0012
1_28,736.97,743.88,0.0012
1_28,960.79,972.06,0.001
28_7,1040.82,1064.08,0.9997
28_7,1006.46,1030.61,0.9993
28_7,1174.58,1196.9,0.9993
28_7,1065.0,1082.63,0.9979
28_7,856.94,894.03,0.9978
28_7,1124.45,1135.59,0.9966
28_7,961.88,988.8,0.9948
28_7,898.75,943.31,0.9944
28_7,634.86,666.41,0.9937
28_7,990.67,1007.4,0.9926
28_7,1083.58,1107.75,0.9915
28_7,779.75,826.16,0.9895
28_7,828.1,846.65,0.9872
28_7,704.5,762.08,0.987
28_7,763.04,773.27,0.9854
28_7,678.51,687.8,0.9837
28_7,1109.57,1125.38,0.9538
28_7,1083.58,1107.71,0.1346
28_7,1040.86,1064.05,0.1336
28_7,961.87,988.83,0.1335
28_7,856.92,894.01,0.1332
28_7,1065.01,1082.63,0.1318
28_7,1006.45,1030.64,0.1312
28_7,1124.44,1135.6,0.1285
28_7,1040.85,1064.06,0.018
28_7,986.23,993.1,0.0133
28_7,744.08,762.7,0.0093
28_7,603.36,621.22,0.0092
28_7,824.2,836.6,0.0077
28_7,810.82,823.06,0.0077
28_7,1184.75,1195.45,0.0074
28_7,1070.79,1074.15,0.0071
28_7,1122.59,1144.79,0.0066
28_7,678.65,688.38,0.0057
28_7,698.63,709.8,0.0053
28_7,628.41,634.84,0.0047
28_7,779.18,790.17,0.0043
28_7,692.44,770.97,0.0041
28_7,900.05,913.07,0.0035
28_7,1124.54,1130.3,0.0032
28_7,1033.59,1043.93,0.0031
28_7,847.31,858.48,0.0029
28_7,675.4,697.79,0.0026
28_7,944.75,961.06,0.0024
28_7,1065.52,1068.96,0.0024
28_7,895.9,939.15,0.0023
28_7,959.05,998.64,0.0023
28_7,864.58,898.8,0.0022
28_7,781.73,806.73,0.0022
28_7,691.45,697.13,0.0022
28_7,1109.52,1123.53,0.0022
28_7,995.69,998.78,0.002
28_7,607.95,621.41,0.002
28_7,743.56,746.65,0.0019
28_7,763.62,775.24,0.0018
28_7,1142.42,1207.21,0.0017
28_7,618.69,686.58,0.0017
28_7,767.09,842.39,0.0015
28_7,1082.81,1106.61,0.0014
28_7,1181.81,1195.09,0.0014
28_7,1085.34,1088.6,0.0013
28_7,614.48,626.4,0.0012
28_7,792.4,795.77,0.0012
28_7,826.81,855.83,0.0011
28_7,777.14,780.07,0.0011
28_7,703.0,749.18,0.001
4_3,940.11,982.15,0.9995
4_3,737.99,745.49,0.9978
4_3,801.19,936.11,0.9954
4_3,770.1,773.24,0.9943
4_3,780.27,785.85,0.994
4_3,634.41,665.49,0.9938
4_3,688.28,714.29,0.9935
4_3,773.35,778.02,0.9934
4_3,790.96,800.1,0.9923
4_3,731.73,736.46,0.9919
4_3,1016.31,1020.02,0.9879
4_3,749.14,757.13,0.9798
4_3,1023.29,1041.26,0.9764
4_3,982.4,984.66,0.9726
4_3,1006.08,1015.84,0.9614
4_3,737.99,745.49,0.1352
4_3,688.28,714.29,0.1341
4_3,940.11,982.12,0.1339
4_3,1016.31,1020.02,0.1312
4_3,770.1,773.24,0.1307
4_3,819.56,867.12,0.0198
4_3,737.99,745.49,0.018
4_3,1016.31,1020.02,0.0174
4_3,726.99,732.32,0.0136
4_3,679.57,682.27,0.0091
4_3,813.51,824.27,0.0079
4_3,980.66,986.67,0.0069
4_3,956.3,958.65,0.0066
4_3,729.62,738.5,0.0065
4_3,717.68,720.29,0.0063
4_3,842.93,855.02,0.006
4_3,648.54,660.58,0.0057
4_3,940.25,945.39,0.0056
4_3,873.53,883.78,0.0053
4_3,909.83,920.84,0.0052
4_3,1142.57,1152.92,0.0049
4_3,715.81,751.38,0.0048
4_3,1087.01,1092.98,0.0046
4_3,1057.07,1060.35,0.0044
4_3,857.65,900.94,0.0037
4_3,1114.01,1153.13,0.0033
4_3,831.82,844.64,0.0032
4_3,1067.71,1078.06,0.003
4_3,1109.3,1111.93,0.003
4_3,1080.85,1086.93,0.003
4_3,649.81,655.23,0.0029
4_3,789.72,799.21,0.0029
4_3,1154.29,1157.01,0.0028
4_3,1000.36,1022.16,0.0028
4_3,822.84,825.32,0.0028
4_3,799.86,806.6,0.0028
4_3,954.99,960.73,0.0027
4_3,824.59,834.29,0.0026
4_3,877.95,881.08,0.0023
4_3,613.64,633.59,0.0022
4_3,779.13,790.74,0.0022
4_3,1046.07,1051.1,0.002
4_3,1130.89,1136.54,0.002
4_3,761.35,763.94,0.002
4_3,746.86,786.89,0.0019
4_3,998.52,1001.41,0.0019
4_3,846.37,931.3,0.0018
4_3,902.88,908.78,0.0017
4_3,1100.24,1111.03,0.0017
4_3,1116.9,1119.9,0.0017
4_3,720.14,730.37,0.0017
4_3,794.28,799.47,0.0016
4_3,1042.17,1045.25,0.0016
4_3,681.64,687.72,0.0016
4_3,1123.35,1145.58,0.0015
4_3,1118.09,1123.74,0.0014
4_3,769.24,773.76,0.0014
4_3,832.94,835.4,0.0014
4_3,640.48,646.1,0.0013
4_3,984.27,1028.29,0.0013
4_3,714.81,717.75,0.0013
4_3,960.3,962.89,0.0013
4_3,671.5,716.22,0.0013
4_3,634.58,636.93,0.0012
4_3,1009.72,1012.77,0.0012
4_3,985.98,991.6,0.0012
4_3,814.01,817.11,0.0011
4_3,780.96,786.44,0.0011
4_3,905.57,911.77,0.0011
4_3,837.47,840.3,0.0011
4_3,773.57,778.57,0.0011
4_3,756.5,767.04,0.001
4_3,914.83,917.87,0.001
4_3,1075.86,1081.23,0.001
4_32,678.08,692.66,0.9995
4_32,960.67,966.46,0.998
4_32,799.69,932.89,0.9966
4_32,765.34,767.13,0.995
4_32,762.8,765.33,0.9945
4_32,1001.81,1014.76,0.9934
4_32,715.3,726.73,0.9873
4_32,785.33,788.6,0.9825
4_32,993.0,997.18,0.9748
4_32,633.99,662.46,0.9745
4_32,737.33,747.11,0.9584
4_32,796.11,797.5,0.9464
4_32,951.74,983.68,0.9344
4_32,678.08,692.67,0.1351
4_32,1001.82,1014.77,0.1346
4_32,765.34,767.13,0.1344
4_32,762.8,765.33,0.1336
4_32,785.33,788.61,0.133
4_32,951.72,983.69,0.1268
4_32,960.67,966.46,0.1174
4_32,1001.81,1014.76,0.0183
4_32,678.07,692.66,0.0179
4_32,1022.88,1025.27,0.017
4_32,660.62,678.59,0.0164
4_32,951.74,983.7,0.0159
4_32,960.67,966.46,0.0148
4_32,983.53,989.54,0.0112
4_32,1024.53,1026.88,0.0084
4_32,879.71,902.81,0.0082
4_32,814.21,889.83,0.0072
4_32,948.49,951.16,0.0069
4_32,733.5,738.38,0.0064
4_32,614.64,632.65,0.0059
4_32,759.52,766.06,0.0057
4_32,789.83,795.75,0.0052
4_32,769.62,775.2,0.0047
4_32,856.87,862.74,0.0047
4_32,751.76,762.58,0.0045
4_32,903.81,923.32,0.0045
4_32,713.1,715.97,0.0042
4_32,784.4,790.1,0.0037
4_32,1038.04,1048.19,0.0037
4_32,931.67,934.03,0.0036
4_32,911.61,914.38,0.0036
4_32,1014.62,1034.08,0.0034
4_32,980.61,983.34,0.0034
4_32,654.89,661.19,0.0033
4_32,1136.16,1146.52,0.0033
4_32,947.51,952.8,0.0031
4_32,661.42,664.38,0.0031
4_32,867.69,873.37,0.003
4_32,775.03,777.84,0.003
4_32,622.73,629.42,0.0029
4_32,881.09,884.14,0.0027
4_32,893.8,895.87,0.0027
4_32,917.04,919.88,0.0026
4_32,1002.23,1007.84,0.0025
4_32,1085.08,1087.74,0.0025
4_32,1101.01,1106.84,0.0024
4_32,671.56,674.51,0.0024
4_32,825.31,838.2,0.0023
4_32,941.45,946.9,0.0022
4_32,874.83,880.83,0.002
4_32,678.98,682.25,0.002
4_32,625.72,671.34,0.002
4_32,837.59,843.55,0.002
4_32,863.51,868.56,0.002
4_32,953.95,956.84,0.0019
4_32,664.37,666.68,0.0019
4_32,922.32,927.79,0.0019
4_32,993.19,996.11,0.0018
4_32,696.08,707.67,0.0018
4_32,1015.67,1018.25,0.0017
4_32,716.77,722.54,0.0016
4_32,1026.63,1028.91,0.0016
4_32,1158.95,1170.5,0.0015
4_32,632.21,635.26,0.0015
4_32,914.45,917.31,0.0015
4_32,651.82,658.03,0.0014
4_32,726.84,732.67,0.0014
4_32,828.86,831.79,0.0014
4_32,986.53,1026.42,0.0013
4_32,799.39,820.83,0.0013
4_32,712.25,716.61,0.0013
4_32,1097.17,1108.53,0.0012
4_32,865.28,909.12,0.0012
4_32,1119.32,1121.82,0.0012
4_32,1061.29,1067.97,0.0012
4_32,888.46,890.67,0.0012
4_32,1123.09,1133.85,0.0012
4_32,967.58,983.84,0.0012
4_32,884.59,887.37,0.0012
4_32,745.48,756.42,0.0012
4_32,822.3,824.72,0.0011
4_32,702.6,714.09,0.0011
4_32,1073.33,1079.19,0.001
4_32,935.18,937.78,0.001
4_32,656.92,677.61,0.001
4_32,764.88,770.85,0.001
4_32,952.97,970.03,0.001
4_122,1046.01,1144.77,0.9996
4_122,848.22,854.24,0.9983
4_122,1025.86,1037.15,0.998
4_122,875.31,884.99,0.9973
4_122,803.55,824.27,0.997
4_122,1145.19,1162.29,0.9966
4_122,826.84,847.15,0.9949
4_122,656.21,698.28,0.9947
4_122,1162.87,1196.95,0.9937
4_122,751.16,802.38,0.991
4_122,859.88,873.85,0.9847
4_122,699.75,749.12,0.9812
4_122,616.63,649.55,0.9757
4_122,885.43,1022.4,0.9678
4_122,1037.59,1075.55,0.8426
4_122,751.23,802.42,0.1346
4_122,656.2,698.28,0.1345
4_122,875.31,884.99,0.1341
4_122,1145.19,1162.29,0.1336
4_122,1025.87,1037.15,0.1332
4_122,859.87,873.84,0.1318
4_122,1036.88,1039.81,0.0242
4_122,751.41,763.11,0.0216
4_122,818.2,824.15,0.0134
4_122,1137.43,1143.38,0.0075
4_122,1016.91,1019.62,0.0045
4_122,1161.81,1185.87,0.0043
4_122,1060.38,1145.81,0.0042
4_122,886.75,889.23,0.004
4_122,751.81,777.14,0.0038
4_122,1034.41,1037.11,0.0033
4_122,615.1,638.47,0.003
4_122,974.99,995.37,0.0028
4_122,890.72,893.68,0.0027
4_122,751.15,754.1,0.0026
4_122,1146.95,1160.92,0.0022
4_122,726.05,748.58,0.0022
4_122,808.93,850.37,0.002
4_122,1173.66,1197.25,0.0019
4_122,994.67,1006.63,0.0018
4_122,1123.59,1144.81,0.0018
4_122,1006.17,1026.41,0.0018
4_122,892.22,903.55,0.0017
4_122,669.2,696.22,0.0017
4_122,1014.09,1017.13,0.0016
4_122,803.91,811.04,0.0016
4_122,857.79,874.67,0.0015
4_122,802.82,804.96,0.0015
4_122,689.0,692.34,0.0014
4_122,751.13,757.6,0.0012
4_122,1072.99,1095.24,0.0012
4_122,648.52,654.42,0.0012
4_122,695.74,701.28,0.0011
4_122,720.44,723.76,0.0011
4_122,867.83,870.63,0.0011
4_122,827.33,840.27,0.001
27_13,1176.46,1219.4,0.999
27_13,765.9,821.49,0.997
27_13,901.56,998.54,0.9963
27_13,1073.79,1094.29,0.996
27_13,869.51,897.85,0.9934
27_13,646.61,752.04,0.9931
27_13,1008.31,1057.14,0.9927
27_13,1096.26,1109.96,0.9875
27_13,1141.27,1162.71,0.9781
27_13,835.29,852.86,0.976
27_13,850.94,858.75,0.9618
27_13,1096.29,1109.94,0.1347
27_13,869.49,897.84,0.1346
27_13,1176.46,1219.38,0.1338
27_13,901.65,998.64,0.1337
27_13,765.98,821.58,0.1332
27_13,765.94,821.49,0.0179
27_13,652.44,669.47,0.0178
27_13,1096.27,1109.94,0.0178
27_13,869.48,897.84,0.0176
27_13,615.8,632.92,0.0153
27_13,820.32,837.6,0.0121
27_13,836.21,842.49,0.0118
27_13,839.67,850.68,0.0105
27_13,1111.81,1122.63,0.0104
27_13,832.08,871.18,0.0089
27_13,851.32,857.15,0.0079
27_13,1064.41,1100.53,0.0076
27_13,712.19,753.41,0.0076
27_13,1130.52,1143.35,0.0068
27_13,1110.33,1116.68,0.006
27_13,1003.19,1006.27,0.0051
27_13,907.49,917.64,0.005
27_13,1109.27,1176.0,0.0048
27_13,1176.89,1203.79,0.0047
27_13,985.72,997.82,0.0044
27_13,1056.96,1074.11,0.004
27_13,994.55,1062.74,0.0038
27_13,668.03,673.61,0.0037
27_13,848.87,867.69,0.0036
27_13,1014.45,1021.43,0.0036
27_13,1070.1,1072.91,0.0034
27_13,919.78,932.57,0.0033
27_13,837.07,843.19,0.0028
27_13,1033.87,1055.74,0.0027
27_13,1004.48,1016.64,0.0027
27_13,616.25,626.83,0.0027
27_13,731.64,752.15,0.0025
27_13,832.16,904.8,0.0023
27_13,953.09,955.45,0.0021
27_13,623.65,635.14,0.002
27_13,893.16,895.73,0.002
27_13,863.16,868.13,0.002
27_13,1135.68,1177.63,0.0019
27_13,1101.51,1110.57,0.0017
27_13,619.28,622.28,0.0016
27_13,655.25,667.62,0.0016
27_13,895.51,898.25,0.0015
27_13,641.11,647.01,0.0015
27_13,622.95,625.93,0.0014
27_13,850.21,858.67,0.0014
27_13,666.91,717.16,0.0013
27_13,656.29,659.06,0.0013
27_13,668.51,671.31,0.0012
27_13,810.59,823.1,0.0012
27_13,980.35,985.87,0.0012
27_13,904.85,907.48,0.0012
27_13,1083.84,1095.11,0.0012
27_13,753.81,759.03,0.0011
27_13,1073.64,1075.87,0.0011
27_13,824.28,834.91,0.0011
28_38,862.42,873.95,0.998
28_38,851.91,861.35,0.998
28_38,916.63,939.36,0.9978
28_38,678.0,734.36,0.9969
28_38,617.89,629.45,0.9951
28_38,873.6,887.24,0.995
28_38,940.06,952.65,0.9943
28_38,742.07,752.92,0.9942
28_38,735.43,741.72,0.9934
28_38,900.53,907.88,0.9918
28_38,756.38,778.11,0.9902
28_38,952.31,960.69,0.9893
28_38,779.18,850.49,0.9882
28_38,644.48,672.13,0.9766
28_38,851.91,861.36,0.1355
28_38,678.02,734.44,0.1351
28_38,617.91,629.44,0.1351
28_38,742.06,752.92,0.135
28_38,873.61,887.24,0.1349
28_38,940.06,952.65,0.1349
28_38,916.64,939.36,0.1349
28_38,952.3,960.7,0.1336
28_38,735.43,741.73,0.1304
28_38,873.59,887.24,0.0182
28_38,678.02,734.39,0.018
28_38,617.98,620.48,0.0149
28_38,725.49,728.42,0.0114
28_38,929.0,939.71,0.0108
28_38,730.55,741.91,0.0104
28_38,866.79,872.23,0.0086
28_38,1067.44,1078.82,0.0083
28_38,628.67,634.3,0.0083
28_38,853.68,859.52,0.0075
28_38,746.34,749.19,0.007
28_38,1011.79,1022.6,0.007
28_38,739.49,760.83,0.0067
28_38,893.14,895.72,0.0066
28_38,908.94,911.72,0.0053
28_38,894.51,897.46,0.0047
28_38,785.03,788.15,0.0039
28_38,1089.0,1095.44,0.0035
28_38,893.33,916.43,0.0034
28_38,781.64,785.39,0.0032
28_38,1123.22,1126.34,0.0032
28_38,962.73,967.94,0.0031
28_38,931.16,933.55,0.0031
28_38,1034.9,1040.62,0.0031
28_38,620.43,627.17,0.0031
28_38,1051.85,1057.68,0.0024
28_38,1086.1,1092.03,0.0023
28_38,768.09,848.89,0.0022
28_38,628.1,639.08,0.0022
28_38,756.93,762.43,0.0019
28_38,974.08,997.08,0.0018
28_38,616.36,662.07,0.0017
28_38,991.71,1012.83,0.0017
28_38,1059.12,1095.59,0.0016
28_38,673.21,676.05,0.0016
28_38,743.7,750.0,0.0016
28_38,617.7,619.97,0.0016
28_38,691.55,694.25,0.0016
28_38,1018.46,1021.24,0.0015
28_38,832.7,835.76,0.0015
28_38,614.41,617.57,0.0014
28_38,1063.99,1069.35,0.0013
28_38,1056.92,1059.02,0.0013
28_38,1125.9,1128.92,0.0013
28_38,701.52,704.58,0.0013
28_38,971.83,974.62,0.0013
28_38,851.27,854.14,0.0012
28_38,748.84,751.83,0.0012
28_38,981.85,985.17,0.0012
28_38,678.18,710.3,0.0012
28_38,1078.26,1089.11,0.0012
28_38,775.84,786.46,0.0012
28_38,886.91,892.17,0.0012
28_38,1117.23,1122.86,0.0012
28_38,861.36,864.38,0.0011
28_38,709.52,732.31,0.0011
28_38,868.26,871.34,0.0011
28_38,958.11,980.51,0.0011
28_38,827.03,837.6,0.0011
28_38,950.32,959.98,0.0011
28_38,1146.66,1149.75,0.0011
28_38,864.13,888.28,0.0011
28_38,1030.26,1066.87,0.0011
28_38,897.69,908.31,0.0011
28_38,739.42,781.73,0.001
28_38,663.57,669.72,0.001
1_25,802.55,822.1,0.998
1_25,882.36,917.5,0.9978
1_25,864.66,880.44,0.9968
1_25,727.46,792.44,0.9967
1_25,690.38,701.15,0.9962
1_25,619.62,632.78,0.9934
1_25,655.06,685.65,0.9933
1_25,634.6,652.09,0.9914
1_25,925.84,933.33,0.9901
1_25,918.52,924.92,0.9896
1_25,701.76,721.18,0.9853
1_25,826.93,864.33,0.9695
1_25,727.48,792.52,0.1356
1_25,882.34,917.5,0.1353
1_25,864.67,880.44,0.135
1_25,655.03,685.63,0.1346
1_25,619.63,632.77,0.1345
1_25,802.56,822.1,0.1337
1_25,951.83,963.41,0.0237
1_25,727.41,792.47,0.0184
1_25,864.66,880.43,0.0183
1_25,655.02,685.63,0.0181
1_25,756.24,761.34,0.0126
1_25,684.19,721.33,0.012
1_25,736.36,756.87,0.0102
1_25,821.78,824.95,0.0092
1_25,939.8,942.7,0.0064
1_25,1125.55,1144.5,0.0064
1_25,726.98,729.26,0.0045
1_25,757.58,789.62,0.0044
1_25,738.24,750.91,0.0038
1_25,934.05,936.85,0.0036
1_25,962.72,965.65,0.0034
1_25,631.83,651.21,0.0032
1_25,626.63,628.79,0.0027
1_25,682.04,687.76,0.0026
1_25,797.29,873.33,0.0025
1_25,932.97,944.35,0.0022
1_25,984.4,1003.91,0.0021
1_25,1081.93,1084.47,0.002
1_25,1150.57,1153.44,0.002
1_25,916.14,926.67,0.002
1_25,622.83,629.21,0.0019
1_25,756.76,761.65,0.0018
1_25,833.67,838.83,0.0017
1_25,1122.76,1199.39,0.0017
1_25,880.82,903.59,0.0016
1_25,1080.82,1103.87,0.0015
1_25,844.25,847.48,0.0015
1_25,965.71,968.95,0.0014
1_25,628.46,633.78,0.0014
1_25,982.62,988.77,0.0013
1_25,875.32,878.01,0.0013
1_25,672.23,683.07,0.0013
1_25,1027.82,1030.65,0.0013
1_25,772.32,785.0,0.0013
1_25,847.63,850.42,0.0012
1_25,1086.26,1088.91,0.0012
1_25,849.37,855.15,0.0012
1_25,804.47,816.76,0.0012
1_25,936.76,939.63,0.0012
1_25,702.8,707.77,0.0011
1_25,995.29,1001.52,0.0011
1_25,854.27,864.31,0.0011
1_25,1110.56,1116.47,0.0011
1_25,1009.4,1030.11,0.001
1_25,865.74,868.71,0.001
1_25,924.92,931.28,0.001
1_25,743.33,749.59,0.001
1_25,762.54,765.56,0.001
1_25,783.97,790.46,0.001
4_36,939.03,941.89,0.9999
4_36,884.46,894.46,0.9993
4_36,956.59,1041.95,0.9987
4_36,1116.02,1118.97,0.9981
4_36,1140.4,1149.44,0.9978
4_36,1153.6,1171.17,0.996
4_36,863.59,873.35,0.9957
4_36,759.75,780.46,0.9949
4_36,917.48,924.07,0.9932
4_36,798.27,836.81,0.9928
4_36,1042.75,1048.8,0.9914
4_36,705.33,745.19,0.9889
4_36,627.98,689.02,0.9861
4_36,926.23,931.64,0.9735
4_36,1069.65,1087.88,0.9652
4_36,956.56,1041.98,0.1351
4_36,939.03,941.89,0.1349
4_36,759.73,780.46,0.1348
4_36,917.47,924.07,0.1346
4_36,1140.4,1149.44,0.1327
4_36,1116.02,1118.97,0.1324
4_36,627.81,689.05,0.1321
4_36,1153.6,1171.19,0.1305
4_36,1042.75,1048.8,0.1286
4_36,884.58,890.32,0.022
4_36,688.14,709.37,0.019
4_36,939.02,941.89,0.0182
4_36,627.98,689.08,0.018
4_36,1116.02,1118.97,0.0177
4_36,735.74,748.06,0.0169
4_36,747.79,756.16,0.0166
4_36,866.18,872.61,0.0142
4_36,801.51,812.78,0.0138
4_36,863.0,885.23,0.0116
4_36,792.78,835.09,0.0087
4_36,893.91,915.63,0.0087
4_36,611.6,615.98,0.0059
4_36,826.28,836.93,0.0056
4_36,973.7,1017.83,0.0053
4_36,1119.58,1124.66,0.0052
4_36,692.95,744.21,0.0051
4_36,941.77,948.44,0.0047
4_36,1077.18,1083.88,0.0043
4_36,908.08,913.93,0.0042
4_36,1153.49,1156.9,0.0041
4_36,644.3,685.57,0.0037
4_36,750.12,756.27,0.0035
4_36,889.34,936.14,0.0034
4_36,727.31,748.08,0.0034
4_36,970.69,973.67,0.0033
4_36,781.5,799.65,0.0032
4_36,973.29,984.1,0.003
4_36,616.16,625.9,0.0027
4_36,798.41,801.46,0.0027
4_36,989.63,1045.29,0.0027
4_36,1161.8,1168.24,0.0026
4_36,890.75,893.53,0.0026
4_36,1153.38,1160.58,0.0025
4_36,756.81,762.81,0.0022
4_36,1091.94,1117.9,0.002
4_36,782.46,785.13,0.002
4_36,626.07,632.44,0.002
4_36,979.81,1001.3,0.0018
4_36,862.11,864.51,0.0016
4_36,883.37,894.13,0.0016
4_36,618.82,621.83,0.0016
4_36,931.45,933.98,0.0016
4_36,949.71,961.69,0.0016
4_36,1049.58,1074.3,0.0014
4_36,794.64,797.58,0.0014
4_36,754.37,756.74,0.0013
4_36,1039.04,1041.98,0.0013
4_36,781.72,788.2,0.0013
4_36,873.4,884.59,0.0013
4_36,801.79,807.19,0.0012
4_36,1143.57,1149.78,0.0012
4_36,991.61,998.34,0.0011
4_36,913.38,918.9,0.0011
4_36,981.55,987.54,0.0011
4_36,936.55,938.72,0.0011
4_36,1109.45,1146.56,0.001
15_2,1167.47,1202.31,0.9996
15_2,928.37,1036.94,0.9996
15_2,615.5,703.86,0.9988
15_2,838.85,923.74,0.9987
15_2,706.0,799.51,0.9963
15_2,815.51,838.39,0.9937
15_2,801.53,814.8,0.993
15_2,1131.2,1132.71,0.9929
15_2,1211.24,1227.65,0.9849
15_2,1122.93,1130.9,0.9811
15_2,1106.32,1122.39,0.9794
15_2,1202.8,1209.93,0.9741
15_2,1022.09,1054.6,0.9638
15_2,1133.66,1190.0,0.8051
15_2,615.61,704.01,0.1356
15_2,838.89,923.97,0.1352
15_2,928.3,1037.36,0.1325
15_2,1131.2,1132.71,0.132
15_2,1202.81,1209.94,0.1311
15_2,801.52,814.78,0.131
15_2,1022.11,1054.6,0.1262
15_2,1202.8,1209.93,0.0178
15_2,615.05,620.56,0.0167
15_2,704.28,750.36,0.014
15_2,1106.64,1117.35,0.0121
15_2,1116.86,1119.81,0.0117
15_2,1170.94,1192.12,0.0074
15_2,902.47,924.1,0.0069
15_2,616.12,663.77,0.0068
15_2,979.09,991.67,0.0065
15_2,814.35,827.64,0.0059
15_2,928.73,934.06,0.0056
15_2,1144.22,1167.49,0.0053
15_2,662.24,669.05,0.0048
15_2,839.3,860.37,0.0042
15_2,1055.18,1078.59,0.0042
15_2,991.9,994.3,0.0042
15_2,1193.02,1203.16,0.0041
15_2,1021.85,1034.38,0.0037
15_2,1105.9,1111.4,0.0036
15_2,710.21,804.23,0.0033
15_2,705.08,711.45,0.0032
15_2,1192.18,1194.96,0.0032
15_2,1102.38,1104.57,0.0028
15_2,1104.44,1188.17,0.0028
15_2,1029.74,1052.72,0.0028
15_2,967.76,1024.72,0.0028
15_2,926.64,929.43,0.0024
15_2,1218.28,1228.8,0.0024
15_2,706.17,735.35,0.0021
15_2,1189.72,1192.19,0.002
15_2,679.53,703.02,0.002
15_2,694.9,700.38,0.0018
15_2,1043.83,1053.91,0.0018
15_2,840.07,886.76,0.0017
15_2,618.73,621.83,0.0016
15_2,667.68,680.39,0.0016
15_2,928.92,948.91,0.0015
15_2,1216.4,1227.94,0.0015
15_2,1146.38,1153.21,0.0015
15_2,1054.58,1097.36,0.0015
15_2,1138.66,1141.04,0.0014
15_2,1083.0,1093.72,0.0013
15_2,951.87,963.63,0.0012
15_2,1141.87,1147.32,0.0012
15_2,1110.16,1116.57,0.0012
15_2,974.99,994.73,0.0012
15_2,618.33,642.32,0.0012
15_2,947.68,950.15,0.0011
15_2,1017.98,1020.33,0.0011
15_2,1130.04,1134.04,0.0011
15_2,1005.46,1008.34,0.001
15_2,1167.24,1179.19,0.001
8_30,698.92,718.55,0.9975
8_30,670.05,680.6,0.9958
8_30,614.39,669.31,0.9952
8_30,681.36,699.05,0.9915
8_30,732.05,810.95,0.9792
8_30,718.41,728.83,0.9708
8_30,614.36,669.26,0.133
8_30,670.04,680.6,0.1329
8_30,614.42,669.39,0.0181
8_30,666.45,668.87,0.0092
8_30,627.52,639.47,0.0079
8_30,852.06,891.94,0.0055
8_30,654.42,657.38,0.0051
8_30,672.33,678.29,0.0051
8_30,630.46,633.38,0.0034
8_30,678.88,698.14,0.0032
8_30,775.3,786.62,0.0028
8_30,912.12,931.85,0.0026
8_30,686.22,691.62,0.0026
8_30,621.62,624.31,0.0025
8_30,786.41,789.07,0.0024
8_30,916.86,922.15,0.0021
8_30,814.48,897.19,0.002
8_30,718.86,730.8,0.002
8_30,656.4,661.96,0.0019
8_30,645.42,648.37,0.0019
8_30,815.29,827.45,0.0018
8_30,929.77,932.39,0.0017
8_30,931.51,937.06,0.0015
8_30,857.58,863.68,0.0015
8_30,942.1,947.7,0.0015
8_30,792.39,803.64,0.0014
8_30,702.38,714.18,0.0014
8_30,901.41,904.32,0.0013
8_30,680.41,682.77,0.0013
8_30,972.73,978.99,0.0013
8_30,890.19,893.26,0.0013
8_30,693.39,696.51,0.0013
8_30,696.93,699.37,0.0012
8_30,737.14,781.97,0.0011
8_30,953.04,958.88,0.0011
8_30,935.58,945.97,0.0011
10_16,717.47,731.79,0.9999
10_16,1020.29,1068.28,0.9996
10_16,777.46,791.5,0.9996
10_16,920.3,950.01,0.9995
10_16,830.37,877.52,0.9981
10_16,734.44,753.07,0.998
10_16,671.49,713.77,0.9979
10_16,903.33,911.92,0.9962
10_16,645.84,671.24,0.9958
10_16,951.97,954.66,0.9945
10_16,977.7,988.03,0.994
10_16,1069.48,1094.48,0.993
10_16,954.64,961.26,0.9911
10_16,1109.41,1129.25,0.9899
10_16,616.56,643.38,0.9896
10_16,753.28,775.26,0.9894
10_16,990.45,1019.86,0.9865
10_16,812.85,825.12,0.9814
10_16,892.33,909.03,0.8352
10_16,734.47,753.07,0.1359
10_16,920.3,950.01,0.1352
10_16,951.97,954.66,0.1346
10_16,616.52,643.37,0.1345
10_16,1109.4,1129.26,0.1343
10_16,645.8,671.25,0.1339
10_16,1020.25,1068.27,0.1331
10_16,1069.47,1094.52,0.132
10_16,903.33,911.92,0.1124
10_16,912.52,918.71,0.039
10_16,920.29,949.99,0.018
10_16,883.46,894.34,0.0142
10_16,948.83,951.86,0.0131
10_16,646.48,649.45,0.0123
10_16,961.74,966.84,0.0095
10_16,788.9,799.25,0.0081
10_16,1067.2,1071.94,0.0072
10_16,908.87,911.59,0.0064
10_16,1010.55,1016.38,0.0063
10_16,700.41,711.96,0.0055
10_16,952.54,988.35,0.0051
10_16,902.92,905.41,0.005
10_16,775.5,794.65,0.0046
10_16,886.66,892.2,0.0044
10_16,1019.85,1022.87,0.0043
10_16,1002.83,1080.54,0.004
10_16,996.08,1008.7,0.0039
10_16,893.15,903.81,0.0039
10_16,797.18,883.74,0.0039
10_16,772.45,774.89,0.0037
10_16,630.49,641.71,0.0036
10_16,671.99,683.87,0.0035
10_16,713.49,731.77,0.0034
10_16,846.59,869.23,0.0031
10_16,890.2,892.95,0.0028
10_16,779.54,785.5,0.0027
10_16,719.26,725.06,0.0024
10_16,987.61,994.11,0.0023
10_16,866.75,878.65,0.0023
10_16,794.03,796.33,0.0022
10_16,724.68,759.14,0.0022
10_16,768.96,772.33,0.0022
10_16,953.46,963.17,0.0022
10_16,644.54,678.72,0.002
10_16,1153.33,1159.31,0.0018
10_16,914.89,998.32,0.0017
10_16,812.02,833.17,0.0017
10_16,1099.09,1133.78,0.0016
10_16,887.74,890.27,0.0016
10_16,896.41,902.42,0.0014
10_16,796.38,807.47,0.0014
10_16,673.53,676.65,0.0014
10_16,1068.43,1109.29,0.0013
10_16,1020.42,1044.74,0.0013
10_16,641.9,644.38,0.0013
10_16,970.03,980.02,0.0013
10_16,614.71,617.42,0.0012
10_16,659.39,671.79,0.0012
10_16,914.75,917.71,0.0011
10_16,721.96,725.06,0.0011
10_16,920.17,931.8,0.0011
10_16,1131.94,1137.61,0.0011
10_16,673.8,721.23,0.001
10_16,814.83,821.4,0.001
12_15,695.94,709.04,0.9981
12_15,643.77,680.47,0.9979
12_15,722.16,730.7,0.9979
12_15,753.16,759.86,0.9972
12_15,631.51,636.86,0.9969
12_15,624.02,628.3,0.9951
12_15,794.61,802.37,0.9938
12_15,736.59,743.0,0.9889
12_15,766.0,774.83,0.9845
12_15,643.82,680.52,0.1362
12_15,722.15,730.7,0.1355
12_15,753.16,759.86,0.135
12_15,631.51,636.86,0.1349
12_15,695.94,709.05,0.1337
12_15,736.59,743.01,0.1322
12_15,710.88,723.0,0.0266
12_15,1054.01,1059.74,0.0107
12_15,612.42,646.14,0.0102
12_15,949.22,955.28,0.0098
12_15,783.36,785.82,0.0078
12_15,965.99,968.77,0.0066
12_15,681.32,693.05,0.0061
12_15,670.79,673.15,0.0053
12_15,699.64,702.8,0.0053
12_15,944.03,967.5,0.0051
12_15,785.94,795.36,0.005
12_15,1055.43,1057.71,0.0046
12_15,720.15,722.6,0.0044
12_15,775.71,786.41,0.0043
12_15,884.56,922.52,0.0034
12_15,638.15,640.92,0.0034
12_15,659.49,662.79,0.0032
12_15,993.16,996.11,0.0032
12_15,642.14,664.47,0.003
12_15,722.46,724.86,0.003
12_15,873.64,894.15,0.0029
12_15,1042.34,1053.0,0.0029
12_15,1015.68,1018.45,0.0028
12_15,860.23,866.28,0.0028
12_15,692.74,770.93,0.0027
12_15,641.17,644.23,0.0025
12_15,796.12,801.97,0.0025
12_15,974.68,977.23,0.0025
12_15,766.55,776.6,0.0024
12_15,688.42,693.72,0.0023
12_15,1062.98,1065.24,0.0022
12_15,744.1,753.48,0.0021
12_15,888.83,894.86,0.002
12_15,723.21,729.27,0.0019
12_15,934.62,940.73,0.0019
12_15,858.17,860.35,0.0019
12_15,922.08,934.32,0.0018
12_15,589.19,630.87,0.0017
12_15,984.78,990.76,0.0016
12_15,912.56,917.55,0.0016
12_15,871.46,873.78,0.0016
12_15,627.76,632.65,0.0015
12_15,793.6,795.78,0.0015
12_15,759.74,765.42,0.0015
12_15,1059.35,1062.06,0.0014
12_15,750.16,752.84,0.0014
12_15,802.25,805.02,0.0014
12_15,834.92,846.0,0.0014
12_15,1024.14,1026.8,0.0014
12_15,953.17,955.95,0.0014
12_15,774.62,813.38,0.0013
12_15,1050.98,1061.48,0.0013
12_15,924.95,967.62,0.0013
12_15,1018.57,1023.39,0.0012
12_15,753.95,760.19,0.0012
12_15,715.21,753.1,0.0012
12_15,954.84,957.8,0.0011
12_15,1059.64,1069.89,0.0011
12_15,668.76,679.46,0.001
12_15,731.24,736.73,0.001
12_15,990.09,992.64,0.001
12_15,1034.86,1046.9,0.001
13_20,1099.67,1112.11,0.9998
13_20,889.27,913.59,0.9997
13_20,1113.24,1134.84,0.9995
13_20,1078.74,1082.7,0.9987
13_20,666.99,686.23,0.9983
13_20,1053.85,1078.56,0.9981
13_20,918.16,1025.85,0.9981
13_20,640.99,661.88,0.998
13_20,712.77,788.08,0.9976
13_20,867.21,888.14,0.9975
13_20,698.11,706.59,0.994
13_20,853.08,862.12,0.9928
13_20,889.27,913.61,0.1357
13_20,667.0,686.22,0.1354
13_20,1113.24,1134.85,0.1349
13_20,1099.67,1112.11,0.1348
13_20,640.99,661.89,0.1343
13_20,891.36,893.84,0.0222
13_20,639.0,644.6,0.0134
13_20,770.43,773.07,0.0123
13_20,939.24,988.51,0.0097
13_20,819.14,821.59,0.0087
13_20,876.2,881.99,0.0084
13_20,1074.78,1076.63,0.0082
13_20,1127.26,1129.71,0.008
13_20,687.49,699.1,0.0079
13_20,765.15,770.46,0.0076
13_20,698.78,704.78,0.0075
13_20,852.64,858.42,0.0069
13_20,663.75,699.63,0.0061
13_20,852.41,889.88,0.0059
13_20,1104.77,1107.61,0.0056
13_20,1094.63,1100.75,0.0056
13_20,1123.42,1126.13,0.0049
13_20,1154.34,1160.1,0.0046
13_20,1090.83,1112.46,0.0044
13_20,614.69,646.37,0.004
13_20,672.35,684.04,0.0039
13_20,812.39,815.34,0.0037
13_20,1056.21,1059.21,0.0036
13_20,706.85,717.57,0.0036
13_20,799.82,802.48,0.0034
13_20,944.46,966.88,0.0032
13_20,826.96,832.63,0.003
13_20,656.62,659.71,0.003
13_20,616.94,619.45,0.0027
13_20,704.09,706.92,0.0026
13_20,1155.93,1158.62,0.0025
13_20,879.68,882.23,0.0025
13_20,913.42,932.25,0.0025
13_20,1044.44,1055.31,0.0023
13_20,658.47,668.05,0.0021
13_20,1070.04,1076.22,0.0021
13_20,832.35,844.78,0.0021
13_20,800.18,821.31,0.0019
13_20,846.29,923.97,0.0017
13_20,776.09,786.47,0.0017
13_20,995.91,1018.59,0.0017
13_20,869.73,872.18,0.0017
13_20,612.87,618.18,0.0016
13_20,1053.57,1056.3,0.0015
13_20,1119.64,1122.31,0.0015
13_20,1081.2,1102.0,0.0015
13_20,619.58,624.65,0.0014
13_20,875.54,886.18,0.0014
13_20,1134.54,1139.98,0.0013
13_20,923.75,926.84,0.0013
13_20,764.09,770.08,0.0013
13_20,1115.87,1127.66,0.0013
13_20,1044.38,1047.06,0.0013
13_20,751.76,754.62,0.0012
13_20,849.95,852.5,0.0012
13_20,1076.2,1078.76,0.0012
13_20,626.75,629.41,0.0012
13_20,998.99,1002.22,0.0012
13_20,1146.33,1149.02,0.0011
13_20,1053.89,1075.45,0.0011
13_20,1088.21,1091.26,0.0011
13_20,784.09,794.86,0.0011
13_20,668.39,680.32,0.0011
13_20,809.54,811.97,0.001
21_14,877.1,886.9,0.9998
21_14,621.97,644.73,0.9989
21_14,836.25,847.69,0.9982
21_14,721.11,738.35,0.9974
21_14,895.05,903.44,0.9957
21_14,704.25,718.58,0.9936
21_14,674.51,685.22,0.9934
21_14,862.21,876.55,0.9923
21_14,812.63,835.49,0.9918
21_14,648.72,660.68,0.9909
21_14,847.87,861.85,0.9905
21_14,694.25,700.07,0.9885
21_14,756.04,795.17,0.987
21_14,888.03,894.22,0.9847
21_14,621.95,644.76,0.1359
21_14,877.1,886.9,0.135
21_14,895.05,903.44,0.1346
21_14,674.49,685.22,0.1342
21_14,862.2,876.55,0.1341
21_14,694.26,700.06,0.134
21_14,704.25,718.58,0.1339
21_14,888.02,894.22,0.1339
21_14,836.24,847.69,0.1333
21_14,847.85,861.84,0.1284
21_14,895.05,903.44,0.0181
21_14,836.23,847.69,0.0181
21_14,726.21,737.43,0.0121
21_14,766.76,777.07,0.0109
21_14,881.83,884.55,0.0082
21_14,902.75,905.38,0.007
21_14,752.22,755.05,0.0056
21_14,726.38,729.51,0.0054
21_14,900.67,944.93,0.0053
21_14,701.95,722.19,0.0052
21_14,756.54,759.09,0.0046
21_14,1140.07,1151.49,0.0044
21_14,1083.17,1088.85,0.0041
21_14,637.89,644.16,0.0039
21_14,1019.15,1029.73,0.0038
21_14,1063.02,1074.22,0.0037
21_14,633.47,636.22,0.0037
21_14,1097.27,1099.98,0.0036
21_14,1126.62,1129.67,0.003
21_14,935.98,941.5,0.0029
21_14,624.67,629.86,0.0028
21_14,889.27,891.85,0.0027
21_14,907.06,928.03,0.0026
21_14,1116.02,1127.75,0.0023
21_14,686.67,689.5,0.0021
21_14,1103.7,1114.92,0.0021
21_14,761.33,782.6,0.0019
21_14,990.25,996.04,0.0019
21_14,763.9,766.55,0.0018
21_14,896.65,899.61,0.0017
21_14,968.75,1010.86,0.0017
21_14,1135.54,1141.01,0.0016
21_14,968.75,974.84,0.0016
21_14,774.89,780.53,0.0016
21_14,878.18,880.73,0.0016
21_14,959.5,962.6,0.0016
21_14,924.28,927.41,0.0015
21_14,735.28,752.71,0.0015
21_14,838.72,844.24,0.0015
21_14,974.38,980.13,0.0015
21_14,618.33,655.49,0.0015
21_14,825.56,828.57,0.0014
21_14,1060.56,1063.13,0.0014
21_14,787.18,790.3,0.0014
21_14,1115.2,1120.81,0.0013
21_14,808.12,811.21,0.0013
21_14,589.86,627.34,0.0013
21_14,966.31,968.96,0.0012
21_14,758.71,768.9,0.0012
21_14,682.95,701.89,0.0012
21_14,1054.1,1059.66,0.0012
21_14,668.25,673.95,0.0011
21_14,718.72,721.57,0.0011
21_14,1083.61,1086.18,0.0011
21_14,1033.83,1039.58,0.0011
21_14,945.24,986.79,0.0011
21_14,879.73,886.41,0.001
21_14,903.13,905.72,0.001
21_14,749.36,752.62,0.001
21_14,813.84,816.74,0.001
5_27,741.88,827.8,0.9989
5_27,671.78,679.16,0.9972
5_27,1053.41,1064.72,0.9955
5_27,692.38,713.24,0.9945
5_27,1134.44,1156.9,0.994
5_27,1157.32,1198.46,0.9921
5_27,1069.36,1080.93,0.9905
5_27,616.6,666.68,0.9899
5_27,834.75,842.06,0.9841
5_27,1207.97,1222.41,0.9835
5_27,849.45,857.09,0.981
5_27,719.56,733.13,0.9797
5_27,1081.06,1134.18,0.9736
5_27,868.32,919.46,0.9621
5_27,925.52,1044.29,0.9465
5_27,1053.4,1064.73,0.1349
5_27,671.78,679.16,0.1342
5_27,1134.44,1156.91,0.1336
5_27,719.55,733.14,0.1324
5_27,616.72,666.67,0.1316
5_27,1207.96,1222.38,0.1307
5_27,868.36,919.46,0.129
5_27,839.71,858.67,0.0219
5_27,671.79,679.16,0.0181
5_27,1201.06,1206.85,0.0173
5_27,678.82,684.44,0.0161
5_27,1029.41,1051.63,0.0136
5_27,1204.5,1208.25,0.0117
5_27,734.97,745.07,0.0116
5_27,678.33,692.06,0.0105
5_27,664.43,671.09,0.0099
5_27,1067.59,1144.07,0.0092
5_27,1068.42,1088.1,0.008
5_27,1090.42,1093.99,0.0078
5_27,1197.58,1208.54,0.0075
5_27,738.75,750.4,0.0074
5_27,667.42,670.08,0.0069
5_27,1154.82,1160.42,0.0069
5_27,617.07,622.51,0.0064
5_27,1003.4,1006.09,0.0064
5_27,816.38,859.2,0.0063
5_27,1033.16,1044.37,0.0063
5_27,1218.26,1224.08,0.0058
5_27,711.17,721.57,0.0055
5_27,1140.17,1212.28,0.005
5_27,834.86,844.33,0.0048
5_27,998.25,1047.72,0.0044
5_27,1124.9,1135.54,0.0043
5_27,645.78,667.68,0.0042
5_27,762.19,764.59,0.0042
5_27,1155.37,1158.27,0.004
5_27,678.75,681.42,0.0039
5_27,847.53,868.0,0.0037
5_27,1042.63,1052.78,0.0036
5_27,665.63,668.59,0.0036
5_27,683.53,717.55,0.0034
5_27,669.69,671.99,0.0033
5_27,876.62,889.74,0.0033
5_27,720.96,745.07,0.0033
5_27,823.46,842.62,0.0031
5_27,1193.22,1204.57,0.0031
5_27,743.76,749.63,0.003
5_27,1003.78,1014.92,0.0029
5_27,1042.4,1044.99,0.0029
5_27,1071.68,1096.24,0.0029
5_27,1203.95,1209.15,0.0029
5_27,668.47,690.52,0.0026
5_27,1016.22,1027.87,0.0026
5_27,738.9,743.9,0.0025
5_27,914.03,929.61,0.0024
5_27,717.41,720.42,0.0024
5_27,928.32,1026.1,0.0024
5_27,1118.99,1128.94,0.0024
5_27,749.19,761.7,0.0023
5_27,1208.33,1214.72,0.0023
5_27,688.32,691.04,0.0023
5_27,892.45,916.76,0.0023
5_27,759.3,765.83,0.0022
5_27,884.24,890.54,0.0022
5_27,1190.46,1193.66,0.0021
5_27,856.07,859.03,0.0021
5_27,681.24,684.03,0.002
5_27,1147.35,1150.31,0.0019
5_27,752.7,755.53,0.0018
5_27,1070.47,1081.99,0.0018
5_27,1001.02,1006.43,0.0018
5_27,1037.64,1040.42,0.0018
5_27,696.25,737.77,0.0017
5_27,1164.34,1192.74,0.0017
5_27,1191.61,1197.77,0.0017
5_27,1155.92,1161.2,0.0017
5_27,730.82,733.4,0.0016
5_27,887.78,899.21,0.0015
5_27,612.89,615.9,0.0015
5_27,1036.93,1048.91,0.0015
5_27,1127.52,1137.52,0.0014
5_27,974.57,988.09,0.0014
5_27,1016.73,1019.58,0.0013
5_27,709.74,714.96,0.0013
5_27,996.22,1002.63,0.0013
5_27,731.08,741.65,0.0013
5_27,715.98,721.8,0.0013
5_27,667.84,670.94,0.0013
5_27,845.03,850.52,0.0013
5_27,1046.33,1064.95,0.0013
5_27,865.12,868.36,0.0012
5_27,827.83,830.79,0.0012
5_27,1183.57,1205.92,0.0012
5_27,679.54,682.61,0.0012
5_27,689.69,692.52,0.0012
5_27,830.92,834.12,0.0012
5_27,1005.65,1010.82,0.0012
5_27,1087.95,1112.27,0.0011
5_27,905.34,917.29,0.0011
5_27,871.02,894.18,0.0011
5_27,1204.48,1207.33,0.0011
5_27,1122.54,1154.78,0.0011
5_27,741.46,744.37,0.0011
5_27,684.96,687.86,0.0011
5_27,748.67,842.17,0.0011
5_27,1195.98,1198.56,0.0011
5_27,1202.31,1205.1,0.001
5_27,889.09,892.25,0.001
5_27,1055.35,1058.06,0.001
5_27,608.72,617.37,0.001
5_27,1203.74,1223.28,0.001
13_18,793.83,816.93,0.9995
13_18,988.48,1025.04,0.9975
13_18,951.73,971.64,0.9973
13_18,825.01,897.23,0.9971
13_18,1163.02,1183.76,0.9937
13_18,715.99,779.16,0.9936
13_18,910.23,937.89,0.9921
13_18,1031.5,1138.97,0.9878
13_18,656.64,704.49,0.9819
13_18,1217.11,1228.8,0.9197
13_18,825.0,897.22,0.1349
13_18,910.26,937.86,0.1348
13_18,951.72,971.62,0.1336
13_18,1031.47,1139.03,0.133
13_18,1220.74,1228.8,0.0178
13_18,785.31,820.38,0.0109
13_18,715.09,725.37,0.0104
13_18,986.91,1011.66,0.0099
13_18,617.7,659.96,0.0097
13_18,1206.55,1228.8,0.0092
13_18,1184.03,1195.55,0.0065
13_18,1164.9,1184.94,0.0049
13_18,707.55,716.9,0.0047
13_18,650.53,701.72,0.0043
13_18,989.36,1029.53,0.004
13_18,874.49,899.12,0.0038
13_18,825.27,830.18,0.0037
13_18,689.66,700.09,0.0035
13_18,1032.93,1044.47,0.0034
13_18,1199.61,1222.65,0.0034
13_18,839.6,845.49,0.0031
13_18,716.52,723.41,0.003
13_18,952.28,958.81,0.0026
13_18,1049.04,1063.37,0.0024
13_18,909.42,921.71,0.0021
13_18,822.36,842.44,0.002
13_18,1224.95,1228.8,0.002
13_18,1192.36,1197.3,0.0019
13_18,912.36,989.89,0.0019
13_18,897.26,899.96,0.0018
13_18,901.76,907.36,0.0018
13_18,987.3,1000.68,0.0015
13_18,690.72,693.79,0.0015
13_18,965.0,1027.19,0.0012
13_18,617.9,643.91,0.0011
13_18,940.96,953.0,0.0011
13_18,783.75,795.58,0.0011
13_18,841.65,864.72,0.0011
13_18,818.43,828.18,0.001
13_18,715.9,718.79,0.001
13_18,807.33,817.93,0.001
22_26,791.4,813.92,0.9994
22_26,910.4,916.8,0.9987
22_26,760.79,789.3,0.9986
22_26,734.7,745.22,0.9977
22_26,852.26,894.02,0.9963
22_26,700.5,709.21,0.995
22_26,669.89,688.78,0.9949
22_26,665.7,670.5,0.9922
22_26,832.5,847.21,0.9907
22_26,891.61,898.82,0.9907
22_26,820.81,827.11,0.9836
22_26,632.99,662.68,0.9716
22_26,910.4,916.8,0.1359
22_26,852.29,894.04,0.1344
22_26,665.7,670.5,0.1342
22_26,700.5,709.21,0.1338
22_26,820.81,827.11,0.1331
22_26,891.61,898.81,0.1323
22_26,760.82,789.32,0.1317
22_26,891.61,898.81,0.0177
22_26,708.3,717.92,0.0145
22_26,911.19,913.83,0.0117
22_26,990.5,996.06,0.0098
22_26,1150.45,1153.5,0.0095
22_26,791.28,828.1,0.0076
22_26,974.79,978.18,0.0072
22_26,640.45,651.67,0.0066
22_26,900.06,943.68,0.0061
22_26,1024.67,1035.92,0.0055
22_26,826.47,847.79,0.0052
22_26,810.29,819.53,0.005
22_26,946.93,949.43,0.005
22_26,731.98,734.53,0.0048
22_26,676.96,687.97,0.0047
22_26,995.93,1001.32,0.0044
22_26,916.56,921.98,0.0042
22_26,721.97,733.04,0.004
22_26,986.14,997.8,0.004
22_26,686.1,696.5,0.0037
22_26,925.42,930.93,0.0037
22_26,615.53,636.99,0.0036
22_26,1119.18,1125.05,0.0035
22_26,1096.99,1120.53,0.0032
22_26,909.37,919.26,0.003
22_26,980.49,986.4,0.003
22_26,721.67,726.58,0.0029
22_26,986.91,1064.18,0.0026
22_26,708.35,720.77,0.0024
22_26,913.33,915.89,0.0024
22_26,622.82,704.84,0.0023
22_26,695.43,778.25,0.0022
22_26,1022.62,1025.42,0.0022
22_26,1131.28,1143.07,0.0022
22_26,904.97,907.59,0.002
22_26,755.82,793.86,0.002
22_26,1076.83,1098.49,0.002
22_26,743.71,753.75,0.0018
22_26,1142.74,1153.38,0.0017
22_26,846.89,852.78,0.0016
22_26,730.84,736.82,0.0016
22_26,916.94,919.9,0.0016
22_26,860.02,866.3,0.0016
22_26,654.13,656.75,0.0015
22_26,992.75,995.47,0.0015
22_26,1071.67,1082.74,0.0014
22_26,643.1,649.53,0.0014
22_26,835.33,838.34,0.0013
22_26,965.81,987.08,0.0012
22_26,749.57,760.48,0.0012
22_26,818.7,821.64,0.001
22_26,872.13,892.48,0.001
22_26,715.36,726.51,0.001
22_26,985.42,990.49,0.001
22_26,1158.36,1163.0,0.001
12_119,681.06,692.03,0.9986
12_119,662.92,674.66,0.9985
12_119,731.35,748.98,0.9964
12_119,822.27,836.57,0.9951
12_119,628.7,631.51,0.9889
12_119,757.14,764.04,0.9883
12_119,712.97,718.84,0.9874
12_119,772.98,786.26,0.9784
12_119,633.55,641.98,0.9774
12_119,822.26,836.56,0.135
12_119,757.15,764.04,0.1344
12_119,731.36,748.98,0.1343
12_119,628.7,631.51,0.1342
12_119,662.93,674.67,0.1334
12_119,772.98,786.26,0.1323
12_119,822.28,836.56,0.0183
12_119,757.15,764.04,0.018
12_119,748.24,757.62,0.0096
12_119,861.4,866.4,0.0068
12_119,836.99,848.68,0.006
12_119,679.4,681.87,0.0057
12_119,601.48,623.92,0.0053
12_119,711.98,731.21,0.0051
12_119,884.71,906.89,0.0048
12_119,628.06,632.74,0.0045
12_119,1001.59,1004.79,0.0043
12_119,1050.15,1053.16,0.0038
12_119,636.02,679.21,0.0037
12_119,968.13,1011.76,0.0036
12_119,945.99,965.97,0.0035
12_119,666.65,672.73,0.0035
12_119,854.63,857.19,0.0035
12_119,743.38,754.27,0.0033
12_119,773.58,776.49,0.0032
12_119,699.66,704.4,0.0032
12_119,727.46,734.0,0.0032
12_119,830.35,836.15,0.0029
12_119,800.78,822.34,0.0024
12_119,1028.83,1039.85,0.0024
12_119,668.57,671.23,0.0024
12_119,631.85,637.6,0.0023
12_119,706.28,712.5,0.0022
12_119,769.04,791.62,0.0022
12_119,903.04,905.88,0.002
12_119,980.55,983.24,0.002
12_119,834.9,837.41,0.002
12_119,631.4,633.67,0.0017
12_119,736.1,739.24,0.0017
12_119,617.35,623.54,0.0017
12_119,765.28,770.75,0.0016
12_119,1000.89,1006.54,0.0016
12_119,955.28,958.19,0.0015
12_119,930.03,936.59,0.0015
12_119,796.59,799.36,0.0015
12_119,718.48,728.73,0.0015
12_119,897.21,907.71,0.0015
12_119,883.27,889.41,0.0014
12_119,658.98,663.72,0.0014
12_119,850.04,852.63,0.0014
12_119,714.89,717.88,0.0014
12_119,1035.88,1046.04,0.0013
12_119,774.66,777.15,0.0013
12_119,667.3,670.28,0.0013
12_119,848.21,850.93,0.0012
12_119,815.48,820.87,0.0012
12_119,748.13,753.98,0.0011
12_119,677.18,679.83,0.0011
12_119,753.52,772.41,0.0011
12_119,942.43,945.66,0.0011
12_119,734.09,746.03,0.001
12_119,996.26,999.27,0.001
8_26,786.13,851.86,0.9993
8_26,639.61,709.2,0.998
8_26,731.79,765.61,0.9951
8_26,710.24,731.49,0.995
8_26,766.71,782.36,0.9937
8_26,615.48,637.88,0.9909
8_26,639.54,709.16,0.1354
8_26,766.7,782.36,0.1343
8_26,766.69,782.35,0.0175
8_26,726.61,732.68,0.0121
8_26,791.04,829.21,0.0113
8_26,732.01,743.39,0.0113
8_26,933.62,939.37,0.0099
8_26,652.31,657.94,0.0091
8_26,816.65,839.85,0.0088
8_26,876.13,916.22,0.0065
8_26,828.81,831.79,0.0052
8_26,987.38,990.23,0.0051
8_26,720.68,725.91,0.0051
8_26,775.51,781.61,0.0049
8_26,1015.03,1020.25,0.0045
8_26,786.76,875.75,0.0042
8_26,1013.46,1016.24,0.0039
8_26,916.62,934.47,0.0035
8_26,660.11,671.77,0.0033
8_26,997.02,1016.26,0.0029
8_26,858.25,869.07,0.0029
8_26,954.15,965.59,0.0029
8_26,628.65,634.14,0.0026
8_26,874.91,880.67,0.0023
8_26,966.65,988.36,0.0022
8_26,721.96,724.59,0.0021
8_26,961.86,964.29,0.0021
8_26,797.97,821.73,0.002
8_26,1031.73,1034.32,0.002
8_26,672.61,675.04,0.0019
8_26,707.65,712.89,0.0017
8_26,932.17,934.71,0.0015
8_26,670.19,681.7,0.0015
8_26,1055.92,1058.11,0.0015
8_26,998.68,1004.85,0.0014
8_26,704.21,770.54,0.0014
8_26,698.45,700.98,0.0013
8_26,1027.72,1030.13,0.0013
8_26,658.86,704.08,0.0012
8_26,918.49,921.32,0.0012
8_26,767.51,773.16,0.0012
8_26,905.47,916.65,0.0011
8_26,885.62,892.16,0.0011
8_26,813.62,819.1,0.001
17_14,924.1,939.37,0.9988
17_14,672.5,702.22,0.9986
17_14,889.83,905.21,0.9981
17_14,868.98,887.61,0.9974
17_14,702.2,755.41,0.996
17_14,789.67,803.37,0.993
17_14,766.55,779.61,0.9918
17_14,614.41,672.61,0.9901
17_14,826.21,846.38,0.9842
17_14,846.38,849.74,0.9757
17_14,803.38,819.82,0.9566
17_14,924.1,939.35,0.1354
17_14,789.66,803.38,0.1352
17_14,614.39,672.49,0.1352
17_14,889.84,905.21,0.1351
17_14,672.5,702.23,0.1344
17_14,766.55,779.61,0.1326
17_14,702.25,755.36,0.1325
17_14,956.62,967.58,0.0218
17_14,777.55,788.4,0.0194
17_14,789.65,803.38,0.0183
17_14,889.84,905.22,0.0183
17_14,614.41,672.48,0.0182
17_14,672.5,702.25,0.0181
17_14,924.12,939.37,0.018
17_14,938.28,957.46,0.014
17_14,962.32,965.38,0.0137
17_14,825.19,828.06,0.011
17_14,906.63,924.16,0.0107
17_14,947.82,1027.3,0.0077
17_14,905.77,911.57,0.0064
17_14,697.76,700.37,0.006
17_14,804.88,816.04,0.0055
17_14,917.95,920.81,0.0054
17_14,819.85,831.24,0.0054
17_14,902.48,941.58,0.0052
17_14,966.41,969.57,0.005
17_14,1129.29,1134.66,0.0049
17_14,1060.39,1063.22,0.0048
17_14,1017.04,1026.48,0.0048
17_14,805.55,808.03,0.0048
17_14,1026.65,1032.15,0.0046
17_14,725.92,731.45,0.004
17_14,621.73,628.23,0.0039
17_14,775.33,777.82,0.0035
17_14,1000.86,1012.46,0.0033
17_14,843.13,848.9,0.0033
17_14,610.46,617.83,0.0031
17_14,809.48,811.76,0.003
17_14,884.77,887.97,0.003
17_14,767.66,770.38,0.0029
17_14,1013.36,1016.45,0.0026
17_14,1032.76,1038.72,0.0025
17_14,680.3,683.25,0.0023
17_14,1045.05,1048.04,0.0022
17_14,1110.56,1113.47,0.0022
17_14,993.33,1003.42,0.0021
17_14,910.06,913.15,0.002
17_14,1017.71,1020.42,0.002
17_14,964.68,967.2,0.002
17_14,1077.68,1083.47,0.0019
17_14,847.85,868.25,0.0019
17_14,674.91,677.79,0.0018
17_14,907.48,910.52,0.0017
17_14,1103.01,1124.73,0.0017
17_14,622.7,625.35,0.0016
17_14,939.58,942.91,0.0016
17_14,822.93,825.14,0.0016
17_14,936.64,975.94,0.0016
17_14,1029.21,1031.66,0.0015
17_14,857.87,860.55,0.0015
17_14,1020.43,1023.06,0.0015
17_14,865.33,886.34,0.0015
17_14,948.22,954.44,0.0014
17_14,706.81,709.47,0.0014
17_14,1155.03,1157.52,0.0013
17_14,1059.02,1069.7,0.0013
17_14,769.15,791.27,0.0013
17_14,972.97,985.23,0.0013
17_14,1136.34,1141.88,0.0012
17_14,1046.76,1052.44,0.0011
17_14,827.63,830.16,0.0011
17_14,898.34,901.23,0.0011
17_14,670.07,763.38,0.001
17_14,1015.57,1099.72,0.001
1_36,826.73,866.14,0.9995
1_36,767.4,786.05,0.999
1_36,695.14,732.49,0.9987
1_36,740.94,766.42,0.9911
1_36,872.28,875.09,0.9834
1_36,615.73,642.31,0.983
1_36,786.64,809.46,0.9811
1_36,866.39,872.28,0.9802
1_36,642.72,691.83,0.98
1_36,811.06,855.55,0.5708
1_36,695.12,732.46,0.1354
1_36,740.89,766.45,0.1347
1_36,615.73,642.31,0.1303
1_36,811.0,855.5,0.0777
1_36,746.22,749.28,0.0238
1_36,740.92,766.42,0.0177
1_36,667.32,691.04,0.0092
1_36,755.66,761.09,0.0064
1_36,998.64,1001.56,0.0063
1_36,1078.24,1089.88,0.0058
1_36,862.06,864.9,0.0057
1_36,903.72,914.7,0.0048
1_36,696.24,721.33,0.0046
1_36,642.92,663.57,0.0041
1_36,1107.59,1129.13,0.0041
1_36,673.1,679.37,0.0038
1_36,873.86,918.04,0.0037
1_36,980.61,985.93,0.0035
1_36,1104.29,1107.06,0.0033
1_36,834.7,840.0,0.0032
1_36,1091.74,1097.22,0.003
1_36,955.02,993.63,0.0028
1_36,765.79,783.02,0.0027
1_36,614.66,617.32,0.0026
1_36,1013.94,1016.87,0.0026
1_36,732.6,743.26,0.0026
1_36,857.63,860.58,0.0022
1_36,774.83,786.75,0.0019
1_36,966.82,972.45,0.0019
1_36,955.79,958.81,0.0017
1_36,1095.58,1106.31,0.0016
1_36,766.98,806.85,0.0015
1_36,618.17,631.76,0.0014
1_36,712.67,715.41,0.0014
1_36,758.05,760.52,0.0014
1_36,814.1,883.98,0.0013
1_36,1090.3,1169.82,0.0013
1_36,1042.42,1045.21,0.0013
1_36,837.03,839.67,0.0012
1_36,871.55,876.05,0.0011
1_36,863.9,866.25,0.0011
1_36,673.07,684.41,0.0011
1_36,1032.43,1039.1,0.0011
1_36,684.99,690.85,0.0011
18_19,1074.91,1076.51,0.9989
18_19,940.41,950.54,0.9964
18_19,819.4,862.46,0.9957
18_19,867.49,922.39,0.9953
18_19,733.12,788.66,0.9938
18_19,616.11,730.43,0.9924
18_19,922.87,940.19,0.9913
18_19,970.68,983.6,0.9899
18_19,953.17,970.8,0.9891
18_19,1016.33,1074.8,0.9857
18_19,791.4,819.41,0.9817
18_19,984.22,1013.07,0.98
18_19,733.02,788.61,0.1359
18_19,819.35,862.47,0.1355
18_19,615.99,730.32,0.1353
18_19,867.56,922.3,0.1348
18_19,922.89,940.19,0.1346
18_19,1016.43,1074.82,0.1342
18_19,791.42,819.43,0.1329
18_19,953.18,970.79,0.1321
18_19,867.55,922.39,0.0184
18_19,791.41,819.46,0.018
18_19,733.04,788.64,0.018
18_19,785.96,792.06,0.017
18_19,996.59,1009.18,0.0161
18_19,970.18,990.97,0.0064
18_19,1076.25,1087.58,0.0051
18_19,937.4,952.65,0.0043
18_19,797.43,870.79,0.0039
18_19,760.51,784.05,0.0036
18_19,1043.17,1065.08,0.0036
18_19,1068.29,1071.38,0.0034
18_19,1154.0,1156.44,0.0033
18_19,735.49,759.7,0.0032
18_19,1032.73,1035.53,0.003
18_19,1074.67,1077.19,0.0026
18_19,1105.08,1108.21,0.0025
18_19,856.65,862.92,0.0024
18_19,629.77,642.08,0.0023
18_19,837.23,859.21,0.0022
18_19,1113.32,1115.98,0.0021
18_19,778.7,784.5,0.002
18_19,1077.08,1098.72,0.0019
18_19,745.48,748.82,0.0019
18_19,1065.08,1076.38,0.0018
18_19,1125.67,1136.03,0.0017
18_19,927.92,940.46,0.0017
18_19,695.39,720.03,0.0016
18_19,953.81,966.47,0.0016
18_19,1013.79,1025.55,0.0015
18_19,740.44,752.83,0.0015
18_19,878.02,884.21,0.0014
18_19,849.29,855.04,0.0013
18_19,832.55,835.57,0.0012
18_19,1005.45,1084.28,0.0012
18_19,940.72,952.47,0.0012
18_19,1084.92,1087.63,0.0012
18_19,734.21,746.64,0.0011
18_19,1076.55,1079.04,0.0011
18_19,1127.96,1131.09,0.0011
18_19,1144.91,1150.58,0.0011
18_19,1121.64,1127.24,0.0011
18_19,902.8,908.57,0.001
18_19,702.59,705.37,0.001
20_39,837.31,874.66,0.9996
20_39,739.84,829.16,0.9991
20_39,829.27,836.92,0.9989
20_39,903.72,935.8,0.9982
20_39,735.6,739.13,0.9965
20_39,675.48,711.69,0.9946
20_39,658.17,665.64,0.993
20_39,935.93,942.41,0.9879
20_39,621.05,656.87,0.9843
20_39,713.13,731.19,0.9802
20_39,873.2,903.18,0.9789
20_39,863.24,866.5,0.9735
20_39,665.86,673.98,0.9546
20_39,912.14,918.84,0.9045
20_39,850.24,862.51,0.7906
20_39,829.28,836.92,0.1351
20_39,658.18,665.65,0.1341
20_39,935.93,942.41,0.1338
20_39,735.61,739.13,0.1326
20_39,863.25,866.51,0.1273
20_39,850.25,862.52,0.1076
20_39,837.32,874.66,0.0831
20_39,829.28,836.92,0.0181
20_39,650.15,658.79,0.0079
20_39,630.42,633.47,0.0073
20_39,808.88,829.37,0.0071
20_39,863.05,869.07,0.0065
20_39,951.25,953.82,0.006
20_39,625.64,646.58,0.0052
20_39,661.39,736.63,0.0052
20_39,1071.31,1083.35,0.0049
20_39,715.26,727.99,0.0047
20_39,703.31,709.35,0.0046
20_39,787.42,790.11,0.0045
20_39,999.33,1022.07,0.0044
20_39,837.51,843.4,0.0043
20_39,1142.04,1153.05,0.0038
20_39,884.18,890.47,0.0037
20_39,682.18,692.03,0.0033
20_39,937.39,957.02,0.0029
20_39,1090.54,1092.9,0.0028
20_39,727.87,733.49,0.0028
20_39,1114.72,1125.66,0.0025
20_39,735.08,771.37,0.0023
20_39,652.05,657.99,0.0022
20_39,1041.33,1047.09,0.0021
20_39,969.0,974.48,0.0021
20_39,1004.67,1017.0,0.0021
20_39,971.29,1046.48,0.0019
20_39,849.97,852.62,0.0018
20_39,818.78,821.67,0.0018
20_39,1061.75,1067.32,0.0018
20_39,959.21,965.29,0.0017
20_39,912.87,918.94,0.0016
20_39,642.97,649.71,0.0015
20_39,765.16,767.84,0.0014
20_39,941.62,953.03,0.0014
20_39,983.57,986.72,0.0014
20_39,716.95,722.93,0.0014
20_39,677.44,714.61,0.0013
20_39,849.73,871.13,0.0013
20_39,739.12,745.63,0.0013
20_39,929.6,935.26,0.0013
20_39,778.68,801.5,0.0013
20_39,999.97,1005.26,0.0013
20_39,809.93,812.5,0.0013
20_39,1045.95,1048.79,0.0013
20_39,1020.21,1032.33,0.0012
20_39,1144.11,1154.83,0.0012
20_39,1082.43,1085.1,0.0012
20_39,909.37,912.35,0.0012
20_39,1089.29,1092.12,0.0011
20_39,684.74,691.07,0.0011
20_39,970.31,992.39,0.0011
20_39,735.18,740.61,0.001
20_39,658.98,680.78,0.001
20_39,634.07,637.21,0.001
20_39,1065.44,1067.92,0.001
20_39,992.41,998.16,0.001
25_4,860.21,862.97,0.9994
25_4,1143.2,1228.8,0.9992
25_4,897.13,913.24,0.9908
25_4,923.26,1091.53,0.9901
25_4,1099.01,1131.03,0.9822
25_4,1132.8,1137.07,0.9799
25_4,876.04,880.52,0.9766
25_4,769.98,774.66,0.9747
25_4,1137.07,1138.13,0.9732
25_4,683.91,690.53,0.9619
25_4,698.29,706.65,0.9508
25_4,860.21,862.98,0.1361
25_4,1143.31,1228.8,0.1354
25_4,1099.03,1130.99,0.1331
25_4,1132.8,1137.06,0.1325
25_4,876.04,880.52,0.1317
25_4,1138.16,1140.69,0.0188
25_4,710.72,713.45,0.0164
25_4,1030.1,1035.27,0.0114
25_4,729.96,771.03,0.0061
25_4,1197.72,1200.22,0.0061
25_4,1076.27,1099.99,0.0059
25_4,899.77,913.44,0.0055
25_4,1175.22,1177.88,0.0051
25_4,871.78,874.67,0.005
25_4,990.51,993.36,0.0043
25_4,759.02,761.69,0.0043
25_4,748.55,755.4,0.0039
25_4,1098.72,1104.49,0.0037
25_4,862.58,865.32,0.0036
25_4,1136.77,1179.94,0.0032
25_4,613.69,640.71,0.0032
25_4,838.39,844.95,0.0032
25_4,774.39,784.5,0.0029
25_4,1133.24,1135.56,0.0028
25_4,788.66,791.98,0.0025
25_4,874.37,898.46,0.0025
25_4,1025.47,1027.69,0.0024
25_4,1014.56,1136.44,0.0023
25_4,793.08,795.35,0.0022
25_4,815.77,822.51,0.0021
25_4,615.25,626.63,0.0021
25_4,850.64,872.79,0.002
25_4,1095.0,1097.92,0.0018
25_4,681.42,707.57,0.0018
25_4,761.4,763.88,0.0018
25_4,984.6,990.5,0.0017
25_4,831.53,834.53,0.0016
25_4,1136.11,1159.05,0.0016
25_4,613.73,678.74,0.0016
25_4,946.15,1089.95,0.0015
25_4,777.62,780.47,0.0014
25_4,775.02,777.23,0.0013
25_4,855.89,858.4,0.0013
25_4,1058.02,1103.42,0.0013
25_4,1226.19,1228.8,0.0013
25_4,697.79,707.76,0.0012
25_4,680.14,684.85,0.0012
25_4,737.99,762.24,0.0012
25_4,714.69,720.68,0.0012
25_4,1099.29,1121.52,0.0012
25_4,876.75,880.03,0.0011
25_4,1216.57,1228.8,0.0011
25_4,1008.92,1011.23,0.001
25_4,723.93,726.62,0.001
10_47,741.46,747.18,0.9999
10_47,846.61,858.09,0.9992
10_47,700.84,713.08,0.9986
10_47,665.35,676.07,0.9975
10_47,778.71,799.64,0.9972
10_47,836.26,843.53,0.9953
10_47,804.95,813.52,0.9952
10_47,754.91,764.28,0.9941
10_47,645.98,653.86,0.9937
10_47,631.22,645.95,0.9935
10_47,615.53,625.43,0.992
10_47,818.51,821.52,0.9902
10_47,821.86,828.81,0.9889
10_47,653.94,664.82,0.9884
10_47,677.54,696.15,0.9884
10_47,772.39,776.67,0.987
10_47,727.64,741.08,0.9842
10_47,829.33,835.73,0.9841
10_47,740.82,741.36,0.9462
10_47,846.61,858.08,0.1354
10_47,665.36,676.08,0.135
10_47,836.26,843.53,0.1345
10_47,631.22,645.95,0.1345
10_47,700.84,713.08,0.1342
10_47,818.51,821.52,0.1342
10_47,645.98,653.85,0.1341
10_47,829.34,835.73,0.1338
10_47,804.95,813.51,0.1312
10_47,631.24,645.95,0.0182
10_47,836.26,843.53,0.0181
10_47,645.98,653.86,0.018
10_47,700.84,713.07,0.0179
10_47,777.96,780.77,0.0158
10_47,798.2,804.09,0.0109
10_47,793.88,799.59,0.01
10_47,860.8,863.8,0.0093
10_47,684.46,687.17,0.0075
10_47,748.28,753.75,0.0073
10_47,618.11,620.95,0.0071
10_47,611.63,630.09,0.0067
10_47,736.48,741.48,0.0064
10_47,634.67,640.83,0.0055
10_47,800.21,838.42,0.005
10_47,719.65,724.5,0.0049
10_47,665.73,671.97,0.0048
10_47,756.79,759.06,0.0045
10_47,732.09,734.51,0.0043
10_47,869.37,944.75,0.0041
10_47,808.28,811.08,0.004
10_47,641.89,723.04,0.004
10_47,1039.63,1042.54,0.0039
10_47,801.26,804.0,0.0039
10_47,944.52,950.04,0.0037
10_47,957.07,963.05,0.0036
10_47,768.35,770.75,0.0031
10_47,863.34,865.91,0.0031
10_47,889.91,895.86,0.003
10_47,903.71,906.41,0.003
10_47,741.04,751.57,0.0029
10_47,813.48,823.57,0.0029
10_47,754.24,757.03,0.0027
10_47,915.36,921.46,0.0027
10_47,1061.47,1071.39,0.0026
10_47,934.64,1008.88,0.0025
10_47,693.86,699.09,0.0025
10_47,657.28,663.56,0.0025
10_47,686.11,692.07,0.0022
10_47,1042.31,1044.8,0.0022
10_47,990.02,992.93,0.002
10_47,766.63,804.76,0.0019
10_47,731.96,737.87,0.0019
10_47,742.96,745.55,0.0018
10_47,663.58,699.81,0.0018
10_47,965.79,968.25,0.0017
10_47,761.85,764.5,0.0017
10_47,789.79,795.24,0.0017
10_47,945.65,957.49,0.0017
10_47,882.08,885.02,0.0017
10_47,815.98,837.49,0.0016
10_47,752.38,754.71,0.0016
10_47,621.79,632.05,0.0016
10_47,756.53,762.38,0.0016
10_47,723.62,725.98,0.0015
10_47,879.1,881.71,0.0015
10_47,785.62,788.78,0.0015
10_47,1062.29,1064.84,0.0013
10_47,777.13,782.35,0.0013
10_47,763.43,773.07,0.0013
10_47,795.28,798.13,0.0012
10_47,681.7,684.58,0.0012
10_47,881.51,900.79,0.0012
10_47,710.96,716.46,0.0011
10_47,745.77,755.87,0.0011
10_47,646.74,666.14,0.0011
10_47,984.94,987.22,0.0011
10_47,1050.76,1072.56,0.0011
10_47,1028.6,1031.18,0.0011
10_47,845.57,867.63,0.001
10_47,635.44,638.07,0.001
10_47,922.95,933.37,0.001
10_47,1031.09,1051.1,0.001
16_10,655.11,692.06,0.9997
16_10,1181.94,1219.17,0.9993
16_10,722.58,754.21,0.9985
16_10,1068.27,1072.31,0.9985
16_10,897.02,934.62,0.9978
16_10,1133.77,1150.93,0.9964
16_10,988.72,999.32,0.9958
16_10,1072.84,1076.46,0.995
16_10,1123.13,1132.98,0.9946
16_10,831.02,843.33,0.9943
16_10,1219.45,1227.15,0.9935
16_10,999.63,1065.86,0.9922
16_10,937.16,971.79,0.9918
16_10,614.51,654.74,0.9917
16_10,866.03,890.72,0.9912
16_10,972.35,979.35,0.9895
16_10,765.73,796.56,0.9866
16_10,846.21,862.55,0.9863
16_10,692.52,719.29,0.9856
16_10,1153.48,1178.4,0.9843
16_10,1077.11,1090.45,0.9755
16_10,798.94,826.75,0.9749
16_10,1178.71,1187.52,0.9551
16_10,614.4,654.77,0.136
16_10,722.59,754.19,0.1353
16_10,999.73,1065.79,0.135
16_10,1068.27,1072.31,0.135
16_10,896.97,934.58,0.1348
16_10,1072.84,1076.47,0.1345
16_10,1219.44,1227.15,0.1342
16_10,765.75,796.52,0.1337
16_10,1153.48,1178.41,0.1322
16_10,831.02,843.33,0.1322
16_10,798.95,826.76,0.1322
16_10,692.49,719.27,0.1318
16_10,972.35,979.34,0.1294
16_10,1181.85,1219.12,0.1287
16_10,1178.71,1187.52,0.1216
16_10,999.61,1065.8,0.0184
16_10,1072.83,1076.46,0.0182
16_10,765.74,796.56,0.0181
16_10,1219.45,1227.15,0.0178
16_10,749.78,768.12,0.0178
16_10,972.35,979.35,0.0176
16_10,1213.2,1219.24,0.0176
16_10,722.62,754.18,0.0173
16_10,1156.67,1162.01,0.0136
16_10,979.1,991.26,0.0094
16_10,1076.29,1098.64,0.0091
16_10,867.42,897.8,0.0081
16_10,1123.22,1129.92,0.0079
16_10,685.35,692.35,0.0063
16_10,858.77,865.03,0.0054
16_10,734.63,745.83,0.0048
16_10,1227.86,1228.8,0.0047
16_10,653.15,655.51,0.0044
16_10,843.06,860.63,0.0043
16_10,654.05,688.99,0.0042
16_10,1165.42,1168.35,0.0041
16_10,1071.78,1119.51,0.0039
16_10,989.95,995.86,0.0035
16_10,1142.94,1148.3,0.0033
16_10,978.84,988.2,0.0031
16_10,935.96,957.96,0.003
16_10,918.09,937.95,0.003
16_10,639.79,653.17,0.0027
16_10,863.39,866.5,0.0025
16_10,1155.66,1161.34,0.0022
16_10,961.46,972.66,0.0022
16_10,999.72,1005.62,0.0021
16_10,1180.03,1203.21,0.0019
16_10,1042.29,1065.35,0.0019
16_10,1178.35,1183.97,0.0018
16_10,1077.44,1083.75,0.0018
16_10,1001.02,1023.25,0.0017
16_10,1069.54,1072.11,0.0017
16_10,892.53,895.15,0.0017
16_10,979.68,982.97,0.0016
16_10,1225.29,1228.8,0.0016
16_10,611.94,646.18,0.0016
16_10,705.53,719.09,0.0014
16_10,656.14,666.3,0.0014
16_10,955.62,958.79,0.0014
16_10,888.37,890.95,0.0013
16_10,1066.24,1075.02,0.0013
16_10,857.27,890.06,0.0013
16_10,994.69,999.68,0.0013
16_10,615.1,626.47,0.0012
16_10,825.97,842.51,0.0012
16_10,1160.61,1173.85,0.0012
16_10,790.62,826.12,0.0011
16_10,933.93,969.14,0.0011
16_10,985.91,988.59,0.001
16_10,1123.58,1126.3,0.001
16_10,659.0,694.64,0.001
4_2,757.22,762.59,0.9988
4_2,791.08,926.16,0.9981
4_2,965.17,968.41,0.9949
4_2,679.77,692.75,0.9945
4_2,995.4,998.08,0.9943
4_2,737.07,749.14,0.9929
4_2,1010.16,1023.42,0.9925
4_2,1002.56,1005.25,0.9922
4_2,653.81,662.48,0.9911
4_2,625.61,638.11,0.9908
4_2,787.66,790.35,0.9903
4_2,928.17,994.04,0.99
4_2,703.48,727.68,0.9846
4_2,775.58,782.11,0.9822
4_2,765.81,767.96,0.9819
4_2,790.95,926.29,0.1359
4_2,737.08,749.13,0.1351
4_2,757.22,762.58,0.135
4_2,1010.16,1023.41,0.1348
4_2,928.23,994.06,0.1345
4_2,679.76,692.74,0.1342
4_2,653.81,662.48,0.134
4_2,965.16,968.41,0.1333
4_2,1002.56,1005.24,0.1329
4_2,787.66,790.35,0.1328
4_2,803.14,813.66,0.0397
4_2,887.92,900.13,0.0309
4_2,904.18,906.93,0.0214
4_2,981.8,993.57,0.0188
4_2,1010.17,1023.42,0.0182
4_2,790.24,792.66,0.0168
4_2,799.95,821.16,0.0163
4_2,725.46,738.64,0.0152
4_2,841.24,847.76,0.0117
4_2,924.89,931.35,0.0107
4_2,774.85,786.04,0.009
4_2,1017.95,1063.88,0.0089
4_2,644.24,654.09,0.0085
4_2,670.43,681.82,0.0084
4_2,842.98,898.59,0.0076
4_2,965.96,987.87,0.0072
4_2,991.13,993.89,0.0071
4_2,919.97,925.22,0.0054
4_2,987.03,989.65,0.0052
4_2,675.28,677.49,0.005
4_2,625.65,628.56,0.0049
4_2,929.73,970.12,0.0048
4_2,752.41,755.06,0.0046
4_2,730.1,772.1,0.0046
4_2,1089.49,1092.69,0.0044
4_2,813.22,815.64,0.0041
4_2,785.76,790.94,0.004
4_2,969.82,976.04,0.0039
4_2,1022.99,1042.16,0.0038
4_2,676.86,696.56,0.0038
4_2,897.95,900.65,0.0037
4_2,711.61,714.48,0.0033
4_2,749.71,752.27,0.0032
4_2,682.8,689.47,0.0029
4_2,764.24,769.46,0.0029
4_2,825.51,828.13,0.0028
4_2,794.53,797.3,0.0027
4_2,588.19,637.39,0.0027
4_2,734.72,755.94,0.0026
4_2,900.23,906.68,0.0026
4_2,618.88,625.11,0.0024
4_2,912.59,917.78,0.0023
4_2,935.31,956.53,0.0023
4_2,705.02,716.01,0.0022
4_2,1080.6,1087.05,0.002
4_2,773.75,784.19,0.002
4_2,616.86,619.54,0.0019
4_2,820.54,868.93,0.0019
4_2,940.31,945.97,0.0017
4_2,752.73,757.47,0.0017
4_2,988.25,1009.66,0.0016
4_2,784.76,787.39,0.0015
4_2,779.32,782.11,0.0015
4_2,750.21,769.09,0.0015
4_2,863.85,876.1,0.0013
4_2,639.35,645.03,0.0013
4_2,974.53,980.06,0.0013
4_2,935.8,942.07,0.0012
4_2,907.88,913.69,0.0012
4_2,823.72,826.42,0.0011
4_2,837.27,840.49,0.0011
4_2,1095.4,1137.23,0.0011
4_2,726.67,732.63,0.0011
4_2,707.45,713.63,0.0011
4_2,781.41,784.42,0.001
4_2,993.35,999.1,0.001
29_48,878.71,885.87,0.9998
29_48,793.56,807.12,0.9992
29_48,691.59,716.18,0.998
29_48,868.27,876.77,0.9979
29_48,907.74,921.07,0.9945
29_48,843.31,866.29,0.9935
29_48,614.81,672.3,0.9887
29_48,673.25,690.81,0.9881
29_48,813.89,828.22,0.9864
29_48,830.93,840.77,0.9862
29_48,717.3,790.26,0.9679
29_48,878.71,885.86,0.1352
29_48,813.92,828.2,0.1351
29_48,793.57,807.1,0.135
29_48,843.32,866.3,0.1334
29_48,907.73,921.06,0.1333
29_48,614.72,672.29,0.1292
29_48,645.41,669.34,0.0193
29_48,827.47,832.22,0.0186
29_48,878.71,885.86,0.0183
29_48,907.74,921.07,0.0181
29_48,813.91,828.21,0.018
29_48,793.58,807.11,0.0178
29_48,1130.65,1142.49,0.0141
29_48,1123.61,1129.28,0.0114
29_48,759.2,761.85,0.0089
29_48,709.54,712.5,0.0084
29_48,703.99,707.15,0.0074
29_48,675.06,685.98,0.007
29_48,784.24,793.81,0.0057
29_48,839.47,879.26,0.0056
29_48,991.72,994.38,0.0055
29_48,953.0,962.72,0.0044
29_48,771.79,774.74,0.0043
29_48,725.23,727.53,0.0043
29_48,975.15,981.47,0.004
29_48,1101.88,1108.3,0.0039
29_48,868.27,870.69,0.0038
29_48,920.99,940.37,0.0038
29_48,717.44,722.53,0.0036
29_48,670.82,675.88,0.0035
29_48,996.26,1002.89,0.0033
29_48,804.01,839.79,0.0028
29_48,1069.93,1076.26,0.0027
29_48,1037.23,1048.93,0.0027
29_48,907.08,910.38,0.0027
29_48,885.44,907.16,0.0026
29_48,631.72,637.72,0.0026
29_48,719.05,741.13,0.0025
29_48,1060.67,1066.44,0.0025
29_48,1046.44,1052.6,0.0023
29_48,755.0,773.47,0.0023
29_48,868.21,874.53,0.0021
29_48,827.55,844.32,0.002
29_48,979.77,985.61,0.0019
29_48,832.09,834.86,0.0019
29_48,613.39,702.5,0.0019
29_48,1090.45,1092.81,0.0018
29_48,699.22,702.36,0.0018
29_48,770.17,792.34,0.0017
29_48,1076.5,1079.46,0.0017
29_48,863.2,866.02,0.0017
29_48,620.59,633.53,0.0017
29_48,731.94,743.55,0.0016
29_48,1046.18,1048.84,0.0014
29_48,1058.39,1060.81,0.0014
29_48,1146.58,1149.05,0.0014
29_48,654.2,656.74,0.0014
29_48,921.72,934.46,0.0014
29_48,1081.0,1121.56,0.0013
29_48,754.76,759.89,0.0013
29_48,788.92,792.01,0.0013
29_48,817.28,822.85,0.0012
29_48,715.36,726.35,0.0012
29_48,985.36,994.82,0.0011
29_48,803.34,806.35,0.0011
29_48,1107.94,1110.76,0.0011
29_48,847.64,850.42,0.0011
29_48,647.87,653.39,0.0011
29_48,1123.53,1132.56,0.001
28_21,868.44,896.3,0.9994
28_21,790.76,818.13,0.9992
28_21,818.14,859.63,0.9987
28_21,981.45,1047.69,0.9983
28_21,920.83,928.14,0.998
28_21,944.46,963.97,0.9969
28_21,677.57,712.56,0.9966
28_21,928.14,944.44,0.9966
28_21,1093.71,1116.79,0.9965
28_21,712.56,790.71,0.9961
28_21,896.3,920.81,0.9921
28_21,864.52,868.45,0.9906
28_21,1047.71,1066.83,0.9904
28_21,963.97,981.41,0.9846
28_21,614.39,672.49,0.9845
28_21,1066.8,1081.8,0.9543
28_21,1081.79,1116.78,0.415
28_21,677.6,712.57,0.1355
28_21,981.45,1047.65,0.1355
28_21,868.43,896.29,0.1343
28_21,944.44,963.96,0.1341
28_21,928.15,944.44,0.1338
28_21,818.12,859.64,0.1334
28_21,864.52,868.45,0.1333
28_21,920.83,928.14,0.1332
28_21,614.37,672.5,0.1331
28_21,790.76,818.12,0.1314
28_21,614.37,617.28,0.0278
28_21,981.44,1047.72,0.0183
28_21,928.15,944.43,0.018
28_21,920.83,928.14,0.018
28_21,614.38,672.49,0.0175
28_21,868.45,896.33,0.0174
28_21,712.75,755.37,0.0131
28_21,1116.24,1121.54,0.0128
28_21,859.23,864.8,0.0123
28_21,1008.84,1011.26,0.0118
28_21,1115.22,1153.73,0.0089
28_21,944.8,947.27,0.0083
28_21,801.02,870.13,0.0077
28_21,753.25,756.04,0.0074
28_21,854.43,856.7,0.0069
28_21,1016.0,1019.1,0.0064
28_21,1096.97,1108.55,0.0064
28_21,645.01,656.54,0.0063
28_21,707.05,709.53,0.005
28_21,1151.52,1157.19,0.0047
28_21,664.32,666.94,0.0047
28_21,921.27,924.01,0.0047
28_21,743.05,748.03,0.0044
28_21,815.08,817.1,0.0043
28_21,1143.89,1146.37,0.0041
28_21,734.51,745.86,0.0037
28_21,1016.55,1027.79,0.0034
28_21,1054.31,1060.11,0.0032
28_21,1063.71,1081.18,0.0032
28_21,702.25,704.37,0.0032
28_21,817.72,820.67,0.003
28_21,794.71,797.61,0.003
28_21,868.92,880.7,0.0029
28_21,662.31,673.13,0.0026
28_21,899.44,923.29,0.0026
28_21,926.83,969.4,0.0024
28_21,886.06,888.83,0.0023
28_21,705.37,711.01,0.0022
28_21,651.87,654.52,0.002
28_21,674.33,677.05,0.002
28_21,714.06,719.49,0.002
28_21,947.38,950.23,0.002
28_21,1083.1,1088.62,0.0019
28_21,662.95,665.79,0.0019
28_21,1013.88,1035.78,0.0019
28_21,718.17,728.99,0.0018
28_21,1140.41,1143.35,0.0016
28_21,775.53,816.96,0.0015
28_21,1043.18,1049.24,0.0015
28_21,991.13,1014.59,0.0015
28_21,676.21,698.84,0.0014
28_21,974.55,979.37,0.0014
28_21,861.82,864.75,0.0014
28_21,717.69,720.24,0.0013
28_21,818.18,839.53,0.0013
28_21,1035.9,1045.8,0.0013
28_21,865.69,868.37,0.0013
28_21,1116.8,1137.39,0.0012
28_21,768.46,770.62,0.0012
28_21,928.57,934.13,0.0012
28_21,926.9,929.05,0.0011
28_21,966.72,978.1,0.0011
28_21,619.49,642.32,0.0011
28_21,881.73,893.26,0.0011
28_21,961.72,964.62,0.001
22_10,681.15,776.48,0.9952
22_10,1078.14,1104.38,0.9944
22_10,1142.12,1154.99,0.993
22_10,1060.67,1069.7,0.9929
22_10,830.18,1059.53,0.991
22_10,644.15,672.68,0.9855
22_10,1166.49,1228.8,0.9792
22_10,784.42,791.09,0.973
22_10,791.09,796.29,0.9704
22_10,1110.18,1139.39,0.9696
22_10,814.86,824.72,0.968
22_10,1063.96,1069.59,0.4496
22_10,829.89,1059.92,0.1347
22_10,1142.12,1154.98,0.1319
22_10,784.42,791.1,0.1316
22_10,1060.66,1069.7,0.0616
22_10,1036.46,1078.17,0.0141
22_10,740.07,779.5,0.0132
22_10,806.05,812.83,0.0096
22_10,1053.91,1071.91,0.0091
22_10,1111.11,1134.51,0.0066
22_10,616.86,637.42,0.0063
22_10,1210.15,1228.8,0.0044
22_10,1198.83,1211.72,0.0044
22_10,623.14,676.06,0.0042
22_10,783.65,795.25,0.0039
22_10,1064.92,1067.76,0.0037
22_10,688.01,691.26,0.0025
22_10,1052.4,1055.43,0.0024
22_10,730.66,777.34,0.0023
22_10,1164.47,1211.08,0.0021
22_10,796.98,879.85,0.0019
22_10,1183.05,1185.64,0.0019
22_10,680.76,683.54,0.0017
22_10,767.5,777.28,0.0017
22_10,1021.67,1024.24,0.0016
22_10,1069.55,1074.89,0.0016
22_10,613.62,615.12,0.0016
22_10,1143.71,1150.04,0.0016
22_10,875.64,877.38,0.0014
22_10,1167.53,1186.79,0.0014
22_10,815.21,825.21,0.0013
22_10,1196.74,1199.07,0.0013
22_10,617.94,631.27,0.0013
22_10,1107.92,1145.26,0.0012
22_10,1190.09,1192.74,0.0012
22_10,1079.99,1112.14,0.0011
22_10,1024.5,1075.24,0.0011
22_10,1132.69,1139.52,0.0011
22_10,1164.4,1167.56,0.001
9_4,898.86,916.17,0.9992
9_4,786.03,831.87,0.9984
9_4,934.99,975.59,0.9984
9_4,758.14,770.92,0.9979
9_4,975.51,1058.44,0.9976
9_4,1072.7,1085.48,0.9948
9_4,723.54,757.42,0.9942
9_4,834.1,888.32,0.9937
9_4,649.21,717.4,0.985
9_4,917.68,934.23,0.9787
9_4,1057.66,1074.19,0.9645
9_4,975.6,1058.45,0.1355
9_4,834.17,888.34,0.1346
9_4,898.86,916.17,0.1337
9_4,758.14,770.92,0.1307
9_4,1036.95,1039.85,0.0202
9_4,834.17,888.27,0.0179
9_4,1082.29,1103.64,0.014
9_4,869.93,888.36,0.0077
9_4,885.34,891.94,0.0072
9_4,896.43,977.52,0.0064
9_4,974.3,976.66,0.0057
9_4,1102.66,1105.15,0.0055
9_4,805.45,816.17,0.0051
9_4,1097.96,1137.48,0.0047
9_4,975.5,988.04,0.0039
9_4,820.96,824.01,0.0039
9_4,649.63,652.66,0.0037
9_4,704.84,715.91,0.0036
9_4,665.72,671.6,0.0035
9_4,739.66,759.22,0.0032
9_4,861.63,864.13,0.0032
9_4,914.28,934.06,0.003
9_4,774.1,776.64,0.0029
9_4,906.47,911.59,0.0029
9_4,813.92,824.57,0.0026
9_4,941.07,943.67,0.0026
9_4,954.4,965.51,0.0025
9_4,834.59,837.92,0.0025
9_4,869.71,879.94,0.0024
9_4,914.59,917.74,0.0021
9_4,791.68,804.52,0.002
9_4,849.47,854.51,0.0019
9_4,659.74,678.48,0.0019
9_4,1105.19,1111.08,0.0019
9_4,1071.68,1088.73,0.0019
9_4,751.72,829.87,0.0019
9_4,1091.77,1097.03,0.0018
9_4,1124.61,1127.2,0.0018
9_4,706.89,709.61,0.0017
9_4,771.52,776.98,0.0016
9_4,634.53,645.66,0.0015
9_4,897.35,903.33,0.0014
9_4,986.36,998.05,0.0012
9_4,850.14,852.32,0.0011
9_4,1136.89,1157.53,0.0011
9_4,1068.96,1114.78,0.0011
9_4,1032.88,1044.86,0.0011
9_4,1158.47,1179.9,0.001
9_4,1044.21,1050.47,0.001
9_4,907.26,909.54,0.001
9_4,774.37,787.26,0.001
2_4,862.36,877.63,1.0
2_4,1080.61,1091.61,0.9996
2_4,615.23,641.43,0.9996
2_4,784.23,798.67,0.9996
2_4,669.6,681.48,0.9992
2_4,913.31,922.63,0.999
2_4,1028.81,1080.59,0.9983
2_4,709.63,781.68,0.998
2_4,805.45,852.16,0.9974
2_4,1090.81,1132.38,0.9971
2_4,641.57,667.89,0.9964
2_4,852.18,863.2,0.9947
2_4,1018.56,1028.79,0.9876
2_4,682.35,709.49,0.9872
2_4,877.63,914.14,0.9805
2_4,925.16,1018.74,0.9625
2_4,615.21,641.45,0.1355
2_4,641.58,667.91,0.1348
2_4,784.24,798.66,0.1347
2_4,709.53,781.7,0.1346
2_4,669.6,681.48,0.1343
2_4,682.34,709.53,0.1341
2_4,1028.81,1080.58,0.134
2_4,913.31,922.63,0.134
2_4,682.33,709.49,0.0182
2_4,669.59,681.48,0.0182
2_4,784.24,798.66,0.018
2_4,1124.3,1127.55,0.015
2_4,847.7,850.29,0.015
2_4,762.56,783.69,0.0117
2_4,1082.62,1089.13,0.01
2_4,1032.85,1038.6,0.0096
2_4,888.4,899.26,0.008
2_4,942.38,945.4,0.0076
2_4,864.03,882.84,0.0067
2_4,1142.01,1145.16,0.0064
2_4,681.7,692.29,0.0057
2_4,713.72,735.95,0.0055
2_4,827.72,839.92,0.0051
2_4,846.14,851.73,0.005
2_4,1056.04,1069.36,0.0049
2_4,615.61,618.44,0.0045
2_4,725.75,731.46,0.0044
2_4,1136.6,1158.55,0.0043
2_4,824.2,826.94,0.0037
2_4,1103.49,1115.33,0.0036
2_4,881.07,887.19,0.0035
2_4,741.32,744.45,0.0035
2_4,748.99,770.04,0.0034
2_4,977.85,1018.74,0.0033
2_4,938.01,943.75,0.0032
2_4,772.88,784.42,0.0029
2_4,1134.81,1137.37,0.0029
2_4,1063.41,1069.37,0.0027
2_4,949.11,970.66,0.0025
2_4,1075.67,1078.92,0.0025
2_4,1031.11,1103.39,0.0024
2_4,1114.59,1117.81,0.0023
2_4,892.36,895.54,0.002
2_4,915.37,921.33,0.0019
2_4,698.04,709.11,0.0019
2_4,812.04,817.73,0.0019
2_4,1114.03,1126.58,0.0018
2_4,1061.15,1063.88,0.0018
2_4,945.98,956.97,0.0018
2_4,825.28,847.19,0.0018
2_4,1065.26,1077.39,0.0018
2_4,682.95,685.61,0.0018
2_4,785.14,788.02,0.0017
2_4,616.94,628.39,0.0017
2_4,692.38,695.23,0.0017
2_4,945.13,948.1,0.0017
2_4,1088.61,1151.27,0.0016
2_4,851.91,854.84,0.0015
2_4,667.7,670.14,0.0015
2_4,614.47,620.07,0.0015
2_4,711.91,756.97,0.0014
2_4,979.85,1001.59,0.0014
2_4,884.58,890.64,0.0014
2_4,811.09,813.63,0.0014
2_4,921.99,930.9,0.0014
2_4,908.0,913.65,0.0013
2_4,854.53,860.32,0.0013
2_4,619.92,622.63,0.0012
2_4,1090.82,1093.73,0.0012
2_4,1127.33,1129.77,0.0012
2_4,1026.29,1029.28,0.0012
2_4,640.32,645.91,0.0012
2_4,1137.6,1149.32,0.0012
2_4,871.85,909.2,0.0011
2_4,674.78,680.26,0.0011
2_4,754.02,765.49,0.0011
2_4,653.87,664.95,0.0011
2_4,725.45,728.37,0.0011
2_4,922.88,945.5,0.0011
2_4,780.38,785.02,0.0011
2_4,709.52,726.96,0.0011
2_4,805.05,810.07,0.001
2_4,1029.99,1052.08,0.001
2_4,790.95,858.77,0.001
2_4,1009.37,1029.28,0.001
25_22,662.79,691.14,0.9992
25_22,1096.48,1188.8,0.9987
25_22,1223.43,1228.8,0.9962
25_22,888.88,1029.77,0.9956
25_22,852.45,880.35,0.9948
25_22,790.89,809.75,0.9948
25_22,813.02,830.29,0.9946
25_22,1091.73,1093.33,0.9946
25_22,1189.54,1192.34,0.9937
25_22,881.99,886.91,0.9937
25_22,698.15,732.6,0.9929
25_22,1047.8,1079.77,0.9728
25_22,1082.26,1092.94,0.9671
25_22,1195.53,1216.86,0.9507
25_22,662.85,691.14,0.1357
25_22,852.45,880.38,0.135
25_22,813.03,830.29,0.1328
25_22,790.89,809.73,0.1326
25_22,1047.79,1079.8,0.1299
25_22,1091.73,1093.33,0.1289
25_22,662.82,691.14,0.0183
25_22,852.46,880.32,0.0182
25_22,1139.25,1141.25,0.018
25_22,834.39,840.31,0.0172
25_22,636.61,660.89,0.0163
25_22,1045.61,1055.03,0.0129
25_22,1104.37,1130.15,0.0121
25_22,741.42,763.0,0.0108
25_22,947.71,1002.09,0.0104
25_22,777.27,787.83,0.0101
25_22,992.55,1004.57,0.0096
25_22,659.9,662.42,0.0075
25_22,1084.31,1090.03,0.0073
25_22,836.08,848.24,0.0069
25_22,1001.84,1004.55,0.0059
25_22,1172.22,1174.4,0.0058
25_22,1045.85,1051.52,0.0056
25_22,906.59,908.71,0.0055
25_22,982.04,989.15,0.0054
25_22,847.39,858.75,0.0052
25_22,976.25,979.09,0.0051
25_22,1188.81,1193.53,0.0046
25_22,1130.4,1173.15,0.0046
25_22,646.95,652.45,0.0043
25_22,977.77,984.63,0.0038
25_22,1081.65,1092.06,0.0037
25_22,777.84,783.99,0.0037
25_22,723.7,735.61,0.0035
25_22,1129.27,1132.19,0.0035
25_22,615.43,632.82,0.0034
25_22,1018.76,1025.05,0.0033
25_22,1192.96,1216.86,0.0032
25_22,758.96,793.46,0.003
25_22,751.64,762.64,0.0029
25_22,1018.75,1044.96,0.0028
25_22,631.89,643.44,0.0025
25_22,914.12,927.73,0.0025
25_22,1168.53,1171.52,0.0024
25_22,742.45,752.39,0.0024
25_22,1058.34,1081.01,0.0023
25_22,1001.85,1012.43,0.0022
25_22,1027.23,1032.9,0.0022
25_22,657.29,660.19,0.0021
25_22,1010.45,1016.0,0.0021
25_22,1132.26,1134.8,0.002
25_22,1151.38,1175.47,0.002
25_22,795.92,808.26,0.0019
25_22,693.07,695.79,0.0019
25_22,775.74,778.03,0.0018
25_22,1046.26,1049.0,0.0018
25_22,881.78,883.93,0.0018
25_22,628.32,696.59,0.0018
25_22,945.58,951.74,0.0017
25_22,817.19,829.99,0.0017
25_22,786.63,789.81,0.0016
25_22,737.96,740.55,0.0016
25_22,887.42,900.12,0.0015
25_22,1032.26,1045.06,0.0015
25_22,989.27,1016.93,0.0015
25_22,646.67,664.57,0.0015
25_22,812.84,818.65,0.0015
25_22,898.42,903.89,0.0014
25_22,924.23,927.51,0.0014
25_22,743.01,745.13,0.0014
25_22,731.02,741.18,0.0013
25_22,963.31,974.31,0.0013
25_22,1046.09,1056.77,0.0013
25_22,973.89,988.23,0.0013
25_22,735.17,808.2,0.0012
25_22,1188.02,1193.16,0.0012
25_22,625.09,630.93,0.0012
25_22,661.78,674.36,0.0012
25_22,690.63,692.93,0.0011
25_22,1194.54,1207.34,0.0011
25_22,833.99,847.61,0.0011
25_22,997.23,1003.84,0.0011
25_22,922.76,925.82,0.0011
25_22,1015.75,1032.58,0.0011
25_22,818.3,821.06,0.0011
25_22,1171.47,1174.3,0.001
25_22,963.38,965.53,0.001
25_22,638.78,649.72,0.001
25_22,880.82,912.78,0.001
21_11,1151.33,1166.22,0.999
21_11,1018.07,1111.32,0.9979
21_11,1190.2,1201.09,0.9973
21_11,1172.75,1180.39,0.9946
21_11,787.53,811.51,0.9939
21_11,1131.71,1148.03,0.9932
21_11,645.35,656.4,0.9922
21_11,1113.35,1130.77,0.9892
21_11,994.24,1010.24,0.9857
21_11,760.26,771.18,0.9842
21_11,703.49,728.57,0.9825
21_11,929.21,985.87,0.9823
21_11,687.72,702.99,0.9648
21_11,874.72,903.42,0.9587
21_11,1017.92,1110.98,0.1378
21_11,1190.19,1201.09,0.1353
21_11,1151.33,1166.22,0.1352
21_11,787.55,811.5,0.1344
21_11,1172.76,1180.38,0.1326
21_11,874.71,903.41,0.1291
21_11,787.55,811.5,0.0182
21_11,1151.32,1166.2,0.018
21_11,1172.76,1180.38,0.0176
21_11,661.93,685.71,0.0124
21_11,973.38,986.2,0.0096
21_11,732.74,739.0,0.0087
21_11,1076.2,1079.38,0.0087
21_11,736.81,782.05,0.0078
21_11,1011.45,1014.29,0.0072
21_11,615.52,633.47,0.0069
21_11,677.15,687.48,0.006
21_11,816.51,858.38,0.0054
21_11,945.37,951.78,0.0052
21_11,648.8,654.95,0.0051
21_11,1125.57,1148.93,0.005
21_11,608.77,618.48,0.0045
21_11,1111.47,1129.88,0.0041
21_11,951.4,953.75,0.0041
21_11,788.97,802.87,0.0037
21_11,1040.23,1042.87,0.0036
21_11,1014.79,1020.45,0.0035
21_11,767.08,786.94,0.0035
21_11,917.13,993.29,0.0033
21_11,726.63,731.11,0.0031
21_11,619.13,661.1,0.0031
21_11,874.98,880.75,0.003
21_11,1073.89,1076.55,0.003
21_11,675.5,681.44,0.0026
21_11,716.76,793.13,0.0025
21_11,809.96,812.39,0.0024
21_11,940.91,953.21,0.0024
21_11,672.7,705.57,0.0024
21_11,828.89,874.45,0.0024
21_11,1202.81,1205.76,0.0023
21_11,1179.42,1189.67,0.0022
21_11,1068.13,1070.67,0.0022
21_11,850.72,853.5,0.0021
21_11,1108.07,1175.86,0.0021
21_11,1018.66,1028.93,0.002
21_11,977.47,1009.27,0.002
21_11,1029.24,1054.07,0.0019
21_11,814.74,816.97,0.0019
21_11,953.39,955.99,0.0018
21_11,659.13,672.54,0.0018
21_11,1146.09,1151.86,0.0016
21_11,950.38,972.47,0.0016
21_11,868.5,874.68,0.0016
21_11,1055.71,1066.12,0.0015
21_11,863.07,902.28,0.0015
21_11,618.59,623.35,0.0015
21_11,750.73,757.34,0.0014
21_11,932.78,934.83,0.0014
21_11,985.34,988.0,0.0014
21_11,628.04,635.41,0.0013
21_11,1128.46,1134.84,0.0013
21_11,987.84,993.99,0.0013
21_11,1041.66,1092.55,0.0013
21_11,1084.49,1110.09,0.0012
21_11,603.25,622.63,0.0011
21_11,698.86,701.75,0.0011
21_11,1167.95,1187.06,0.0011
21_11,862.09,867.37,0.0011
21_11,672.62,684.29,0.0011
21_11,983.06,986.02,0.0011
21_11,814.49,825.02,0.001
21_11,855.23,862.24,0.001
5_37,917.88,928.54,0.9997
5_37,663.57,679.77,0.9974
5_37,691.21,757.22,0.9973
5_37,834.78,844.38,0.9968
5_37,786.67,791.07,0.9967
5_37,852.01,873.8,0.9966
5_37,963.12,1000.73,0.9951
5_37,679.93,691.1,0.9947
5_37,762.15,786.11,0.9942
5_37,636.46,658.2,0.9935
5_37,1001.55,1009.57,0.9898
5_37,928.62,962.85,0.9871
5_37,800.09,818.8,0.9856
5_37,901.85,917.39,0.9851
5_37,619.24,634.2,0.9811
5_37,691.29,757.19,0.1352
5_37,663.57,679.78,0.1351
5_37,762.16,786.12,0.1351
5_37,679.92,691.1,0.1348
5_37,834.78,844.39,0.1341
5_37,1001.55,1009.57,0.1335
5_37,786.67,791.07,0.1335
5_37,883.61,901.82,0.0275
5_37,691.29,757.26,0.0184
5_37,663.55,679.78,0.0183
5_37,889.43,901.3,0.0092
5_37,936.4,958.31,0.0086
5_37,1060.98,1072.05,0.0083
5_37,824.48,834.47,0.0082
5_37,1129.5,1140.15,0.0061
5_37,781.14,786.9,0.0058
5_37,1140.0,1142.83,0.0056
5_37,680.19,682.97,0.0055
5_37,1073.1,1113.09,0.0055
5_37,671.46,679.72,0.0054
5_37,965.46,988.62,0.0053
5_37,1043.32,1055.82,0.0052
5_37,917.22,927.45,0.0049
5_37,850.49,887.38,0.0043
5_37,790.28,800.57,0.0043
5_37,1004.31,1026.71,0.0041
5_37,1139.83,1150.74,0.0038
5_37,640.15,646.07,0.0038
5_37,927.23,938.36,0.0037
5_37,1015.97,1021.68,0.0035
5_37,665.84,672.08,0.0029
5_37,994.21,1000.58,0.0027
5_37,1123.49,1145.2,0.0026
5_37,700.17,702.63,0.0023
5_37,711.17,714.0,0.0021
5_37,683.19,686.14,0.0019
5_37,758.6,761.4,0.0018
5_37,1008.78,1011.42,0.0017
5_37,964.59,970.44,0.0017
5_37,856.99,859.14,0.0017
5_37,1004.22,1043.21,0.0016
5_37,725.01,729.93,0.0016
5_37,757.58,794.66,0.0016
5_37,1091.39,1097.12,0.0015
5_37,947.25,958.88,0.0015
5_37,1001.83,1007.94,0.0015
5_37,802.17,815.29,0.0014
5_37,1141.86,1146.68,0.0014
5_37,635.99,641.32,0.0013
5_37,910.55,913.3,0.0012
5_37,863.81,875.55,0.0012
5_37,967.17,978.3,0.0012
5_37,614.68,617.29,0.0011
5_37,696.23,734.64,0.0011
5_37,1087.6,1090.44,0.001
9_15,929.0,968.71,0.9983
9_15,880.55,899.34,0.998
9_15,969.47,1032.43,0.9971
9_15,741.7,752.53,0.9957
9_15,901.52,930.45,0.9954
9_15,751.82,765.55,0.9927
9_15,784.32,823.36,0.9887
9_15,1045.42,1067.85,0.9861
9_15,1033.14,1044.71,0.9823
9_15,623.94,741.63,0.9719
9_15,825.57,863.2,0.9535
9_15,751.81,765.54,0.1355
9_15,969.51,1032.41,0.1353
9_15,880.56,899.34,0.1348
9_15,901.51,930.44,0.1343
9_15,1045.43,1067.85,0.1329
9_15,969.52,1032.36,0.0183
9_15,901.52,930.41,0.018
9_15,874.66,877.7,0.0106
9_15,1079.31,1123.16,0.0089
9_15,1024.67,1035.07,0.0078
9_15,940.09,961.79,0.0072
9_15,1093.16,1096.51,0.007
9_15,861.21,900.61,0.0055
9_15,1158.72,1170.22,0.0052
9_15,739.88,779.18,0.005
9_15,1008.79,1029.02,0.0035
9_15,979.8,991.3,0.0035
9_15,824.63,826.71,0.0033
9_15,968.56,971.7,0.003
9_15,659.13,662.31,0.0024
9_15,696.19,737.8,0.0023
9_15,1068.19,1090.16,0.0022
9_15,1159.28,1165.51,0.0021
9_15,973.29,976.45,0.0021
9_15,1026.08,1032.07,0.002
9_15,1056.22,1059.17,0.002
9_15,731.72,737.94,0.0019
9_15,954.59,960.88,0.0019
9_15,1089.46,1092.07,0.0018
9_15,1031.85,1043.19,0.0018
9_15,651.96,657.96,0.0018
9_15,826.49,837.55,0.0018
9_15,742.89,748.31,0.0018
9_15,617.89,662.84,0.0017
9_15,1116.68,1128.5,0.0017
9_15,933.35,939.56,0.0016
9_15,615.98,618.54,0.0016
9_15,973.93,996.65,0.0015
9_15,631.76,637.4,0.0015
9_15,1055.21,1057.42,0.0014
9_15,995.93,1029.65,0.0014
9_15,899.35,901.73,0.0014
9_15,868.77,880.02,0.0013
9_15,1102.04,1108.11,0.0012
9_15,1043.97,1138.28,0.0012
9_15,849.83,852.35,0.0012
9_15,1050.03,1055.35,0.0012
9_15,901.31,919.3,0.0012
2_28,1014.1,1056.84,0.9986
2_28,636.86,715.91,0.9974
2_28,739.26,780.2,0.9971
2_28,783.06,808.17,0.9964
2_28,1057.94,1133.78,0.9931
2_28,1134.4,1142.08,0.9919
2_28,1155.74,1195.77,0.9916
2_28,961.94,1012.25,0.9908
2_28,825.82,887.39,0.9879
2_28,620.01,635.81,0.9851
2_28,651.2,654.4,0.9833
2_28,924.9,955.69,0.9794
2_28,890.19,918.14,0.9723
2_28,1138.97,1155.72,0.9356
2_28,915.5,947.47,0.5112
2_28,1057.93,1140.74,0.182
2_28,1014.17,1056.94,0.1359
2_28,636.65,715.91,0.1355
2_28,961.89,1012.25,0.1334
2_28,783.03,808.19,0.1325
2_28,1134.41,1142.08,0.1277
2_28,924.74,955.81,0.0726
2_28,650.42,656.94,0.0191
2_28,737.54,751.3,0.0179
2_28,1134.4,1142.08,0.0173
2_28,645.44,651.33,0.0169
2_28,836.91,883.01,0.0141
2_28,630.57,650.47,0.014
2_28,718.83,739.26,0.0131
2_28,887.55,893.52,0.0091
2_28,960.2,962.75,0.007
2_28,866.01,888.1,0.0065
2_28,1065.84,1093.25,0.0062
2_28,690.42,713.18,0.0059
2_28,1141.54,1153.94,0.0059
2_28,885.87,915.38,0.0056
2_28,593.41,622.56,0.0055
2_28,1110.45,1135.18,0.0054
2_28,808.91,828.76,0.0053
2_28,956.83,967.83,0.0049
2_28,742.53,782.09,0.0042
2_28,649.89,698.12,0.004
2_28,630.06,632.97,0.0038
2_28,920.6,923.84,0.0036
2_28,619.71,641.92,0.0035
2_28,851.57,882.88,0.0032
2_28,640.49,646.0,0.0031
2_28,904.43,917.15,0.003
2_28,613.68,614.81,0.0028
2_28,962.2,967.72,0.0026
2_28,609.53,616.26,0.0025
2_28,717.51,736.12,0.0024
2_28,1149.43,1227.54,0.0024
2_28,985.03,1011.05,0.0024
2_28,922.0,925.2,0.0023
2_28,696.53,716.47,0.0022
2_28,898.95,964.14,0.002
2_28,873.68,890.57,0.0018
2_28,1062.85,1068.15,0.0017
2_28,633.99,645.72,0.0017
2_28,833.03,856.53,0.0016
2_28,1049.44,1061.22,0.0016
2_28,886.89,891.04,0.0016
2_28,719.85,784.99,0.0015
2_28,1169.84,1193.04,0.0015
2_28,891.84,894.76,0.0014
2_28,1194.99,1197.58,0.0014
2_28,678.28,691.58,0.0014
2_28,1020.14,1032.23,0.0014
2_28,1092.71,1095.14,0.0014
2_28,934.64,957.42,0.0012
2_28,760.45,767.55,0.0011
2_28,1193.11,1195.92,0.0011
2_28,1013.86,1016.87,0.0011
2_28,619.73,631.73,0.001
2_28,863.61,877.81,0.001
8_19,803.54,845.94,0.9991
8_19,778.58,803.59,0.9975
8_19,698.73,741.12,0.9975
8_19,845.36,887.22,0.9965
8_19,656.38,697.67,0.9964
8_19,614.4,654.39,0.9938
8_19,741.29,778.81,0.9891
8_19,698.78,741.08,0.1351
8_19,845.36,887.19,0.1348
8_19,656.41,697.66,0.1345
8_19,778.58,803.56,0.1342
8_19,614.39,654.41,0.1341
8_19,803.53,845.91,0.1338
8_19,1135.22,1140.85,0.0152
8_19,1122.1,1128.43,0.0146
8_19,694.97,697.89,0.0135
8_19,882.32,887.89,0.0081
8_19,614.57,617.38,0.0066
8_19,624.4,626.83,0.006
8_19,615.92,641.22,0.0048
8_19,651.94,658.15,0.0046
8_19,873.5,879.71,0.0037
8_19,848.26,869.13,0.0037
8_19,1100.3,1105.47,0.0036
8_19,1045.78,1056.57,0.0036
8_19,662.3,685.55,0.0034
8_19,1120.4,1122.76,0.003
8_19,974.39,977.64,0.0028
8_19,923.11,946.07,0.0027
8_19,956.01,958.35,0.0025
8_19,821.94,833.63,0.0025
8_19,982.01,987.43,0.0024
8_19,700.42,703.25,0.0024
8_19,708.61,734.04,0.0024
8_19,732.37,735.3,0.0023
8_19,758.02,769.63,0.0022
8_19,1090.12,1093.32,0.0022
8_19,807.28,819.33,0.0021
8_19,781.87,784.22,0.0021
8_19,1134.76,1137.19,0.0021
8_19,1066.6,1147.45,0.0016
8_19,1103.61,1108.63,0.0015
8_19,708.85,711.86,0.0014
8_19,634.75,645.31,0.0014
8_19,618.67,630.82,0.0014
8_19,676.14,695.75,0.0013
8_19,955.53,961.07,0.0013
8_19,922.37,924.91,0.0013
8_19,661.65,664.31,0.0012
8_19,1060.01,1082.25,0.0011
8_19,854.47,857.3,0.001
17_23,1106.62,1126.47,0.9982
17_23,825.23,835.59,0.9981
17_23,953.45,978.91,0.9976
17_23,1070.84,1076.91,0.9967
17_23,860.17,900.62,0.9943
17_23,991.62,1057.37,0.9915
17_23,906.96,949.1,0.9893
17_23,729.0,811.05,0.9888
17_23,614.28,725.42,0.9844
17_23,1091.82,1102.39,0.9778
17_23,840.53,857.06,0.9681
17_23,1106.63,1126.47,0.1345
17_23,953.45,978.91,0.1343
17_23,1070.83,1076.92,0.1322
17_23,1132.41,1134.96,0.021
17_23,915.36,918.18,0.0197
17_23,936.9,939.48,0.0129
17_23,813.91,816.57,0.0096
17_23,787.69,790.07,0.0089
17_23,675.85,720.9,0.007
17_23,1013.45,1051.23,0.0066
17_23,1121.97,1209.03,0.0065
17_23,815.79,859.6,0.0057
17_23,1104.67,1107.42,0.0041
17_23,1094.21,1100.99,0.0039
17_23,758.63,763.85,0.0039
17_23,1104.18,1141.77,0.0039
17_23,874.63,877.0,0.0039
17_23,885.31,888.45,0.0034
17_23,669.13,671.77,0.0033
17_23,852.79,855.81,0.0033
17_23,1132.07,1134.69,0.0033
17_23,1114.21,1124.88,0.003
17_23,717.11,729.1,0.0029
17_23,1075.14,1092.87,0.0029
17_23,813.05,825.11,0.0029
17_23,654.18,677.98,0.0028
17_23,614.56,617.06,0.0026
17_23,945.02,947.35,0.0026
17_23,984.57,994.91,0.0024
17_23,973.69,1053.0,0.0023
17_23,802.82,814.56,0.0023
17_23,1137.58,1143.02,0.0022
17_23,934.6,937.34,0.002
17_23,1141.56,1161.86,0.0019
17_23,951.6,989.19,0.0019
17_23,1129.88,1132.22,0.0019
17_23,672.06,677.93,0.0019
17_23,923.59,945.62,0.0017
17_23,1109.49,1115.43,0.0017
17_23,757.04,778.04,0.0017
17_23,645.63,651.59,0.0016
17_23,1060.82,1063.76,0.0016
17_23,833.76,836.67,0.0016
17_23,820.6,826.09,0.0015
17_23,763.1,766.43,0.0015
17_23,650.86,656.69,0.0015
17_23,885.62,897.59,0.0014
17_23,941.76,944.33,0.0014
17_23,967.15,970.07,0.0013
17_23,775.91,778.29,0.0013
17_23,1053.23,1055.79,0.0013
17_23,927.62,930.3,0.0013
17_23,1055.74,1058.22,0.0012
17_23,1013.43,1016.44,0.0012
17_23,979.88,982.74,0.0011
17_23,676.27,682.1,0.0011
17_23,1052.46,1073.46,0.0011
17_23,1135.56,1138.61,0.0011
17_23,843.15,848.67,0.0011
17_23,655.19,661.3,0.001
17_23,1036.0,1038.53,0.001
17_23,1139.49,1142.34,0.001
8_33,742.53,752.16,0.9985
8_33,705.83,719.09,0.9977
8_33,616.38,631.02,0.9959
8_33,752.65,771.43,0.9921
8_33,721.27,742.23,0.9908
8_33,632.76,705.61,0.9794
8_33,742.53,752.15,0.1351
8_33,721.25,742.21,0.135
8_33,752.64,771.45,0.1344
8_33,673.13,684.92,0.0158
8_33,907.51,914.04,0.0041
8_33,615.96,636.07,0.0038
8_33,652.93,694.78,0.0037
8_33,640.58,643.96,0.0034
8_33,740.61,757.65,0.0027
8_33,867.84,870.52,0.0022
8_33,708.17,748.22,0.0021
8_33,619.81,622.67,0.002
8_33,805.06,808.03,0.0017
8_33,879.48,882.4,0.0016
8_33,770.6,775.7,0.0015
8_33,858.46,861.3,0.0015
8_33,708.42,714.46,0.0014
8_33,801.58,821.18,0.0014
8_33,704.3,707.15,0.0013
8_33,798.12,803.94,0.0013
8_33,614.35,616.79,0.0013
8_33,906.89,919.16,0.0012
8_33,734.0,740.05,0.0011
8_33,719.52,724.64,0.001
8_33,638.62,678.91,0.001
29_19,914.29,944.61,0.9932
29_19,1135.24,1165.87,0.9903
29_19,853.47,855.9,0.9887
29_19,644.57,682.97,0.9792
29_19,1116.27,1130.35,0.9783
29_19,893.36,908.79,0.9781
29_19,618.6,641.78,0.9764
29_19,861.19,893.25,0.9744
29_19,954.85,1113.61,0.9743
29_19,784.33,850.43,0.9703
29_19,727.63,779.36,0.9649
29_19,853.47,855.9,0.1332
29_19,954.66,1113.59,0.1322
29_19,1116.27,1130.34,0.1321
29_19,833.54,854.77,0.0362
29_19,725.46,731.2,0.0251
29_19,1111.65,1114.24,0.023
29_19,860.84,863.81,0.0212
29_19,609.06,616.69,0.0206
29_19,1164.59,1167.27,0.0204
29_19,644.09,653.62,0.0175
29_19,619.73,622.77,0.0174
29_19,612.34,641.33,0.0153
29_19,688.23,728.38,0.0146
29_19,942.84,952.59,0.0136
29_19,727.87,750.54,0.0136
29_19,637.94,640.96,0.0136
29_19,829.04,851.08,0.0132
29_19,783.75,807.46,0.0128
29_19,969.4,971.87,0.0096
29_19,989.91,1059.13,0.0092
29_19,1130.18,1140.05,0.0085
29_19,966.73,969.5,0.0081
29_19,854.31,864.68,0.0081
29_19,1099.94,1114.06,0.0077
29_19,825.76,828.51,0.0076
29_19,617.85,623.58,0.0071
29_19,1112.05,1114.8,0.0068
29_19,722.54,732.27,0.0064
29_19,845.25,856.58,0.0064
29_19,1165.5,1168.17,0.0061
29_19,831.15,841.43,0.0057
29_19,631.87,642.55,0.0056
29_19,733.26,759.86,0.0053
29_19,894.51,906.66,0.0053
29_19,1134.13,1163.34,0.0049
29_19,591.29,625.04,0.0049
29_19,1108.35,1131.0,0.0049
29_19,684.18,721.09,0.0047
29_19,969.25,974.04,0.0043
29_19,786.61,789.82,0.0041
29_19,617.36,619.95,0.0038
29_19,944.63,947.33,0.0038
29_19,1136.12,1139.08,0.0038
29_19,1113.34,1116.04,0.0037
29_19,972.35,997.09,0.0037
29_19,1118.65,1124.78,0.0036
29_19,738.22,744.06,0.0035
29_19,840.57,849.87,0.0035
29_19,864.91,892.94,0.0034
29_19,1128.4,1130.47,0.0033
29_19,614.44,617.42,0.0032
29_19,940.44,945.29,0.0031
29_19,850.85,856.19,0.003
29_19,946.43,949.1,0.003
29_19,720.1,726.16,0.003
29_19,1164.76,1171.09,0.0029
29_19,617.74,628.74,0.0029
29_19,1090.01,1112.62,0.0028
29_19,1024.79,1051.51,0.0028
29_19,824.51,830.81,0.0027
29_19,838.64,841.39,0.0027
29_19,784.27,794.27,0.0026
29_19,645.34,655.99,0.0026
29_19,734.11,736.64,0.0025
29_19,636.93,646.83,0.0025
29_19,1000.49,1013.75,0.0025
29_19,1107.42,1113.33,0.0025
29_19,860.23,862.72,0.0024
29_19,781.53,784.59,0.0024
29_19,610.96,621.43,0.0023
29_19,718.5,786.04,0.0023
29_19,880.7,893.8,0.0021
29_19,971.02,973.34,0.0021
29_19,911.09,947.47,0.0021
29_19,793.11,842.62,0.002
29_19,1022.87,1029.47,0.0019
29_19,1026.25,1110.45,0.0019
29_19,1012.96,1015.7,0.0019
29_19,760.24,767.31,0.0019
29_19,737.62,750.77,0.0019
29_19,1137.55,1149.99,0.0018
29_19,844.89,851.0,0.0018
29_19,729.26,731.92,0.0018
29_19,768.44,779.95,0.0018
29_19,1128.67,1138.13,0.0017
29_19,711.07,722.47,0.0017
29_19,1058.98,1062.28,0.0017
29_19,739.33,742.22,0.0016
29_19,853.07,857.35,0.0016
29_19,629.76,699.06,0.0016
29_19,942.96,945.89,0.0016
29_19,1111.06,1116.09,0.0016
29_19,827.77,840.73,0.0016
29_19,724.11,734.56,0.0015
29_19,951.41,972.02,0.0014
29_19,611.18,616.83,0.0013
29_19,848.91,865.92,0.0013
29_19,976.51,989.9,0.0013
29_19,969.31,971.39,0.0013
29_19,1098.8,1136.96,0.0012
29_19,1023.27,1036.35,0.0012
29_19,855.69,858.48,0.0012
29_19,1115.1,1120.48,0.0012
29_19,771.43,789.74,0.0012
29_19,702.37,744.08,0.0012
29_19,644.07,646.73,0.0012
29_19,621.97,624.98,0.0011
29_19,720.1,723.09,0.0011
29_19,859.07,861.29,0.0011
29_19,861.17,864.41,0.0011
29_19,836.16,839.56,0.0011
29_19,1122.45,1128.62,0.001
29_19,1164.96,1167.82,0.001
29_19,1084.09,1089.56,0.001
29_19,647.22,653.68,0.001
29_19,823.71,826.17,0.001
20_48,876.98,882.97,0.9998
20_48,739.68,751.64,0.9996
20_48,862.86,874.87,0.9988
20_48,931.87,937.68,0.9981
20_48,849.64,860.13,0.9979
20_48,724.2,737.1,0.997
20_48,753.26,803.69,0.9968
20_48,653.24,702.48,0.9956
20_48,997.28,1010.37,0.9955
20_48,705.45,722.03,0.9945
20_48,615.29,651.46,0.9937
20_48,937.83,995.83,0.9916
20_48,812.26,844.79,0.9897
20_48,897.42,904.55,0.9893
20_48,905.85,909.63,0.9877
20_48,883.23,896.6,0.9833
20_48,910.54,919.99,0.9667
20_48,739.68,751.65,0.1352
20_48,997.27,1010.36,0.135
20_48,653.29,702.49,0.1342
20_48,937.72,995.81,0.1338
20_48,862.86,874.87,0.1337
20_48,812.24,844.75,0.1335
20_48,931.87,937.68,0.1332
20_48,883.22,896.59,0.1331
20_48,753.22,803.63,0.133
20_48,724.2,737.09,0.1329
20_48,897.42,904.55,0.1316
20_48,937.8,995.87,0.0182
20_48,817.11,823.28,0.018
20_48,897.42,904.55,0.0178
20_48,904.09,910.17,0.0133
20_48,734.61,737.34,0.0114
20_48,1008.58,1013.99,0.0098
20_48,970.86,992.26,0.0095
20_48,984.54,987.28,0.0089
20_48,989.71,992.1,0.0089
20_48,920.02,931.59,0.0083
20_48,750.09,752.98,0.0081
20_48,643.24,652.53,0.0075
20_48,727.3,733.9,0.0074
20_48,1052.67,1072.22,0.0073
20_48,809.86,887.73,0.0069
20_48,785.78,788.84,0.006
20_48,712.97,718.79,0.0059
20_48,1075.8,1098.75,0.0058
20_48,1114.78,1121.3,0.0058
20_48,1027.16,1037.86,0.0057
20_48,876.59,882.57,0.0056
20_48,842.0,847.71,0.0054
20_48,822.49,841.47,0.0053
20_48,614.47,617.24,0.0052
20_48,672.1,694.33,0.0049
20_48,945.71,948.52,0.0047
20_48,754.34,757.14,0.0045
20_48,888.0,933.09,0.0044
20_48,1132.66,1145.77,0.004
20_48,861.24,883.92,0.0039
20_48,815.41,826.71,0.0039
20_48,682.75,685.56,0.0031
20_48,1012.69,1054.44,0.0029
20_48,765.88,771.79,0.0027
20_48,1106.49,1112.48,0.0025
20_48,1008.93,1018.72,0.0024
20_48,1044.28,1054.99,0.0024
20_48,882.78,887.78,0.0023
20_48,711.11,722.25,0.0023
20_48,871.88,874.38,0.0023
20_48,1124.6,1135.68,0.0023
20_48,839.35,850.72,0.0023
20_48,988.24,999.0,0.0022
20_48,615.7,638.99,0.0021
20_48,1068.87,1072.07,0.0021
20_48,937.48,948.19,0.0021
20_48,1115.62,1118.94,0.0021
20_48,1082.21,1093.39,0.002
20_48,669.13,674.88,0.002
20_48,792.04,812.35,0.0019
20_48,1027.69,1030.92,0.0019
20_48,995.88,1015.77,0.0018
20_48,1040.17,1045.94,0.0017
20_48,656.0,667.16,0.0016
20_48,946.24,952.28,0.0016
20_48,882.68,907.16,0.0016
20_48,846.68,849.26,0.0016
20_48,911.83,918.74,0.0016
20_48,696.09,707.28,0.0016
20_48,962.78,965.7,0.0015
20_48,1089.97,1128.59,0.0015
20_48,743.26,746.01,0.0015
20_48,882.33,885.24,0.0015
20_48,642.97,645.58,0.0014
20_48,797.94,804.06,0.0014
20_48,760.82,781.96,0.0013
20_48,1157.61,1163.24,0.0012
20_48,764.04,766.62,0.0012
20_48,964.32,970.63,0.0011
20_48,885.43,888.13,0.0011
20_48,875.77,884.92,0.0011
12_38,737.03,750.99,1.0
12_38,754.8,760.26,0.9999
12_38,620.64,627.23,0.9997
12_38,713.7,721.47,0.9959
12_38,654.82,664.08,0.9952
12_38,634.03,645.63,0.9931
12_38,671.9,681.64,0.9926
12_38,782.29,800.69,0.9921
12_38,693.15,700.93,0.9856
12_38,737.03,750.98,0.1355
12_38,782.3,800.67,0.1349
12_38,620.64,627.23,0.1348
12_38,713.7,721.47,0.1344
12_38,713.7,721.47,0.0182
12_38,620.64,627.23,0.0181
12_38,737.03,751.0,0.0179
12_38,628.73,634.13,0.0161
12_38,672.08,710.59,0.0118
12_38,894.97,914.55,0.0088
12_38,776.9,782.65,0.0083
12_38,692.99,698.56,0.0075
12_38,890.98,893.61,0.0068
12_38,610.43,618.26,0.0063
12_38,738.38,744.25,0.0046
12_38,924.19,945.41,0.0043
12_38,962.15,968.45,0.0039
12_38,661.9,741.15,0.0037
12_38,816.6,819.83,0.0037
12_38,662.66,673.25,0.0036
12_38,616.12,619.18,0.0034
12_38,750.82,768.88,0.0033
12_38,658.95,661.35,0.0032
12_38,729.13,734.57,0.0027
12_38,672.28,683.24,0.0026
12_38,851.54,889.36,0.0025
12_38,733.42,738.47,0.0025
12_38,699.53,709.36,0.0022
12_38,750.61,755.95,0.0022
12_38,891.18,896.53,0.0021
12_38,689.33,692.22,0.0021
12_38,762.27,783.23,0.0019
12_38,660.6,663.16,0.0019
12_38,613.48,615.5,0.0018
12_38,684.14,694.48,0.0016
12_38,791.57,794.5,0.0015
12_38,643.96,653.89,0.0015
12_38,614.75,620.26,0.0015
12_38,965.83,968.4,0.0014
12_38,655.3,665.93,0.0013
12_38,747.84,823.16,0.0011
12_38,888.05,893.35,0.0011
12_38,723.36,729.34,0.0011
12_38,924.97,927.69,0.001
12_38,673.38,679.25,0.001
23_16,686.51,693.54,0.9996
23_16,709.38,729.12,0.9993
23_16,952.96,1042.48,0.9984
23_16,696.18,704.97,0.9974
23_16,854.44,864.12,0.9964
23_16,839.05,852.69,0.9954
23_16,868.07,892.26,0.9943
23_16,1127.01,1155.59,0.9926
23_16,759.48,779.26,0.9921
23_16,1171.41,1173.57,0.99
23_16,734.01,759.01,0.989
23_16,1173.66,1228.8,0.9868
23_16,620.12,682.93,0.9865
23_16,1072.94,1076.01,0.986
23_16,1057.13,1072.92,0.9859
23_16,1076.06,1123.43,0.9848
23_16,778.42,832.87,0.9832
23_16,896.26,949.38,0.9741
23_16,1044.37,1055.34,0.9709
23_16,1166.58,1171.3,0.9686
23_16,686.51,693.54,0.1359
23_16,839.05,852.69,0.1348
23_16,759.5,779.27,0.1347
23_16,709.38,729.14,0.1347
23_16,953.02,1042.49,0.1343
23_16,696.18,704.97,0.1341
23_16,1171.41,1173.57,0.1337
23_16,1072.93,1076.02,0.1334
23_16,778.35,832.87,0.1316
23_16,1057.14,1072.93,0.131
23_16,1127.02,1155.6,0.1273
23_16,686.51,693.54,0.018
23_16,1072.94,1076.02,0.0178
23_16,1057.13,1072.92,0.0177
23_16,1173.25,1186.31,0.0175
23_16,629.64,632.32,0.0105
23_16,756.44,759.06,0.0097
23_16,917.57,952.56,0.0091
23_16,1158.13,1176.66,0.0063
23_16,1076.43,1082.77,0.006
23_16,690.46,709.18,0.0058
23_16,1182.89,1225.85,0.0057
23_16,878.9,891.19,0.0053
23_16,1042.51,1056.95,0.0049
23_16,674.89,682.38,0.0046
23_16,699.85,704.91,0.0042
23_16,751.98,833.05,0.0038
23_16,619.99,665.0,0.0036
23_16,1172.43,1190.41,0.0034
23_16,782.72,785.05,0.0031
23_16,953.07,1010.92,0.003
23_16,1135.09,1147.59,0.0028
23_16,912.22,918.82,0.0026
23_16,1130.74,1133.83,0.0024
23_16,870.22,892.95,0.0024
23_16,1064.92,1144.52,0.0024
23_16,1163.7,1173.28,0.0022
23_16,855.38,865.74,0.0021
23_16,1030.75,1042.67,0.0021
23_16,1224.56,1228.8,0.0019
23_16,623.38,628.46,0.0019
23_16,951.15,977.87,0.0019
23_16,741.7,755.63,0.0017
23_16,838.8,856.22,0.0017
23_16,779.8,799.9,0.0016
23_16,619.45,624.78,0.0016
23_16,1045.33,1056.1,0.0016
23_16,938.69,950.26,0.0016
23_16,701.37,704.35,0.0014
23_16,989.11,1042.25,0.0014
23_16,608.77,617.66,0.0014
23_16,809.15,830.92,0.0013
23_16,1100.52,1124.96,0.0013
23_16,1128.48,1130.95,0.0012
23_16,637.02,651.9,0.0012
23_16,897.75,910.34,0.0012
23_16,844.55,851.36,0.0011
23_16,1093.17,1105.01,0.001
28_42,622.39,705.33,0.9991
28_42,753.88,762.93,0.9983
28_42,988.16,1030.63,0.9983
28_42,771.73,793.59,0.9974
28_42,794.12,856.04,0.9954
28_42,707.6,751.76,0.9952
28_42,1056.8,1073.81,0.995
28_42,1097.26,1113.23,0.9934
28_42,865.67,880.58,0.9923
28_42,925.82,943.94,0.9917
28_42,954.07,983.87,0.9916
28_42,1039.78,1056.79,0.9868
28_42,1145.19,1162.74,0.9866
28_42,1136.12,1144.1,0.9863
28_42,1079.18,1094.61,0.9855
28_42,882.21,915.72,0.9807
28_42,1112.7,1136.64,0.9735
28_42,753.89,762.93,0.1355
28_42,707.58,751.7,0.1348
28_42,954.03,983.83,0.1347
28_42,1056.8,1073.82,0.1344
28_42,865.68,880.58,0.1343
28_42,794.11,856.03,0.1337
28_42,771.74,793.6,0.1334
28_42,1136.12,1144.11,0.1332
28_42,882.19,915.72,0.1331
28_42,1145.2,1162.74,0.132
28_42,1112.69,1136.66,0.1315
28_42,1039.76,1056.8,0.129
28_42,954.07,983.86,0.0183
28_42,865.68,880.58,0.0181
28_42,1136.13,1144.1,0.0178
28_42,794.09,856.07,0.0177
28_42,916.06,918.49,0.011
28_42,882.1,904.16,0.0082
28_42,1128.77,1135.25,0.0075
28_42,1097.19,1116.81,0.0068
28_42,1049.67,1055.87,0.0064
28_42,706.26,718.17,0.0053
28_42,990.36,1015.38,0.0049
28_42,1079.86,1099.92,0.0045
28_42,946.9,949.46,0.0044
28_42,920.22,950.72,0.0039
28_42,1112.29,1124.56,0.0035
28_42,1039.46,1041.67,0.0033
28_42,1040.75,1047.49,0.003
28_42,837.07,858.2,0.0026
28_42,923.86,929.95,0.0023
28_42,794.42,806.08,0.0022
28_42,1166.49,1188.58,0.0021
28_42,1057.15,1068.84,0.002
28_42,1143.97,1156.19,0.002
28_42,1045.49,1056.58,0.002
28_42,1094.89,1111.33,0.0019
28_42,1017.15,1031.09,0.0018
28_42,914.24,918.82,0.0018
28_42,777.04,789.09,0.0017
28_42,813.61,823.81,0.0016
28_42,707.16,781.73,0.0015
28_42,628.04,713.2,0.0014
28_42,719.21,722.08,0.0013
28_42,1031.8,1040.55,0.0012
28_42,929.96,941.43,0.0011
28_42,988.88,1033.95,0.0011
28_42,1104.03,1110.59,0.001
28_42,1039.77,1051.63,0.001
10_7,701.09,706.76,0.9996
10_7,660.24,699.85,0.9982
10_7,754.42,793.29,0.9981
10_7,741.47,745.87,0.9963
10_7,874.16,884.65,0.9946
10_7,709.44,720.93,0.9944
10_7,643.73,660.24,0.9931
10_7,826.61,827.72,0.9925
10_7,894.47,907.1,0.992
10_7,797.64,805.48,0.9887
10_7,806.87,809.35,0.9881
10_7,616.05,643.21,0.988
10_7,865.71,873.83,0.9878
10_7,812.95,826.44,0.9875
10_7,860.38,865.17,0.9766
10_7,845.68,847.26,0.9745
10_7,721.22,737.29,0.9731
10_7,847.4,854.06,0.9671
10_7,766.34,774.71,0.9014
10_7,660.25,699.89,0.1356
10_7,616.05,643.2,0.1315
10_7,847.4,854.06,0.1283
10_7,754.4,793.35,0.123
10_7,1046.98,1059.81,0.0172
10_7,656.97,659.65,0.0158
10_7,824.23,826.5,0.0154
10_7,828.01,830.61,0.015
10_7,741.2,751.24,0.0112
10_7,799.29,804.21,0.0108
10_7,990.26,995.82,0.0102
10_7,722.07,724.47,0.0094
10_7,925.31,927.91,0.0087
10_7,994.85,1005.64,0.0081
10_7,754.43,756.92,0.0079
10_7,644.96,656.96,0.0073
10_7,663.22,686.37,0.0073
10_7,880.13,883.21,0.0071
10_7,756.18,767.26,0.007
10_7,969.99,976.01,0.0066
10_7,859.42,865.01,0.0063
10_7,712.23,714.92,0.0062
10_7,769.24,771.98,0.0061
10_7,804.68,813.24,0.006
10_7,717.13,719.83,0.0053
10_7,846.02,856.36,0.0048
10_7,1072.44,1077.67,0.0046
10_7,722.01,742.05,0.0042
10_7,611.33,616.47,0.0041
10_7,1090.52,1101.82,0.0039
10_7,697.89,707.51,0.0037
10_7,977.95,980.57,0.0035
10_7,715.54,718.23,0.0034
10_7,814.36,817.58,0.0034
10_7,713.65,715.79,0.0032
10_7,765.09,788.23,0.0032
10_7,866.3,945.35,0.0031
10_7,613.62,615.14,0.0031
10_7,910.63,913.62,0.003
10_7,629.17,710.98,0.003
10_7,867.24,873.42,0.0029
10_7,1061.61,1072.13,0.0029
10_7,706.75,709.74,0.0029
10_7,812.08,833.53,0.0027
10_7,617.41,628.47,0.0027
10_7,654.57,657.34,0.0026
10_7,905.04,908.04,0.0026
10_7,823.04,826.09,0.0025
10_7,775.36,781.81,0.0024
10_7,971.85,977.81,0.0024
10_7,669.96,672.74,0.0023
10_7,586.74,641.43,0.0022
10_7,1076.65,1098.94,0.002
10_7,1109.69,1112.07,0.002
10_7,991.24,1013.36,0.0019
10_7,737.06,739.58,0.0019
10_7,692.65,698.63,0.0019
10_7,646.25,649.01,0.0019
10_7,1107.6,1129.53,0.0019
10_7,796.11,815.01,0.0018
10_7,711.9,717.33,0.0017
10_7,843.47,863.24,0.0016
10_7,1097.89,1108.74,0.0016
10_7,686.62,689.46,0.0016
10_7,897.84,900.48,0.0016
10_7,1111.7,1117.19,0.0015
10_7,737.3,755.07,0.0015
10_7,809.17,812.05,0.0015
10_7,1140.84,1153.46,0.0015
10_7,729.86,736.07,0.0015
10_7,1124.61,1126.91,0.0014
10_7,1017.79,1023.37,0.0014
10_7,817.51,820.83,0.0014
10_7,841.17,844.12,0.0013
10_7,928.49,931.47,0.0013
10_7,766.74,776.16,0.0013
10_7,936.4,957.44,0.0012
10_7,1042.59,1044.94,0.0012
10_7,976.24,978.7,0.0012
10_7,616.15,661.31,0.0011
10_7,960.38,972.99,0.0011
10_7,652.06,654.7,0.0011
10_7,833.22,844.23,0.0011
10_7,724.21,726.21,0.0011
10_7,885.83,896.86,0.0011
10_7,1038.43,1041.22,0.001
10_7,739.58,742.12,0.001
2_3,846.48,854.97,0.9987
2_3,898.82,969.65,0.998
2_3,615.81,658.25,0.9977
2_3,700.65,785.53,0.9971
2_3,666.76,690.79,0.9955
2_3,1002.18,1043.15,0.9945
2_3,789.91,843.61,0.9932
2_3,968.18,1002.13,0.9916
2_3,857.78,880.46,0.9885
2_3,1063.78,1228.8,0.9851
2_3,1044.6,1062.99,0.9849
2_3,883.26,894.59,0.9666
2_3,700.62,785.59,0.1354
2_3,968.19,1002.13,0.1334
2_3,615.84,658.27,0.131
2_3,883.27,894.61,0.13
2_3,786.74,789.76,0.01
2_3,866.37,877.75,0.0085
2_3,848.25,853.85,0.0071
2_3,810.53,838.6,0.0068
2_3,1049.27,1061.57,0.0064
2_3,1026.59,1032.7,0.0059
2_3,880.14,883.02,0.0054
2_3,855.01,864.68,0.0042
2_3,968.59,981.15,0.0035
2_3,898.18,964.22,0.0034
2_3,852.06,888.16,0.0033
2_3,735.73,782.39,0.0032
2_3,662.92,694.28,0.0031
2_3,1064.01,1080.08,0.0031
2_3,1095.85,1106.8,0.003
2_3,1101.55,1228.8,0.0029
2_3,691.34,694.11,0.0028
2_3,846.32,858.0,0.0028
2_3,613.68,684.44,0.0025
2_3,1222.19,1228.8,0.0025
2_3,701.15,737.39,0.0024
2_3,1035.16,1042.93,0.0024
2_3,1002.86,1008.6,0.0019
2_3,1094.08,1100.66,0.0018
2_3,786.89,842.26,0.0018
2_3,660.44,666.52,0.0017
2_3,885.77,888.26,0.0017
2_3,1026.34,1028.88,0.0016
2_3,825.38,839.41,0.0016
2_3,1129.9,1192.57,0.0016
2_3,1086.8,1097.68,0.0016
2_3,618.27,644.67,0.0015
2_3,764.93,770.24,0.0014
2_3,852.78,855.14,0.0014
2_3,690.37,700.37,0.0014
2_3,1207.9,1220.16,0.0013
2_3,855.16,858.07,0.0013
2_3,1027.41,1042.33,0.0013
2_3,1130.66,1133.03,0.0013
2_3,841.3,845.8,0.0012
2_3,1009.05,1022.06,0.0012
2_3,739.0,749.4,0.0012
2_3,770.23,782.49,0.0011
2_3,967.93,994.57,0.001
15_4,1062.65,1082.22,0.9981
15_4,1049.87,1059.29,0.9979
15_4,884.31,936.15,0.9973
15_4,752.14,762.39,0.9969
15_4,766.11,825.44,0.9935
15_4,1035.08,1049.51,0.9934
15_4,830.83,871.97,0.9933
15_4,978.04,979.34,0.9921
15_4,614.38,678.43,0.9884
15_4,1091.85,1228.8,0.9867
15_4,936.4,940.83,0.9865
15_4,968.97,976.97,0.9864
15_4,1083.33,1088.1,0.9852
15_4,980.59,1026.94,0.985
15_4,680.05,691.54,0.9821
15_4,692.45,748.65,0.9776
15_4,1013.56,1034.61,0.87
15_4,1062.64,1082.23,0.1352
15_4,884.29,936.13,0.1346
15_4,1049.87,1059.29,0.1344
15_4,692.55,748.68,0.1331
15_4,766.19,825.5,0.1329
15_4,614.44,678.32,0.1327
15_4,1035.08,1049.51,0.1308
15_4,680.04,691.54,0.1263
15_4,980.69,1026.81,0.1194
15_4,949.46,970.07,0.0183
15_4,766.25,825.47,0.0181
15_4,884.33,936.12,0.0177
15_4,989.74,993.24,0.015
15_4,1044.68,1047.98,0.0136
15_4,665.86,679.47,0.0109
15_4,1028.6,1034.36,0.0103
15_4,752.39,754.98,0.0103
15_4,978.54,989.73,0.0097
15_4,1001.1,1006.97,0.0094
15_4,929.02,936.08,0.0087
15_4,817.93,825.11,0.0079
15_4,972.77,976.01,0.0074
15_4,1194.39,1228.8,0.0065
15_4,614.42,622.85,0.0062
15_4,950.59,953.47,0.0054
15_4,1124.97,1145.85,0.0051
15_4,910.02,931.74,0.005
15_4,1083.0,1091.25,0.0049
15_4,1201.83,1214.08,0.0048
15_4,767.64,793.04,0.0041
15_4,1091.54,1093.48,0.0039
15_4,789.6,824.96,0.0037
15_4,1115.29,1122.14,0.0037
15_4,944.19,979.91,0.0031
15_4,943.07,945.17,0.0031
15_4,1029.13,1031.78,0.0031
15_4,1066.29,1080.0,0.0027
15_4,932.75,935.94,0.0027
15_4,964.14,969.54,0.0026
15_4,695.72,708.6,0.0026
15_4,937.39,940.91,0.0026
15_4,805.21,811.72,0.0026
15_4,754.73,760.23,0.0024
15_4,970.92,1051.45,0.0024
15_4,830.19,853.3,0.002
15_4,870.97,876.98,0.002
15_4,1012.47,1014.81,0.0019
15_4,680.09,740.27,0.0018
15_4,765.2,775.24,0.0018
15_4,799.82,805.75,0.0017
15_4,1107.27,1220.62,0.0015
15_4,1092.31,1098.26,0.0015
15_4,614.11,621.49,0.0015
15_4,874.16,884.69,0.0014
15_4,981.13,983.81,0.0013
15_4,1052.61,1058.87,0.0013
15_4,1006.73,1009.33,0.0012
15_4,954.81,960.81,0.0012
15_4,1015.68,1018.06,0.0011
15_4,878.37,880.63,0.0011
15_4,836.23,848.95,0.0011
15_4,694.78,720.42,0.0011
15_4,991.82,1012.51,0.001
20_16,858.81,879.48,0.9996
20_16,614.62,821.4,0.9975
20_16,1172.36,1228.8,0.9956
20_16,883.44,928.91,0.9951
20_16,929.54,945.81,0.9944
20_16,1037.01,1075.0,0.9937
20_16,824.99,857.27,0.9935
20_16,1079.18,1130.88,0.9911
20_16,949.02,1011.38,0.9868
20_16,1133.45,1170.88,0.9508
20_16,1172.64,1228.8,0.1368
20_16,1079.1,1130.92,0.1344
20_16,949.01,1011.44,0.134
20_16,825.0,857.25,0.1319
20_16,905.28,928.97,0.0187
20_16,825.02,857.22,0.0178
20_16,948.99,1011.49,0.0176
20_16,794.15,820.53,0.0153
20_16,615.63,626.92,0.0102
20_16,934.81,946.54,0.0098
20_16,1113.32,1119.75,0.0077
20_16,858.33,878.81,0.0065
20_16,1131.84,1156.21,0.0062
20_16,948.9,972.8,0.0061
20_16,929.73,940.04,0.0053
20_16,1178.11,1204.65,0.0037
20_16,770.77,821.03,0.0032
20_16,859.7,931.02,0.0029
20_16,620.97,719.93,0.0029
20_16,816.34,822.38,0.0029
20_16,703.16,765.53,0.0024
20_16,948.34,963.24,0.002
20_16,1079.19,1092.02,0.0019
20_16,948.41,951.18,0.0016
20_16,848.78,855.75,0.0016
20_16,1027.15,1030.43,0.0014
20_16,914.16,929.62,0.0013
20_16,1103.09,1115.06,0.0013
20_16,1210.99,1218.5,0.0012
20_16,1112.7,1127.23,0.0012
20_16,928.62,945.05,0.0012
20_16,787.76,791.06,0.0011
20_16,620.2,626.29,0.001
12_9,835.38,849.47,0.9991
12_9,661.09,679.24,0.9929
12_9,750.6,766.24,0.9927
12_9,626.4,633.18,0.9923
12_9,689.79,702.39,0.9919
12_9,641.27,645.45,0.9906
12_9,787.63,798.32,0.9893
12_9,712.76,721.15,0.9868
12_9,728.93,739.88,0.9825
12_9,835.38,849.47,0.1343
12_9,626.4,633.19,0.1322
12_9,1025.22,1028.02,0.0332
12_9,645.32,651.39,0.0193
12_9,835.38,849.46,0.018
12_9,682.91,688.87,0.013
12_9,767.63,770.46,0.0115
12_9,775.42,786.32,0.0099
12_9,638.55,641.36,0.0096
12_9,899.73,974.35,0.0063
12_9,996.28,999.12,0.0044
12_9,820.3,831.62,0.0042
12_9,641.22,644.12,0.0036
12_9,645.5,648.32,0.0036
12_9,806.48,847.09,0.0034
12_9,770.52,772.68,0.0032
12_9,627.73,630.83,0.0031
12_9,651.79,662.63,0.003
12_9,679.77,703.48,0.0029
12_9,799.55,822.02,0.0027
12_9,1026.67,1037.68,0.0027
12_9,783.86,803.7,0.0025
12_9,856.96,860.21,0.0023
12_9,619.31,622.3,0.0023
12_9,632.63,635.53,0.0023
12_9,756.62,762.16,0.0023
12_9,774.15,776.8,0.0021
12_9,643.8,653.54,0.0021
12_9,636.43,639.05,0.0019
12_9,680.22,682.89,0.0019
12_9,864.55,867.63,0.0019
12_9,747.08,827.67,0.0019
12_9,675.1,677.42,0.0018
12_9,914.42,936.1,0.0017
12_9,984.26,1003.66,0.0017
12_9,699.42,717.65,0.0016
12_9,749.01,754.99,0.0016
12_9,931.23,934.05,0.0016
12_9,766.19,787.17,0.0016
12_9,849.36,928.75,0.0015
12_9,652.66,657.77,0.0015
12_9,996.95,1017.48,0.0015
12_9,763.11,768.6,0.0015
12_9,734.48,739.79,0.0015
12_9,824.07,834.5,0.0015
12_9,892.59,895.2,0.0015
12_9,849.27,867.56,0.0014
12_9,1034.01,1044.58,0.0014
12_9,647.82,685.16,0.0013
12_9,964.32,967.32,0.0013
12_9,770.71,776.2,0.0013
12_9,613.47,615.44,0.0012
12_9,1065.24,1068.05,0.0012
12_9,675.28,755.4,0.0012
12_9,798.64,809.76,0.0012
12_9,745.11,748.15,0.0011
12_9,656.38,661.95,0.0011
12_9,922.96,928.93,0.0011
26_18,745.99,766.47,0.9999
26_18,678.83,697.76,0.9996
26_18,770.27,789.55,0.9992
26_18,1060.26,1068.5,0.9988
26_18,729.1,741.91,0.998
26_18,658.67,675.69,0.9978
26_18,889.14,914.07,0.9977
26_18,700.83,727.8,0.997
26_18,847.61,888.62,0.9966
26_18,844.61,847.45,0.9953
26_18,1000.43,1048.55,0.9947
26_18,792.19,816.9,0.9933
26_18,915.98,973.07,0.993
26_18,1048.91,1059.1,0.9904
26_18,614.84,658.24,0.9857
26_18,1068.69,1099.56,0.9852
26_18,827.6,843.39,0.9815
26_18,991.38,996.64,0.98
26_18,989.54,991.2,0.9704
26_18,974.47,989.51,0.9439
26_18,915.97,972.91,0.1356
26_18,889.12,914.07,0.1355
26_18,700.81,727.78,0.1345
26_18,729.09,741.92,0.1345
26_18,792.25,816.9,0.1344
26_18,614.83,658.21,0.1331
26_18,678.82,697.78,0.1316
26_18,658.66,675.69,0.1315
26_18,844.61,847.45,0.13
26_18,889.12,914.07,0.0183
26_18,915.87,973.04,0.0182
26_18,720.9,727.67,0.0123
26_18,1017.22,1020.16,0.0117
26_18,616.65,628.85,0.0086
26_18,674.95,680.02,0.0077
26_18,1091.57,1097.13,0.0074
26_18,1005.77,1012.02,0.007
26_18,704.43,716.1,0.0059
26_18,930.32,942.38,0.0054
26_18,676.51,694.05,0.0045
26_18,868.54,888.67,0.004
26_18,632.46,657.1,0.0036
26_18,747.2,769.71,0.0036
26_18,918.4,929.52,0.0036
26_18,723.71,729.2,0.0036
26_18,1070.84,1074.31,0.0035
26_18,1082.37,1093.86,0.0032
26_18,977.37,988.62,0.0031
26_18,672.28,675.07,0.0029
26_18,696.95,735.83,0.0027
26_18,774.65,780.42,0.0026
26_18,848.62,851.65,0.0026
26_18,1061.38,1067.59,0.0025
26_18,697.42,702.62,0.0024
26_18,964.58,967.48,0.0023
26_18,707.2,713.49,0.0023
26_18,1098.89,1110.93,0.0022
26_18,944.82,947.25,0.0022
26_18,614.56,617.37,0.0021
26_18,626.2,629.31,0.0021
26_18,834.15,837.38,0.0021
26_18,768.87,788.48,0.002
26_18,915.26,918.26,0.0019
26_18,1081.99,1087.49,0.0018
26_18,745.17,751.08,0.0018
26_18,790.75,826.14,0.0018
26_18,657.29,670.01,0.0018
26_18,861.46,864.18,0.0018
26_18,788.85,791.07,0.0018
26_18,1121.45,1126.81,0.0017
26_18,1006.63,1009.4,0.0016
26_18,987.66,992.47,0.0015
26_18,1063.37,1103.74,0.0015
26_18,946.82,949.53,0.0014
26_18,890.68,892.96,0.0014
26_18,1021.7,1044.43,0.0013
26_18,741.93,779.68,0.0012
26_18,617.67,620.75,0.0011
26_18,967.84,987.77,0.0011
26_18,1074.74,1077.82,0.0011
26_18,763.57,770.33,0.001
26_18,585.41,645.79,0.001
26_18,1027.36,1030.28,0.001
7_1,853.9,864.03,0.9982
7_1,654.34,670.97,0.9978
7_1,793.15,815.6,0.9972
7_1,637.36,652.19,0.9971
7_1,615.69,633.74,0.9965
7_1,872.7,890.96,0.9946
7_1,840.34,854.26,0.9936
7_1,817.39,833.65,0.9923
7_1,892.22,902.88,0.9905
7_1,673.75,792.45,0.9895
7_1,865.29,872.16,0.9755
7_1,793.17,815.59,0.1355
7_1,872.71,890.98,0.1353
7_1,817.4,833.66,0.1352
7_1,840.32,854.26,0.1351
7_1,853.88,864.02,0.135
7_1,654.34,671.0,0.1343
7_1,865.28,872.16,0.133
7_1,615.68,633.72,0.1325
7_1,966.63,969.41,0.0193
7_1,817.38,833.66,0.0184
7_1,840.35,854.27,0.0181
7_1,1001.92,1012.77,0.0171
7_1,857.76,863.65,0.012
7_1,845.4,928.09,0.0112
7_1,682.89,695.32,0.0083
7_1,1133.87,1144.66,0.0073
7_1,1099.81,1110.23,0.0073
7_1,850.06,853.3,0.0071
7_1,1004.41,1042.84,0.0065
7_1,637.33,677.58,0.0061
7_1,1111.14,1133.43,0.0058
7_1,1010.38,1013.0,0.0057
7_1,615.35,627.53,0.0052
7_1,821.14,824.54,0.0048
7_1,971.67,982.75,0.0046
7_1,991.44,997.41,0.0044
7_1,891.31,902.19,0.004
7_1,1131.75,1134.71,0.0039
7_1,884.98,891.83,0.0039
7_1,789.05,794.15,0.0039
7_1,924.38,936.35,0.0038
7_1,739.26,741.98,0.0037
7_1,1005.26,1010.92,0.0035
7_1,1079.01,1084.67,0.0035
7_1,1031.57,1042.01,0.0033
7_1,635.3,654.53,0.0031
7_1,765.98,768.96,0.003
7_1,744.61,751.02,0.0029
7_1,681.95,721.81,0.0026
7_1,654.26,665.05,0.0026
7_1,808.97,814.53,0.0026
7_1,1147.34,1152.73,0.0025
7_1,600.55,628.01,0.0025
7_1,992.76,1004.16,0.0024
7_1,848.41,853.8,0.0022
7_1,1056.43,1077.46,0.0022
7_1,1089.08,1100.12,0.0021
7_1,1075.49,1078.14,0.002
7_1,1045.69,1057.68,0.002
7_1,833.2,839.24,0.002
7_1,737.62,783.28,0.0019
7_1,628.14,634.48,0.0018
7_1,997.03,999.82,0.0017
7_1,766.03,772.1,0.0017
7_1,1095.9,1098.4,0.0017
7_1,1021.53,1024.29,0.0016
7_1,741.52,744.3,0.0014
7_1,769.32,791.84,0.0014
7_1,657.06,669.0,0.0014
7_1,1045.53,1051.69,0.0011
7_1,973.47,978.56,0.0011
7_1,1078.59,1099.57,0.001
7_1,692.94,735.46,0.001
1_14,798.33,840.58,0.9998
1_14,769.34,794.35,0.9989
1_14,749.24,766.65,0.9986
1_14,842.87,872.57,0.9973
1_14,922.95,963.44,0.9957
1_14,979.38,984.27,0.9949
1_14,874.34,919.54,0.9946
1_14,664.27,678.57,0.9917
1_14,614.81,661.21,0.9911
1_14,681.26,716.82,0.99
1_14,721.31,746.55,0.975
1_14,984.28,986.02,0.97
1_14,842.85,872.58,0.135
1_14,749.26,766.65,0.1343
1_14,979.38,984.27,0.1341
1_14,664.28,678.58,0.1339
1_14,922.95,963.42,0.1329
1_14,769.32,794.33,0.1323
1_14,664.27,678.59,0.0182
1_14,842.86,872.6,0.018
1_14,985.02,1027.24,0.0119
1_14,715.37,751.69,0.0085
1_14,977.08,980.15,0.0081
1_14,779.54,859.21,0.007
1_14,677.93,697.64,0.0065
1_14,1053.56,1056.05,0.0064
1_14,869.98,875.07,0.006
1_14,1034.72,1040.66,0.0057
1_14,879.61,903.87,0.0049
1_14,661.93,665.0,0.0043
1_14,618.91,631.27,0.004
1_14,1053.6,1060.0,0.0038
1_14,673.76,676.69,0.0032
1_14,1010.71,1020.9,0.0032
1_14,799.0,809.92,0.0028
1_14,1133.96,1139.87,0.0028
1_14,624.1,647.53,0.0026
1_14,700.08,705.94,0.0025
1_14,1020.94,1027.13,0.0025
1_14,717.47,728.92,0.0025
1_14,940.57,961.16,0.0024
1_14,1078.32,1089.26,0.0023
1_14,750.52,755.91,0.0023
1_14,734.57,746.03,0.0022
1_14,620.05,622.47,0.0021
1_14,984.02,989.33,0.002
1_14,1002.94,1009.03,0.0019
1_14,664.16,673.13,0.0018
1_14,992.03,995.12,0.0014
1_14,996.73,1002.56,0.0014
1_14,641.93,663.4,0.0013
1_14,772.12,796.01,0.0013
1_14,894.95,979.38,0.0013
1_14,1128.92,1134.66,0.0012
1_14,707.52,713.16,0.0011
1_14,1138.35,1141.37,0.0011
1_14,1051.69,1071.9,0.0011
1_14,740.89,772.61,0.0011
1_14,863.16,868.86,0.0011
21_8,1090.31,1101.55,0.9997
21_8,973.75,996.26,0.9993
21_8,759.11,786.43,0.9993
21_8,1045.29,1058.95,0.9992
21_8,652.21,671.46,0.9991
21_8,801.7,853.91,0.999
21_8,677.92,694.78,0.9977
21_8,1101.54,1119.24,0.9976
21_8,626.45,651.37,0.9924
21_8,1072.62,1090.31,0.9887
21_8,870.88,894.14,0.9868
21_8,699.62,713.28,0.9854
21_8,894.13,953.63,0.9828
21_8,1017.94,1045.29,0.9589
21_8,801.76,853.98,0.1366
21_8,759.11,786.41,0.1339
21_8,1072.61,1090.3,0.1336
21_8,699.61,713.27,0.1333
21_8,1045.29,1058.94,0.1328
21_8,1062.86,1073.57,0.0193
21_8,759.11,786.38,0.018
21_8,1045.3,1058.94,0.018
21_8,801.75,854.03,0.0179
21_8,699.61,713.27,0.0174
21_8,896.61,919.49,0.0161
21_8,643.94,646.82,0.0127
21_8,928.52,940.74,0.0124
21_8,614.72,617.23,0.0097
21_8,728.14,734.95,0.0094
21_8,1097.83,1136.83,0.0063
21_8,922.09,946.02,0.0063
21_8,616.46,651.19,0.0056
21_8,788.17,809.21,0.0053
21_8,1148.43,1159.51,0.0042
21_8,647.56,653.5,0.0039
21_8,853.92,865.52,0.0038
21_8,608.04,619.29,0.0033
21_8,777.67,779.98,0.0031
21_8,1012.2,1051.97,0.0029
21_8,867.59,870.93,0.0029
21_8,790.44,796.64,0.0029
21_8,978.71,982.06,0.0024
21_8,967.95,1011.52,0.0022
21_8,956.23,967.69,0.002
21_8,621.3,704.47,0.0018
21_8,1100.29,1109.82,0.0016
21_8,864.24,867.07,0.0014
21_8,1136.06,1158.86,0.0014
21_8,859.16,897.79,0.0014
21_8,1129.06,1132.31,0.0013
21_8,775.65,786.62,0.0013
21_8,675.8,693.42,0.0013
21_8,822.56,828.38,0.0012
21_8,981.77,987.12,0.0012
21_8,681.13,685.7,0.0011
21_8,883.5,889.11,0.0011
21_8,1005.84,1017.29,0.001
21_8,635.14,638.48,0.001
22_6,990.29,996.01,0.9997
22_6,765.94,863.53,0.9994
22_6,671.76,681.68,0.9991
22_6,1023.98,1035.5,0.9989
22_6,616.3,622.45,0.9977
22_6,1035.04,1039.28,0.9966
22_6,685.18,730.67,0.9957
22_6,624.71,666.83,0.9957
22_6,998.18,1003.22,0.9953
22_6,865.26,990.16,0.9943
22_6,730.81,744.73,0.9942
22_6,667.16,671.16,0.9922
22_6,744.97,765.94,0.9917
22_6,1007.81,1019.43,0.9789
22_6,1035.04,1039.28,0.1347
22_6,624.75,666.76,0.1346
22_6,865.21,990.42,0.1341
22_6,1023.99,1035.5,0.1337
22_6,616.3,622.46,0.1325
22_6,667.16,671.16,0.1296
22_6,1023.98,1035.51,0.0178
22_6,616.31,622.45,0.0178
22_6,1017.59,1020.91,0.0174
22_6,1045.93,1057.59,0.0095
22_6,941.11,953.28,0.0092
22_6,914.16,917.42,0.0089
22_6,724.25,745.55,0.0067
22_6,869.77,872.19,0.0065
22_6,779.59,822.78,0.0059
22_6,789.32,792.61,0.0051
22_6,732.28,737.95,0.0048
22_6,676.15,753.73,0.0044
22_6,801.01,812.12,0.0042
22_6,741.86,752.29,0.0042
22_6,1013.91,1025.14,0.0039
22_6,631.87,655.99,0.0038
22_6,794.01,799.88,0.0037
22_6,835.75,841.18,0.0037
22_6,962.06,967.26,0.0036
22_6,867.25,869.58,0.0036
22_6,622.23,632.27,0.0035
22_6,866.13,885.36,0.0035
22_6,930.58,942.49,0.0034
22_6,1106.69,1127.69,0.003
22_6,831.39,836.59,0.0028
22_6,1037.94,1060.11,0.0024
22_6,680.14,683.4,0.0023
22_6,925.3,931.03,0.0022
22_6,989.48,1028.48,0.0022
22_6,950.88,956.78,0.0022
22_6,685.21,690.95,0.0021
22_6,698.64,704.93,0.0021
22_6,1035.95,1038.56,0.002
22_6,746.44,749.02,0.002
22_6,761.6,850.46,0.0018
22_6,732.94,735.15,0.0017
22_6,946.06,952.59,0.0017
22_6,728.18,733.7,0.0017
22_6,989.02,998.6,0.0016
22_6,971.61,982.33,0.0016
22_6,693.85,699.04,0.0015
22_6,758.95,762.05,0.0015
22_6,654.51,657.37,0.0014
22_6,955.92,961.73,0.0013
22_6,1123.04,1146.25,0.0013
22_6,805.77,811.44,0.0013
22_6,978.14,988.9,0.0013
22_6,764.37,775.88,0.0012
22_6,816.47,819.42,0.0012
22_6,990.25,992.71,0.0012
22_6,630.29,641.23,0.0012
22_6,824.59,830.61,0.0012
22_6,1057.06,1063.55,0.0012
22_6,1148.14,1153.78,0.0012
22_6,798.41,801.4,0.0011
22_6,650.46,670.88,0.0011
22_6,1118.65,1123.93,0.0011
22_6,947.43,950.35,0.001
22_6,778.3,801.77,0.001
22_6,747.79,758.65,0.001
22_6,1087.2,1105.71,0.001
22_6,1156.59,1159.35,0.001
12_16,694.33,711.67,0.999
12_16,629.46,654.15,0.9986
12_16,736.62,752.85,0.9974
12_16,615.75,623.81,0.9972
12_16,624.03,629.24,0.9967
12_16,756.91,789.47,0.9961
12_16,668.4,689.87,0.9909
12_16,656.86,665.4,0.9792
12_16,720.13,732.57,0.9668
12_16,736.63,752.84,0.1352
12_16,624.03,629.24,0.135
12_16,615.74,623.8,0.1343
12_16,756.88,789.48,0.1328
12_16,629.48,654.15,0.132
12_16,720.13,732.56,0.1281
12_16,736.63,752.84,0.0183
12_16,615.74,623.81,0.0181
12_16,923.39,926.18,0.0123
12_16,876.24,898.79,0.0103
12_16,714.8,736.69,0.0098
12_16,884.88,887.74,0.007
12_16,659.56,693.49,0.0063
12_16,877.33,882.71,0.0063
12_16,922.6,928.92,0.0063
12_16,702.36,707.86,0.0058
12_16,710.77,716.12,0.0053
12_16,869.21,880.22,0.005
12_16,713.92,720.13,0.0039
12_16,874.4,916.62,0.0038
12_16,810.29,813.33,0.0034
12_16,799.47,821.39,0.0033
12_16,786.38,792.27,0.0032
12_16,648.14,657.85,0.0029
12_16,629.58,632.28,0.0025
12_16,769.01,790.09,0.0024
12_16,621.16,701.52,0.0024
12_16,864.74,876.65,0.0022
12_16,818.13,820.61,0.0021
12_16,835.71,838.96,0.002
12_16,658.6,664.08,0.0019
12_16,615.88,636.32,0.0018
12_16,716.02,718.75,0.0016
12_16,646.73,649.24,0.0014
12_16,698.76,701.64,0.0013
12_16,692.57,711.05,0.0012
12_16,679.71,689.94,0.0011
12_16,895.66,898.47,0.001
12_16,661.07,663.79,0.001
12_16,755.64,767.06,0.001
12_16,830.87,841.57,0.001
1_32,789.82,801.42,0.9995
1_32,638.2,652.8,0.9987
1_32,707.28,730.77,0.9984
1_32,752.54,770.13,0.9983
1_32,616.61,636.25,0.998
1_32,801.6,803.34,0.9977
1_32,731.9,752.2,0.9959
1_32,667.13,682.23,0.9911
1_32,772.22,789.22,0.9831
1_32,683.69,706.95,0.9814
1_32,656.78,673.6,0.8482
1_32,752.54,770.15,0.135
1_32,707.29,730.78,0.1346
1_32,638.2,652.81,0.1344
1_32,801.6,803.33,0.1325
1_32,874.83,880.84,0.0514
1_32,965.29,976.22,0.0096
1_32,657.32,669.16,0.0081
1_32,884.87,890.22,0.0077
1_32,892.42,904.1,0.0072
1_32,687.37,693.11,0.0067
1_32,926.79,938.25,0.0067
1_32,615.0,634.44,0.0051
1_32,906.28,911.59,0.0044
1_32,788.78,800.06,0.0042
1_32,658.06,739.7,0.0042
1_32,918.53,924.39,0.0038
1_32,629.82,635.81,0.0032
1_32,748.43,753.62,0.0031
1_32,803.03,824.94,0.0029
1_32,615.71,618.32,0.0026
1_32,859.81,865.7,0.0023
1_32,942.06,945.09,0.0022
1_32,647.67,653.3,0.0018
1_32,936.6,958.08,0.0018
1_32,873.28,884.16,0.0017
1_32,849.88,872.92,0.0015
1_32,638.37,640.52,0.0014
1_32,952.62,958.18,0.0014
1_32,772.82,794.33,0.0013
1_32,710.76,722.18,0.0011
1_32,764.44,767.13,0.0011
27_9,642.72,659.88,0.9994
27_9,780.91,823.75,0.9987
27_9,826.38,842.68,0.9981
27_9,844.42,925.9,0.9974
27_9,1073.53,1106.36,0.9968
27_9,1030.63,1046.92,0.9961
27_9,1009.18,1030.62,0.9958
27_9,1111.39,1152.98,0.995
27_9,936.13,991.14,0.9875
27_9,689.03,746.55,0.9868
27_9,769.74,778.31,0.9672
27_9,826.39,842.67,0.1355
27_9,1030.61,1046.92,0.1344
27_9,642.73,659.87,0.1341
27_9,936.29,991.15,0.1337
27_9,1111.39,1153.03,0.1317
27_9,658.66,664.43,0.0208
27_9,1030.63,1046.91,0.0182
27_9,936.18,991.12,0.0182
27_9,629.9,641.76,0.0145
27_9,1018.19,1029.89,0.0101
27_9,660.44,680.37,0.0094
27_9,634.69,641.34,0.007
27_9,778.93,846.5,0.0062
27_9,1076.89,1098.95,0.0054
27_9,868.47,871.18,0.0051
27_9,1130.0,1132.41,0.0051
27_9,907.4,910.04,0.0049
27_9,614.4,620.72,0.0047
27_9,1117.97,1130.43,0.0046
27_9,843.68,862.49,0.0034
27_9,688.42,771.47,0.0034
27_9,763.28,781.31,0.0029
27_9,1121.96,1124.56,0.0029
27_9,881.54,893.15,0.0029
27_9,700.27,711.62,0.0026
27_9,856.48,858.97,0.0025
27_9,1052.18,1057.68,0.0025
27_9,857.32,900.16,0.0024
27_9,963.74,966.8,0.0024
27_9,1139.54,1141.99,0.0022
27_9,996.89,1008.04,0.0021
27_9,778.51,783.99,0.002
27_9,723.22,726.19,0.0019
27_9,938.49,940.98,0.0019
27_9,739.24,742.42,0.0018
27_9,646.64,659.27,0.0018
27_9,1004.72,1011.47,0.0018
27_9,814.84,821.15,0.0018
27_9,664.09,669.38,0.0017
27_9,1097.5,1108.92,0.0016
27_9,851.53,857.0,0.0015
27_9,1029.58,1032.23,0.0014
27_9,740.51,778.93,0.0014
27_9,1068.83,1105.35,0.0014
27_9,935.08,937.92,0.0014
27_9,831.96,843.99,0.0014
27_9,995.72,1035.81,0.0013
27_9,800.08,822.89,0.0013
27_9,1119.44,1122.54,0.0013
27_9,854.84,865.2,0.0013
27_9,918.95,921.96,0.0013
27_9,1105.62,1167.73,0.0012
27_9,820.79,823.83,0.0012
27_9,826.68,832.82,0.0012
27_9,615.86,639.89,0.0012
27_9,671.85,694.07,0.0011
27_9,937.77,943.78,0.0011
27_9,690.59,695.84,0.0011
27_9,724.34,730.73,0.0011
27_9,859.1,861.13,0.0011
16_28,717.1,759.23,0.9988
16_28,1160.34,1197.24,0.9986
16_28,1102.76,1127.45,0.9985
16_28,869.2,908.16,0.9982
16_28,973.04,993.68,0.998
16_28,912.84,937.1,0.9975
16_28,793.29,815.66,0.9959
16_28,941.32,965.76,0.995
16_28,1004.44,1021.59,0.9947
16_28,777.58,788.63,0.9929
16_28,1047.19,1095.81,0.9909
16_28,692.67,709.23,0.9906
16_28,1137.67,1153.37,0.9904
16_28,1096.11,1100.42,0.9904
16_28,1154.53,1156.27,0.987
16_28,849.71,861.33,0.9817
16_28,616.11,690.17,0.9794
16_28,822.67,842.14,0.9477
16_28,1025.11,1039.91,0.9433
16_28,1100.43,1102.17,0.9416
16_28,1128.33,1153.67,0.4462
16_28,717.14,759.27,0.1358
16_28,941.35,965.77,0.135
16_28,1047.17,1095.76,0.1348
16_28,1102.76,1127.47,0.1347
16_28,973.04,993.68,0.1343
16_28,793.29,815.68,0.134
16_28,1004.44,1021.6,0.1338
16_28,1154.52,1156.27,0.1325
16_28,1096.12,1100.42,0.1324
16_28,912.86,937.12,0.1314
16_28,1137.66,1153.36,0.0618
16_28,1102.75,1127.45,0.0181
16_28,1156.32,1168.14,0.0156
16_28,1137.65,1153.36,0.0082
16_28,923.64,935.68,0.0074
16_28,1082.24,1101.63,0.007
16_28,908.0,910.51,0.0064
16_28,757.97,777.46,0.0063
16_28,959.79,966.25,0.0057
16_28,882.14,902.85,0.0052
16_28,806.3,813.46,0.0042
16_28,1189.3,1196.02,0.0036
16_28,735.2,756.9,0.0035
16_28,1125.88,1136.92,0.0035
16_28,1067.01,1090.56,0.0035
16_28,619.61,695.85,0.0035
16_28,781.9,787.97,0.0033
16_28,1103.08,1115.97,0.0028
16_28,849.43,859.52,0.0026
16_28,861.08,870.25,0.0025
16_28,815.07,821.49,0.0024
16_28,840.34,850.06,0.0022
16_28,869.47,883.57,0.0022
16_28,822.9,828.56,0.0021
16_28,941.08,981.25,0.0021
16_28,972.35,977.67,0.002
16_28,1021.34,1039.27,0.0019
16_28,958.37,964.17,0.0019
16_28,786.42,821.19,0.0017
16_28,981.44,993.41,0.0017
16_28,1167.33,1195.96,0.0017
16_28,616.36,628.16,0.0017
16_28,778.55,789.69,0.0014
16_28,724.74,752.82,0.0013
16_28,754.81,785.84,0.0013
16_28,1166.53,1176.94,0.0013
16_28,934.34,943.3,0.0011
16_28,1074.49,1087.07,0.0011
17_5,880.05,946.69,0.9993
17_5,853.01,867.12,0.9991
17_5,1071.96,1090.52,0.9989
17_5,831.53,846.85,0.9985
17_5,614.44,699.61,0.9944
17_5,1004.17,1030.43,0.9943
17_5,973.86,998.71,0.9818
17_5,699.62,735.13,0.9806
17_5,1036.08,1045.41,0.9771
17_5,811.79,826.86,0.9722
17_5,735.17,796.21,0.9688
17_5,831.52,846.87,0.136
17_5,880.06,946.8,0.1356
17_5,1071.97,1090.52,0.1355
17_5,614.38,699.58,0.134
17_5,973.89,998.69,0.1334
17_5,853.01,867.12,0.1311
17_5,1004.16,1030.43,0.1309
17_5,1028.22,1037.79,0.021
17_5,879.99,946.76,0.0184
17_5,831.51,846.86,0.0184
17_5,853.0,867.1,0.0176
17_5,944.45,968.23,0.0143
17_5,743.13,754.96,0.0124
17_5,812.62,832.56,0.0108
17_5,713.96,716.37,0.0089
17_5,1092.9,1104.0,0.0085
17_5,866.53,878.46,0.0083
17_5,1056.87,1059.36,0.0064
17_5,953.54,973.37,0.005
17_5,879.57,882.7,0.0049
17_5,1089.6,1111.43,0.0048
17_5,806.56,848.52,0.0046
17_5,1015.76,1018.13,0.0045
17_5,983.06,985.82,0.0037
17_5,1052.14,1054.53,0.0036
17_5,850.29,853.2,0.0035
17_5,773.86,795.94,0.0034
17_5,882.18,914.54,0.0032
17_5,775.51,778.53,0.0031
17_5,620.88,641.58,0.0031
17_5,904.59,907.52,0.0031
17_5,915.29,918.34,0.0031
17_5,923.05,944.27,0.0031
17_5,792.68,795.68,0.0029
17_5,1158.4,1163.54,0.0028
17_5,742.48,767.17,0.0025
17_5,630.57,636.5,0.0024
17_5,1001.53,1040.12,0.0023
17_5,972.07,977.63,0.0023
17_5,882.16,893.57,0.0022
17_5,1144.38,1146.75,0.0021
17_5,981.69,987.36,0.0021
17_5,1010.18,1012.97,0.002
17_5,657.36,663.29,0.002
17_5,823.4,865.76,0.002
17_5,1135.37,1138.76,0.002
17_5,1047.3,1069.83,0.0019
17_5,885.97,888.99,0.0019
17_5,638.56,660.21,0.0019
17_5,942.76,945.03,0.0018
17_5,1067.15,1151.34,0.0018
17_5,964.89,970.02,0.0017
17_5,728.79,739.38,0.0017
17_5,928.68,940.39,0.0016
17_5,1077.4,1080.47,0.0016
17_5,617.83,620.59,0.0014
17_5,710.31,732.19,0.0014
17_5,858.53,867.24,0.0013
17_5,1034.74,1044.96,0.0012
17_5,1080.75,1090.57,0.0011
17_5,1105.73,1116.95,0.0011
17_5,743.82,749.2,0.0011
17_5,800.27,806.22,0.0011
17_5,625.25,627.99,0.0011
17_5,1151.34,1153.65,0.0011
17_5,784.25,794.72,0.0011
17_5,1129.46,1132.04,0.0011
17_5,823.15,825.73,0.001
4_40,834.76,838.62,0.9997
4_40,946.62,952.08,0.9994
4_40,916.22,931.76,0.9984
4_40,866.31,904.22,0.9983
4_40,857.89,863.13,0.9971
4_40,839.16,842.22,0.997
4_40,722.47,752.54,0.9957
4_40,845.69,851.16,0.9956
4_40,934.42,942.55,0.9956
4_40,760.32,768.9,0.9944
4_40,781.55,793.4,0.9932
4_40,955.03,960.61,0.9929
4_40,642.99,695.51,0.9845
4_40,708.18,715.74,0.9679
4_40,760.33,768.89,0.1352
4_40,834.76,838.62,0.135
4_40,916.23,931.75,0.1348
4_40,845.69,851.16,0.1347
4_40,722.47,752.54,0.1341
4_40,643.02,695.55,0.1336
4_40,834.76,838.62,0.0183
4_40,916.22,931.76,0.0182
4_40,722.49,752.57,0.0182
4_40,717.15,722.51,0.0127
4_40,923.94,926.89,0.0121
4_40,932.81,935.75,0.0106
4_40,722.21,725.06,0.0106
4_40,821.67,827.43,0.0105
4_40,754.67,773.13,0.0096
4_40,908.33,910.36,0.0096
4_40,1026.31,1032.38,0.0073
4_40,942.42,947.75,0.0069
4_40,838.32,844.74,0.0067
4_40,891.9,894.76,0.0061
4_40,823.62,829.27,0.006
4_40,692.7,697.76,0.0059
4_40,616.77,628.72,0.0058
4_40,751.15,760.39,0.0058
4_40,1097.19,1108.46,0.0057
4_40,745.77,825.76,0.0048
4_40,850.72,855.94,0.0045
4_40,1025.15,1028.18,0.0045
4_40,879.78,890.61,0.0044
4_40,698.32,708.88,0.0044
4_40,1045.96,1057.9,0.0042
4_40,760.74,766.93,0.0041
4_40,1079.37,1084.83,0.0039
4_40,941.09,943.64,0.0038
4_40,1005.63,1045.71,0.0036
4_40,1120.66,1131.6,0.0036
4_40,1135.43,1140.78,0.0036
4_40,931.66,953.05,0.0034
4_40,870.69,876.75,0.0034
4_40,765.91,768.88,0.0032
4_40,973.8,977.03,0.0031
4_40,1043.69,1045.88,0.003
4_40,712.09,715.14,0.0029
4_40,1144.27,1146.89,0.0028
4_40,922.09,928.34,0.0027
4_40,827.39,832.87,0.0026
4_40,635.12,640.45,0.0025
4_40,798.93,802.28,0.0025
4_40,1024.51,1035.19,0.0024
4_40,709.45,712.41,0.0024
4_40,1063.64,1074.02,0.0024
4_40,899.99,902.78,0.0022
4_40,731.72,734.56,0.0021
4_40,1005.81,1008.95,0.0021
4_40,959.38,969.89,0.0021
4_40,1126.29,1128.75,0.002
4_40,650.74,663.45,0.002
4_40,862.79,867.89,0.0019
4_40,922.01,924.55,0.0019
4_40,614.44,646.74,0.0017
4_40,820.74,830.67,0.0017
4_40,857.29,862.93,0.0017
4_40,754.3,760.55,0.0017
4_40,968.93,974.66,0.0017
4_40,994.66,1000.22,0.0016
4_40,778.76,798.77,0.0016
4_40,877.09,897.5,0.0016
4_40,817.6,820.85,0.0015
4_40,716.23,725.4,0.0015
4_40,989.08,995.04,0.0015
4_40,942.74,945.36,0.0014
4_40,957.08,959.72,0.0014
4_40,1040.5,1043.87,0.0013
4_40,1054.23,1059.71,0.0013
4_40,842.38,852.63,0.0013
4_40,768.7,774.08,0.0013
4_40,933.15,1015.4,0.0013
4_40,638.62,641.25,0.0013
4_40,934.57,945.7,0.0012
4_40,820.56,823.49,0.0012
4_40,795.82,807.99,0.0011
4_40,835.4,845.97,0.001
4_40,1064.13,1105.03,0.001
22_41,784.05,787.45,0.9995
22_41,630.39,679.11,0.9995
22_41,872.8,875.67,0.9985
22_41,810.49,827.23,0.9985
22_41,767.03,771.74,0.998
22_41,799.49,806.29,0.9975
22_41,847.92,872.27,0.9964
22_41,679.32,689.27,0.9917
22_41,771.48,778.28,0.9909
22_41,626.44,628.8,0.9861
22_41,877.25,883.0,0.9858
22_41,837.97,847.66,0.9813
22_41,708.11,745.53,0.9793
22_41,690.07,701.57,0.973
22_41,786.66,790.85,0.9625
22_41,771.47,778.28,0.1344
22_41,799.49,806.3,0.1338
22_41,847.92,872.26,0.1325
22_41,786.67,790.85,0.1302
22_41,630.36,679.14,0.1298
22_41,784.04,787.45,0.1262
22_41,685.18,687.57,0.0281
22_41,923.53,933.48,0.0201
22_41,781.14,783.67,0.0159
22_41,1113.14,1118.36,0.0142
22_41,902.68,924.48,0.0089
22_41,968.08,1048.02,0.0082
22_41,1086.33,1097.93,0.0071
22_41,849.79,861.34,0.0069
22_41,936.52,943.07,0.0069
22_41,680.09,717.69,0.0067
22_41,1061.24,1063.67,0.0061
22_41,1036.74,1109.17,0.0059
22_41,856.16,867.98,0.0057
22_41,896.38,899.64,0.0057
22_41,1022.96,1026.17,0.0047
22_41,787.15,789.45,0.0042
22_41,658.07,664.64,0.004
22_41,790.71,796.35,0.0037
22_41,687.79,774.02,0.0037
22_41,1099.22,1118.89,0.0033
22_41,777.85,783.98,0.0033
22_41,954.97,960.81,0.0032
22_41,912.21,923.47,0.0032
22_41,839.61,845.72,0.003
22_41,771.21,773.6,0.0026
22_41,731.29,734.22,0.0026
22_41,1066.88,1069.64,0.0025
22_41,1087.28,1089.86,0.0025
22_41,618.85,621.61,0.0025
22_41,715.22,736.59,0.0024
22_41,1024.93,1035.68,0.0024
22_41,1097.9,1103.65,0.0023
22_41,614.36,617.52,0.0022
22_41,674.71,679.71,0.0021
22_41,792.25,810.38,0.002
22_41,622.06,624.79,0.002
22_41,1041.44,1044.02,0.002
22_41,997.39,1007.53,0.0019
22_41,624.14,626.71,0.0019
22_41,639.12,642.03,0.0018
22_41,872.11,877.12,0.0018
22_41,1112.49,1117.59,0.0018
22_41,992.42,998.08,0.0017
22_41,1020.85,1027.12,0.0016
22_41,679.13,684.21,0.0015
22_41,687.16,689.82,0.0015
22_41,938.31,978.4,0.0015
22_41,959.63,962.51,0.0014
22_41,847.02,889.96,0.0014
22_41,1117.06,1119.99,0.0013
22_41,887.94,899.72,0.0013
22_41,948.75,953.82,0.0012
22_41,925.36,931.06,0.0012
22_41,633.16,636.0,0.0012
22_41,735.32,740.95,0.0012
22_41,1081.88,1087.49,0.0012
22_41,1004.14,1014.14,0.0012
22_41,936.0,939.05,0.0012
22_41,879.72,882.41,0.0012
22_41,787.0,789.01,0.0012
22_41,686.98,705.0,0.0012
22_41,1098.77,1101.64,0.0011
22_41,706.71,718.06,0.0011
22_41,895.82,898.32,0.001
22_41,1066.71,1072.61,0.001
22_41,798.57,807.05,0.001
22_41,670.38,681.49,0.001
25_11,799.86,809.52,0.9996
25_11,994.37,1096.36,0.9992
25_11,963.14,975.11,0.999
25_11,1108.69,1121.62,0.9987
25_11,699.45,744.51,0.9981
25_11,868.01,963.25,0.9979
25_11,990.08,992.57,0.9977
25_11,823.62,836.65,0.9954
25_11,765.42,798.22,0.9938
25_11,1212.14,1228.8,0.9896
25_11,1097.43,1099.39,0.9875
25_11,975.58,990.67,0.985
25_11,1131.69,1143.18,0.9848
25_11,1153.87,1211.4,0.9812
25_11,841.24,845.84,0.9804
25_11,1147.78,1152.37,0.9783
25_11,668.04,690.29,0.9685
25_11,867.97,963.21,0.1354
25_11,765.43,798.19,0.1349
25_11,699.48,744.51,0.1344
25_11,975.59,990.65,0.1339
25_11,1212.15,1228.8,0.1334
25_11,823.62,836.64,0.1322
25_11,1097.43,1099.39,0.1303
25_11,1108.71,1121.62,0.1298
25_11,1153.93,1211.42,0.1288
25_11,1095.07,1097.18,0.0232
25_11,793.17,798.46,0.0205
25_11,975.6,990.67,0.0181
25_11,699.47,744.59,0.0177
25_11,751.31,763.7,0.0161
25_11,1075.89,1087.39,0.0141
25_11,964.3,974.95,0.0119
25_11,1126.71,1132.34,0.0115
25_11,1196.49,1207.5,0.0105
25_11,1148.15,1150.4,0.009
25_11,763.24,769.22,0.0077
25_11,868.88,874.16,0.007
25_11,876.67,933.22,0.0063
25_11,1200.63,1202.83,0.0057
25_11,1197.45,1199.53,0.0052
25_11,1088.39,1091.76,0.0047
25_11,748.62,770.37,0.0045
25_11,841.36,844.13,0.004
25_11,641.62,664.55,0.004
25_11,631.47,643.02,0.0035
25_11,785.04,798.88,0.0035
25_11,1068.46,1090.41,0.0034
25_11,664.38,694.39,0.0032
25_11,800.3,806.3,0.0032
25_11,1211.94,1214.89,0.0031
25_11,803.86,824.0,0.0028
25_11,992.11,1014.6,0.0023
25_11,1091.41,1097.31,0.0022
25_11,839.98,849.49,0.0021
25_11,1005.25,1007.63,0.0021
25_11,961.8,964.53,0.002
25_11,1099.0,1121.57,0.002
25_11,1052.81,1063.95,0.0019
25_11,1181.7,1209.01,0.0019
25_11,836.19,872.9,0.0019
25_11,1029.87,1053.88,0.0018
25_11,881.65,978.01,0.0016
25_11,811.16,817.06,0.0015
25_11,613.64,615.15,0.0014
25_11,1138.85,1144.09,0.0014
25_11,666.66,669.96,0.0014
25_11,999.02,1102.21,0.0013
25_11,1200.75,1203.44,0.0013
25_11,1096.37,1100.55,0.0012
25_11,1193.7,1196.52,0.0011
25_11,822.52,837.97,0.0011
25_11,879.3,903.4,0.001
25_11,700.4,703.33,0.001
25_11,993.33,995.79,0.001
26_136,695.17,711.14,0.9994
26_136,867.66,885.99,0.9991
26_136,970.45,974.92,0.9984
26_136,656.93,668.06,0.9979
26_136,939.42,965.23,0.9975
26_136,781.42,866.18,0.9965
26_136,614.41,646.97,0.9963
26_136,669.99,683.36,0.9961
26_136,685.09,692.98,0.9958
26_136,648.42,655.09,0.9957
26_136,966.39,969.93,0.9957
26_136,731.06,740.68,0.9953
26_136,769.8,779.2,0.9918
26_136,929.13,935.26,0.9915
26_136,762.66,769.07,0.9824
26_136,742.43,760.39,0.9806
26_136,712.03,728.0,0.9772
26_136,887.36,922.99,0.9762
26_136,670.0,683.33,0.1356
26_136,867.66,886.01,0.1354
26_136,648.42,655.09,0.1351
26_136,656.93,668.07,0.135
26_136,614.4,646.95,0.1347
26_136,939.41,965.24,0.1346
26_136,966.39,969.93,0.1339
26_136,771.8,774.79,0.0289
26_136,648.42,655.09,0.0181
26_136,966.39,969.93,0.018
26_136,728.21,744.8,0.0173
26_136,1053.97,1094.26,0.0119
26_136,985.42,988.07,0.0117
26_136,1125.93,1135.88,0.0107
26_136,715.24,717.56,0.0103
26_136,942.46,947.29,0.0097
26_136,800.95,807.16,0.0086
26_136,824.34,863.43,0.007
26_136,790.92,800.58,0.0061
26_136,975.54,986.61,0.0057
26_136,683.38,686.17,0.0053
26_136,653.21,670.31,0.0053
26_136,615.6,626.37,0.0051
26_136,939.58,984.85,0.0046
26_136,937.42,942.64,0.0044
26_136,817.45,828.43,0.0041
26_136,838.65,841.57,0.0041
26_136,1061.27,1071.32,0.0041
26_136,850.31,853.21,0.0039
26_136,1114.61,1125.9,0.0038
26_136,985.66,997.98,0.0037
26_136,722.76,725.7,0.0036
26_136,623.56,629.13,0.0033
26_136,1154.42,1159.8,0.0033
26_136,673.2,675.97,0.0031
26_136,714.08,723.91,0.0031
26_136,975.36,977.63,0.0028
26_136,939.93,956.83,0.0026
26_136,726.58,743.41,0.0026
26_136,1103.53,1124.3,0.0026
26_136,631.7,638.06,0.0021
26_136,661.42,664.66,0.0021
26_136,809.58,820.57,0.0019
26_136,709.78,715.2,0.0018
26_136,642.77,648.14,0.0017
26_136,1072.69,1075.79,0.0017
26_136,971.2,982.84,0.0017
26_136,906.35,911.6,0.0016
26_136,644.23,722.41,0.0016
26_136,627.97,630.69,0.0015
26_136,1087.53,1093.23,0.0014
26_136,1017.39,1019.77,0.0014
26_136,875.48,886.01,0.0013
26_136,1012.27,1054.18,0.0013
26_136,1129.78,1135.49,0.0011
26_136,868.46,880.71,0.0011
26_136,695.31,698.84,0.0011
26_136,1133.48,1153.95,0.0011
26_136,981.52,984.44,0.0011
26_136,618.95,631.3,0.001
17_19,889.09,899.16,0.9996
17_19,723.35,733.12,0.9996
17_19,899.08,930.4,0.9995
17_19,825.45,863.54,0.9992
17_19,979.08,990.51,0.9962
17_19,614.39,675.55,0.9933
17_19,701.45,720.25,0.993
17_19,949.66,978.35,0.9928
17_19,738.62,754.15,0.9874
17_19,754.13,822.11,0.9825
17_19,930.29,1140.07,0.9531
17_19,979.06,990.51,0.1349
17_19,614.39,675.59,0.1342
17_19,723.35,733.13,0.1339
17_19,701.44,720.23,0.1331
17_19,930.26,1140.4,0.1269
17_19,863.06,899.04,0.0216
17_19,678.07,754.75,0.0129
17_19,1016.35,1022.82,0.009
17_19,679.92,702.1,0.0088
17_19,1129.71,1136.11,0.0051
17_19,642.48,647.95,0.0048
17_19,619.23,645.03,0.0045
17_19,781.72,804.34,0.004
17_19,1112.76,1123.7,0.0038
17_19,1075.77,1086.84,0.0037
17_19,1059.4,1062.05,0.0035
17_19,976.65,1000.53,0.0035
17_19,616.71,622.53,0.0034
17_19,889.62,896.14,0.0033
17_19,783.4,788.96,0.0033
17_19,657.26,668.93,0.0028
17_19,932.45,952.09,0.0028
17_19,983.7,989.87,0.0028
17_19,1099.54,1101.99,0.0027
17_19,856.76,862.51,0.0027
17_19,693.43,699.12,0.0026
17_19,1029.18,1032.37,0.0026
17_19,901.14,912.12,0.0025
17_19,669.1,675.03,0.0023
17_19,839.58,850.06,0.0023
17_19,810.37,813.06,0.0022
17_19,1053.4,1058.93,0.0022
17_19,703.66,708.77,0.0021
17_19,618.09,662.23,0.002
17_19,687.14,760.87,0.0019
17_19,625.51,628.85,0.0018
17_19,864.71,885.67,0.0017
17_19,928.75,931.32,0.0017
17_19,732.35,742.32,0.0017
17_19,994.28,996.9,0.0017
17_19,852.02,854.73,0.0016
17_19,1137.13,1142.95,0.0016
17_19,947.98,950.83,0.0015
17_19,920.56,923.63,0.0015
17_19,777.45,779.88,0.0013
17_19,715.18,717.63,0.0013
17_19,954.48,957.12,0.0013
17_19,669.53,672.21,0.0013
17_19,725.1,731.62,0.0013
17_19,991.12,1112.16,0.0013
17_19,876.9,879.74,0.0012
17_19,960.92,967.24,0.0012
17_19,608.6,617.55,0.0011
17_19,1067.12,1070.71,0.0011
17_19,1005.14,1010.51,0.0011
17_19,889.56,900.1,0.0011
17_19,664.95,670.51,0.0011
17_19,621.91,635.46,0.0011
17_19,957.49,960.42,0.0011
17_19,900.84,924.99,0.001
17_19,1084.71,1091.32,0.001
17_19,974.15,979.94,0.001
17_19,1140.71,1143.33,0.001
16_18,819.36,838.79,0.9987
16_18,977.08,999.12,0.9982
16_18,805.01,815.93,0.9979
16_18,1174.72,1178.97,0.9958
16_18,1215.58,1228.8,0.9956
16_18,999.59,1015.14,0.9955
16_18,693.45,726.7,0.9949
16_18,1179.72,1202.45,0.993
16_18,1167.37,1174.17,0.9927
16_18,729.06,803.9,0.9925
16_18,841.0,858.79,0.9924
16_18,862.22,887.52,0.9915
16_18,1025.7,1166.48,0.991
16_18,654.11,689.57,0.9899
16_18,1015.9,1025.15,0.9891
16_18,614.57,652.84,0.987
16_18,1202.95,1215.29,0.9862
16_18,889.47,935.71,0.9748
16_18,936.16,967.43,0.9682
16_18,1167.37,1174.17,0.1345
16_18,977.08,999.13,0.1343
16_18,819.38,838.78,0.1341
16_18,862.22,887.51,0.1338
16_18,1015.9,1025.15,0.1337
16_18,936.17,967.43,0.1302
16_18,1202.96,1215.31,0.1295
16_18,936.17,967.43,0.0173
16_18,1035.54,1048.36,0.0172
16_18,837.96,856.93,0.0123
16_18,614.96,639.7,0.0103
16_18,732.84,775.66,0.0098
16_18,908.29,935.42,0.0095
16_18,1076.69,1082.96,0.0073
16_18,998.74,1015.48,0.0072
16_18,1194.85,1200.99,0.0064
16_18,783.15,802.75,0.0062
16_18,800.92,816.62,0.0054
16_18,1218.89,1228.8,0.0052
16_18,1087.4,1135.24,0.005
16_18,1170.59,1173.06,0.0043
16_18,686.02,688.94,0.004
16_18,950.67,965.34,0.0039
16_18,1027.07,1071.69,0.0035
16_18,616.82,623.02,0.0032
16_18,1216.13,1228.8,0.0028
16_18,1182.28,1202.61,0.0028
16_18,655.43,664.6,0.0027
16_18,694.58,700.09,0.0026
16_18,980.81,995.37,0.0026
16_18,1098.02,1106.99,0.0026
16_18,850.85,857.95,0.0024
16_18,1206.99,1210.06,0.0024
16_18,999.37,1001.97,0.0023
16_18,969.67,978.97,0.0023
16_18,961.76,964.8,0.0021
16_18,1081.03,1091.35,0.002
16_18,1037.33,1048.68,0.0019
16_18,970.97,1009.92,0.0018
16_18,767.34,805.39,0.0017
16_18,806.29,816.61,0.0017
16_18,1175.68,1178.39,0.0017
16_18,773.94,781.05,0.0015
16_18,668.83,688.59,0.0015
16_18,1064.58,1078.09,0.0015
16_18,890.89,916.98,0.0015
16_18,953.48,956.95,0.0015
16_18,819.76,824.81,0.0015
16_18,617.59,652.34,0.0014
16_18,692.28,716.0,0.0013
16_18,858.23,866.46,0.0013
16_18,1077.6,1083.32,0.0012
16_18,1160.39,1167.01,0.0012
16_18,1203.3,1206.29,0.0011
16_18,684.01,689.36,0.0011
16_18,1025.17,1036.23,0.0011
18_101,969.58,976.96,0.9972
18_101,770.39,847.33,0.9968
18_101,945.71,960.0,0.9966
18_101,962.16,967.51,0.9962
18_101,979.71,1047.89,0.9917
18_101,838.33,945.59,0.9882
18_101,732.65,766.44,0.9866
18_101,643.34,663.37,0.9861
18_101,615.53,641.03,0.9829
18_101,1049.66,1051.81,0.9808
18_101,984.29,998.57,0.906
18_101,854.55,946.22,0.2321
18_101,945.7,959.99,0.1348
18_101,770.44,847.3,0.134
18_101,615.53,641.0,0.1336
18_101,962.16,967.51,0.133
18_101,984.3,998.55,0.1233
18_101,979.75,1047.94,0.1115
18_101,793.04,799.15,0.0205
18_101,945.7,959.99,0.0175
18_101,707.78,712.7,0.0164
18_101,984.3,998.55,0.015
18_101,721.56,727.41,0.0121
18_101,958.52,961.54,0.0106
18_101,916.63,922.58,0.0095
18_101,1036.89,1043.34,0.0088
18_101,777.38,788.73,0.0082
18_101,679.22,689.88,0.0078
18_101,770.45,776.13,0.0067
18_101,1006.09,1008.95,0.0067
18_101,1146.66,1157.63,0.0063
18_101,903.14,905.73,0.0059
18_101,924.63,944.84,0.0057
18_101,886.44,889.46,0.0057
18_101,934.37,940.78,0.0043
18_101,976.67,979.49,0.0041
18_101,868.87,875.8,0.0038
18_101,1065.27,1076.45,0.0034
18_101,939.54,946.22,0.0033
18_101,1049.54,1052.55,0.0029
18_101,818.23,821.3,0.0029
18_101,992.1,1037.25,0.0025
18_101,876.67,879.19,0.0023
18_101,706.48,727.37,0.0022
18_101,653.95,664.1,0.0022
18_101,960.8,970.24,0.0021
18_101,625.55,628.57,0.0021
18_101,775.93,781.41,0.0021
18_101,1085.99,1092.16,0.0021
18_101,842.85,883.62,0.0019
18_101,727.5,733.23,0.0018
18_101,1028.6,1031.21,0.0017
18_101,796.49,840.38,0.0017
18_101,936.76,939.61,0.0017
18_101,620.84,713.62,0.0017
18_101,616.09,621.75,0.0016
18_101,1144.3,1147.02,0.0015
18_101,1154.01,1156.54,0.0015
18_101,729.23,764.75,0.0015
18_101,794.16,797.26,0.0015
18_101,1054.91,1094.34,0.0014
18_101,1034.74,1037.55,0.0014
18_101,1068.01,1074.06,0.0013
18_101,641.51,644.1,0.0013
18_101,662.88,673.1,0.0013
18_101,1108.62,1113.96,0.0012
18_101,899.04,902.46,0.0012
18_101,651.98,657.97,0.0012
18_101,733.67,736.28,0.0012
18_101,805.01,807.52,0.0012
18_101,952.93,961.34,0.0012
18_101,867.77,889.3,0.0012
18_101,816.15,822.16,0.0012
18_101,711.78,717.73,0.0011
18_101,1046.59,1056.66,0.0011
18_101,686.79,689.62,0.0011
18_101,673.82,676.39,0.001
18_101,619.39,622.29,0.001
18_101,852.95,858.09,0.001
18_101,891.03,896.64,0.001
18_101,771.6,817.02,0.001
29_29,750.09,796.16,0.9991
29_29,688.53,711.82,0.9988
29_29,648.34,685.48,0.9982
29_29,835.8,950.09,0.9968
29_29,731.17,746.61,0.9965
29_29,950.35,958.61,0.9941
29_29,820.75,825.32,0.9916
29_29,797.49,814.46,0.9862
29_29,713.11,729.44,0.9822
29_29,617.02,646.79,0.9632
29_29,750.02,796.22,0.1362
29_29,950.34,958.61,0.1352
29_29,820.75,825.32,0.1341
29_29,835.71,950.13,0.1296
29_29,750.13,796.17,0.0186
29_29,735.03,744.94,0.0155
29_29,784.97,787.48,0.0115
29_29,900.36,903.28,0.0107
29_29,614.46,620.37,0.0102
29_29,815.86,821.06,0.0077
29_29,1033.03,1044.59,0.0074
29_29,621.31,632.81,0.0057
29_29,668.1,674.22,0.0053
29_29,1140.78,1143.95,0.0052
29_29,825.0,830.56,0.0039
29_29,984.73,990.48,0.0035
29_29,734.03,737.17,0.0034
29_29,692.72,703.21,0.0033
29_29,745.61,751.96,0.0032
29_29,867.53,870.12,0.0031
29_29,710.75,713.32,0.003
29_29,939.7,950.67,0.003
29_29,713.61,734.16,0.003
29_29,1047.96,1053.53,0.0029
29_29,865.61,867.81,0.0029
29_29,977.89,980.49,0.0027
29_29,1122.03,1132.01,0.0026
29_29,848.96,851.37,0.0026
29_29,1046.02,1087.39,0.0025
29_29,1147.51,1192.32,0.0025
29_29,789.43,795.3,0.0025
29_29,958.37,978.45,0.0025
29_29,1084.9,1087.73,0.0023
29_29,646.72,658.06,0.0021
29_29,964.48,967.08,0.002
29_29,690.19,692.96,0.0018
29_29,1022.86,1033.47,0.0018
29_29,892.97,915.74,0.0017
29_29,738.98,741.69,0.0017
29_29,806.53,809.19,0.0017
29_29,1158.11,1163.32,0.0017
29_29,795.34,800.35,0.0017
29_29,1078.37,1089.61,0.0016
29_29,760.29,783.43,0.0015
29_29,720.8,726.21,0.0015
29_29,657.09,746.16,0.0015
29_29,1011.37,1023.34,0.0014
29_29,774.39,777.31,0.0013
29_29,849.97,861.75,0.0013
29_29,827.77,830.62,0.0013
29_29,881.57,893.29,0.0012
29_29,990.39,1001.7,0.0012
29_29,946.83,949.51,0.0012
29_29,706.65,709.79,0.0012
29_29,870.5,876.64,0.0011
29_29,1118.5,1121.54,0.0011
29_29,744.06,754.33,0.0011
29_29,967.66,1048.37,0.0011
29_29,1009.12,1012.31,0.0011
29_29,763.4,766.32,0.0011
29_29,1131.72,1133.96,0.0011
29_29,840.78,846.98,0.001
29_29,1103.06,1124.51,0.001
29_29,1143.22,1145.81,0.001
25_1,1186.13,1192.0,0.9994
25_1,1144.81,1186.02,0.9984
25_1,1139.75,1143.83,0.998
25_1,813.86,826.08,0.9964
25_1,830.93,844.93,0.9948
25_1,725.31,748.73,0.9946
25_1,1195.51,1228.8,0.9915
25_1,862.78,864.55,0.988
25_1,872.69,1138.83,0.9821
25_1,752.81,784.33,0.9779
25_1,850.52,860.67,0.9662
25_1,813.86,826.07,0.1348
25_1,1139.75,1143.82,0.1342
25_1,830.93,844.93,0.1335
25_1,1144.82,1186.09,0.1334
25_1,725.33,748.74,0.1331
25_1,862.78,864.55,0.1322
25_1,1186.13,1192.01,0.1284
25_1,989.05,1062.51,0.0199
25_1,1139.75,1143.83,0.0182
25_1,830.92,844.92,0.0176
25_1,725.48,728.62,0.0122
25_1,864.55,866.8,0.0121
25_1,882.65,887.67,0.0076
25_1,1192.16,1202.1,0.0072
25_1,851.54,857.8,0.0064
25_1,1026.92,1037.6,0.0059
25_1,666.85,716.03,0.0054
25_1,1139.87,1142.03,0.0053
25_1,979.9,982.72,0.0052
25_1,741.33,827.2,0.0051
25_1,1173.13,1185.87,0.0039
25_1,868.02,882.33,0.0038
25_1,1189.85,1215.75,0.0035
25_1,955.55,1020.48,0.0035
25_1,742.08,749.45,0.0035
25_1,755.7,767.57,0.0031
25_1,1111.0,1141.15,0.0029
25_1,614.92,654.37,0.0028
25_1,864.65,867.27,0.0027
25_1,815.69,822.6,0.0022
25_1,659.31,735.5,0.0022
25_1,1224.34,1228.8,0.002
25_1,780.29,789.52,0.0019
25_1,851.76,861.0,0.0018
25_1,1070.71,1077.89,0.0018
25_1,696.33,720.43,0.0017
25_1,882.98,888.81,0.0017
25_1,812.94,829.19,0.0015
25_1,861.71,881.71,0.0015
25_1,760.19,783.14,0.0014
25_1,1055.79,1156.44,0.0014
25_1,1042.1,1057.21,0.0013
25_1,663.32,669.87,0.0013
25_1,745.74,748.89,0.0013
25_1,1186.19,1205.65,0.0012
25_1,725.74,728.94,0.0012
25_1,1192.03,1228.8,0.0011
25_1,1073.16,1076.28,0.001
28_50,859.66,903.53,0.9995
28_50,706.86,715.88,0.9984
28_50,726.84,745.28,0.9981
28_50,916.09,930.59,0.9981
28_50,828.32,838.52,0.9976
28_50,993.7,1017.57,0.9941
28_50,623.07,666.09,0.9937
28_50,982.32,990.92,0.9914
28_50,838.12,851.83,0.99
28_50,686.08,706.49,0.9892
28_50,746.77,827.11,0.9882
28_50,955.27,972.51,0.9734
28_50,936.47,946.25,0.9676
28_50,989.76,994.06,0.9612
28_50,857.06,884.8,0.5512
28_50,706.86,715.88,0.1353
28_50,623.09,666.04,0.1352
28_50,916.1,930.6,0.135
28_50,726.84,745.28,0.135
28_50,828.32,838.52,0.1349
28_50,993.67,1017.58,0.1328
28_50,982.32,990.92,0.1315
28_50,859.73,903.5,0.0753
28_50,916.08,930.59,0.0181
28_50,973.83,983.21,0.0143
28_50,1144.87,1150.55,0.0143
28_50,649.65,660.73,0.0116
28_50,795.7,802.21,0.0097
28_50,1099.39,1121.0,0.009
28_50,667.21,672.59,0.0086
28_50,834.49,837.2,0.0059
28_50,936.6,947.59,0.0053
28_50,756.24,779.91,0.0049
28_50,977.47,982.67,0.0046
28_50,706.05,727.69,0.0046
28_50,817.13,829.23,0.0041
28_50,1020.43,1023.19,0.0039
28_50,687.61,709.32,0.0037
28_50,1054.19,1059.62,0.0037
28_50,668.3,687.85,0.0036
28_50,778.78,799.52,0.0036
28_50,1100.68,1113.05,0.0034
28_50,1035.17,1055.96,0.0034
28_50,1063.93,1077.09,0.0032
28_50,931.49,953.76,0.0031
28_50,662.18,667.03,0.0031
28_50,750.93,756.6,0.003
28_50,899.73,916.56,0.003
28_50,927.25,929.65,0.003
28_50,686.1,691.92,0.0028
28_50,844.07,850.02,0.0026
28_50,1125.26,1131.82,0.0024
28_50,903.9,938.28,0.0022
28_50,731.32,743.38,0.0021
28_50,634.32,646.16,0.0021
28_50,778.38,781.16,0.002
28_50,811.24,816.42,0.0018
28_50,791.88,797.24,0.0018
28_50,1065.29,1071.97,0.0018
28_50,676.62,679.13,0.0017
28_50,607.89,619.4,0.0017
28_50,981.73,984.47,0.0017
28_50,923.92,929.77,0.0016
28_50,930.49,936.45,0.0016
28_50,950.16,955.1,0.0015
28_50,1121.0,1141.82,0.0015
28_50,1136.03,1139.07,0.0014
28_50,942.38,984.71,0.0014
28_50,859.9,872.41,0.0013
28_50,913.84,916.92,0.0013
28_50,1141.47,1144.25,0.0013
28_50,758.78,761.22,0.0012
28_50,1086.12,1098.24,0.0012
28_50,962.77,1047.05,0.0012
28_50,715.38,726.8,0.0012
28_50,1151.55,1154.52,0.0011
28_50,1011.94,1017.48,0.0011
28_50,966.25,968.7,0.001
28_50,1122.92,1125.59,0.001
5_15,619.9,749.02,0.9997
5_15,1002.09,1026.37,0.9981
5_15,795.76,806.07,0.997
5_15,817.41,824.53,0.9952
5_15,848.68,950.0,0.9946
5_15,949.91,964.37,0.9925
5_15,760.38,795.23,0.9918
5_15,1026.61,1068.42,0.9895
5_15,975.04,997.47,0.9885
5_15,968.04,974.94,0.9879
5_15,751.19,760.05,0.9866
5_15,1068.69,1078.32,0.9862
5_15,655.69,685.56,0.8979
5_15,616.08,653.73,0.8739
5_15,821.27,824.41,0.6668
5_15,848.79,949.93,0.1353
5_15,795.75,806.08,0.135
5_15,968.04,974.93,0.1338
5_15,949.92,964.38,0.1335
5_15,655.7,685.57,0.121
5_15,616.11,653.74,0.1185
5_15,817.42,824.52,0.0894
5_15,821.27,824.42,0.0587
5_15,1056.32,1068.78,0.0255
5_15,968.03,974.93,0.0181
5_15,949.92,964.38,0.0181
5_15,655.7,685.56,0.0162
5_15,929.69,949.75,0.0127
5_15,805.28,815.85,0.0121
5_15,1141.46,1144.17,0.0113
5_15,684.93,722.46,0.0104
5_15,860.05,865.51,0.0077
5_15,818.3,821.45,0.0071
5_15,1101.28,1112.67,0.0065
5_15,677.85,683.44,0.0063
5_15,1003.3,1006.41,0.0059
5_15,910.09,912.87,0.0056
5_15,894.97,934.3,0.0049
5_15,1005.12,1017.05,0.0048
5_15,1069.06,1071.09,0.0046
5_15,822.4,832.96,0.0039
5_15,1118.33,1120.42,0.0038
5_15,1135.54,1138.36,0.0035
5_15,688.08,694.52,0.0034
5_15,683.77,686.69,0.0031
5_15,760.4,771.73,0.0028
5_15,935.88,947.02,0.0028
5_15,957.94,964.34,0.0025
5_15,1013.11,1025.97,0.0025
5_15,911.02,917.03,0.0025
5_15,1049.81,1055.98,0.0024
5_15,721.95,733.65,0.0023
5_15,783.8,794.99,0.0023
5_15,896.49,901.81,0.0022
5_15,805.5,811.39,0.0022
5_15,615.06,618.1,0.0022
5_15,974.44,979.86,0.0021
5_15,908.02,910.52,0.0021
5_15,836.7,848.21,0.0021
5_15,619.65,644.28,0.002
5_15,1023.56,1028.25,0.0019
5_15,1122.94,1125.71,0.0019
5_15,1014.59,1017.56,0.0019
5_15,881.24,886.97,0.0018
5_15,672.54,677.95,0.0018
5_15,1026.76,1037.79,0.0017
5_15,1006.19,1012.14,0.0017
5_15,850.49,856.4,0.0017
5_15,821.53,842.79,0.0017
5_15,924.23,936.51,0.0017
5_15,798.9,804.97,0.0016
5_15,794.37,797.14,0.0016
5_15,936.25,941.11,0.0016
5_15,748.61,751.23,0.0015
5_15,855.77,858.54,0.0015
5_15,902.38,905.44,0.0015
5_15,734.33,746.2,0.0014
5_15,626.83,629.81,0.0014
5_15,691.43,694.24,0.0014
5_15,1112.16,1122.96,0.0014
5_15,943.61,948.52,0.0013
5_15,649.9,655.62,0.0013
5_15,829.0,831.85,0.0013
5_15,976.49,1000.24,0.0013
5_15,1071.38,1143.79,0.0013
5_15,952.66,958.59,0.0012
5_15,713.94,716.42,0.0012
5_15,838.58,844.19,0.0011
5_15,1069.21,1079.69,0.0011
5_35,1004.02,1036.38,0.999
5_35,788.32,798.93,0.9989
5_35,988.13,1003.98,0.9987
5_35,939.62,976.63,0.9977
5_35,1039.53,1058.4,0.9975
5_35,770.67,777.07,0.9972
5_35,811.76,836.43,0.997
5_35,648.66,700.9,0.9965
5_35,798.93,806.4,0.9962
5_35,621.41,644.68,0.996
5_35,761.07,770.67,0.9951
5_35,842.42,932.12,0.9949
5_35,979.55,988.14,0.9944
5_35,968.06,971.44,0.9663
5_35,931.74,946.58,0.9344
5_35,1004.0,1036.4,0.1355
5_35,988.12,1003.98,0.1353
5_35,798.93,806.4,0.1342
5_35,648.57,700.91,0.1338
5_35,621.42,644.65,0.1337
5_35,811.75,836.45,0.1332
5_35,770.67,777.06,0.1305
5_35,1112.38,1115.61,0.0258
5_35,1004.04,1036.42,0.0183
5_35,875.99,878.77,0.0181
5_35,798.93,806.4,0.0181
5_35,988.13,1003.98,0.018
5_35,588.39,634.26,0.0127
5_35,1106.13,1109.5,0.0092
5_35,779.71,789.91,0.0053
5_35,1034.02,1039.87,0.005
5_35,789.88,799.43,0.004
5_35,658.94,661.34,0.0037
5_35,837.68,859.63,0.0034
5_35,890.57,901.4,0.0032
5_35,708.81,756.18,0.0031
5_35,1151.11,1153.87,0.003
5_35,1133.72,1136.8,0.003
5_35,805.64,815.11,0.0028
5_35,945.2,950.97,0.0027
5_35,741.64,780.52,0.0027
5_35,998.33,1000.69,0.0025
5_35,889.16,934.77,0.0025
5_35,1056.47,1077.54,0.0024
5_35,607.47,644.77,0.0023
5_35,690.44,701.36,0.0023
5_35,885.5,891.75,0.0023
5_35,848.56,851.5,0.0022
5_35,817.58,822.77,0.002
5_35,668.72,674.8,0.002
5_35,875.13,880.27,0.002
5_35,769.14,778.47,0.0019
5_35,837.3,848.06,0.0017
5_35,941.78,980.07,0.0017
5_35,932.83,938.25,0.0017
5_35,808.27,810.88,0.0017
5_35,1043.61,1055.92,0.0016
5_35,929.86,932.37,0.0016
5_35,640.46,646.62,0.0015
5_35,1136.14,1139.09,0.0015
5_35,735.2,741.33,0.0014
5_35,1130.86,1133.8,0.0014
5_35,676.36,682.59,0.0014
5_35,1080.75,1091.37,0.0014
5_35,662.12,665.07,0.0014
5_35,1071.37,1077.07,0.0013
5_35,967.15,988.27,0.0013
5_35,1094.63,1100.59,0.0013
5_35,783.15,802.78,0.0012
5_35,850.85,873.02,0.0012
5_35,938.42,941.07,0.0012
5_35,927.39,929.87,0.0012
5_35,731.52,734.13,0.0011
5_35,833.29,835.79,0.0011
5_35,940.99,943.73,0.0011
5_35,711.63,717.76,0.0011
5_35,608.11,619.85,0.0011
5_35,764.88,770.74,0.0011
5_35,897.98,919.8,0.001
5_35,1004.6,1014.06,0.001
5_35,866.34,878.66,0.001
5_35,689.51,692.75,0.001
5_35,960.76,963.46,0.001
5_42,825.81,846.25,0.999
5_42,871.71,881.39,0.9985
5_42,807.63,824.86,0.9981
5_42,617.28,655.19,0.9981
5_42,858.77,871.25,0.9972
5_42,881.63,947.5,0.997
5_42,659.33,682.89,0.9968
5_42,963.73,972.96,0.9959
5_42,682.99,691.18,0.9951
5_42,758.38,789.04,0.9924
5_42,701.07,711.15,0.9824
5_42,691.94,699.69,0.9791
5_42,847.27,858.36,0.974
5_42,714.57,755.3,0.9739
5_42,912.35,962.61,0.6794
5_42,659.37,682.86,0.1361
5_42,617.25,655.19,0.1354
5_42,807.63,824.87,0.1352
5_42,758.39,789.04,0.1345
5_42,858.76,871.26,0.1345
5_42,881.64,947.59,0.0929
5_42,758.41,789.0,0.0183
5_42,1125.14,1128.52,0.0135
5_42,756.92,769.8,0.0123
5_42,988.01,1009.89,0.0105
5_42,620.18,623.35,0.0102
5_42,619.24,643.42,0.0068
5_42,750.79,755.98,0.0065
5_42,849.3,855.27,0.0057
5_42,823.46,826.83,0.0053
5_42,693.46,696.23,0.0046
5_42,684.38,687.01,0.0043
5_42,958.92,991.81,0.0041
5_42,923.9,926.39,0.0038
5_42,920.82,923.68,0.0035
5_42,655.81,660.69,0.0035
5_42,797.72,874.22,0.0034
5_42,686.38,689.06,0.0033
5_42,901.26,903.58,0.0031
5_42,1000.52,1003.74,0.0031
5_42,788.07,799.38,0.0031
5_42,1019.11,1100.17,0.0031
5_42,853.88,872.83,0.0028
5_42,1114.07,1124.96,0.0026
5_42,620.94,632.78,0.0025
5_42,730.49,753.96,0.0025
5_42,637.94,644.44,0.0024
5_42,1009.98,1030.06,0.0024
5_42,804.24,806.66,0.0023
5_42,964.88,970.32,0.0023
5_42,682.16,717.35,0.0022
5_42,951.97,963.88,0.0021
5_42,774.47,777.72,0.0021
5_42,1052.66,1071.71,0.0019
5_42,811.11,822.37,0.0018
5_42,939.27,951.32,0.0018
5_42,697.97,703.71,0.0018
5_42,667.04,685.71,0.0017
5_42,928.09,930.26,0.0017
5_42,856.73,859.48,0.0013
5_42,769.67,772.44,0.0013
5_42,994.49,1000.14,0.0013
5_42,671.27,677.37,0.0013
5_42,1071.05,1073.99,0.0012
5_42,681.06,690.15,0.0012
5_42,772.21,784.84,0.0012
5_42,1097.2,1108.58,0.0011
5_42,862.81,869.07,0.0011
5_42,1150.8,1228.8,0.0011
5_42,926.21,928.35,0.0011
5_42,874.49,880.64,0.0011
5_42,691.26,702.86,0.0011
5_42,838.03,840.87,0.001
3_13,994.91,1074.04,0.9997
3_13,757.14,779.85,0.9976
3_13,848.52,884.88,0.9972
3_13,973.06,989.42,0.9967
3_13,623.03,641.67,0.9948
3_13,806.7,827.59,0.9947
3_13,934.42,966.68,0.9943
3_13,653.91,697.58,0.9923
3_13,787.14,794.41,0.9894
3_13,915.79,922.15,0.9886
3_13,833.95,846.23,0.988
3_13,921.69,929.43,0.9799
3_13,736.23,755.76,0.9748
3_13,702.13,715.33,0.9641
3_13,994.97,1074.0,0.1359
3_13,806.69,827.59,0.1346
3_13,848.52,884.87,0.1341
3_13,934.42,966.7,0.1339
3_13,915.79,922.15,0.1307
3_13,787.14,794.41,0.1305
3_13,934.42,966.7,0.0178
3_13,787.15,794.41,0.0176
3_13,766.78,769.21,0.0145
3_13,871.57,882.14,0.0139
3_13,702.05,721.96,0.0115
3_13,704.17,707.05,0.0092
3_13,663.17,684.49,0.0092
3_13,616.69,628.81,0.0086
3_13,782.0,787.53,0.0085
3_13,907.34,914.3,0.0083
3_13,822.94,893.48,0.0077
3_13,886.73,889.24,0.0074
3_13,890.39,934.41,0.0058
3_13,1000.16,1047.74,0.0054
3_13,879.06,881.39,0.0049
3_13,1072.42,1077.77,0.0043
3_13,624.19,644.27,0.0038
3_13,845.93,857.44,0.0035
3_13,709.92,713.01,0.0032
3_13,969.03,992.53,0.0031
3_13,938.94,944.96,0.003
3_13,684.94,687.58,0.0029
3_13,885.49,891.64,0.0029
3_13,960.63,965.52,0.0028
3_13,1036.85,1040.1,0.0028
3_13,750.98,788.74,0.0027
3_13,855.37,878.27,0.0027
3_13,1100.4,1103.06,0.0026
3_13,835.56,838.03,0.0025
3_13,800.56,803.65,0.0025
3_13,641.75,646.84,0.0023
3_13,972.98,975.74,0.0023
3_13,736.31,738.9,0.0022
3_13,607.44,621.03,0.002
3_13,656.53,659.47,0.0019
3_13,687.29,699.61,0.0019
3_13,1046.74,1049.24,0.0019
3_13,804.35,849.94,0.0019
3_13,993.19,1003.77,0.0018
3_13,641.02,643.27,0.0018
3_13,821.08,823.55,0.0018
3_13,740.57,752.59,0.0018
3_13,848.5,851.45,0.0017
3_13,1016.87,1022.78,0.0017
3_13,794.2,805.3,0.0016
3_13,965.54,970.89,0.0015
3_13,707.37,710.31,0.0015
3_13,1000.6,1003.67,0.0015
3_13,813.42,816.25,0.0015
3_13,898.14,900.32,0.0015
3_13,1034.96,1040.92,0.0014
3_13,699.5,734.18,0.0014
3_13,929.01,932.2,0.0014
3_13,670.03,672.96,0.0013
3_13,1082.97,1088.75,0.0013
3_13,658.61,661.05,0.0013
3_13,1071.42,1082.95,0.0013
3_13,913.6,922.88,0.0013
3_13,614.49,617.4,0.0013
3_13,1068.57,1071.36,0.0012
3_13,718.75,721.4,0.0012
3_13,1025.35,1031.02,0.0011
3_13,650.64,653.65,0.0011
3_13,722.71,727.97,0.001
3_13,686.98,689.35,0.001
3_13,775.58,787.49,0.001
9_36,815.5,819.88,0.999
9_36,616.45,668.72,0.9981
9_36,668.72,678.18,0.9964
9_36,749.03,760.83,0.9924
9_36,687.63,720.03,0.9896
9_36,768.96,814.85,0.9886
9_36,739.25,749.36,0.9826
9_36,819.89,825.28,0.9818
9_36,722.37,737.22,0.972
9_36,616.36,668.77,0.136
9_36,815.5,819.88,0.1348
9_36,668.73,678.17,0.1347
9_36,687.63,720.02,0.1339
9_36,616.44,668.72,0.0183
9_36,687.6,720.0,0.0178
9_36,969.78,980.69,0.0123
9_36,619.36,642.71,0.0067
9_36,717.3,749.94,0.0058
9_36,660.2,670.3,0.0057
9_36,629.2,632.52,0.0044
9_36,815.78,818.45,0.0043
9_36,746.95,749.9,0.0043
9_36,700.75,712.49,0.004
9_36,781.0,804.27,0.004
9_36,613.63,615.05,0.0039
9_36,984.16,989.14,0.0036
9_36,909.65,912.32,0.0036
9_36,746.21,763.84,0.0033
9_36,988.02,993.97,0.0033
9_36,815.93,856.3,0.0032
9_36,762.43,773.18,0.0032
9_36,853.84,859.09,0.0031
9_36,625.48,627.76,0.0027
9_36,905.4,908.08,0.0027
9_36,812.73,821.69,0.0022
9_36,665.6,682.88,0.0021
9_36,917.63,960.51,0.0019
9_36,774.58,796.57,0.0019
9_36,741.55,744.28,0.0018
9_36,671.36,676.98,0.0017
9_36,818.99,832.06,0.0016
9_36,912.65,915.55,0.0015
9_36,720.8,723.48,0.0015
9_36,864.03,886.32,0.0015
9_36,998.08,1000.79,0.0015
9_36,797.17,799.68,0.0014
9_36,678.04,688.1,0.0014
9_36,845.33,848.38,0.0014
9_36,748.44,759.04,0.0014
9_36,984.26,1004.22,0.0014
9_36,887.7,899.89,0.0013
9_36,832.15,838.15,0.0012
9_36,799.11,820.83,0.0012
7_48,627.9,660.54,0.9988
7_48,794.35,820.51,0.9978
7_48,821.14,835.24,0.9972
7_48,718.77,792.66,0.9971
7_48,664.03,715.57,0.9969
7_48,836.84,854.16,0.9948
7_48,616.83,625.28,0.9941
7_48,912.64,934.35,0.9936
7_48,883.4,911.8,0.992
7_48,870.11,880.37,0.9915
7_48,854.39,865.85,0.9822
7_48,627.86,660.55,0.1359
7_48,912.65,934.33,0.1346
7_48,664.04,715.56,0.1339
7_48,883.38,911.8,0.1321
7_48,794.33,820.55,0.131
7_48,625.44,631.48,0.0226
7_48,627.86,660.56,0.0178
7_48,906.09,911.63,0.0114
7_48,819.73,837.9,0.0101
7_48,1009.23,1029.51,0.0096
7_48,756.64,794.19,0.0086
7_48,700.57,703.98,0.0071
7_48,843.29,846.12,0.0066
7_48,823.4,829.79,0.0065
7_48,934.95,946.19,0.0061
7_48,821.31,823.53,0.006
7_48,715.72,735.78,0.0038
7_48,921.93,933.62,0.0038
7_48,769.94,791.84,0.0037
7_48,603.74,618.44,0.0037
7_48,958.7,1002.08,0.0033
7_48,840.91,846.49,0.0033
7_48,1042.95,1064.44,0.0025
7_48,1127.42,1133.53,0.0025
7_48,824.27,826.86,0.0023
7_48,1027.27,1046.49,0.0022
7_48,797.8,804.32,0.0022
7_48,976.33,978.79,0.0022
7_48,1103.54,1108.52,0.0021
7_48,833.48,839.28,0.0021
7_48,680.72,683.44,0.0021
7_48,999.12,1034.62,0.002
7_48,867.33,912.4,0.002
7_48,988.18,999.81,0.002
7_48,899.95,981.41,0.0019
7_48,808.84,811.55,0.0018
7_48,722.86,793.87,0.0017
7_48,754.45,757.08,0.0017
7_48,1095.63,1101.64,0.0016
7_48,1048.39,1050.79,0.0015
7_48,662.2,673.51,0.0015
7_48,843.3,854.86,0.0014
7_48,855.12,857.9,0.0014
7_48,1109.89,1120.77,0.0014
7_48,922.22,925.31,0.0013
7_48,713.93,724.51,0.0013
7_48,653.94,659.62,0.0012
7_48,963.76,973.67,0.0011
7_48,856.89,859.52,0.0011
7_48,1124.62,1136.42,0.0011
7_48,723.51,726.36,0.001
7_48,863.19,873.07,0.001
7_48,1053.23,1097.95,0.001
13_12,870.88,881.42,0.9999
13_12,885.05,888.96,0.9977
13_12,861.54,867.87,0.9967
13_12,674.36,692.16,0.9952
13_12,739.48,747.54,0.9943
13_12,629.78,668.93,0.9934
13_12,833.0,835.92,0.9878
13_12,753.67,824.11,0.969
13_12,739.48,747.53,0.1354
13_12,885.05,888.96,0.1345
13_12,861.54,867.87,0.1345
13_12,870.88,881.43,0.1339
13_12,833.0,835.92,0.1317
13_12,739.48,747.54,0.0182
13_12,861.54,867.86,0.0182
13_12,833.0,835.92,0.0178
13_12,885.04,888.96,0.0178
13_12,970.67,976.85,0.0131
13_12,842.64,863.04,0.0091
13_12,873.83,879.79,0.0085
13_12,1024.72,1027.65,0.0084
13_12,940.07,945.72,0.0066
13_12,1052.14,1063.28,0.0057
13_12,869.27,905.53,0.0052
13_12,756.7,798.52,0.0051
13_12,968.09,970.75,0.0051
13_12,986.66,1007.92,0.0049
13_12,653.98,664.54,0.0049
13_12,760.09,763.27,0.0046
13_12,808.41,821.23,0.0035
13_12,723.11,760.21,0.0034
13_12,953.72,956.55,0.0031
13_12,843.64,854.12,0.0031
13_12,835.71,845.44,0.0029
13_12,881.99,901.03,0.0029
13_12,1061.82,1071.79,0.0028
13_12,754.18,760.13,0.0027
13_12,903.28,905.95,0.0024
13_12,682.08,755.24,0.0023
13_12,644.69,655.77,0.0023
13_12,1078.4,1089.32,0.0022
13_12,991.74,994.35,0.0022
13_12,726.96,730.06,0.0021
13_12,628.67,631.7,0.0021
13_12,610.72,618.14,0.0021
13_12,734.17,739.96,0.002
13_12,813.29,834.52,0.0019
13_12,871.74,874.39,0.0019
13_12,709.64,715.59,0.0019
13_12,952.34,962.67,0.0017
13_12,619.42,624.63,0.0016
13_12,847.42,850.52,0.0016
13_12,880.87,885.35,0.0015
13_12,836.62,839.08,0.0015
13_12,1021.45,1024.5,0.0015
13_12,965.61,968.09,0.0015
13_12,1059.71,1062.89,0.0014
13_12,960.69,963.52,0.0014
13_12,778.64,801.03,0.0013
13_12,947.52,953.11,0.0013
13_12,868.7,871.09,0.0013
13_12,907.01,927.55,0.0013
13_12,724.58,727.26,0.0012
13_12,1005.56,1008.44,0.0012
13_12,831.2,833.5,0.0012
13_12,945.34,947.82,0.0011
13_12,677.09,688.24,0.0011
13_12,665.22,668.17,0.001
13_12,1105.78,1108.61,0.001
20_29,986.12,1085.37,0.9993
20_29,677.83,696.89,0.9991
20_29,713.42,736.84,0.9982
20_29,1151.42,1174.35,0.9975
20_29,740.15,835.62,0.9972
20_29,615.22,640.58,0.9957
20_29,971.46,983.06,0.9955
20_29,1225.79,1228.8,0.9954
20_29,644.21,676.26,0.9912
20_29,1086.51,1150.38,0.9892
20_29,921.14,969.09,0.9889
20_29,1177.54,1185.19,0.9753
20_29,841.48,918.75,0.971
20_29,1185.58,1228.8,0.8671
20_29,985.89,1085.14,0.1361
20_29,1151.42,1174.34,0.1346
20_29,644.24,676.25,0.1342
20_29,615.23,640.61,0.134
20_29,1086.52,1150.43,0.1307
20_29,841.45,918.74,0.1302
20_29,921.15,969.04,0.1254
20_29,736.62,744.93,0.0236
20_29,695.7,704.4,0.0217
20_29,1086.38,1150.22,0.0176
20_29,1008.43,1022.38,0.0149
20_29,839.55,866.03,0.0147
20_29,695.71,712.87,0.0122
20_29,1037.64,1081.05,0.0121
20_29,742.72,748.06,0.0113
20_29,971.74,986.66,0.0104
20_29,738.23,756.57,0.0087
20_29,1079.67,1085.16,0.0084
20_29,985.76,1006.53,0.008
20_29,901.69,921.21,0.0073
20_29,714.05,746.41,0.0072
20_29,675.49,707.44,0.0072
20_29,984.28,989.67,0.0057
20_29,1170.56,1175.95,0.0053
20_29,697.78,704.08,0.0051
20_29,673.22,679.13,0.005
20_29,784.45,836.67,0.0048
20_29,746.81,759.29,0.0047
20_29,1177.6,1180.55,0.0045
20_29,920.87,947.47,0.0044
20_29,871.36,919.26,0.0043
20_29,985.37,1043.44,0.0035
20_29,908.85,920.08,0.0033
20_29,841.07,899.74,0.0032
20_29,676.03,694.32,0.0031
20_29,1009.68,1012.35,0.003
20_29,665.32,677.77,0.003
20_29,1191.28,1212.13,0.0028
20_29,921.26,931.59,0.0028
20_29,727.35,733.33,0.0026
20_29,1032.71,1035.65,0.0026
20_29,703.62,713.25,0.0025
20_29,985.84,987.82,0.0024
20_29,947.87,970.3,0.0024
20_29,918.0,923.2,0.0024
20_29,970.87,981.82,0.0023
20_29,744.22,795.52,0.0023
20_29,1084.89,1108.8,0.0021
20_29,738.66,749.77,0.0021
20_29,675.22,678.33,0.002
20_29,701.88,704.85,0.002
20_29,841.11,848.53,0.002
20_29,1018.09,1031.12,0.0018
20_29,706.37,735.36,0.0017
20_29,744.22,746.86,0.0016
20_29,917.47,920.25,0.0015
20_29,1019.73,1022.85,0.0015
20_29,1012.82,1016.09,0.0014
20_29,841.63,844.75,0.0013
20_29,640.46,646.51,0.0013
20_29,985.3,990.28,0.0013
20_29,1208.76,1223.57,0.0013
20_29,812.25,836.02,0.0012
20_29,1146.38,1151.49,0.0012
20_29,1176.6,1185.07,0.0012
20_29,770.37,783.32,0.0012
20_29,615.83,629.92,0.0012
20_29,848.75,944.03,0.0012
20_29,1079.92,1082.64,0.0012
20_29,983.71,986.2,0.0012
20_29,1185.73,1191.04,0.0011
20_29,1000.51,1012.74,0.0011
20_29,1193.4,1196.04,0.0011
20_29,725.89,736.53,0.0011
20_29,840.94,856.44,0.0011
20_29,798.29,811.49,0.001
20_29,678.5,683.32,0.001
20_29,1171.93,1174.72,0.001
28_3,753.18,763.88,0.9987
28_3,722.46,749.92,0.9987
28_3,936.19,987.69,0.9986
28_3,863.8,904.18,0.9984
28_3,767.48,781.82,0.9984
28_3,1004.44,1155.91,0.9979
28_3,669.18,722.42,0.9956
28_3,989.45,996.94,0.9942
28_3,615.84,665.14,0.9929
28_3,908.71,934.05,0.9829
28_3,1104.58,1116.61,0.9756
28_3,998.14,1001.07,0.9715
28_3,1081.43,1099.59,0.967
28_3,784.41,857.11,0.9612
28_3,1123.35,1149.72,0.9286
28_3,1041.76,1078.52,0.882
28_3,1116.58,1149.69,0.2528
28_3,767.49,781.84,0.1355
28_3,936.31,987.68,0.1354
28_3,863.77,904.16,0.1354
28_3,753.18,763.88,0.1352
28_3,989.46,996.94,0.1347
28_3,722.42,749.93,0.1346
28_3,669.25,722.43,0.1341
28_3,1104.6,1116.6,0.133
28_3,1081.43,1099.57,0.1312
28_3,1123.3,1149.71,0.0357
28_3,1000.23,1019.7,0.0292
28_3,767.5,781.82,0.0184
28_3,989.47,996.94,0.018
28_3,834.97,837.67,0.0161
28_3,617.36,637.88,0.0133
28_3,952.66,955.68,0.0093
28_3,852.46,924.98,0.0092
28_3,921.41,928.08,0.009
28_3,1157.08,1159.54,0.0083
28_3,959.74,962.79,0.0081
28_3,781.82,798.79,0.0075
28_3,1152.88,1163.52,0.0067
28_3,1059.42,1081.19,0.0065
28_3,1097.83,1100.58,0.005
28_3,748.38,765.96,0.0043
28_3,978.92,989.54,0.0043
28_3,878.83,904.27,0.0039
28_3,921.88,933.34,0.0038
28_3,664.23,675.13,0.0036
28_3,996.99,1007.18,0.0034
28_3,816.22,822.38,0.0032
28_3,635.56,648.72,0.0031
28_3,665.71,668.64,0.0031
28_3,900.47,902.89,0.0027
28_3,1135.91,1146.81,0.0026
28_3,767.3,772.84,0.0026
28_3,646.92,658.92,0.0026
28_3,614.6,617.34,0.0025
28_3,1076.07,1114.68,0.0025
28_3,760.69,763.46,0.0025
28_3,1151.68,1156.74,0.0024
28_3,907.29,919.06,0.0024
28_3,1099.63,1102.33,0.0023
28_3,700.21,702.7,0.0023
28_3,958.92,964.82,0.0023
28_3,936.71,958.01,0.0023
28_3,967.65,970.55,0.0022
28_3,831.25,833.96,0.0022
28_3,720.67,723.54,0.0021
28_3,740.76,752.67,0.002
28_3,813.7,859.21,0.002
28_3,823.58,826.46,0.0019
28_3,948.27,951.25,0.0018
28_3,845.07,911.92,0.0018
28_3,841.93,847.48,0.0017
28_3,1099.7,1118.94,0.0016
28_3,694.68,700.94,0.0016
28_3,927.22,930.07,0.0015
28_3,1115.73,1118.97,0.0014
28_3,1069.18,1080.82,0.0014
28_3,1054.22,1056.67,0.0014
28_3,970.21,973.18,0.0014
28_3,1050.83,1053.59,0.0014
28_3,673.13,683.32,0.0014
28_3,989.41,1068.54,0.0013
28_3,1085.59,1098.11,0.0013
28_3,1126.5,1138.69,0.0013
28_3,1066.49,1069.05,0.0013
28_3,932.67,938.14,0.0013
28_3,1084.58,1087.22,0.0012
28_3,619.23,622.12,0.0012
28_3,668.52,673.8,0.0012
28_3,1081.06,1084.27,0.0012
28_3,663.92,666.45,0.0012
28_3,1156.75,1159.21,0.0011
28_3,1015.11,1017.66,0.0011
28_3,1017.86,1023.6,0.001
28_3,984.63,987.18,0.001
25_6,802.58,812.49,0.9979
25_6,827.34,833.17,0.9974
25_6,836.14,839.61,0.9966
25_6,1211.75,1228.8,0.9942
25_6,716.27,738.2,0.992
25_6,782.77,792.68,0.9865
25_6,743.16,758.0,0.98
25_6,932.0,1140.82,0.9674
25_6,1207.47,1209.6,0.9667
25_6,802.58,812.49,0.1354
25_6,716.3,738.18,0.1341
25_6,836.14,839.6,0.1338
25_6,827.34,833.18,0.1337
25_6,1211.75,1228.8,0.132
25_6,1094.68,1097.29,0.0397
25_6,836.14,839.6,0.0181
25_6,870.34,1001.95,0.0178
25_6,852.47,892.71,0.0165
25_6,1093.86,1099.21,0.0163
25_6,982.45,989.0,0.0142
25_6,958.61,965.23,0.0137
25_6,769.35,792.9,0.0101
25_6,747.53,769.89,0.01
25_6,735.49,741.1,0.01
25_6,624.08,646.74,0.0099
25_6,1113.72,1115.84,0.0094
25_6,679.58,693.41,0.009
25_6,793.17,802.72,0.0076
25_6,839.38,846.34,0.0075
25_6,984.89,990.02,0.0066
25_6,812.1,823.15,0.0065
25_6,865.6,891.78,0.0063
25_6,1116.06,1143.1,0.0063
25_6,962.25,968.49,0.0056
25_6,658.91,672.08,0.0055
25_6,739.81,757.06,0.0053
25_6,987.97,1000.87,0.0052
25_6,884.56,894.69,0.005
25_6,615.16,626.13,0.0047
25_6,1093.86,1096.09,0.0047
25_6,967.98,991.47,0.0044
25_6,1168.45,1171.93,0.0042
25_6,1024.14,1089.26,0.0041
25_6,850.01,866.56,0.004
25_6,644.44,670.06,0.0039
25_6,1095.02,1097.76,0.0039
25_6,821.47,827.53,0.0039
25_6,737.76,740.74,0.0038
25_6,1145.09,1150.6,0.0037
25_6,956.2,967.37,0.0036
25_6,762.03,783.74,0.0036
25_6,725.28,737.05,0.0035
25_6,845.62,932.2,0.0035
25_6,903.19,905.74,0.0034
25_6,1077.45,1106.73,0.0029
25_6,764.64,767.13,0.0027
25_6,847.35,856.65,0.0027
25_6,890.48,902.21,0.0026
25_6,962.33,965.11,0.0025
25_6,712.04,714.66,0.0025
25_6,735.82,807.02,0.0024
25_6,833.11,835.5,0.0023
25_6,1110.62,1116.62,0.0022
25_6,803.2,806.16,0.0022
25_6,754.54,759.62,0.0022
25_6,819.18,822.13,0.0022
25_6,1054.21,1170.86,0.0022
25_6,792.46,800.79,0.0021
25_6,814.96,817.41,0.002
25_6,823.86,833.03,0.002
25_6,761.87,766.47,0.002
25_6,971.87,985.74,0.002
25_6,1228.7,1228.8,0.002
25_6,836.79,848.0,0.002
25_6,688.13,691.14,0.0019
25_6,916.27,919.58,0.0018
25_6,806.36,812.39,0.0018
25_6,881.3,1023.34,0.0018
25_6,1000.74,1004.63,0.0017
25_6,821.88,824.78,0.0017
25_6,610.63,641.98,0.0017
25_6,1098.71,1140.25,0.0016
25_6,858.15,869.77,0.0016
25_6,733.3,743.03,0.0016
25_6,1139.4,1142.3,0.0015
25_6,1093.25,1095.69,0.0015
25_6,892.23,895.6,0.0015
25_6,987.5,989.95,0.0015
25_6,951.73,963.78,0.0014
25_6,1167.11,1176.28,0.0014
25_6,757.51,760.17,0.0013
25_6,1207.81,1220.32,0.0013
25_6,979.46,990.92,0.0013
25_6,899.88,928.49,0.0013
25_6,1094.41,1106.95,0.0013
25_6,810.26,815.56,0.0012
25_6,1111.79,1114.16,0.0012
25_6,906.14,909.18,0.0012
25_6,1066.96,1069.62,0.0012
25_6,963.79,966.67,0.0012
25_6,771.66,782.24,0.0011
25_6,1107.27,1109.38,0.0011
25_6,1173.26,1175.63,0.0011
25_6,1113.38,1118.45,0.0011
25_6,835.87,860.72,0.0011
25_6,619.24,624.7,0.0011
25_6,979.59,1124.65,0.0011
25_6,808.83,842.85,0.001
25_6,1148.51,1151.12,0.001
25_6,714.13,750.77,0.001
22_32,852.26,894.9,0.999
22_32,844.48,850.88,0.9988
22_32,657.3,670.4,0.9957
22_32,804.81,821.11,0.9942
22_32,904.66,926.7,0.9937
22_32,830.09,845.12,0.9876
22_32,760.98,784.93,0.987
22_32,729.63,754.54,0.9835
22_32,674.62,712.59,0.9834
22_32,896.64,903.37,0.9711
22_32,784.33,789.44,0.9698
22_32,632.95,649.27,0.9608
22_32,918.4,922.67,0.9131
22_32,844.49,850.88,0.1361
22_32,657.27,670.39,0.1351
22_32,804.8,821.13,0.1348
22_32,830.09,845.11,0.1336
22_32,852.29,894.92,0.1333
22_32,904.65,926.68,0.1251
22_32,918.4,922.66,0.1142
22_32,717.88,729.4,0.0332
22_32,800.76,803.45,0.0219
22_32,1155.16,1158.18,0.0199
22_32,804.79,821.12,0.0182
22_32,830.08,845.12,0.0179
22_32,1016.67,1019.44,0.011
22_32,915.05,919.22,0.0092
22_32,952.85,962.82,0.0092
22_32,996.91,999.73,0.0066
22_32,850.21,853.31,0.0059
22_32,1056.91,1068.01,0.0053
22_32,1039.73,1058.92,0.0052
22_32,654.85,657.34,0.0041
22_32,855.7,858.2,0.0039
22_32,630.98,678.29,0.0038
22_32,750.53,753.5,0.0038
22_32,824.8,896.94,0.0037
22_32,614.57,617.49,0.0031
22_32,746.06,751.43,0.0031
22_32,787.86,806.26,0.003
22_32,619.6,630.21,0.0029
22_32,912.42,915.62,0.0027
22_32,635.71,647.57,0.0026
22_32,821.62,827.66,0.0025
22_32,1131.87,1137.79,0.0025
22_32,1075.97,1079.01,0.0023
22_32,837.87,843.32,0.0022
22_32,923.2,926.15,0.0022
22_32,861.38,864.33,0.0022
22_32,950.71,953.42,0.0022
22_32,924.62,944.98,0.0022
22_32,999.67,1005.53,0.0022
22_32,770.84,782.38,0.0018
22_32,824.34,831.16,0.0018
22_32,866.53,878.45,0.0018
22_32,803.3,805.31,0.0016
22_32,783.62,789.49,0.0016
22_32,681.84,701.24,0.0016
22_32,831.78,834.4,0.0016
22_32,900.02,902.65,0.0016
22_32,909.59,921.4,0.0016
22_32,732.0,737.57,0.0015
22_32,719.11,730.94,0.0014
22_32,945.87,948.67,0.0014
22_32,1045.17,1087.95,0.0014
22_32,1005.32,1010.76,0.0014
22_32,670.18,675.99,0.0014
22_32,766.69,769.43,0.0014
22_32,963.08,965.44,0.0013
22_32,707.01,717.59,0.0013
22_32,659.28,669.99,0.0013
22_32,893.0,896.03,0.0012
22_32,821.7,844.92,0.0012
22_32,967.47,1046.45,0.0012
22_32,754.11,757.3,0.0011
22_32,812.97,819.25,0.0011
22_32,964.67,970.05,0.0011
22_32,927.27,964.5,0.0011
22_32,745.93,830.41,0.001
23_9,1017.61,1035.85,0.9998
23_9,618.84,661.1,0.9992
23_9,980.31,1015.33,0.998
23_9,1111.81,1148.36,0.9966
23_9,761.21,799.97,0.9966
23_9,1035.8,1108.88,0.9942
23_9,666.26,715.91,0.9938
23_9,948.95,973.78,0.9929
23_9,802.0,897.01,0.9894
23_9,1149.86,1228.8,0.9876
23_9,900.78,944.54,0.9763
23_9,721.8,758.34,0.9739
23_9,761.22,799.92,0.1352
23_9,948.94,973.77,0.1347
23_9,1111.84,1148.34,0.1337
23_9,1017.6,1035.85,0.1333
23_9,753.71,756.58,0.0213
23_9,948.94,973.75,0.0179
23_9,740.14,752.61,0.0106
23_9,791.8,802.68,0.0101
23_9,821.32,827.55,0.0076
23_9,731.3,738.24,0.0076
23_9,1040.79,1080.78,0.0056
23_9,964.18,970.77,0.0046
23_9,770.19,792.22,0.0041
23_9,715.21,726.36,0.004
23_9,723.89,743.06,0.0039
23_9,875.37,898.13,0.0036
23_9,1155.06,1202.43,0.0034
23_9,682.52,688.88,0.0034
23_9,1007.13,1012.85,0.003
23_9,1058.52,1108.44,0.003
23_9,982.53,1004.14,0.0025
23_9,826.92,833.3,0.0025
23_9,644.14,651.32,0.0024
23_9,909.22,921.35,0.0022
23_9,760.74,771.15,0.0022
23_9,1024.7,1035.76,0.0021
23_9,790.47,796.17,0.0021
23_9,691.49,715.72,0.0019
23_9,1118.34,1141.75,0.0018
23_9,875.07,878.4,0.0017
23_9,908.79,911.74,0.0017
23_9,801.64,825.56,0.0016
23_9,983.59,990.03,0.0014
23_9,990.89,1014.57,0.0013
23_9,1078.63,1106.92,0.0013
23_9,857.15,897.91,0.0013
23_9,721.44,723.96,0.0012
23_9,719.94,756.04,0.0012
23_9,644.72,656.99,0.0012
23_9,898.33,968.82,0.0011
23_9,1120.08,1123.05,0.001
23_32,1081.64,1181.3,0.9985
23_32,628.52,698.64,0.998
23_32,875.2,877.33,0.9977
23_32,815.94,837.35,0.9969
23_32,840.62,864.84,0.9969
23_32,973.49,992.85,0.9965
23_32,995.3,1007.01,0.9959
23_32,1181.91,1187.56,0.9945
23_32,1051.84,1058.31,0.9941
23_32,781.24,809.88,0.994
23_32,940.78,950.86,0.9936
23_32,1189.21,1228.8,0.9934
23_32,1013.09,1037.71,0.9932
23_32,720.24,774.32,0.9931
23_32,952.09,971.87,0.992
23_32,700.44,717.4,0.9912
23_32,1046.19,1051.84,0.9911
23_32,1076.49,1081.33,0.9863
23_32,866.14,874.66,0.9823
23_32,811.2,813.33,0.9807
23_32,1059.51,1075.66,0.9781
23_32,1165.34,1174.93,0.9769
23_32,881.43,937.11,0.9747
23_32,973.47,992.87,0.1356
23_32,1181.9,1187.56,0.1353
23_32,995.3,1007.01,0.1351
23_32,1051.84,1058.31,0.1346
23_32,952.08,971.86,0.1343
23_32,1081.83,1181.35,0.1336
23_32,1076.48,1081.33,0.1325
23_32,940.77,950.86,0.1323
23_32,1046.19,1051.84,0.1316
23_32,881.41,937.07,0.1313
23_32,1189.21,1228.8,0.1309
23_32,866.13,874.67,0.1306
23_32,1013.04,1037.7,0.1302
23_32,720.27,774.33,0.1301
23_32,1165.33,1174.93,0.13
23_32,781.21,809.89,0.1299
23_32,877.3,879.61,0.0144
23_32,1038.74,1060.18,0.0126
23_32,625.89,628.49,0.0093
23_32,796.8,809.23,0.009
23_32,687.53,699.14,0.0073
23_32,1060.44,1072.67,0.0072
23_32,772.4,775.17,0.0069
23_32,704.51,716.88,0.0065
23_32,1158.21,1164.5,0.006
23_32,960.41,972.05,0.0044
23_32,874.9,877.17,0.0043
23_32,971.47,1004.67,0.004
23_32,743.3,749.65,0.0033
23_32,775.93,813.35,0.0032
23_32,829.78,836.3,0.0031
23_32,810.82,813.29,0.0031
23_32,719.58,741.69,0.003
23_32,914.5,937.45,0.0029
23_32,647.96,698.54,0.0028
23_32,745.77,772.87,0.0027
23_32,1181.23,1190.15,0.0026
23_32,808.42,811.2,0.0025
23_32,1147.55,1171.02,0.0023
23_32,1195.71,1228.8,0.0023
23_32,1017.13,1030.5,0.0023
23_32,1054.38,1057.58,0.0022
23_32,1071.0,1075.98,0.0021
23_32,1037.1,1039.52,0.0021
23_32,993.93,1016.92,0.0019
23_32,988.57,991.31,0.0018
23_32,1187.35,1193.64,0.0018
23_32,628.93,651.15,0.0017
23_32,1063.6,1073.61,0.0016
23_32,645.05,647.9,0.0015
23_32,948.34,951.3,0.0014
23_32,743.96,747.02,0.0013
23_32,1175.88,1187.94,0.0012
23_32,965.33,971.84,0.0012
23_32,824.41,836.18,0.0012
23_32,1051.22,1059.65,0.0012
23_32,628.52,634.27,0.0011
23_32,881.49,887.64,0.0011
23_32,860.97,863.57,0.0011
23_32,1077.33,1104.39,0.001
26_24,686.76,710.59,0.9987
26_24,754.42,777.94,0.9978
26_24,979.41,1018.51,0.9973
26_24,711.92,749.88,0.9973
26_24,616.53,685.72,0.9966
26_24,1137.39,1205.1,0.9951
26_24,1111.49,1128.01,0.995
26_24,1128.07,1132.38,0.9937
26_24,781.01,813.77,0.9927
26_24,906.28,940.73,0.9909
26_24,1103.63,1111.4,0.9858
26_24,841.25,868.78,0.9827
26_24,941.57,978.87,0.9812
26_24,821.14,841.05,0.9757
26_24,872.72,904.24,0.9752
26_24,1021.01,1100.85,0.9728
26_24,1206.38,1228.8,0.9624
26_24,940.27,941.33,0.9569
26_24,1137.32,1205.08,0.1353
26_24,754.41,777.94,0.1352
26_24,780.99,813.77,0.1343
26_24,1111.49,1128.03,0.1339
26_24,841.25,868.8,0.1331
26_24,941.56,978.84,0.1325
26_24,1128.07,1132.39,0.1321
26_24,711.95,749.89,0.1303
26_24,1206.37,1228.8,0.13
26_24,1111.48,1128.03,0.018
26_24,781.02,813.75,0.0179
26_24,1021.07,1031.37,0.0179
26_24,668.37,679.71,0.013
26_24,748.3,750.59,0.0108
26_24,722.4,734.54,0.0102
26_24,1085.61,1098.6,0.0085
26_24,855.06,867.92,0.0071
26_24,781.68,788.09,0.0057
26_24,658.7,682.62,0.0052
26_24,916.37,938.15,0.0047
26_24,710.14,735.59,0.0041
26_24,1128.96,1132.35,0.004
26_24,889.36,902.51,0.0038
26_24,1064.58,1067.58,0.0036
26_24,1020.51,1025.53,0.0033
26_24,717.87,720.8,0.0028
26_24,630.91,682.14,0.0026
26_24,1127.36,1138.69,0.0025
26_24,687.41,694.85,0.0023
26_24,1104.23,1112.33,0.0022
26_24,955.54,979.6,0.0022
26_24,712.28,724.31,0.0021
26_24,870.45,877.02,0.0019
26_24,813.56,816.24,0.0018
26_24,875.11,907.02,0.0018
26_24,981.14,1007.92,0.0018
26_24,817.25,820.21,0.0018
26_24,624.4,637.67,0.0018
26_24,777.98,780.59,0.0017
26_24,781.2,793.28,0.0017
26_24,1139.02,1185.65,0.0017
26_24,1207.27,1228.8,0.0017
26_24,1103.42,1105.64,0.0015
26_24,850.88,857.59,0.0014
26_24,819.89,822.64,0.0014
26_24,1160.16,1162.9,0.0013
26_24,995.07,1018.64,0.0013
26_24,734.39,752.41,0.0013
26_24,874.88,887.51,0.0013
26_24,615.45,621.81,0.0012
26_24,941.38,964.0,0.0011
26_24,1081.52,1101.45,0.0011
26_24,913.67,920.62,0.0011
29_35,807.33,864.66,0.9996
29_35,899.19,919.95,0.9989
29_35,769.24,791.69,0.9978
29_35,926.16,946.53,0.9962
29_35,793.63,806.46,0.9947
29_35,709.06,765.77,0.9942
29_35,618.01,704.19,0.9904
29_35,870.48,897.48,0.9834
29_35,793.63,806.47,0.1341
29_35,926.17,946.53,0.1334
29_35,870.49,897.46,0.132
29_35,709.04,765.79,0.1303
29_35,1024.34,1026.99,0.0107
29_35,1033.31,1044.41,0.0089
29_35,1141.35,1143.53,0.0079
29_35,1051.05,1073.77,0.0071
29_35,886.04,896.78,0.0069
29_35,1155.55,1158.09,0.0059
29_35,1095.31,1115.52,0.0051
29_35,721.78,724.63,0.0049
29_35,762.84,794.73,0.0048
29_35,1146.03,1158.5,0.0044
29_35,740.97,753.09,0.004
29_35,704.16,716.1,0.0036
29_35,973.09,975.87,0.0034
29_35,1059.47,1062.35,0.0033
29_35,1139.48,1141.85,0.0033
29_35,758.93,764.82,0.0033
29_35,1137.35,1139.97,0.0032
29_35,861.0,866.52,0.003
29_35,823.52,835.77,0.0028
29_35,1069.54,1088.22,0.0027
29_35,1125.05,1130.32,0.0026
29_35,667.26,670.28,0.0026
29_35,772.81,783.94,0.0024
29_35,750.16,760.85,0.0023
29_35,1057.34,1059.99,0.0023
29_35,656.28,658.95,0.0021
29_35,697.79,772.87,0.002
29_35,618.82,631.51,0.0018
29_35,712.41,732.23,0.0016
29_35,1031.19,1051.09,0.0016
29_35,657.61,663.06,0.0016
29_35,1005.08,1007.71,0.0015
29_35,952.51,1027.64,0.0015
29_35,690.43,700.25,0.0015
29_35,683.48,690.24,0.0014
29_35,945.27,950.9,0.0014
29_35,922.5,925.04,0.0013
29_35,889.77,924.96,0.0012
29_35,809.79,812.68,0.0012
29_35,871.74,874.57,0.0012
29_35,793.95,816.64,0.0011
29_35,1076.13,1086.81,0.0011
29_35,960.09,966.19,0.0011
29_35,728.82,731.61,0.001
23_41,1016.25,1058.36,0.9993
23_41,1011.21,1015.65,0.9987
23_41,805.67,827.92,0.998
23_41,832.97,841.87,0.9979
23_41,932.02,950.71,0.9971
23_41,967.31,971.17,0.9969
23_41,619.74,638.12,0.9968
23_41,984.51,986.88,0.996
23_41,1001.72,1010.9,0.9955
23_41,976.8,984.22,0.9951
23_41,964.35,966.72,0.9951
23_41,904.45,919.86,0.9935
23_41,642.89,685.88,0.9916
23_41,781.96,799.75,0.9894
23_41,751.12,758.83,0.9887
23_41,759.13,768.02,0.9877
23_41,859.66,881.3,0.9813
23_41,842.16,855.22,0.98
23_41,690.33,742.53,0.9792
23_41,889.01,902.95,0.972
23_41,929.35,931.73,0.9668
23_41,773.07,781.36,0.9645
23_41,987.01,1010.88,0.7414
23_41,1029.59,1046.48,0.7202
23_41,967.31,971.17,0.1352
23_41,976.81,984.22,0.135
23_41,619.74,638.12,0.1349
23_41,932.02,950.71,0.1345
23_41,805.68,827.94,0.1345
23_41,781.97,799.76,0.1342
23_41,832.97,841.87,0.1334
23_41,964.35,966.72,0.1313
23_41,773.07,781.37,0.1291
23_41,1016.26,1058.35,0.0973
23_41,976.8,984.22,0.0181
23_41,967.31,971.17,0.0181
23_41,950.44,961.02,0.0074
23_41,775.66,781.84,0.0064
23_41,1076.83,1087.4,0.0057
23_41,746.93,759.95,0.0057
23_41,1063.16,1074.41,0.0052
23_41,938.84,950.48,0.005
23_41,1148.53,1159.52,0.0047
23_41,779.82,857.34,0.0046
23_41,801.37,806.7,0.0043
23_41,885.88,904.89,0.0042
23_41,644.76,650.65,0.004
23_41,773.41,779.4,0.0038
23_41,986.77,989.91,0.0038
23_41,730.13,742.09,0.0036
23_41,841.57,843.96,0.0035
23_41,919.56,922.49,0.0035
23_41,829.87,862.09,0.0034
23_41,685.16,690.8,0.0034
23_41,1121.0,1132.18,0.0032
23_41,963.01,967.56,0.0032
23_41,1088.96,1110.84,0.003
23_41,620.35,623.1,0.003
23_41,688.8,773.17,0.0028
23_41,657.57,668.97,0.0027
23_41,611.19,621.59,0.0027
23_41,987.26,1019.47,0.0023
23_41,676.26,682.74,0.0023
23_41,807.48,818.47,0.0022
23_41,1060.46,1082.23,0.0019
23_41,693.31,715.08,0.0018
23_41,1143.56,1146.5,0.0018
23_41,922.51,932.53,0.0018
23_41,1011.32,1016.69,0.0017
23_41,903.33,915.32,0.0017
23_41,1088.75,1160.78,0.0017
23_41,783.53,795.6,0.0017
23_41,824.34,827.08,0.0015
23_41,933.18,944.58,0.0015
23_41,798.6,831.94,0.0015
23_41,781.0,783.71,0.0014
23_41,1078.36,1080.53,0.0014
23_41,778.65,781.64,0.0014
23_41,861.89,874.4,0.0014
23_41,984.66,987.05,0.0014
23_41,670.84,677.53,0.0013
23_41,827.26,832.33,0.0013
23_41,790.29,792.77,0.0012
23_41,1127.79,1133.43,0.0012
23_41,926.97,964.24,0.0012
23_41,842.42,860.73,0.0012
23_41,664.75,670.57,0.0011
23_41,1111.14,1113.85,0.0011
23_41,1058.52,1061.9,0.0011
23_41,1096.22,1101.16,0.0011
23_41,641.74,646.85,0.001
18_45,980.69,993.35,0.9988
18_45,639.75,681.06,0.9987
18_45,1130.3,1133.91,0.9981
18_45,1052.38,1126.24,0.9977
18_45,1136.11,1146.44,0.9967
18_45,962.77,979.45,0.9955
18_45,863.91,954.65,0.9953
18_45,778.67,785.6,0.9945
18_45,845.88,858.37,0.9914
18_45,617.13,630.42,0.9914
18_45,1002.05,1019.44,0.9729
18_45,1025.68,1048.91,0.9659
18_45,738.1,998.54,0.7559
18_45,639.83,681.04,0.1355
18_45,617.14,630.42,0.1346
18_45,1130.3,1133.91,0.1344
18_45,980.69,993.34,0.1339
18_45,845.87,858.37,0.1338
18_45,778.67,785.6,0.1336
18_45,962.76,979.46,0.1325
18_45,739.67,762.36,0.0308
18_45,980.69,993.36,0.0181
18_45,1130.3,1133.91,0.0179
18_45,778.67,785.59,0.0177
18_45,649.75,652.63,0.0174
18_45,1000.96,1003.48,0.0091
18_45,795.8,798.6,0.0083
18_45,1159.75,1165.48,0.0081
18_45,697.09,702.43,0.0076
18_45,1120.19,1122.89,0.0072
18_45,984.44,990.88,0.0071
18_45,1043.95,1046.79,0.0061
18_45,913.16,916.24,0.0059
18_45,969.45,972.82,0.0056
18_45,1124.53,1130.52,0.0051
18_45,611.1,616.94,0.0051
18_45,1138.25,1141.18,0.0047
18_45,955.08,960.73,0.0046
18_45,757.55,763.13,0.0043
18_45,1157.24,1159.47,0.0042
18_45,973.05,978.56,0.0042
18_45,878.14,883.8,0.004
18_45,858.84,868.37,0.004
18_45,1160.19,1163.01,0.004
18_45,1014.85,1053.95,0.0039
18_45,816.85,826.53,0.0039
18_45,673.79,676.62,0.0039
18_45,785.24,797.22,0.0038
18_45,749.61,752.31,0.0037
18_45,648.87,674.32,0.0036
18_45,722.66,743.73,0.0033
18_45,772.46,778.07,0.0029
18_45,1115.19,1119.87,0.0028
18_45,805.31,850.0,0.0027
18_45,1075.99,1078.62,0.0026
18_45,805.25,807.76,0.0026
18_45,965.95,967.8,0.0026
18_45,858.91,861.69,0.0025
18_45,1088.46,1099.58,0.0025
18_45,726.75,729.38,0.0024
18_45,1130.23,1149.09,0.0024
18_45,1003.33,1006.35,0.0024
18_45,1066.78,1069.63,0.0023
18_45,809.49,812.84,0.0023
18_45,822.18,833.67,0.0022
18_45,745.64,756.2,0.0021
18_45,1028.18,1034.45,0.0021
18_45,631.63,637.91,0.002
18_45,993.74,1003.61,0.002
18_45,1068.54,1114.95,0.002
18_45,948.81,954.13,0.002
18_45,968.89,980.29,0.002
18_45,623.52,626.5,0.0019
18_45,1115.43,1136.2,0.0019
18_45,688.01,710.53,0.0018
18_45,841.85,845.43,0.0018
18_45,849.88,856.67,0.0018
18_45,951.76,962.9,0.0018
18_45,962.94,967.52,0.0018
18_45,873.3,876.0,0.0017
18_45,1159.72,1170.4,0.0017
18_45,1008.81,1011.79,0.0016
18_45,934.97,946.5,0.0015
18_45,712.96,718.7,0.0015
18_45,1050.98,1056.72,0.0015
18_45,1080.05,1083.14,0.0015
18_45,864.25,867.02,0.0013
18_45,1119.51,1125.06,0.0013
18_45,1110.32,1115.16,0.0012
18_45,1052.19,1072.1,0.0012
18_45,728.81,796.85,0.0012
18_45,669.48,674.88,0.0011
18_45,762.77,773.67,0.0011
18_45,908.37,911.27,0.0011
18_45,1114.89,1117.59,0.0011
18_45,729.43,736.01,0.0011
18_45,1043.69,1049.41,0.0011
18_45,935.81,938.45,0.001
18_45,1146.05,1148.36,0.001
9_22,768.81,812.54,0.9996
9_22,947.25,1034.05,0.9993
9_22,862.07,889.0,0.999
9_22,739.69,751.34,0.9988
9_22,1033.93,1055.86,0.9977
9_22,918.87,946.56,0.9974
9_22,818.38,859.88,0.9967
9_22,679.92,741.12,0.9962
9_22,626.79,657.35,0.9886
9_22,904.32,919.63,0.9852
9_22,1053.66,1069.67,0.9702
9_22,862.04,889.02,0.1359
9_22,680.02,741.08,0.1359
9_22,768.81,812.52,0.1352
9_22,818.38,859.86,0.135
9_22,739.69,751.34,0.1346
9_22,918.89,946.55,0.1339
9_22,918.87,946.57,0.0182
9_22,679.94,741.12,0.0182
9_22,849.79,852.28,0.015
9_22,773.09,797.02,0.0118
9_22,607.44,620.49,0.0102
9_22,618.34,679.43,0.0094
9_22,1109.15,1115.76,0.0088
9_22,1069.02,1081.49,0.008
9_22,709.92,732.18,0.0058
9_22,985.83,988.43,0.0057
9_22,907.01,919.14,0.0049
9_22,751.34,762.86,0.0049
9_22,1068.15,1070.51,0.0044
9_22,717.2,722.93,0.004
9_22,1022.38,1025.39,0.0038
9_22,862.39,909.05,0.0032
9_22,744.72,750.67,0.0031
9_22,1085.6,1097.97,0.0031
9_22,821.48,824.25,0.003
9_22,751.4,756.99,0.0028
9_22,1030.43,1036.53,0.0025
9_22,708.25,711.29,0.0024
9_22,667.7,673.67,0.0024
9_22,769.31,775.16,0.0024
9_22,985.15,990.36,0.0023
9_22,903.16,906.05,0.0022
9_22,613.86,623.82,0.0021
9_22,653.01,655.08,0.0019
9_22,1039.52,1051.48,0.0019
9_22,791.17,812.14,0.0019
9_22,949.51,992.14,0.0018
9_22,774.15,777.52,0.0017
9_22,739.42,761.37,0.0017
9_22,731.22,741.11,0.0016
9_22,842.67,845.68,0.0016
9_22,881.12,884.19,0.0015
9_22,634.28,637.29,0.0015
9_22,888.9,905.13,0.0015
9_22,625.85,637.04,0.0013
9_22,1073.13,1076.24,0.0012
9_22,987.97,990.56,0.0011
9_22,818.7,821.71,0.0011
9_22,651.25,662.22,0.0011
9_22,1156.59,1159.34,0.0011
9_22,723.47,726.24,0.0011
9_22,884.92,889.81,0.001
9_22,823.79,835.9,0.001
1_10,845.5,860.58,0.9998
1_10,640.82,661.24,0.9997
1_10,790.77,810.53,0.9996
1_10,620.67,639.19,0.9992
1_10,736.44,760.44,0.9991
1_10,688.1,735.63,0.9971
1_10,834.17,845.2,0.9966
1_10,761.67,787.58,0.9948
1_10,813.27,831.2,0.9947
1_10,663.19,687.04,0.9935
1_10,860.85,864.78,0.9672
1_10,620.66,639.17,0.1359
1_10,640.82,661.23,0.1352
1_10,688.12,735.69,0.135
1_10,761.67,787.59,0.134
1_10,834.18,845.2,0.1339
1_10,736.42,760.47,0.1335
1_10,790.76,810.53,0.1302
1_10,875.62,914.26,0.0147
1_10,790.67,801.62,0.0102
1_10,1005.35,1016.48,0.0055
1_10,777.99,783.39,0.0051
1_10,808.85,814.64,0.0039
1_10,932.77,937.86,0.0038
1_10,623.81,635.31,0.0036
1_10,655.54,661.42,0.0034
1_10,1044.03,1056.07,0.0031
1_10,868.96,880.41,0.0026
1_10,961.39,971.39,0.0026
1_10,665.39,678.68,0.0024
1_10,686.97,771.44,0.0023
1_10,1000.67,1003.65,0.0022
1_10,761.54,838.7,0.0022
1_10,745.32,755.86,0.0021
1_10,1019.62,1022.14,0.0021
1_10,667.81,670.95,0.0019
1_10,859.07,864.96,0.0019
1_10,936.75,939.56,0.0018
1_10,693.64,715.91,0.0017
1_10,998.77,1011.03,0.0016
1_10,981.33,984.5,0.0016
1_10,885.5,888.31,0.0015
1_10,790.11,792.79,0.0015
1_10,1030.25,1071.77,0.0015
1_10,1084.93,1095.76,0.0015
1_10,614.38,616.65,0.0015
1_10,1045.23,1048.38,0.0014
1_10,966.07,968.97,0.0014
1_10,863.67,941.16,0.0014
1_10,775.39,787.1,0.0014
1_10,795.78,807.53,0.0014
1_10,959.83,962.5,0.0013
1_10,641.37,652.72,0.0013
1_10,796.1,798.53,0.0012
1_10,945.89,966.8,0.0012
1_10,710.79,714.03,0.0012
1_10,811.73,829.58,0.0011
1_10,767.95,780.32,0.0011
1_10,978.56,1017.49,0.0011
1_10,738.46,744.15,0.0011
1_10,939.63,942.93,0.0011
1_10,848.06,853.71,0.001
29_32,906.82,1032.89,0.9987
29_32,1083.64,1095.33,0.9978
29_32,1035.06,1043.97,0.9973
29_32,824.72,865.03,0.9972
29_32,866.57,900.63,0.9972
29_32,797.06,824.12,0.9936
29_32,643.8,729.27,0.992
29_32,617.78,643.29,0.9895
29_32,737.97,783.26,0.9865
29_32,1050.67,1067.73,0.9601
29_32,866.6,900.64,0.1358
29_32,1083.65,1095.32,0.1353
29_32,760.84,781.66,0.0198
29_32,1083.63,1095.34,0.0183
29_32,917.26,960.67,0.0121
29_32,710.6,716.73,0.011
29_32,644.81,656.64,0.0103
29_32,856.52,868.34,0.0095
29_32,1065.04,1083.92,0.0089
29_32,1126.92,1129.92,0.0078
29_32,696.58,736.04,0.0069
29_32,849.55,852.87,0.0066
29_32,1095.65,1101.47,0.0057
29_32,937.99,940.52,0.005
29_32,889.01,894.49,0.0046
29_32,837.13,860.96,0.0044
29_32,1032.72,1050.67,0.0043
29_32,1052.58,1064.23,0.0043
29_32,614.43,648.46,0.004
29_32,973.1,979.13,0.0035
29_32,811.85,822.16,0.0033
29_32,1019.04,1021.62,0.0033
29_32,868.37,890.77,0.0033
29_32,931.95,977.82,0.0029
29_32,1097.23,1120.06,0.0026
29_32,614.74,617.5,0.0025
29_32,785.6,797.42,0.0024
29_32,1060.77,1083.11,0.002
29_32,626.89,640.37,0.002
29_32,1029.02,1031.63,0.0018
29_32,800.27,812.11,0.0015
29_32,831.17,867.11,0.0015
29_32,636.59,639.37,0.0014
29_32,914.78,917.66,0.0014
29_32,671.45,674.66,0.0014
29_32,746.03,751.9,0.0014
29_32,685.96,697.73,0.0014
29_32,698.88,709.04,0.0014
29_32,915.0,996.65,0.0013
29_32,1095.18,1106.56,0.0013
29_32,911.27,913.73,0.0012
29_32,814.46,819.97,0.0012
29_32,901.43,912.41,0.0011
29_32,1102.27,1179.32,0.0011
29_32,1046.69,1089.0,0.0011
29_32,916.0,927.78,0.0011
29_32,611.13,617.53,0.0011
29_32,828.88,834.88,0.001
23_39,820.21,823.35,1.0
23_39,744.36,753.91,0.9997
23_39,886.56,926.76,0.9995
23_39,1168.12,1228.8,0.9981
23_39,857.82,882.89,0.9979
23_39,928.88,960.72,0.9978
23_39,805.07,820.19,0.9978
23_39,784.16,798.79,0.9974
23_39,639.99,671.47,0.9973
23_39,672.04,740.15,0.995
23_39,1030.39,1079.23,0.9947
23_39,828.57,855.71,0.9943
23_39,758.57,782.07,0.9902
23_39,1112.71,1143.51,0.9846
23_39,1081.94,1105.93,0.9783
23_39,966.5,994.13,0.9774
23_39,1144.07,1150.86,0.9746
23_39,829.88,839.47,0.7612
23_39,1030.51,1079.26,0.1357
23_39,820.21,823.35,0.1355
23_39,784.18,798.79,0.1354
23_39,640.01,671.51,0.1351
23_39,1168.12,1228.8,0.1348
23_39,805.07,820.21,0.1338
23_39,672.02,740.2,0.1337
23_39,1081.89,1105.94,0.1332
23_39,758.56,782.08,0.1327
23_39,828.58,855.72,0.1019
23_39,775.0,780.4,0.0275
23_39,784.18,798.81,0.0175
23_39,805.06,820.2,0.0173
23_39,718.27,740.19,0.0155
23_39,928.63,939.47,0.015
23_39,828.58,855.69,0.0139
23_39,1176.3,1196.46,0.0074
23_39,628.73,641.55,0.0069
23_39,981.32,991.76,0.0065
23_39,600.48,629.73,0.0063
23_39,1033.02,1057.36,0.0042
23_39,996.73,1008.53,0.004
23_39,745.41,752.41,0.004
23_39,853.6,856.09,0.0032
23_39,1149.09,1171.54,0.0032
23_39,1081.49,1084.82,0.0028
23_39,839.25,842.1,0.0027
23_39,1018.57,1024.89,0.0024
23_39,1194.9,1197.66,0.0024
23_39,758.74,769.13,0.0023
23_39,1054.41,1078.83,0.0021
23_39,995.81,1018.07,0.0021
23_39,690.36,739.42,0.0021
23_39,867.95,875.06,0.002
23_39,852.19,932.35,0.0017
23_39,612.68,616.25,0.0017
23_39,830.13,832.92,0.0016
23_39,846.87,853.55,0.0015
23_39,1102.94,1112.5,0.0015
23_39,1080.9,1086.96,0.0015
23_39,959.58,962.4,0.0013
23_39,1019.24,1032.32,0.0013
23_39,981.88,993.43,0.0013
23_39,820.14,828.38,0.0012
23_39,673.04,676.12,0.0012
23_39,641.92,653.02,0.0012
23_39,934.6,959.93,0.0012
23_39,668.46,717.09,0.0012
23_39,859.07,889.61,0.0011
23_39,1096.3,1160.09,0.0011
23_39,1031.85,1042.47,0.0011
23_39,946.91,1011.39,0.0011
23_39,735.33,740.51,0.0011
23_39,1120.3,1123.17,0.001
2_19,765.34,777.52,0.9992
2_19,989.42,996.93,0.9981
2_19,781.38,872.17,0.998
2_19,671.58,741.03,0.998
2_19,742.85,762.54,0.9979
2_19,939.76,957.54,0.9973
2_19,1146.94,1155.37,0.9961
2_19,1154.44,1191.89,0.9951
2_19,1070.98,1086.92,0.9936
2_19,1088.92,1147.85,0.9913
2_19,616.29,664.07,0.9882
2_19,959.34,990.34,0.987
2_19,904.1,930.38,0.9864
2_19,1013.9,1069.93,0.9842
2_19,930.37,938.79,0.9722
2_19,873.15,900.37,0.9719
2_19,989.43,996.92,0.1356
2_19,781.34,872.32,0.1356
2_19,1088.84,1147.97,0.1352
2_19,742.86,762.52,0.1347
2_19,765.35,777.53,0.1347
2_19,1154.47,1191.92,0.1345
2_19,1146.94,1155.36,0.1341
2_19,904.12,930.35,0.1339
2_19,939.76,957.54,0.1336
2_19,671.66,740.95,0.1329
2_19,904.11,930.37,0.0182
2_19,1088.79,1147.85,0.018
2_19,989.43,996.92,0.0179
2_19,901.59,912.21,0.0126
2_19,995.61,1012.61,0.0102
2_19,870.47,901.23,0.0084
2_19,1014.96,1083.86,0.0065
2_19,824.12,866.15,0.0055
2_19,889.76,901.0,0.0054
2_19,1190.18,1199.76,0.0038
2_19,744.25,757.69,0.0037
2_19,617.07,638.63,0.0035
2_19,1091.56,1094.39,0.0033
2_19,718.12,739.91,0.0031
2_19,1064.37,1070.47,0.0028
2_19,1069.43,1085.16,0.0027
2_19,856.14,867.27,0.0024
2_19,959.62,968.72,0.0021
2_19,882.4,955.1,0.0021
2_19,995.49,997.49,0.0021
2_19,940.6,945.91,0.0021
2_19,785.28,834.41,0.002
2_19,858.59,861.31,0.0018
2_19,730.29,737.33,0.0017
2_19,766.03,783.6,0.0016
2_19,973.06,985.35,0.0015
2_19,792.46,799.2,0.0012
2_19,933.04,938.92,0.0011
2_19,619.43,667.66,0.0011
2_19,1148.28,1155.33,0.0011
2_19,766.41,768.6,0.001
17_36,616.97,658.19,0.999
17_36,808.84,834.38,0.9974
17_36,716.87,758.52,0.9968
17_36,659.95,675.79,0.9956
17_36,761.95,768.97,0.9953
17_36,683.86,709.23,0.9886
17_36,773.17,798.84,0.9864
17_36,808.85,834.35,0.1356
17_36,716.86,758.48,0.1354
17_36,659.94,675.78,0.1345
17_36,683.85,709.2,0.1317
17_36,761.95,768.97,0.1312
17_36,768.43,773.87,0.0242
17_36,659.94,675.78,0.018
17_36,876.57,897.15,0.0157
17_36,858.7,869.8,0.0152
17_36,980.5,986.1,0.0095
17_36,860.49,900.17,0.0073
17_36,985.86,991.83,0.0064
17_36,949.79,961.39,0.0054
17_36,627.42,650.96,0.0054
17_36,1039.28,1041.79,0.0054
17_36,764.13,807.98,0.0054
17_36,837.27,840.57,0.0043
17_36,791.93,835.24,0.0041
17_36,958.05,964.18,0.004
17_36,906.76,912.72,0.0039
17_36,712.61,772.59,0.0029
17_36,833.23,844.05,0.0029
17_36,613.51,615.34,0.0029
17_36,976.0,986.48,0.0029
17_36,631.23,644.33,0.0028
17_36,1022.83,1034.34,0.0027
17_36,692.97,711.39,0.0026
17_36,948.22,950.69,0.0025
17_36,614.74,626.9,0.0025
17_36,887.68,890.5,0.0024
17_36,710.05,715.34,0.0018
17_36,829.45,832.38,0.0017
17_36,964.85,967.86,0.0016
17_36,905.65,908.83,0.0015
17_36,730.35,741.61,0.0015
17_36,932.82,1011.13,0.0015
17_36,883.98,894.64,0.0014
17_36,822.56,828.64,0.0014
17_36,655.42,685.41,0.0013
17_36,715.33,718.36,0.0013
17_36,834.02,856.99,0.0013
17_36,719.99,722.86,0.0013
17_36,794.63,797.95,0.0013
17_36,1029.33,1032.53,0.0012
17_36,983.93,996.1,0.0012
17_36,916.38,919.31,0.0011
17_36,913.32,915.88,0.0011
17_36,881.67,884.8,0.001
17_36,669.61,672.31,0.001
17_36,862.34,868.46,0.001
17_36,649.19,660.11,0.001
27_37,771.42,783.35,0.9983
27_37,720.12,770.11,0.9979
27_37,843.52,860.31,0.9975
27_37,784.7,800.63,0.9961
27_37,861.21,870.05,0.9945
27_37,825.83,835.99,0.9911
27_37,673.28,712.6,0.9873
27_37,869.61,876.69,0.9836
27_37,618.41,643.12,0.9793
27_37,803.27,824.51,0.9771
27_37,650.22,663.94,0.9639
27_37,720.1,770.09,0.1354
27_37,771.43,783.36,0.1348
27_37,843.51,860.32,0.1339
27_37,825.83,836.0,0.1337
27_37,869.61,876.69,0.1325
27_37,842.47,845.01,0.0226
27_37,720.19,770.0,0.0186
27_37,1048.77,1051.58,0.013
27_37,1120.49,1122.87,0.0089
27_37,1003.93,1006.82,0.0079
27_37,815.39,818.5,0.0077
27_37,860.77,897.51,0.0072
27_37,690.09,692.47,0.007
27_37,876.83,883.55,0.0066
27_37,766.11,768.65,0.0064
27_37,1115.41,1118.3,0.0059
27_37,787.75,798.94,0.0055
27_37,1051.7,1096.69,0.0046
27_37,849.25,855.73,0.0046
27_37,821.55,827.24,0.0045
27_37,1039.33,1045.14,0.004
27_37,944.53,947.02,0.0034
27_37,1092.76,1104.67,0.0034
27_37,800.36,802.94,0.0032
27_37,1008.93,1029.67,0.0032
27_37,1077.35,1089.06,0.0032
27_37,912.38,917.75,0.003
27_37,834.52,843.0,0.0027
27_37,753.98,764.46,0.0026
27_37,1112.84,1115.54,0.0026
27_37,868.55,880.04,0.0026
27_37,893.23,898.8,0.0025
27_37,722.78,725.65,0.0024
27_37,948.45,951.26,0.0022
27_37,820.43,823.44,0.0022
27_37,989.02,991.99,0.0021
27_37,999.95,1010.17,0.0021
27_37,802.58,808.21,0.002
27_37,794.96,797.77,0.002
27_37,721.78,746.91,0.002
27_37,687.5,698.62,0.0019
27_37,800.01,834.65,0.0018
27_37,1028.38,1031.49,0.0017
27_37,977.65,982.7,0.0017
27_37,860.64,863.01,0.0016
27_37,864.35,869.75,0.0016
27_37,1087.64,1131.23,0.0016
27_37,699.37,706.5,0.0015
27_37,1014.01,1025.87,0.0015
27_37,995.57,1005.23,0.0015
27_37,922.98,928.57,0.0014
27_37,792.88,795.36,0.0014
27_37,871.1,874.07,0.0014
27_37,884.52,890.48,0.0014
27_37,919.21,921.99,0.0014
27_37,782.7,792.83,0.0013
27_37,1122.42,1134.71,0.0013
27_37,877.42,880.49,0.0013
27_37,734.92,746.48,0.0013
27_37,855.2,858.09,0.0012
27_37,1118.27,1120.68,0.0011
27_37,964.72,975.95,0.0011
27_37,617.42,638.81,0.0011
27_37,692.02,697.12,0.001
26_46,805.71,826.41,0.9994
26_46,656.24,669.67,0.9992
26_46,726.44,744.93,0.9988
26_46,671.31,687.98,0.9972
26_46,840.16,914.04,0.9971
26_46,781.41,799.62,0.9967
26_46,830.0,839.92,0.9962
26_46,936.75,997.08,0.9952
26_46,922.75,933.0,0.9949
26_46,712.05,720.35,0.9943
26_46,689.12,710.94,0.9937
26_46,614.41,655.95,0.9902
26_46,1004.48,1031.52,0.9878
26_46,997.31,1001.13,0.9869
26_46,749.63,762.85,0.9859
26_46,763.73,780.02,0.9857
26_46,747.43,749.63,0.9822
26_46,656.25,669.67,0.1358
26_46,726.45,744.91,0.1357
26_46,840.24,914.04,0.1354
26_46,830.01,839.92,0.1353
26_46,936.65,997.13,0.1344
26_46,614.39,655.92,0.134
26_46,749.63,762.85,0.1333
26_46,1004.51,1031.53,0.1329
26_46,747.44,749.63,0.1322
26_46,936.75,997.04,0.0184
26_46,798.49,801.13,0.0082
26_46,1006.76,1009.34,0.0079
26_46,818.0,829.63,0.0078
26_46,940.02,945.69,0.0073
26_46,1017.54,1029.47,0.007
26_46,889.25,892.09,0.006
26_46,838.85,850.49,0.0047
26_46,918.49,921.41,0.0044
26_46,1038.27,1043.8,0.0044
26_46,907.36,918.98,0.0039
26_46,765.8,778.56,0.0038
26_46,945.17,956.92,0.0038
26_46,1071.1,1076.88,0.0036
26_46,721.97,762.97,0.0035
26_46,788.45,794.36,0.0032
26_46,697.34,700.0,0.0031
26_46,584.77,646.97,0.0031
26_46,1058.49,1063.94,0.0031
26_46,922.05,931.81,0.0028
26_46,777.13,779.99,0.0023
26_46,1133.22,1145.39,0.0021
26_46,700.02,706.24,0.0021
26_46,670.56,682.07,0.0021
26_46,647.53,670.12,0.0021
26_46,900.58,906.25,0.0021
26_46,1002.94,1005.45,0.002
26_46,615.64,638.67,0.0019
26_46,864.07,866.96,0.0017
26_46,1042.32,1045.17,0.0016
26_46,1082.9,1088.84,0.0016
26_46,1000.8,1073.47,0.0016
26_46,1139.53,1142.22,0.0015
26_46,855.59,901.86,0.0015
26_46,730.74,741.3,0.0013
26_46,945.26,951.29,0.0013
26_46,705.9,711.01,0.0012
26_46,746.05,764.87,0.0012
26_46,783.13,795.7,0.0011
26_46,903.77,922.8,0.0011
26_46,870.63,876.36,0.0011
26_46,1031.89,1037.5,0.0011
26_46,1126.22,1128.63,0.001
26_46,1091.47,1097.48,0.001
26_46,952.18,964.21,0.001
29_45,1167.91,1177.42,0.9996
29_45,1094.42,1167.53,0.9988
29_45,1031.38,1049.01,0.9982
29_45,961.2,972.83,0.9978
29_45,933.99,955.89,0.9966
29_45,621.14,661.31,0.9946
29_45,780.59,853.21,0.9945
29_45,661.87,776.87,0.9911
29_45,856.82,930.05,0.9851
29_45,1059.28,1094.51,0.9835
29_45,981.66,1028.9,0.9751
29_45,934.02,955.89,0.1354
29_45,856.7,930.04,0.1337
29_45,961.19,972.83,0.1327
29_45,1167.91,1177.43,0.1322
29_45,1048.59,1059.15,0.0174
29_45,1165.2,1167.35,0.0164
29_45,790.61,797.18,0.0164
29_45,802.13,852.27,0.0119
29_45,1036.69,1048.68,0.0107
29_45,925.23,930.67,0.0088
29_45,1068.27,1091.75,0.0077
29_45,969.27,1045.72,0.0066
29_45,1093.96,1117.0,0.0065
29_45,1101.76,1104.17,0.005
29_45,623.59,663.58,0.0048
29_45,914.55,923.81,0.0046
29_45,1107.69,1159.74,0.0045
29_45,666.59,710.42,0.0041
29_45,614.46,617.4,0.004
29_45,1168.21,1174.49,0.0035
29_45,1095.14,1097.7,0.003
29_45,735.61,779.16,0.0027
29_45,798.34,822.92,0.0026
29_45,959.77,983.8,0.0025
29_45,1177.83,1187.2,0.0025
29_45,1045.78,1104.44,0.0025
29_45,1014.98,1017.95,0.0023
29_45,648.49,651.95,0.002
29_45,846.92,919.35,0.0019
29_45,961.46,964.08,0.0018
29_45,1148.43,1155.59,0.0016
29_45,1083.14,1089.15,0.0015
29_45,712.68,726.42,0.0013
29_45,1158.27,1167.67,0.0013
29_45,780.74,792.49,0.0013
29_45,664.88,691.61,0.0013
29_45,1069.81,1072.91,0.0011
29_45,1095.51,1101.55,0.0011
29_45,833.8,853.86,0.001
17_3,728.23,761.2,0.9999
17_3,855.86,888.58,0.9989
17_3,710.57,728.15,0.9968
17_3,693.46,710.56,0.9968
17_3,894.07,938.46,0.9947
17_3,967.95,976.5,0.9932
17_3,614.53,693.29,0.9907
17_3,805.95,852.61,0.986
17_3,938.5,963.86,0.9844
17_3,978.62,988.79,0.984
17_3,761.17,805.86,0.9736
17_3,894.16,938.55,0.1368
17_3,938.55,963.78,0.1347
17_3,693.47,710.57,0.1347
17_3,614.52,693.35,0.1345
17_3,710.58,728.14,0.1339
17_3,1139.76,1151.45,0.0256
17_3,987.74,999.92,0.0121
17_3,728.54,748.56,0.012
17_3,618.79,660.46,0.0075
17_3,920.17,931.24,0.0075
17_3,1123.5,1129.04,0.0075
17_3,1053.5,1098.5,0.0057
17_3,666.65,690.77,0.0057
17_3,839.08,850.34,0.0046
17_3,696.48,707.97,0.0045
17_3,966.38,976.35,0.0043
17_3,1122.68,1134.25,0.0043
17_3,614.49,617.29,0.0042
17_3,930.65,941.47,0.0038
17_3,811.88,835.21,0.0036
17_3,963.3,968.96,0.0032
17_3,987.21,997.27,0.0029
17_3,977.25,979.82,0.0029
17_3,787.57,859.73,0.0029
17_3,1139.02,1145.63,0.0028
17_3,841.45,843.99,0.0028
17_3,857.02,867.61,0.0028
17_3,1146.86,1157.45,0.0027
17_3,749.83,753.09,0.0025
17_3,803.91,806.74,0.0025
17_3,827.41,830.15,0.0023
17_3,936.13,938.9,0.0021
17_3,1088.93,1158.94,0.002
17_3,1061.04,1082.07,0.0016
17_3,754.84,759.95,0.0015
17_3,953.53,956.61,0.0015
17_3,1159.87,1163.13,0.0014
17_3,910.66,917.12,0.0014
17_3,1157.05,1159.93,0.0014
17_3,904.85,908.26,0.0012
17_3,1050.6,1057.23,0.0012
17_3,806.53,812.82,0.0012
17_3,1133.93,1137.15,0.001
17_3,855.55,878.22,0.001
23_12,1172.63,1192.49,0.9983
23_12,1166.93,1169.6,0.9981
23_12,1195.08,1228.8,0.9977
23_12,677.83,718.89,0.997
23_12,739.29,823.95,0.9965
23_12,1114.94,1134.8,0.9956
23_12,618.26,638.14,0.9952
23_12,720.79,737.45,0.9936
23_12,1055.34,1071.36,0.9902
23_12,895.85,947.64,0.9892
23_12,825.96,892.55,0.989
23_12,1136.7,1170.72,0.984
23_12,950.89,982.29,0.9818
23_12,984.27,1050.2,0.9783
23_12,642.61,674.0,0.9551
23_12,1071.97,1113.02,0.9501
23_12,1114.95,1134.81,0.1345
23_12,1166.93,1169.6,0.1329
23_12,984.25,1050.24,0.1318
23_12,825.85,892.56,0.1302
23_12,895.77,921.11,0.0116
23_12,1216.13,1228.8,0.0055
23_12,1095.73,1114.41,0.0055
23_12,955.77,982.65,0.005
23_12,1165.85,1170.2,0.0042
23_12,746.23,789.12,0.0033
23_12,897.02,971.76,0.0032
23_12,895.66,898.69,0.0031
23_12,1179.78,1191.61,0.0031
23_12,1148.19,1170.22,0.0029
23_12,1201.32,1207.52,0.0028
23_12,1215.03,1217.83,0.0027
23_12,826.29,868.99,0.0025
23_12,637.56,668.73,0.0025
23_12,1054.76,1072.97,0.0024
23_12,677.04,684.36,0.0022
23_12,622.34,636.16,0.0021
23_12,798.3,824.53,0.0021
23_12,635.9,638.96,0.0018
23_12,1122.87,1134.01,0.0017
23_12,1087.55,1100.1,0.0016
23_12,1171.27,1177.47,0.0016
23_12,871.16,892.61,0.0016
23_12,1117.06,1123.14,0.0015
23_12,628.25,711.86,0.0015
23_12,719.09,736.91,0.0015
23_12,892.49,894.57,0.0014
23_12,695.92,717.42,0.0014
23_12,1100.46,1111.49,0.0014
23_12,1212.49,1215.06,0.0013
23_12,611.49,616.33,0.0013
23_12,735.45,822.11,0.0012
23_12,718.94,725.27,0.001
23_12,1194.34,1228.8,0.001
23_12,654.94,667.85,0.001
2_8,767.86,774.95,0.9997
2_8,920.19,1002.72,0.9992
2_8,1209.34,1228.8,0.9989
2_8,616.77,659.22,0.9987
2_8,1040.55,1054.69,0.9983
2_8,686.44,770.16,0.9979
2_8,1150.33,1210.5,0.9971
2_8,774.91,880.06,0.9953
2_8,1114.91,1129.07,0.9906
2_8,1005.15,1036.98,0.9871
2_8,1060.62,1116.08,0.9834
2_8,660.45,687.56,0.9799
2_8,881.16,913.06,0.9644
2_8,1040.54,1054.71,0.1358
2_8,767.86,774.94,0.1358
2_8,775.03,879.91,0.1352
2_8,920.18,1002.73,0.1348
2_8,1005.14,1037.0,0.1341
2_8,686.48,770.15,0.1339
2_8,1060.65,1116.09,0.1327
2_8,1065.55,1075.19,0.0256
2_8,767.86,774.95,0.0181
2_8,1040.54,1054.69,0.0176
2_8,636.25,660.25,0.0107
2_8,982.71,1004.02,0.0091
2_8,758.4,768.29,0.0069
2_8,616.52,623.05,0.006
2_8,779.16,781.49,0.0054
2_8,1029.22,1036.18,0.0053
2_8,1209.82,1215.91,0.0047
2_8,787.98,794.06,0.0046
2_8,769.15,772.19,0.0044
2_8,883.35,916.38,0.0038
2_8,1183.12,1189.3,0.0037
2_8,660.68,671.2,0.0032
2_8,1120.79,1127.86,0.0031
2_8,1211.66,1228.8,0.003
2_8,689.8,739.59,0.0023
2_8,1073.02,1083.06,0.002
2_8,1155.9,1209.45,0.0018
2_8,755.78,768.6,0.0018
2_8,614.13,658.88,0.0017
2_8,922.44,924.92,0.0017
2_8,1006.27,1019.94,0.0017
2_8,845.62,852.53,0.0017
2_8,688.8,710.9,0.0016
2_8,1110.4,1116.31,0.0016
2_8,852.31,878.21,0.0016
2_8,1115.66,1132.82,0.0016
2_8,1056.19,1058.88,0.0015
2_8,673.7,686.48,0.0015
2_8,1131.26,1150.07,0.0015
2_8,800.62,812.44,0.0014
2_8,874.74,879.0,0.0014
2_8,776.77,782.65,0.0013
2_8,779.93,799.52,0.0013
2_8,631.73,634.54,0.0012
2_8,608.49,618.54,0.0012
2_8,1129.72,1132.33,0.0012
2_8,762.17,767.83,0.0011
2_8,727.07,773.26,0.0011
2_8,1098.34,1111.2,0.0011
2_8,958.53,961.63,0.001
2_8,692.9,699.73,0.001
25_109,932.23,934.76,1.0
25_109,957.3,1164.6,0.9992
25_109,1164.91,1168.52,0.9943
25_109,801.22,813.64,0.9923
25_109,863.03,868.55,0.9922
25_109,1182.26,1225.62,0.9914
25_109,883.4,893.38,0.9905
25_109,814.72,830.71,0.9905
25_109,910.59,925.35,0.9756
25_109,801.2,813.63,0.1352
25_109,863.03,868.55,0.1341
25_109,1164.9,1168.52,0.1332
25_109,883.4,893.37,0.1332
25_109,1082.47,1085.16,0.0187
25_109,1162.98,1165.13,0.0093
25_109,623.84,699.6,0.0086
25_109,1173.49,1184.71,0.0076
25_109,1128.44,1152.4,0.0073
25_109,1158.09,1160.94,0.0069
25_109,802.28,808.24,0.0068
25_109,932.2,934.93,0.0061
25_109,1130.53,1132.88,0.0057
25_109,932.52,944.76,0.0047
25_109,819.25,831.04,0.0045
25_109,1132.57,1145.2,0.0041
25_109,715.46,718.07,0.0041
25_109,766.01,787.11,0.004
25_109,850.31,855.94,0.0037
25_109,864.61,867.68,0.0036
25_109,896.73,978.29,0.0033
25_109,1155.93,1161.06,0.0032
25_109,723.0,742.77,0.0031
25_109,764.97,768.07,0.003
25_109,1038.96,1130.06,0.0029
25_109,968.0,1013.82,0.0027
25_109,1046.68,1052.99,0.0025
25_109,754.58,764.66,0.0025
25_109,817.35,851.49,0.0025
25_109,1183.62,1228.8,0.0024
25_109,1145.19,1148.18,0.0022
25_109,883.08,889.84,0.0021
25_109,931.55,953.72,0.0021
25_109,922.9,932.8,0.002
25_109,836.9,842.08,0.002
25_109,1052.0,1054.54,0.0019
25_109,1137.5,1144.78,0.0019
25_109,1164.78,1170.7,0.0017
25_109,970.92,992.48,0.0015
25_109,704.23,744.43,0.0015
25_109,946.06,952.56,0.0015
25_109,1103.46,1106.44,0.0015
25_109,1212.23,1225.23,0.0015
25_109,830.56,833.45,0.0015
25_109,1113.92,1116.45,0.0014
25_109,1171.77,1173.76,0.0014
25_109,863.92,869.0,0.0014
25_109,616.52,622.58,0.0013
25_109,906.25,909.31,0.0013
25_109,1205.13,1228.8,0.0013
25_109,629.73,724.54,0.0012
25_109,742.13,760.95,0.0012
25_109,624.91,631.7,0.0012
25_109,970.57,973.04,0.0012
25_109,1081.46,1086.22,0.0012
25_109,1023.29,1049.82,0.0012
25_109,748.43,751.25,0.0012
25_109,1147.82,1153.85,0.0012
25_109,1058.06,1060.67,0.0012
25_109,960.14,962.97,0.0011
25_109,957.49,960.27,0.0011
25_109,827.33,830.22,0.0011
25_109,764.84,767.18,0.0011
25_109,910.56,913.4,0.0011
25_109,855.42,868.73,0.001
25_109,929.33,932.13,0.001
12_6,791.71,815.17,0.9995
12_6,620.22,640.12,0.9987
12_6,640.67,645.88,0.9987
12_6,705.67,723.8,0.9982
12_6,775.75,788.74,0.9982
12_6,649.5,701.85,0.998
12_6,760.44,773.15,0.9936
12_6,731.88,754.99,0.9927
12_6,798.93,811.74,0.5469
12_6,705.69,723.81,0.1352
12_6,620.2,640.11,0.1347
12_6,775.75,788.75,0.1334
12_6,760.43,773.15,0.1333
12_6,649.6,701.83,0.1332
12_6,791.69,815.17,0.074
12_6,798.93,811.73,0.04
12_6,775.75,788.75,0.018
12_6,830.83,841.91,0.0157
12_6,650.53,673.07,0.0152
12_6,667.98,673.64,0.0133
12_6,899.0,910.07,0.0106
12_6,850.43,856.49,0.0097
12_6,805.6,897.32,0.009
12_6,961.22,997.42,0.0088
12_6,649.58,660.1,0.0083
12_6,931.57,937.01,0.007
12_6,726.85,761.84,0.0069
12_6,727.9,733.38,0.0059
12_6,904.31,906.97,0.0057
12_6,900.08,940.2,0.0056
12_6,736.81,748.37,0.0052
12_6,956.59,967.57,0.0049
12_6,816.3,821.63,0.0046
12_6,758.83,761.12,0.0044
12_6,732.34,737.83,0.0044
12_6,851.73,893.66,0.0041
12_6,841.95,848.01,0.004
12_6,672.61,693.45,0.0039
12_6,828.89,831.72,0.0039
12_6,806.98,812.27,0.0038
12_6,916.89,919.81,0.0035
12_6,663.56,675.31,0.0031
12_6,965.45,988.53,0.003
12_6,641.38,646.57,0.0028
12_6,939.41,961.91,0.0028
12_6,816.72,838.46,0.0027
12_6,894.29,899.91,0.0027
12_6,795.9,798.61,0.0023
12_6,755.01,775.11,0.0023
12_6,842.66,864.26,0.0021
12_6,906.13,911.72,0.0019
12_6,673.56,679.21,0.0019
12_6,941.07,943.87,0.0018
12_6,980.05,991.27,0.0018
12_6,856.61,862.59,0.0017
12_6,789.81,795.29,0.0017
12_6,587.87,633.9,0.0016
12_6,721.78,724.71,0.0015
12_6,778.81,815.24,0.0015
12_6,906.93,928.43,0.0015
12_6,701.63,733.18,0.0014
12_6,761.91,764.51,0.0014
12_6,608.65,617.83,0.0014
12_6,991.87,994.32,0.0013
12_6,813.97,816.74,0.0013
12_6,935.4,937.81,0.0013
12_6,903.87,909.35,0.0012
12_6,660.03,662.75,0.0012
12_6,680.85,686.48,0.0011
12_6,866.28,872.63,0.0011
12_6,811.54,814.01,0.0011
12_6,875.75,881.96,0.001
12_6,801.79,808.66,0.001
12_6,629.18,635.74,0.001
12_13,701.88,710.69,0.9998
12_13,814.27,825.82,0.9979
12_13,834.35,852.85,0.9977
12_13,717.38,732.86,0.997
12_13,750.5,776.31,0.9964
12_13,630.5,635.8,0.9944
12_13,659.98,680.63,0.9912
12_13,875.63,886.87,0.9863
12_13,636.26,640.15,0.9804
12_13,630.5,635.81,0.135
12_13,814.27,825.82,0.1348
12_13,636.27,640.15,0.132
12_13,750.51,776.32,0.1313
12_13,787.52,793.41,0.034
12_13,680.59,701.7,0.0194
12_13,695.9,775.48,0.0121
12_13,1056.11,1059.09,0.0086
12_13,663.05,668.61,0.0076
12_13,670.57,681.47,0.0074
12_13,638.15,660.08,0.0072
12_13,824.64,834.87,0.0055
12_13,1061.43,1064.24,0.0048
12_13,801.11,812.37,0.0048
12_13,699.05,717.67,0.0042
12_13,695.81,701.93,0.004
12_13,907.4,912.59,0.0038
12_13,663.9,675.69,0.0036
12_13,654.12,656.76,0.0033
12_13,636.82,647.57,0.003
12_13,816.7,856.68,0.003
12_13,948.09,959.03,0.0028
12_13,817.21,823.45,0.0028
12_13,650.28,653.22,0.0026
12_13,1101.51,1106.83,0.0025
12_13,632.7,635.48,0.0024
12_13,1082.13,1102.96,0.0023
12_13,773.29,776.49,0.0022
12_13,731.02,741.33,0.0022
12_13,726.48,732.57,0.0021
12_13,829.01,831.78,0.0021
12_13,707.81,710.57,0.002
12_13,1029.23,1039.7,0.0019
12_13,854.21,878.39,0.0019
12_13,896.58,902.01,0.0019
12_13,877.6,887.26,0.0017
12_13,806.71,825.22,0.0017
12_13,630.14,668.36,0.0017
12_13,921.76,924.67,0.0017
12_13,919.02,922.04,0.0017
12_13,825.49,827.79,0.0017
12_13,717.99,728.6,0.0016
12_13,1053.08,1059.0,0.0016
12_13,778.79,790.66,0.0015
12_13,640.71,643.26,0.0015
12_13,782.68,785.35,0.0013
12_13,738.87,741.61,0.0012
12_13,939.64,946.19,0.0012
12_13,731.94,737.65,0.0011
12_13,616.52,637.66,0.0011
12_13,904.3,906.9,0.0011
10_50,720.51,723.48,0.9981
10_50,731.73,733.33,0.9978
10_50,661.37,671.25,0.9962
10_50,711.44,720.01,0.996
10_50,616.58,627.7,0.995
10_50,671.65,674.93,0.9942
10_50,641.64,660.66,0.9921
10_50,630.15,641.27,0.9917
10_50,728.54,730.71,0.9904
10_50,691.25,708.47,0.9889
10_50,677.96,690.52,0.988
10_50,737.09,741.68,0.9857
10_50,661.36,671.25,0.1352
10_50,731.73,733.33,0.135
10_50,616.58,627.7,0.1348
10_50,711.44,720.01,0.1344
10_50,641.63,660.66,0.1339
10_50,677.95,690.52,0.1336
10_50,671.65,674.93,0.1315
10_50,651.45,653.94,0.0159
10_50,776.92,782.78,0.0129
10_50,821.56,833.72,0.0083
10_50,866.64,871.94,0.0081
10_50,674.71,677.97,0.0078
10_50,614.28,632.3,0.0058
10_50,720.41,723.17,0.0054
10_50,839.43,845.5,0.0053
10_50,715.33,718.04,0.0053
10_50,641.11,643.27,0.0053
10_50,789.43,794.15,0.0049
10_50,725.59,731.4,0.0044
10_50,750.38,786.76,0.0039
10_50,670.16,679.09,0.0038
10_50,771.23,776.05,0.0035
10_50,820.37,826.57,0.0035
10_50,709.03,711.5,0.0034
10_50,669.81,671.79,0.0031
10_50,766.73,769.49,0.0029
10_50,617.88,620.64,0.0028
10_50,751.35,753.86,0.0027
10_50,780.57,854.05,0.0026
10_50,802.46,808.42,0.0024
10_50,843.14,845.4,0.0024
10_50,808.51,813.33,0.0024
10_50,799.02,802.28,0.0022
10_50,653.56,656.45,0.0022
10_50,682.66,720.84,0.0021
10_50,642.78,654.9,0.002
10_50,754.36,756.91,0.002
10_50,758.17,763.45,0.002
10_50,847.44,850.53,0.002
10_50,613.9,640.02,0.0019
10_50,812.51,815.53,0.0019
10_50,793.52,798.22,0.0018
10_50,784.41,790.45,0.0016
10_50,729.3,749.4,0.0016
10_50,626.84,629.63,0.0016
10_50,719.55,724.75,0.0016
10_50,702.4,711.33,0.0015
10_50,808.73,820.88,0.0014
10_50,863.77,866.41,0.0014
10_50,712.14,715.1,0.0013
10_50,722.79,728.15,0.0013
10_50,835.35,838.27,0.0013
10_50,749.15,751.79,0.0012
10_50,636.89,639.89,0.0012
10_50,713.92,719.58,0.0011
10_50,648.98,660.94,0.0011
10_50,864.32,886.2,0.001
10_50,826.21,831.51,0.001
10_50,625.04,627.31,0.001
10_50,617.93,624.07,0.001
18_12,975.78,995.33,0.9999
18_12,681.24,795.71,0.9995
18_12,932.46,972.61,0.9993
18_12,1046.58,1055.18,0.9951
18_12,1056.23,1063.79,0.993
18_12,1065.09,1131.93,0.9908
18_12,1001.28,1040.23,0.9888
18_12,1141.48,1146.24,0.9886
18_12,835.34,874.62,0.9883
18_12,875.31,925.39,0.988
18_12,815.04,832.05,0.9878
18_12,619.21,679.08,0.9843
18_12,1146.79,1166.18,0.9772
18_12,932.5,972.62,0.1352
18_12,1001.3,1040.25,0.1344
18_12,875.38,925.39,0.1344
18_12,1046.59,1055.18,0.1341
18_12,1141.49,1146.24,0.1325
18_12,1065.1,1132.0,0.1324
18_12,1147.19,1157.36,0.0151
18_12,1059.82,1062.71,0.0063
18_12,819.54,831.28,0.006
18_12,817.91,820.54,0.0052
18_12,696.93,711.05,0.0051
18_12,1067.17,1092.53,0.0046
18_12,1140.84,1145.52,0.0046
18_12,971.99,1001.49,0.0045
18_12,870.98,873.35,0.0039
18_12,924.61,934.33,0.0038
18_12,805.27,811.68,0.0034
18_12,1056.52,1059.8,0.0034
18_12,1028.85,1041.65,0.0032
18_12,870.61,881.94,0.0028
18_12,979.83,982.86,0.0027
18_12,650.52,679.72,0.0026
18_12,815.65,818.18,0.0026
18_12,1048.12,1054.95,0.0025
18_12,848.69,872.06,0.0022
18_12,820.56,822.86,0.0022
18_12,620.63,642.4,0.0022
18_12,1086.14,1132.23,0.0022
18_12,1136.44,1141.49,0.0021
18_12,794.49,801.03,0.0021
18_12,681.17,692.94,0.0021
18_12,687.81,797.25,0.0018
18_12,977.74,989.22,0.0018
18_12,1159.64,1165.68,0.0018
18_12,1132.93,1135.65,0.0017
18_12,932.61,955.46,0.0017
18_12,1064.42,1068.89,0.0017
18_12,871.17,876.01,0.0017
18_12,1079.19,1092.52,0.0017
18_12,996.31,998.94,0.0016
18_12,986.33,992.82,0.0015
18_12,774.42,795.44,0.0015
18_12,1152.37,1163.9,0.0014
18_12,947.18,953.6,0.0014
18_12,814.91,817.46,0.0014
18_12,816.54,821.92,0.0013
18_12,915.47,927.65,0.0012
18_12,1056.21,1066.75,0.0012
18_12,800.94,812.58,0.0012
18_12,910.21,986.24,0.0011
26_17,980.07,1023.72,0.9996
26_17,936.85,973.85,0.9976
26_17,917.32,933.78,0.9952
26_17,704.43,743.46,0.9939
26_17,1200.16,1219.72,0.9939
26_17,791.81,833.33,0.9921
26_17,744.53,789.23,0.9917
26_17,619.03,679.21,0.9907
26_17,882.34,912.35,0.9869
26_17,1029.46,1097.26,0.9831
26_17,1224.9,1228.8,0.9763
26_17,1100.88,1196.13,0.9757
26_17,836.05,838.95,0.9717
26_17,682.79,698.22,0.9677
26_17,845.8,876.01,0.9474
26_17,980.11,1023.76,0.1345
26_17,1200.17,1219.7,0.1335
26_17,1029.33,1097.27,0.1334
26_17,836.06,838.95,0.1276
26_17,1159.73,1162.37,0.0486
26_17,1157.29,1163.33,0.0251
26_17,839.52,846.01,0.0191
26_17,842.2,844.37,0.0136
26_17,1156.93,1159.8,0.0118
26_17,832.91,842.83,0.0115
26_17,833.3,836.16,0.0094
26_17,815.22,836.74,0.0086
26_17,608.94,616.39,0.0076
26_17,1159.09,1162.03,0.0069
26_17,623.53,648.39,0.0062
26_17,679.36,697.9,0.006
26_17,845.61,871.87,0.0057
26_17,1160.9,1163.37,0.0057
26_17,767.75,790.6,0.0056
26_17,705.57,718.42,0.0053
26_17,832.07,834.92,0.0052
26_17,842.4,845.15,0.0048
26_17,1215.54,1225.73,0.0046
26_17,905.79,908.52,0.0045
26_17,1022.93,1026.02,0.0043
26_17,936.88,949.93,0.0041
26_17,918.69,936.2,0.0041
26_17,708.19,794.13,0.0038
26_17,1191.75,1223.0,0.0037
26_17,1157.98,1161.02,0.0037
26_17,742.49,745.48,0.0036
26_17,840.84,843.36,0.0035
26_17,980.27,986.55,0.0035
26_17,893.41,906.05,0.0031
26_17,1155.43,1197.04,0.0031
26_17,1108.91,1111.71,0.0031
26_17,843.34,846.23,0.003
26_17,1151.76,1164.26,0.0028
26_17,699.61,705.88,0.0028
26_17,957.77,970.9,0.0027
26_17,829.19,831.59,0.0026
26_17,1030.32,1053.82,0.0024
26_17,1090.84,1098.13,0.0023
26_17,789.82,809.38,0.0021
26_17,683.9,703.73,0.0021
26_17,709.31,747.38,0.0021
26_17,787.04,789.58,0.002
26_17,611.26,617.57,0.002
26_17,1015.02,1033.42,0.002
26_17,809.54,831.15,0.0019
26_17,1160.6,1162.58,0.0019
26_17,1216.38,1218.59,0.0018
26_17,831.58,840.93,0.0018
26_17,1201.24,1228.8,0.0017
26_17,1119.08,1121.98,0.0015
26_17,986.52,1010.76,0.0015
26_17,886.71,911.13,0.0015
26_17,839.58,842.59,0.0015
26_17,1105.43,1148.53,0.0015
26_17,613.7,614.92,0.0014
26_17,832.85,835.43,0.0014
26_17,1212.21,1217.97,0.0014
26_17,904.26,907.03,0.0014
26_17,1179.72,1198.65,0.0013
26_17,705.33,711.44,0.0013
26_17,1030.54,1042.79,0.0012
26_17,907.52,910.16,0.0012
26_17,1150.9,1156.98,0.0012
26_17,917.13,930.13,0.0012
26_17,1100.59,1109.35,0.0012
26_17,632.46,678.46,0.0012
26_17,1195.16,1198.21,0.0011
26_17,885.42,891.38,0.0011
26_17,695.16,697.83,0.0011
26_17,1156.45,1159.25,0.0011
26_17,1200.98,1207.32,0.0011
26_17,793.29,837.01,0.001
26_36,736.04,766.75,0.9999
26_36,930.96,938.37,0.9989
26_36,771.23,783.14,0.9988
26_36,868.31,913.5,0.9982
26_36,668.1,694.53,0.9962
26_36,851.87,865.64,0.9959
26_36,943.93,980.71,0.9949
26_36,824.94,848.45,0.9924
26_36,805.1,822.54,0.9923
26_36,648.26,654.07,0.9908
26_36,699.34,719.38,0.9877
26_36,919.06,925.14,0.9869
26_36,996.56,1010.31,0.9869
26_36,724.15,731.56,0.9868
26_36,787.89,798.99,0.981
26_36,782.4,786.13,0.9804
26_36,981.47,994.69,0.9799
26_36,620.15,644.93,0.9762
26_36,925.4,930.69,0.971
26_36,668.07,694.54,0.1351
26_36,868.26,913.51,0.1347
26_36,996.54,1010.3,0.1346
26_36,851.89,865.64,0.1338
26_36,648.26,654.07,0.1338
26_36,771.22,783.13,0.1337
26_36,919.06,925.14,0.1331
26_36,782.4,786.13,0.1311
26_36,981.49,994.69,0.1264
26_36,782.41,786.13,0.0179
26_36,831.95,838.75,0.0108
26_36,717.37,736.3,0.0085
26_36,807.86,813.5,0.0059
26_36,751.51,762.96,0.0055
26_36,763.83,839.97,0.0048
26_36,958.68,969.74,0.0047
26_36,838.68,849.87,0.004
26_36,753.14,756.1,0.0039
26_36,604.61,671.31,0.0038
26_36,708.56,714.52,0.0038
26_36,1009.97,1020.92,0.0036
26_36,971.2,981.85,0.0034
26_36,1003.76,1008.5,0.0031
26_36,785.97,788.74,0.003
26_36,738.72,775.91,0.003
26_36,932.43,935.14,0.0027
26_36,916.9,919.67,0.0026
26_36,694.45,696.63,0.0025
26_36,879.49,903.36,0.0024
26_36,1090.09,1129.86,0.0024
26_36,744.2,751.1,0.0022
26_36,914.84,925.45,0.0022
26_36,724.07,726.58,0.0021
26_36,953.58,974.59,0.002
26_36,661.08,663.61,0.0019
26_36,1122.94,1134.4,0.0019
26_36,740.42,743.35,0.0019
26_36,861.42,938.85,0.0019
26_36,1054.64,1057.56,0.0018
26_36,653.25,659.15,0.0017
26_36,763.15,765.61,0.0017
26_36,723.41,736.14,0.0015
26_36,939.99,950.89,0.0014
26_36,689.04,695.23,0.0014
26_36,878.02,880.78,0.0014
26_36,675.35,681.1,0.0013
26_36,1042.28,1045.25,0.0013
26_36,719.65,724.44,0.0013
26_36,995.76,1014.91,0.0012
26_36,634.04,640.07,0.0012
26_36,770.62,773.73,0.0011
26_36,1094.07,1116.77,0.0011
26_36,845.84,864.71,0.0011
26_36,834.43,837.85,0.0011
26_36,901.8,907.25,0.0011
26_36,700.79,712.33,0.001
26_29,680.96,691.62,0.9997
26_29,802.28,919.79,0.9995
26_29,635.51,661.24,0.9993
26_29,614.72,635.04,0.9983
26_29,713.89,741.72,0.9961
26_29,988.05,996.04,0.9953
26_29,927.64,943.95,0.9951
26_29,764.22,779.76,0.9941
26_29,790.42,799.24,0.9934
26_29,780.92,788.1,0.9932
26_29,952.76,988.01,0.9892
26_29,921.22,927.26,0.9865
26_29,743.88,758.73,0.9805
26_29,944.88,949.97,0.9792
26_29,789.03,789.89,0.9732
26_29,702.3,710.42,0.9688
26_29,694.41,700.21,0.9634
26_29,661.41,678.17,0.9584
26_29,981.71,985.64,0.9144
26_29,614.71,635.06,0.1353
26_29,790.42,799.25,0.1346
26_29,780.91,788.1,0.1342
26_29,713.87,741.71,0.1341
26_29,802.2,919.88,0.134
26_29,921.22,927.26,0.1337
26_29,927.64,943.97,0.1327
26_29,861.43,864.42,0.02
26_29,976.2,982.0,0.0134
26_29,1005.3,1017.19,0.011
26_29,782.36,785.57,0.0107
26_29,700.06,709.75,0.0099
26_29,1001.23,1004.01,0.0088
26_29,640.24,645.75,0.0075
26_29,835.26,887.18,0.0071
26_29,789.81,792.04,0.0066
26_29,1147.45,1150.23,0.0066
26_29,978.87,988.47,0.0065
26_29,922.02,924.6,0.0065
26_29,802.88,840.95,0.0064
26_29,775.68,778.47,0.0061
26_29,865.91,868.13,0.0053
26_29,799.66,804.52,0.0051
26_29,638.24,640.84,0.0043
26_29,1015.27,1017.52,0.004
26_29,899.24,905.56,0.0039
26_29,709.75,750.48,0.0037
26_29,660.72,683.97,0.0032
26_29,896.39,899.1,0.003
26_29,634.53,636.99,0.003
26_29,601.0,629.72,0.0026
26_29,957.91,979.3,0.0025
26_29,802.98,805.55,0.0025
26_29,679.31,691.02,0.0025
26_29,930.43,942.36,0.0025
26_29,792.31,798.74,0.0024
26_29,787.29,791.43,0.0023
26_29,1030.67,1033.18,0.0022
26_29,764.08,766.56,0.0022
26_29,803.59,825.63,0.0021
26_29,723.14,736.1,0.0018
26_29,1044.13,1046.69,0.0018
26_29,1097.89,1119.69,0.0018
26_29,1018.09,1023.12,0.0017
26_29,1010.01,1016.66,0.0017
26_29,867.98,870.75,0.0016
26_29,1034.84,1037.73,0.0015
26_29,987.07,1062.12,0.0015
26_29,616.92,629.09,0.0014
26_29,645.24,648.45,0.0014
26_29,943.68,954.85,0.0014
26_29,676.56,682.47,0.0014
26_29,816.88,838.76,0.0014
26_29,729.61,806.6,0.0013
26_29,735.18,740.72,0.0013
26_29,692.33,714.93,0.0012
26_29,642.88,654.65,0.0012
26_29,997.21,1015.07,0.0012
26_29,783.52,786.47,0.0012
26_29,1069.34,1074.94,0.0012
26_29,657.65,660.49,0.0012
26_29,849.03,860.95,0.0012
26_29,994.91,997.9,0.0011
26_29,1130.16,1133.02,0.0011
26_29,1076.18,1079.46,0.0011
26_29,1121.19,1124.19,0.0011
26_29,741.16,762.63,0.0011
26_29,1040.71,1043.36,0.0011
3_22,1004.95,1025.37,0.9986
3_22,695.57,719.06,0.9962
3_22,661.9,686.35,0.9958
3_22,738.52,794.11,0.9954
3_22,852.32,881.92,0.9948
3_22,889.55,947.82,0.9944
3_22,953.89,1003.44,0.9938
3_22,721.09,736.42,0.9896
3_22,1078.93,1139.21,0.9874
3_22,619.0,627.67,0.9854
3_22,832.92,849.24,0.9835
3_22,805.35,832.4,0.9657
3_22,1034.55,1056.0,0.9602
3_22,852.3,881.91,0.1344
3_22,953.92,1003.39,0.1334
3_22,1001.98,1080.12,0.0227
3_22,740.18,762.81,0.0214
3_22,973.23,978.61,0.0203
3_22,852.28,881.92,0.0181
3_22,953.94,1003.45,0.0177
3_22,882.0,892.59,0.0141
3_22,691.63,739.48,0.008
3_22,836.63,848.16,0.006
3_22,774.35,786.6,0.0056
3_22,633.18,655.03,0.0055
3_22,885.79,888.13,0.0051
3_22,881.03,886.01,0.005
3_22,610.76,617.5,0.0048
3_22,678.15,680.7,0.0047
3_22,797.71,837.87,0.0046
3_22,935.1,946.96,0.0031
3_22,857.09,862.95,0.003
3_22,819.0,889.8,0.0029
3_22,1011.04,1023.63,0.0027
3_22,885.62,891.48,0.0026
3_22,948.53,958.68,0.0025
3_22,647.26,666.61,0.0024
3_22,820.33,823.17,0.0021
3_22,899.34,902.38,0.0021
3_22,865.18,875.49,0.0019
3_22,835.2,841.31,0.0019
3_22,801.03,804.2,0.0018
3_22,784.79,787.21,0.0017
3_22,883.76,950.22,0.0017
3_22,589.42,629.03,0.0017
3_22,1089.8,1110.63,0.0016
3_22,698.38,704.97,0.0015
3_22,1080.06,1159.91,0.0014
3_22,614.76,620.07,0.0014
3_22,1073.72,1085.0,0.0011
3_22,692.66,698.06,0.0011
3_22,674.0,680.71,0.001
3_22,617.26,637.41,0.001
3_22,974.83,997.76,0.001
27_49,735.83,827.92,0.9992
27_49,680.45,703.57,0.999
27_49,718.92,736.59,0.9987
27_49,857.86,875.94,0.997
27_49,852.42,858.3,0.9955
27_49,637.92,647.88,0.994
27_49,618.47,628.87,0.994
27_49,843.37,850.15,0.9881
27_49,832.06,843.81,0.9831
27_49,649.68,670.97,0.9723
27_49,711.24,718.48,0.9657
27_49,618.48,628.86,0.1355
27_49,637.93,647.89,0.1345
27_49,718.92,736.6,0.1316
27_49,897.78,918.79,0.0216
27_49,962.79,974.98,0.0196
27_49,628.28,638.52,0.0179
27_49,914.57,936.71,0.0079
27_49,631.24,633.82,0.0068
27_49,745.97,787.99,0.0066
27_49,994.21,1006.23,0.0051
27_49,885.54,907.22,0.0044
27_49,783.49,786.76,0.0042
27_49,656.05,662.41,0.0041
27_49,610.89,617.44,0.0041
27_49,1081.78,1087.63,0.0039
27_49,1047.11,1052.52,0.0036
27_49,627.61,637.07,0.0035
27_49,1052.48,1055.21,0.0034
27_49,677.22,744.32,0.0031
27_49,845.48,848.34,0.0028
27_49,857.36,862.52,0.0026
27_49,1106.39,1185.03,0.0025
27_49,855.25,857.72,0.0024
27_49,840.44,858.08,0.0022
27_49,796.47,816.63,0.0021
27_49,879.65,964.73,0.0021
27_49,718.36,724.02,0.002
27_49,1094.99,1107.2,0.0019
27_49,933.46,936.35,0.0019
27_49,703.02,705.93,0.0019
27_49,638.95,641.32,0.0019
27_49,787.2,799.52,0.0019
27_49,650.81,653.61,0.0018
27_49,721.79,732.9,0.0018
27_49,1036.08,1038.6,0.0017
27_49,1101.07,1103.79,0.0016
27_49,658.57,661.16,0.0015
27_49,831.1,842.34,0.0015
27_49,1140.75,1143.93,0.0014
27_49,741.17,752.99,0.0013
27_49,707.16,718.87,0.0013
27_49,1045.46,1090.3,0.0013
27_49,646.5,655.35,0.0012
27_49,882.33,885.28,0.0011
27_49,1041.62,1044.79,0.0011
27_49,786.37,792.49,0.0011
27_49,839.11,844.14,0.0011
27_49,756.53,759.22,0.0011
27_49,822.84,828.74,0.001
27_49,1066.08,1076.77,0.001
7_2,663.07,706.36,0.9997
7_2,616.11,661.48,0.9995
7_2,1011.37,1029.35,0.9993
7_2,1105.31,1132.14,0.9978
7_2,1030.47,1041.07,0.9975
7_2,950.04,973.59,0.9968
7_2,1054.98,1098.21,0.9967
7_2,1041.2,1050.58,0.993
7_2,930.97,946.57,0.9924
7_2,711.73,927.98,0.9854
7_2,974.4,1006.45,0.9707
7_2,950.01,973.6,0.1355
7_2,1030.47,1041.07,0.1344
7_2,1102.77,1148.71,0.0099
7_2,777.34,799.65,0.0085
7_2,619.11,630.63,0.0074
7_2,925.05,931.21,0.006
7_2,669.46,688.97,0.0058
7_2,792.82,795.44,0.0042
7_2,880.07,883.18,0.0041
7_2,895.12,900.9,0.0039
7_2,909.58,911.94,0.0028
7_2,935.39,978.04,0.0028
7_2,773.41,776.52,0.0027
7_2,988.39,999.86,0.0026
7_2,1103.22,1105.9,0.0024
7_2,881.88,903.39,0.0022
7_2,806.14,891.73,0.002
7_2,815.71,818.47,0.0019
7_2,620.36,642.03,0.0018
7_2,979.02,991.6,0.0017
7_2,907.25,910.21,0.0016
7_2,757.01,777.57,0.0016
7_2,743.65,746.51,0.0016
7_2,1041.47,1051.72,0.0013
7_2,1107.57,1119.59,0.0012
7_2,782.85,795.43,0.0012
7_2,915.05,917.71,0.0012
7_2,720.73,723.59,0.0012
7_2,640.93,651.51,0.0012
7_2,1158.87,1170.46,0.0011
7_2,658.18,664.65,0.0011
7_2,704.67,716.37,0.0011
7_2,649.23,656.29,0.0011
7_2,942.0,945.04,0.001
9_108,845.75,909.0,0.9979
9_108,695.09,712.99,0.996
9_108,741.56,751.79,0.9947
9_108,920.32,925.43,0.9933
9_108,751.79,760.46,0.9922
9_108,678.24,694.07,0.9911
9_108,826.85,846.78,0.9879
9_108,616.91,667.99,0.9875
9_108,717.06,731.35,0.9827
9_108,924.41,934.1,0.9819
9_108,792.15,825.8,0.9753
9_108,845.75,909.09,0.1352
9_108,616.83,668.05,0.1347
9_108,751.79,760.46,0.134
9_108,717.06,731.35,0.1331
9_108,924.41,934.1,0.1305
9_108,845.75,909.05,0.0181
9_108,907.12,980.39,0.0107
9_108,626.7,640.32,0.0107
9_108,623.18,625.81,0.0106
9_108,1052.12,1058.37,0.0073
9_108,933.83,943.71,0.0062
9_108,815.23,827.04,0.0061
9_108,906.83,913.0,0.0059
9_108,614.24,623.65,0.0045
9_108,1139.59,1151.51,0.0042
9_108,995.43,1001.4,0.0038
9_108,666.93,677.37,0.0038
9_108,787.23,793.45,0.0036
9_108,662.52,665.5,0.0034
9_108,694.45,697.36,0.0034
9_108,681.17,692.74,0.0033
9_108,1044.42,1050.63,0.003
9_108,1120.12,1122.81,0.0028
9_108,752.47,758.51,0.0019
9_108,807.79,813.1,0.0018
9_108,744.53,750.51,0.0018
9_108,735.12,741.21,0.0018
9_108,863.95,867.03,0.0018
9_108,938.6,941.84,0.0017
9_108,897.1,907.81,0.0017
9_108,849.16,891.67,0.0017
9_108,822.77,828.38,0.0017
9_108,834.94,839.93,0.0016
9_108,891.7,894.93,0.0014
9_108,1094.08,1096.79,0.0014
9_108,1059.23,1065.8,0.0014
9_108,676.97,756.55,0.0013
9_108,914.48,917.21,0.0013
9_108,755.53,794.53,0.0013
9_108,1019.89,1032.2,0.0012
9_108,768.01,774.31,0.0012
9_108,885.47,888.5,0.0012
9_108,859.99,871.86,0.0011
9_108,983.64,986.61,0.0011
9_108,796.54,807.75,0.0011
9_108,1088.76,1091.53,0.0011
9_108,1096.28,1098.71,0.0011
9_108,914.13,924.82,0.001
10_46,716.34,732.94,0.9993
10_46,905.2,913.74,0.9989
10_46,736.13,752.14,0.9987
10_46,917.33,931.2,0.9987
10_46,945.07,948.8,0.9985
10_46,615.58,649.15,0.9973
10_46,756.57,780.94,0.9969
10_46,665.27,686.03,0.9937
10_46,914.21,917.6,0.9937
10_46,970.32,980.93,0.9931
10_46,690.14,711.75,0.9906
10_46,649.74,664.67,0.9896
10_46,786.8,799.05,0.9877
10_46,897.87,899.2,0.9831
10_46,815.11,861.03,0.9803
10_46,937.28,944.99,0.9784
10_46,951.95,969.42,0.9723
10_46,897.07,897.87,0.9665
10_46,736.11,752.14,0.1355
10_46,945.07,948.8,0.1351
10_46,914.21,917.6,0.1346
10_46,665.28,686.02,0.1345
10_46,917.35,931.2,0.1344
10_46,905.19,913.75,0.134
10_46,786.81,799.06,0.1338
10_46,970.32,980.93,0.1325
10_46,773.77,779.22,0.0378
10_46,778.03,788.1,0.0298
10_46,917.32,931.2,0.0183
10_46,945.07,948.8,0.0183
10_46,736.13,752.13,0.0182
10_46,914.21,917.6,0.0177
10_46,1050.25,1061.43,0.0117
10_46,810.01,812.43,0.0083
10_46,980.06,990.56,0.008
10_46,1063.05,1065.9,0.008
10_46,710.9,716.37,0.0073
10_46,834.48,840.51,0.0069
10_46,673.79,676.48,0.0056
10_46,1041.68,1047.16,0.0053
10_46,779.82,785.93,0.005
10_46,1154.64,1157.87,0.0047
10_46,617.0,628.82,0.0046
10_46,917.57,923.55,0.0045
10_46,883.46,889.18,0.0044
10_46,721.47,732.49,0.0044
10_46,683.83,690.07,0.0043
10_46,923.53,929.96,0.0039
10_46,1128.58,1134.69,0.0039
10_46,670.56,673.42,0.0038
10_46,730.79,735.5,0.0038
10_46,994.56,1035.02,0.0038
10_46,818.75,828.56,0.0036
10_46,1096.85,1099.52,0.0036
10_46,894.51,916.84,0.0035
10_46,644.99,649.55,0.0034
10_46,948.46,954.53,0.0033
10_46,1025.44,1035.3,0.0032
10_46,798.19,803.69,0.0032
10_46,775.09,777.88,0.0032
10_46,697.75,710.49,0.0032
10_46,979.05,981.6,0.0032
10_46,897.19,901.9,0.0032
10_46,931.99,952.25,0.0031
10_46,653.46,663.85,0.0031
10_46,690.93,696.09,0.0028
10_46,825.5,827.57,0.0028
10_46,1033.65,1039.48,0.0028
10_46,971.97,977.57,0.0028
10_46,1152.74,1155.28,0.0027
10_46,863.71,885.13,0.0025
10_46,650.47,686.86,0.0024
10_46,904.82,907.03,0.0024
10_46,805.28,807.46,0.0024
10_46,764.96,770.91,0.0024
10_46,796.68,799.35,0.0023
10_46,619.9,643.21,0.0022
10_46,890.96,899.99,0.0021
10_46,803.06,805.36,0.0021
10_46,952.44,1030.59,0.002
10_46,756.14,793.56,0.002
10_46,1064.46,1070.72,0.0019
10_46,720.47,722.79,0.0018
10_46,839.22,850.48,0.0018
10_46,826.92,829.69,0.0018
10_46,815.7,820.6,0.0017
10_46,1049.79,1055.7,0.0017
10_46,1027.7,1033.14,0.0016
10_46,1035.82,1042.1,0.0015
10_46,911.8,914.22,0.0015
10_46,1006.86,1009.1,0.0015
10_46,616.63,622.58,0.0015
10_46,713.42,716.0,0.0014
10_46,845.32,856.38,0.0013
10_46,919.73,925.48,0.0013
10_46,717.68,729.27,0.0012
10_46,657.13,660.39,0.0012
10_46,813.08,815.64,0.0012
10_46,887.2,891.98,0.0012
10_46,950.18,952.85,0.0012
10_46,679.82,685.55,0.0012
10_46,689.57,691.79,0.0012
10_46,698.92,701.44,0.0012
10_46,797.23,817.22,0.0011
10_46,884.82,887.79,0.0011
10_46,890.95,893.51,0.0011
12_41,652.04,657.36,0.9967
12_41,719.12,743.34,0.9967
12_41,665.09,681.5,0.9941
12_41,817.16,825.07,0.9929
12_41,803.5,807.76,0.9863
12_41,750.69,758.42,0.9831
12_41,842.67,856.59,0.9829
12_41,773.46,779.06,0.9745
12_41,639.14,640.8,0.9475
12_41,719.11,743.34,0.135
12_41,750.69,758.42,0.1329
12_41,746.47,788.56,0.0237
12_41,719.12,743.31,0.0176
12_41,798.36,843.09,0.0129
12_41,630.38,636.56,0.0124
12_41,1020.94,1026.97,0.0112
12_41,729.87,735.96,0.0111
12_41,1048.19,1068.53,0.0084
12_41,658.09,663.95,0.0063
12_41,803.43,808.9,0.0063
12_41,791.56,803.33,0.0055
12_41,683.53,705.13,0.0045
12_41,902.3,909.02,0.0042
12_41,661.35,680.59,0.0041
12_41,758.19,768.69,0.0036
12_41,1057.82,1060.64,0.0031
12_41,1021.52,1042.44,0.0029
12_41,997.26,1017.77,0.0027
12_41,741.61,751.35,0.0027
12_41,858.52,869.35,0.0027
12_41,752.28,758.13,0.0026
12_41,835.06,841.46,0.0022
12_41,884.22,966.72,0.0021
12_41,988.1,999.62,0.002
12_41,845.13,855.92,0.002
12_41,874.49,876.99,0.002
12_41,649.37,652.12,0.0019
12_41,675.16,681.66,0.0018
12_41,915.33,937.4,0.0016
12_41,618.68,630.91,0.0016
12_41,703.42,709.15,0.0015
12_41,891.64,894.1,0.0015
12_41,651.45,656.93,0.0013
12_41,1076.2,1085.87,0.0013
12_41,682.1,687.72,0.0013
12_41,783.26,803.97,0.0013
12_41,902.02,915.12,0.0013
12_41,949.08,953.98,0.0013
12_41,657.58,662.78,0.0012
12_41,745.89,748.49,0.0012
12_41,880.7,901.64,0.0012
3_12,890.15,958.96,0.9995
3_12,841.7,847.48,0.9994
3_12,739.77,750.99,0.9993
3_12,657.19,695.59,0.9992
3_12,770.01,781.22,0.9984
3_12,781.89,809.76,0.9983
3_12,818.25,842.04,0.9977
3_12,752.35,765.6,0.9956
3_12,616.1,620.51,0.9936
3_12,702.73,712.25,0.9921
3_12,725.5,734.67,0.9905
3_12,883.49,889.27,0.9856
3_12,855.64,881.79,0.9838
3_12,633.07,647.03,0.9826
3_12,770.01,781.23,0.135
3_12,702.73,712.26,0.1337
3_12,818.26,842.02,0.1334
3_12,739.77,750.99,0.1333
3_12,781.93,809.75,0.1328
3_12,616.1,620.51,0.1326
3_12,855.66,881.78,0.1289
3_12,620.79,633.35,0.0252
3_12,739.77,750.98,0.0181
3_12,899.89,918.47,0.0124
3_12,1120.71,1125.68,0.0074
3_12,847.59,887.78,0.0063
3_12,620.08,659.0,0.0061
3_12,1088.37,1155.95,0.0056
3_12,821.7,833.49,0.0045
3_12,996.4,1008.43,0.0045
3_12,830.91,841.13,0.0042
3_12,871.75,882.04,0.0041
3_12,643.61,718.84,0.004
3_12,1128.0,1131.13,0.004
3_12,626.4,632.56,0.0036
3_12,1101.74,1104.06,0.0034
3_12,646.8,649.13,0.0033
3_12,839.46,847.34,0.0032
3_12,783.25,794.43,0.0031
3_12,1062.65,1075.15,0.003
3_12,901.16,912.19,0.0028
3_12,1030.2,1068.98,0.0027
3_12,878.34,883.7,0.0026
3_12,885.65,906.28,0.0025
3_12,907.53,951.68,0.0025
3_12,695.84,701.71,0.0023
3_12,764.69,767.03,0.0022
3_12,710.52,753.62,0.0021
3_12,634.77,640.5,0.0021
3_12,988.13,990.49,0.002
3_12,885.4,888.4,0.002
3_12,1115.89,1119.0,0.002
3_12,831.68,836.68,0.0019
3_12,848.32,853.63,0.0019
3_12,819.25,822.3,0.0019
3_12,638.84,645.07,0.0018
3_12,896.07,902.12,0.0018
3_12,1102.33,1112.1,0.0016
3_12,962.66,1045.96,0.0016
3_12,764.64,842.01,0.0015
3_12,1125.02,1127.88,0.0014
3_12,789.89,792.14,0.0014
3_12,633.14,654.24,0.0013
3_12,910.44,915.66,0.0013
3_12,1144.03,1146.98,0.0013
3_12,946.51,952.08,0.0012
3_12,666.34,669.0,0.0012
3_12,1050.8,1056.82,0.0012
3_12,817.08,820.16,0.0011
3_12,973.54,976.17,0.0011
3_12,672.98,676.37,0.0011
3_12,755.85,758.77,0.0011
3_12,1015.95,1027.48,0.0011
3_12,1071.32,1076.79,0.0011
3_12,982.49,992.73,0.001
3_12,865.89,868.29,0.001
26_6,913.76,933.42,0.9993
26_6,1149.49,1169.12,0.9991
26_6,1100.6,1112.51,0.9986
26_6,743.53,753.92,0.9983
26_6,796.4,818.96,0.9983
26_6,618.28,661.88,0.9983
26_6,822.56,831.11,0.9975
26_6,1053.95,1100.15,0.9958
26_6,831.49,837.08,0.9949
26_6,662.43,694.83,0.9945
26_6,698.98,714.85,0.9945
26_6,1112.76,1148.39,0.9931
26_6,1022.87,1033.11,0.9912
26_6,864.78,913.51,0.9862
26_6,718.6,740.97,0.974
26_6,763.37,793.55,0.9721
26_6,934.48,1008.65,0.9566
26_6,837.51,859.94,0.951
26_6,1033.77,1038.29,0.9494
26_6,1038.56,1043.79,0.943
26_6,796.41,818.97,0.1352
26_6,698.98,714.87,0.1351
26_6,1100.58,1112.51,0.1349
26_6,822.56,831.11,0.1348
26_6,662.45,694.83,0.1341
26_6,913.75,933.42,0.1335
26_6,1112.78,1148.42,0.1314
26_6,999.35,1005.63,0.0238
26_6,1100.59,1112.52,0.0178
26_6,662.43,694.82,0.0178
26_6,1026.79,1047.28,0.0177
26_6,1167.77,1170.38,0.0175
26_6,855.59,861.02,0.0165
26_6,1141.92,1144.77,0.0132
26_6,1013.75,1035.15,0.0128
26_6,946.78,956.7,0.0122
26_6,1003.64,1014.44,0.012
26_6,720.21,761.94,0.0114
26_6,633.68,657.11,0.0106
26_6,830.14,838.27,0.0098
26_6,698.34,736.51,0.009
26_6,750.47,760.61,0.009
26_6,1034.46,1055.51,0.0088
26_6,1147.54,1150.06,0.0088
26_6,1033.99,1038.56,0.0081
26_6,1057.92,1101.86,0.0075
26_6,760.75,774.51,0.0073
26_6,741.61,753.81,0.0067
26_6,998.85,1010.03,0.0065
26_6,933.95,952.11,0.0065
26_6,977.29,979.13,0.0065
26_6,712.74,715.58,0.0064
26_6,828.62,862.11,0.006
26_6,1137.07,1149.76,0.0058
26_6,616.29,621.11,0.0058
26_6,1167.88,1171.16,0.0055
26_6,1002.66,1004.94,0.0053
26_6,693.77,696.05,0.0052
26_6,820.94,835.94,0.0052
26_6,769.84,793.56,0.0048
26_6,849.88,860.89,0.0047
26_6,613.69,614.9,0.0047
26_6,840.47,912.88,0.0044
26_6,837.14,844.2,0.0042
26_6,932.72,935.27,0.004
26_6,970.21,973.25,0.004
26_6,816.62,819.65,0.004
26_6,1038.7,1045.09,0.004
26_6,656.68,661.47,0.0039
26_6,977.96,1001.03,0.0038
26_6,1001.04,1021.68,0.0036
26_6,1171.05,1173.5,0.0036
26_6,619.9,622.84,0.0036
26_6,588.43,637.59,0.0034
26_6,1145.28,1148.26,0.0033
26_6,1029.36,1032.49,0.0033
26_6,1055.18,1057.75,0.003
26_6,695.77,698.56,0.0029
26_6,1152.01,1172.28,0.0029
26_6,1031.03,1039.86,0.0025
26_6,1044.83,1062.85,0.0025
26_6,792.78,824.32,0.0024
26_6,648.85,660.48,0.0024
26_6,931.68,947.92,0.0023
26_6,914.5,917.99,0.0022
26_6,854.26,859.65,0.0022
26_6,863.59,887.49,0.0022
26_6,1132.65,1135.05,0.0021
26_6,1000.59,1003.34,0.0021
26_6,692.51,702.55,0.0021
26_6,944.23,984.45,0.002
26_6,612.88,615.41,0.002
26_6,830.8,840.53,0.002
26_6,819.48,822.06,0.0019
26_6,1026.96,1029.64,0.0019
26_6,792.75,798.8,0.0019
26_6,1134.58,1137.49,0.0019
26_6,614.79,617.14,0.0019
26_6,1022.26,1103.6,0.0018
26_6,622.39,649.71,0.0018
26_6,713.2,717.97,0.0018
26_6,997.52,1036.83,0.0017
26_6,732.7,755.37,0.0016
26_6,859.75,862.75,0.0016
26_6,1037.77,1048.04,0.0016
26_6,617.0,620.24,0.0016
26_6,1121.14,1147.6,0.0016
26_6,1005.95,1008.74,0.0015
26_6,956.07,958.77,0.0015
26_6,1142.48,1145.31,0.0014
26_6,1167.41,1169.76,0.0014
26_6,750.82,769.68,0.0014
26_6,1170.45,1173.05,0.0013
26_6,714.97,724.07,0.0013
26_6,1038.36,1041.53,0.0013
26_6,1174.27,1179.26,0.0012
26_6,694.02,696.68,0.0012
26_6,940.5,962.67,0.0012
26_6,1033.27,1036.21,0.0012
26_6,700.79,718.35,0.0012
26_6,948.4,951.19,0.0012
26_6,1137.83,1144.4,0.0012
26_6,739.1,741.47,0.0012
26_6,1143.89,1149.6,0.0011
26_6,1009.08,1012.32,0.0011
26_6,1054.0,1060.3,0.0011
26_6,863.9,876.78,0.0011
26_6,975.18,977.53,0.0011
26_6,817.6,822.67,0.0011
26_6,987.22,1009.0,0.0011
26_6,615.55,626.51,0.0011
26_6,1068.4,1109.19,0.001
28_44,1028.87,1041.46,0.9999
28_44,1005.83,1023.01,0.9998
28_44,862.5,884.7,0.9997
28_44,660.08,663.43,0.9996
28_44,967.69,972.3,0.999
28_44,785.8,795.44,0.998
28_44,737.19,782.0,0.997
28_44,985.29,996.19,0.9956
28_44,619.43,658.34,0.9955
28_44,797.13,805.91,0.9952
28_44,664.27,720.38,0.993
28_44,808.38,858.31,0.9905
28_44,976.06,986.55,0.9829
28_44,1040.62,1047.74,0.9819
28_44,940.89,968.92,0.9754
28_44,785.81,795.44,0.1359
28_44,1028.88,1041.45,0.1352
28_44,808.44,858.34,0.1345
28_44,664.26,720.47,0.1344
28_44,660.08,663.43,0.1344
28_44,985.29,996.2,0.1326
28_44,967.69,972.3,0.1306
28_44,1040.62,1047.74,0.1305
28_44,664.27,720.4,0.0182
28_44,1040.62,1047.73,0.0172
28_44,737.52,740.59,0.0115
28_44,722.87,790.15,0.0111
28_44,1034.37,1113.42,0.0103
28_44,757.11,759.55,0.0101
28_44,649.82,652.62,0.0095
28_44,1000.07,1043.34,0.0079
28_44,1141.83,1144.73,0.0071
28_44,721.52,745.46,0.0066
28_44,956.68,960.09,0.0064
28_44,1087.7,1090.54,0.0063
28_44,1026.73,1072.4,0.0057
28_44,995.55,1005.65,0.0056
28_44,740.49,752.98,0.0056
28_44,806.93,889.18,0.0054
28_44,628.73,634.04,0.0053
28_44,788.48,794.26,0.0048
28_44,1023.34,1029.3,0.0048
28_44,781.21,786.2,0.0041
28_44,1032.42,1039.3,0.0039
28_44,986.65,993.35,0.0036
28_44,852.09,861.9,0.0033
28_44,795.67,805.49,0.0032
28_44,912.66,915.66,0.0031
28_44,805.66,811.54,0.0028
28_44,1097.58,1138.39,0.0028
28_44,918.97,941.96,0.0027
28_44,682.27,687.51,0.0027
28_44,707.25,713.61,0.0026
28_44,744.15,749.36,0.0026
28_44,938.69,944.94,0.0025
28_44,1072.78,1082.97,0.0025
28_44,1131.7,1137.77,0.0025
28_44,889.79,902.71,0.0025
28_44,945.68,956.66,0.0024
28_44,1101.03,1106.9,0.0024
28_44,748.55,755.17,0.0023
28_44,774.97,786.64,0.0023
28_44,712.87,724.59,0.0022
28_44,641.14,645.79,0.0022
28_44,608.37,618.47,0.0019
28_44,881.41,887.41,0.0019
28_44,899.05,910.29,0.0019
28_44,1047.64,1050.51,0.0019
28_44,760.86,763.54,0.0018
28_44,664.5,683.45,0.0018
28_44,1005.89,1017.9,0.0018
28_44,1037.04,1039.61,0.0018
28_44,696.67,702.93,0.0017
28_44,860.34,882.98,0.0017
28_44,821.46,827.84,0.0016
28_44,750.21,752.75,0.0016
28_44,1082.29,1084.89,0.0015
28_44,725.29,728.6,0.0014
28_44,1070.31,1075.57,0.0014
28_44,783.59,804.52,0.0014
28_44,665.7,667.74,0.0014
28_44,1123.29,1126.37,0.0013
28_44,883.73,886.21,0.0013
28_44,672.57,675.61,0.0012
28_44,752.12,775.93,0.0011
28_44,1113.19,1118.38,0.0011
28_44,1088.59,1099.98,0.0011
28_44,836.88,839.8,0.0011
28_44,658.09,660.24,0.0011
28_44,1108.48,1111.3,0.001
28_44,1120.14,1132.21,0.001
27_34,705.37,742.24,0.9993
27_34,656.68,691.97,0.9982
27_34,760.99,798.43,0.9979
27_34,833.71,863.14,0.9942
27_34,798.96,806.98,0.9913
27_34,616.52,652.43,0.9913
27_34,739.55,760.43,0.9901
27_34,693.58,702.13,0.9888
27_34,821.43,833.19,0.9852
27_34,863.15,876.53,0.9638
27_34,760.98,798.43,0.1351
27_34,833.72,863.15,0.1344
27_34,798.96,806.98,0.1337
27_34,616.53,652.36,0.1329
27_34,833.75,863.16,0.0181
27_34,798.96,806.98,0.0175
27_34,640.73,652.1,0.0161
27_34,846.91,849.65,0.0147
27_34,900.86,943.13,0.0122
27_34,1141.99,1144.72,0.0095
27_34,990.42,1001.78,0.0082
27_34,658.31,664.51,0.0082
27_34,645.93,648.84,0.0071
27_34,913.24,918.98,0.0059
27_34,731.02,736.46,0.0054
27_34,706.74,727.82,0.0051
27_34,1143.65,1149.48,0.005
27_34,897.35,899.9,0.0049
27_34,624.55,629.71,0.0042
27_34,679.57,756.37,0.004
27_34,794.19,799.75,0.0039
27_34,807.45,813.46,0.0038
27_34,862.17,899.58,0.0035
27_34,953.63,973.99,0.0032
27_34,654.15,665.12,0.0032
27_34,751.7,756.77,0.003
27_34,672.49,693.92,0.0029
27_34,742.81,748.38,0.0029
27_34,768.87,792.86,0.0029
27_34,845.98,852.35,0.0027
27_34,995.47,1001.19,0.0027
27_34,1043.41,1055.15,0.0027
27_34,1128.97,1134.36,0.0025
27_34,935.47,938.46,0.0024
27_34,651.24,654.25,0.0023
27_34,939.56,942.81,0.0021
27_34,988.48,991.04,0.0021
27_34,1018.35,1021.03,0.002
27_34,1119.25,1129.46,0.002
27_34,696.4,702.55,0.0019
27_34,621.64,624.44,0.0018
27_34,1063.84,1069.49,0.0018
27_34,796.13,830.64,0.0018
27_34,775.21,777.92,0.0017
27_34,884.95,887.73,0.0017
27_34,1122.2,1125.07,0.0017
27_34,1090.42,1102.43,0.0017
27_34,662.61,684.42,0.0016
27_34,752.82,755.62,0.0015
27_34,1026.75,1046.63,0.0015
27_34,995.84,998.67,0.0015
27_34,1152.55,1158.29,0.0015
27_34,829.57,832.23,0.0015
27_34,814.79,817.44,0.0015
27_34,731.3,734.14,0.0013
27_34,614.33,617.34,0.0013
27_34,869.46,875.29,0.0013
27_34,681.16,693.8,0.0012
27_34,747.74,821.11,0.0012
27_34,651.63,672.47,0.0011
27_34,883.46,896.46,0.0011
27_34,783.71,794.98,0.0011
27_34,657.79,660.55,0.001
27_34,1042.89,1045.78,0.001
27_34,918.36,921.42,0.001
27_34,978.49,988.99,0.001
26_7,1056.48,1096.93,0.9994
26_7,845.57,864.14,0.9986
26_7,943.52,990.47,0.9986
26_7,1192.72,1213.96,0.9985
26_7,1214.29,1228.8,0.9973
26_7,1099.7,1184.59,0.9964
26_7,800.61,839.0,0.9912
26_7,675.13,771.76,0.9908
26_7,617.95,628.81,0.9895
26_7,774.93,793.56,0.9885
26_7,910.12,939.51,0.9848
26_7,876.93,901.23,0.9844
26_7,690.58,691.47,0.9785
26_7,994.98,1009.95,0.9605
26_7,1015.76,1040.12,0.9453
26_7,943.5,990.52,0.1356
26_7,690.57,691.47,0.135
26_7,845.55,864.16,0.1348
26_7,876.93,901.25,0.1335
26_7,910.1,939.53,0.1326
26_7,675.14,771.9,0.131
26_7,910.1,939.51,0.0179
26_7,943.46,990.44,0.0178
26_7,1015.83,1018.45,0.0168
26_7,1052.12,1073.77,0.0117
26_7,992.68,1042.16,0.0085
26_7,1184.61,1195.49,0.0068
26_7,640.65,685.51,0.0063
26_7,1058.92,1099.05,0.0056
26_7,830.59,840.37,0.0044
26_7,742.58,769.06,0.0044
26_7,943.07,955.88,0.004
26_7,684.6,686.93,0.0037
26_7,1091.99,1097.17,0.0036
26_7,1180.61,1186.52,0.0034
26_7,1201.3,1228.8,0.0032
26_7,683.48,732.23,0.0029
26_7,687.63,690.64,0.0027
26_7,1112.63,1119.21,0.0024
26_7,775.65,788.11,0.0024
26_7,825.35,828.09,0.0023
26_7,1047.05,1048.97,0.0021
26_7,1104.5,1146.38,0.002
26_7,1161.73,1164.52,0.0019
26_7,740.84,743.86,0.0019
26_7,1138.84,1144.34,0.0017
26_7,676.37,687.73,0.0017
26_7,634.98,644.84,0.0015
26_7,1208.2,1214.8,0.0014
26_7,834.14,839.67,0.0013
26_7,908.08,910.6,0.0013
26_7,803.39,841.62,0.0013
26_7,1193.91,1215.75,0.0012
26_7,1075.0,1097.65,0.0012
26_7,1172.56,1175.19,0.0012
26_7,1191.96,1197.01,0.0011
26_7,875.34,908.32,0.0011
26_7,775.24,777.9,0.0011
29_17,620.27,648.25,0.9989
29_17,878.65,897.99,0.9975
29_17,1172.23,1196.64,0.9966
29_17,717.68,763.29,0.9939
29_17,953.28,964.32,0.9914
29_17,869.33,873.83,0.9881
29_17,773.67,824.08,0.986
29_17,932.56,947.74,0.9853
29_17,1000.65,1171.72,0.9803
29_17,830.28,863.45,0.9753
29_17,899.37,924.96,0.9655
29_17,1172.22,1196.64,0.1351
29_17,773.7,824.04,0.1334
29_17,1000.77,1171.53,0.1329
29_17,932.55,947.74,0.1318
29_17,620.28,648.23,0.1316
29_17,953.28,964.32,0.1308
29_17,646.08,655.07,0.0284
29_17,753.67,759.48,0.0243
29_17,651.63,654.05,0.0218
29_17,932.55,947.75,0.0177
29_17,620.3,648.22,0.0174
29_17,636.15,639.54,0.0144
29_17,973.31,996.09,0.014
29_17,747.32,760.1,0.0134
29_17,646.31,718.07,0.0123
29_17,804.52,825.45,0.012
29_17,1194.55,1196.81,0.0096
29_17,642.0,648.57,0.0096
29_17,829.32,836.52,0.0096
29_17,868.74,873.6,0.0085
29_17,1010.21,1024.15,0.0083
29_17,841.23,863.18,0.0081
29_17,884.41,927.21,0.008
29_17,1150.52,1153.36,0.0074
29_17,799.29,802.67,0.0072
29_17,1162.05,1165.4,0.0066
29_17,1194.05,1199.61,0.0062
29_17,647.9,653.47,0.0061
29_17,703.43,769.99,0.006
29_17,930.03,932.16,0.0057
29_17,775.4,802.03,0.0056
29_17,1172.32,1175.4,0.0052
29_17,651.28,695.1,0.0051
29_17,973.37,985.39,0.005
29_17,713.07,715.07,0.0049
29_17,646.01,648.52,0.0049
29_17,762.44,773.18,0.0045
29_17,738.65,741.68,0.0042
29_17,1196.26,1198.65,0.0039
29_17,1192.92,1195.46,0.0037
29_17,621.63,633.55,0.0036
29_17,652.57,662.17,0.0035
29_17,769.74,772.5,0.0033
29_17,785.58,811.43,0.0028
29_17,886.01,896.84,0.0027
29_17,1184.12,1196.06,0.0027
29_17,964.76,975.18,0.0025
29_17,673.45,676.9,0.0025
29_17,613.63,615.14,0.0023
29_17,685.42,697.34,0.0022
29_17,916.14,922.69,0.0022
29_17,642.78,654.12,0.002
29_17,829.19,852.8,0.002
29_17,957.36,960.48,0.002
29_17,822.98,825.98,0.0019
29_17,1093.29,1117.94,0.0019
29_17,1148.25,1153.59,0.0019
29_17,967.03,969.18,0.0019
29_17,1176.18,1183.19,0.0017
29_17,651.94,654.41,0.0015
29_17,1201.32,1228.8,0.0015
29_17,997.06,1001.46,0.0015
29_17,870.85,874.15,0.0015
29_17,630.16,633.07,0.0014
29_17,988.52,999.4,0.0014
29_17,643.91,648.61,0.0014
29_17,857.95,876.22,0.0013
29_17,925.22,933.92,0.0013
29_17,1008.25,1023.33,0.0013
29_17,617.19,619.96,0.0012
29_17,971.29,991.86,0.0012
29_17,759.59,762.49,0.0012
29_17,642.22,644.99,0.0012
29_17,724.29,768.62,0.0012
29_17,694.05,696.86,0.0012
29_17,649.07,687.27,0.0012
29_17,822.69,828.61,0.0011
29_17,764.72,771.04,0.0011
18_28,914.15,923.56,0.9988
18_28,936.53,961.55,0.9984
18_28,745.01,781.28,0.9984
18_28,680.23,736.06,0.9982
18_28,963.33,974.98,0.9975
18_28,836.68,856.02,0.997
18_28,887.1,911.16,0.9963
18_28,659.38,678.46,0.9962
18_28,628.08,656.13,0.9939
18_28,818.04,823.75,0.9886
18_28,786.99,815.56,0.9861
18_28,768.37,782.53,0.7859
18_28,859.9,961.42,0.7775
18_28,836.68,856.01,0.135
18_28,628.04,656.12,0.1349
18_28,680.23,736.12,0.1347
18_28,818.04,823.75,0.1315
18_28,887.09,911.14,0.121
18_28,936.52,961.56,0.1199
18_28,745.05,781.33,0.1073
18_28,859.83,961.58,0.084
18_28,768.38,782.53,0.0836
18_28,1107.52,1113.05,0.0343
18_28,680.27,736.03,0.018
18_28,976.12,981.58,0.0142
18_28,656.2,677.25,0.0106
18_28,1123.23,1134.1,0.0104
18_28,1134.95,1146.42,0.0095
18_28,1021.42,1062.84,0.0092
18_28,1090.6,1096.22,0.0081
18_28,975.25,987.33,0.0069
18_28,996.54,1002.52,0.0062
18_28,840.36,846.64,0.0061
18_28,1119.29,1125.07,0.0061
18_28,967.21,1042.91,0.0057
18_28,837.72,841.04,0.0053
18_28,1148.18,1151.4,0.0053
18_28,1088.73,1091.55,0.005
18_28,867.81,877.55,0.0049
18_28,1061.45,1066.93,0.0049
18_28,757.36,763.45,0.0046
18_28,630.07,641.2,0.0044
18_28,1026.32,1032.16,0.0042
18_28,869.86,871.91,0.004
18_28,826.08,861.69,0.0037
18_28,784.61,803.78,0.0035
18_28,651.51,654.32,0.0033
18_28,1008.65,1030.63,0.0032
18_28,873.82,876.71,0.0032
18_28,964.25,975.64,0.0032
18_28,750.0,755.8,0.003
18_28,911.67,933.22,0.003
18_28,1054.04,1065.7,0.0029
18_28,1005.0,1007.71,0.0028
18_28,760.75,763.48,0.0026
18_28,1064.99,1077.11,0.0025
18_28,817.58,837.14,0.0025
18_28,775.75,779.39,0.0024
18_28,1093.76,1115.49,0.0024
18_28,1038.6,1060.57,0.0023
18_28,855.56,861.23,0.002
18_28,828.46,831.12,0.002
18_28,994.93,1005.99,0.0019
18_28,778.94,814.72,0.0018
18_28,822.98,826.04,0.0017
18_28,671.83,681.88,0.0016
18_28,919.64,922.41,0.0016
18_28,858.68,865.13,0.0016
18_28,659.99,671.32,0.0016
18_28,1134.11,1153.27,0.0016
18_28,892.22,903.67,0.0014
18_28,1032.34,1045.46,0.0014
18_28,955.5,958.1,0.0014
18_28,963.7,969.65,0.0013
18_28,1144.72,1147.24,0.0013
18_28,1014.22,1016.85,0.0013
18_28,816.61,826.19,0.0013
18_28,909.14,911.84,0.0013
18_28,622.98,672.12,0.0013
18_28,836.94,849.27,0.0012
18_28,704.71,740.3,0.0012
18_28,1029.39,1032.3,0.0012
18_28,750.64,753.59,0.0011
18_28,957.13,962.66,0.0011
18_28,983.2,985.87,0.0011
18_28,914.5,916.81,0.0011
18_28,1108.27,1111.46,0.0011
18_28,680.62,683.72,0.001
18_28,898.56,910.42,0.001
27_15,669.88,745.97,0.9987
27_15,785.73,795.33,0.9986
27_15,801.55,891.97,0.9986
27_15,753.49,782.31,0.9973
27_15,920.86,932.73,0.9973
27_15,898.24,912.96,0.9927
27_15,945.18,951.96,0.9912
27_15,635.88,655.12,0.9896
27_15,956.47,968.37,0.9896
27_15,935.57,941.22,0.9872
27_15,620.62,627.97,0.9869
27_15,801.79,891.9,0.137
27_15,669.9,746.08,0.136
27_15,785.73,795.33,0.1355
27_15,920.86,932.74,0.135
27_15,898.24,912.94,0.1347
27_15,620.63,627.97,0.1342
27_15,945.18,951.96,0.1328
27_15,620.62,627.97,0.018
27_15,1067.69,1078.85,0.0161
27_15,868.31,890.17,0.0095
27_15,627.06,629.38,0.0084
27_15,1067.14,1090.56,0.0083
27_15,671.58,674.33,0.0076
27_15,627.72,636.32,0.0073
27_15,757.58,763.54,0.0068
27_15,939.33,944.82,0.0067
27_15,1118.08,1124.33,0.0063
27_15,1093.92,1096.98,0.0063
27_15,1081.73,1122.06,0.0061
27_15,749.74,788.9,0.006
27_15,719.85,730.48,0.006
27_15,882.44,884.99,0.0052
27_15,778.3,783.69,0.0051
27_15,818.11,824.52,0.005
27_15,799.56,820.53,0.0046
27_15,891.5,912.07,0.0042
27_15,987.16,1026.38,0.0041
27_15,1056.32,1069.13,0.0038
27_15,1130.55,1135.37,0.0035
27_15,959.46,964.94,0.0034
27_15,974.49,977.38,0.0033
27_15,1148.17,1159.14,0.0033
27_15,860.92,871.39,0.003
27_15,758.84,761.36,0.003
27_15,734.61,746.09,0.0027
27_15,686.86,730.16,0.0027
27_15,800.91,812.06,0.0025
27_15,785.85,791.66,0.0025
27_15,762.25,781.98,0.0023
27_15,610.98,618.32,0.0022
27_15,950.58,955.36,0.0021
27_15,1060.92,1067.63,0.002
27_15,835.11,846.57,0.002
27_15,751.32,756.92,0.0018
27_15,814.6,817.48,0.0018
27_15,854.97,876.58,0.0018
27_15,1110.93,1116.36,0.0017
27_15,653.74,676.99,0.0016
27_15,1025.04,1047.47,0.0016
27_15,919.12,956.88,0.0016
27_15,1083.91,1086.74,0.0016
27_15,1031.5,1034.31,0.0015
27_15,1057.61,1059.89,0.0014
27_15,877.9,884.45,0.0014
27_15,646.66,652.28,0.0014
27_15,859.16,864.47,0.0014
27_15,1101.73,1113.34,0.0014
27_15,793.06,798.39,0.0014
27_15,1044.67,1047.19,0.0013
27_15,1131.01,1133.84,0.0013
27_15,931.56,937.1,0.0013
27_15,673.25,679.37,0.0013
27_15,1112.62,1123.98,0.0012
27_15,823.85,829.7,0.0012
27_15,988.97,991.8,0.0012
27_15,710.17,712.83,0.0012
27_15,746.08,751.64,0.0011
27_15,1036.43,1039.34,0.0011
27_15,995.11,1005.72,0.0011
27_15,712.15,717.36,0.0011
27_15,767.6,778.07,0.0011
27_15,756.73,759.18,0.0011
27_15,795.25,805.27,0.001
15_37,682.16,720.7,0.9995
15_37,866.05,880.76,0.9983
15_37,616.13,680.57,0.9982
15_37,754.84,776.22,0.9981
15_37,835.47,863.02,0.9974
15_37,912.66,936.78,0.9965
15_37,804.34,815.67,0.9961
15_37,721.6,754.4,0.9943
15_37,823.55,826.19,0.9926
15_37,883.29,893.4,0.9921
15_37,936.76,939.65,0.9895
15_37,939.91,956.98,0.9863
15_37,896.7,910.93,0.9852
15_37,817.11,818.32,0.9708
15_37,778.32,807.73,0.9677
15_37,866.04,880.75,0.1355
15_37,754.85,776.23,0.1354
15_37,823.55,826.19,0.1348
15_37,721.61,754.43,0.1347
15_37,835.47,863.0,0.1331
15_37,883.28,893.41,0.1331
15_37,804.35,815.67,0.1323
15_37,896.71,910.92,0.1302
15_37,912.65,936.81,0.13
15_37,835.48,862.95,0.0181
15_37,721.61,754.41,0.0181
15_37,1038.68,1080.87,0.0132
15_37,679.56,690.0,0.0128
15_37,1098.69,1104.82,0.0089
15_37,821.87,827.61,0.0062
15_37,775.3,777.89,0.0056
15_37,805.59,808.3,0.0055
15_37,685.65,722.3,0.0055
15_37,869.4,872.48,0.0039
15_37,665.25,672.11,0.0038
15_37,753.72,796.12,0.0038
15_37,614.64,617.51,0.0037
15_37,1010.05,1013.36,0.0036
15_37,903.36,909.51,0.0035
15_37,619.71,622.62,0.0034
15_37,843.44,846.2,0.0033
15_37,1106.89,1146.1,0.0031
15_37,954.02,974.54,0.0031
15_37,994.59,1006.2,0.0028
15_37,1104.71,1107.51,0.0025
15_37,1042.15,1045.35,0.0025
15_37,616.53,705.4,0.0024
15_37,911.41,933.18,0.0024
15_37,1050.53,1062.0,0.0024
15_37,859.92,865.54,0.0022
15_37,1154.3,1159.08,0.0022
15_37,776.81,824.73,0.0022
15_37,1070.12,1076.15,0.0021
15_37,840.52,843.7,0.0021
15_37,880.17,896.45,0.002
15_37,1072.6,1112.89,0.002
15_37,616.77,626.07,0.002
15_37,1063.27,1065.65,0.002
15_37,1151.48,1154.55,0.0019
15_37,1054.24,1057.39,0.0018
15_37,628.98,631.94,0.0018
15_37,816.82,819.1,0.0018
15_37,759.13,761.8,0.0017
15_37,1140.75,1151.45,0.0015
15_37,995.82,999.02,0.0015
15_37,759.31,771.55,0.0015
15_37,720.67,725.5,0.0015
15_37,673.99,764.14,0.0013
15_37,1157.28,1159.53,0.0012
15_37,668.31,679.6,0.0011
15_37,1093.54,1104.35,0.0011
15_37,992.45,994.91,0.0011
15_37,905.35,907.87,0.0011
15_37,826.2,829.24,0.001
28_16,945.62,948.81,0.9999
28_16,949.94,1028.53,0.9995
28_16,1105.62,1125.14,0.999
28_16,1067.69,1104.44,0.9988
28_16,1125.93,1140.63,0.9987
28_16,862.57,874.27,0.9973
28_16,1176.1,1192.43,0.996
28_16,876.71,945.13,0.9957
28_16,903.48,905.04,0.9946
28_16,1141.89,1169.0,0.9918
28_16,1030.59,1056.12,0.9908
28_16,772.39,796.12,0.9875
28_16,797.89,860.25,0.9862
28_16,616.12,675.34,0.983
28_16,747.62,771.94,0.9748
28_16,677.92,746.22,0.9615
28_16,1169.2,1187.79,0.5888
28_16,876.84,945.13,0.1348
28_16,1030.63,1056.14,0.1347
28_16,903.48,905.04,0.1335
28_16,1141.86,1169.03,0.1335
28_16,797.92,860.33,0.1333
28_16,1105.63,1125.13,0.1327
28_16,1125.93,1140.64,0.1327
28_16,1176.13,1192.44,0.0812
28_16,1168.66,1174.41,0.0338
28_16,1055.72,1065.36,0.0323
28_16,949.35,952.67,0.0263
28_16,797.97,860.26,0.0181
28_16,1125.92,1140.62,0.0178
28_16,673.12,675.39,0.0153
28_16,950.63,963.56,0.0121
28_16,1176.13,1192.43,0.011
28_16,651.37,671.72,0.0103
28_16,804.31,818.11,0.0102
28_16,1168.7,1175.94,0.0084
28_16,754.45,798.9,0.0074
28_16,722.49,745.03,0.007
28_16,802.18,827.85,0.0057
28_16,923.25,945.14,0.0056
28_16,1070.26,1104.69,0.0055
28_16,1146.4,1153.07,0.0053
28_16,1029.48,1040.86,0.0046
28_16,854.39,856.68,0.004
28_16,890.47,936.18,0.0038
28_16,985.68,1027.28,0.0037
28_16,1168.59,1171.0,0.0035
28_16,795.47,798.21,0.0035
28_16,948.78,962.29,0.003
28_16,616.81,637.52,0.003
28_16,1056.3,1077.69,0.0029
28_16,861.32,873.24,0.0029
28_16,772.47,785.37,0.0027
28_16,1092.98,1103.84,0.0026
28_16,654.02,668.96,0.0024
28_16,1054.35,1063.26,0.0024
28_16,816.88,827.62,0.0021
28_16,675.34,678.02,0.0021
28_16,732.81,744.4,0.0019
28_16,831.13,857.36,0.0018
28_16,1196.71,1218.58,0.0017
28_16,674.91,741.44,0.0017
28_16,1162.83,1169.02,0.0017
28_16,949.26,951.91,0.0015
28_16,1066.48,1071.14,0.0015
28_16,877.57,899.74,0.0015
28_16,1142.58,1166.05,0.0015
28_16,633.3,645.6,0.0015
28_16,1081.77,1084.59,0.0014
28_16,1185.15,1188.02,0.0014
28_16,811.69,818.28,0.0014
28_16,945.21,949.29,0.0014
28_16,743.84,776.23,0.0014
28_16,1042.88,1055.48,0.0013
28_16,1069.46,1081.19,0.0013
28_16,1063.38,1065.77,0.0013
28_16,797.55,799.68,0.0012
28_16,776.41,783.02,0.0012
28_16,1030.34,1036.9,0.0012
28_16,1187.68,1191.02,0.0012
28_16,1141.57,1147.28,0.0011
28_16,845.6,856.12,0.0011
2_22,958.12,1031.98,0.9973
2_22,899.54,938.67,0.9972
2_22,1099.63,1114.42,0.9965
2_22,842.23,858.95,0.9962
2_22,699.99,712.85,0.9957
2_22,672.35,694.83,0.9954
2_22,714.15,748.92,0.9929
2_22,940.66,955.46,0.9928
2_22,860.27,878.9,0.992
2_22,1032.06,1045.55,0.9916
2_22,756.66,829.38,0.9909
2_22,618.89,671.04,0.9883
2_22,1115.07,1163.29,0.9868
2_22,830.62,842.22,0.9838
2_22,694.19,701.28,0.9561
2_22,1044.28,1100.94,0.9445
2_22,1099.64,1114.41,0.1354
2_22,1032.06,1045.56,0.1341
2_22,756.57,829.38,0.1341
2_22,1115.1,1163.33,0.1334
2_22,958.13,1031.86,0.1324
2_22,842.21,858.93,0.1319
2_22,618.89,671.05,0.1317
2_22,700.0,712.85,0.1314
2_22,1099.63,1114.42,0.0183
2_22,1032.07,1045.55,0.0179
2_22,759.04,786.53,0.0126
2_22,726.71,747.75,0.0094
2_22,1156.97,1162.6,0.0089
2_22,880.05,900.21,0.0079
2_22,881.62,884.51,0.0071
2_22,767.94,790.84,0.006
2_22,796.82,823.69,0.0055
2_22,885.86,957.22,0.0052
2_22,700.06,721.02,0.0048
2_22,827.24,844.7,0.0048
2_22,924.76,930.82,0.0046
2_22,1007.68,1031.13,0.0044
2_22,1163.0,1192.68,0.0042
2_22,1045.06,1070.23,0.0041
2_22,996.43,999.26,0.0036
2_22,1029.85,1032.61,0.0035
2_22,679.79,694.34,0.0035
2_22,1158.61,1164.14,0.0034
2_22,636.49,647.4,0.0033
2_22,915.84,934.51,0.0032
2_22,1067.37,1092.77,0.0031
2_22,736.44,747.37,0.0031
2_22,1171.01,1228.8,0.0029
2_22,1063.43,1066.58,0.0027
2_22,1179.42,1192.61,0.0022
2_22,1081.86,1084.86,0.0022
2_22,783.7,825.06,0.0021
2_22,839.02,841.95,0.002
2_22,617.66,642.84,0.002
2_22,864.95,876.28,0.0019
2_22,696.01,699.23,0.0019
2_22,979.72,982.86,0.0019
2_22,947.85,1022.38,0.0018
2_22,785.15,794.99,0.0016
2_22,902.39,921.46,0.0016
2_22,872.48,877.38,0.0016
2_22,827.25,860.2,0.0016
2_22,741.57,747.16,0.0014
2_22,670.68,682.59,0.0014
2_22,1057.19,1063.18,0.0014
2_22,885.57,896.79,0.0014
2_22,881.32,884.2,0.0014
2_22,986.31,992.87,0.0013
2_22,715.0,737.62,0.0013
2_22,898.75,901.7,0.0013
2_22,1159.94,1163.25,0.0013
2_22,1117.55,1120.28,0.0012
2_22,621.6,693.06,0.0012
2_22,855.7,890.53,0.0012
2_22,1046.55,1049.01,0.0011
2_22,1069.73,1081.56,0.0011
2_22,760.44,804.57,0.0011
2_22,830.97,833.49,0.0011
2_22,1107.03,1173.6,0.0011
2_22,1081.05,1086.28,0.001
1_19,810.18,839.33,0.9997
1_19,615.4,632.34,0.9994
1_19,783.6,810.02,0.9987
1_19,839.42,873.91,0.9955
1_19,634.75,657.2,0.9953
1_19,763.56,780.15,0.994
1_19,667.58,696.56,0.9935
1_19,697.2,762.94,0.9932
1_19,979.88,982.71,0.9916
1_19,874.78,913.62,0.9906
1_19,913.56,963.5,0.9835
1_19,966.49,977.87,0.9834
1_19,783.6,810.03,0.1351
1_19,839.42,873.92,0.135
1_19,634.77,657.2,0.1346
1_19,810.16,839.35,0.1339
1_19,810.16,839.33,0.0181
1_19,970.79,976.89,0.0093
1_19,760.4,762.78,0.0074
1_19,883.65,889.27,0.007
1_19,756.28,766.61,0.0061
1_19,777.05,779.92,0.004
1_19,626.25,635.91,0.004
1_19,662.56,697.98,0.0039
1_19,945.25,951.63,0.0038
1_19,698.51,709.44,0.0037
1_19,635.87,648.24,0.0037
1_19,882.0,885.38,0.0035
1_19,1142.85,1145.35,0.0034
1_19,1156.01,1158.44,0.0034
1_19,1033.79,1036.59,0.0032
1_19,821.62,838.6,0.0032
1_19,1124.29,1130.57,0.0031
1_19,670.58,682.19,0.0031
1_19,700.14,702.71,0.003
1_19,845.21,869.61,0.0029
1_19,789.61,801.38,0.0028
1_19,902.7,905.22,0.0027
1_19,936.44,938.97,0.0026
1_19,905.61,908.67,0.0026
1_19,614.65,627.3,0.0026
1_19,1042.93,1064.31,0.0026
1_19,909.11,911.55,0.0025
1_19,1084.41,1087.31,0.0023
1_19,931.47,933.99,0.0022
1_19,874.5,877.03,0.0021
1_19,837.93,847.61,0.0019
1_19,1119.69,1124.55,0.0018
1_19,769.29,772.13,0.0018
1_19,762.36,764.84,0.0018
1_19,871.2,874.14,0.0018
1_19,652.11,657.98,0.0018
1_19,692.11,694.51,0.0017
1_19,994.39,1000.11,0.0016
1_19,831.37,837.18,0.0016
1_19,1043.44,1049.19,0.0015
1_19,891.8,896.84,0.0014
1_19,810.09,815.39,0.0014
1_19,1144.56,1146.96,0.0014
1_19,1145.8,1219.24,0.0014
1_19,823.71,829.75,0.0013
1_19,954.94,960.61,0.0013
1_19,1140.11,1150.8,0.0013
1_19,1094.45,1114.86,0.0013
1_19,719.5,722.43,0.0012
1_19,657.67,660.52,0.0012
1_19,709.88,719.98,0.0012
1_19,879.25,881.83,0.0012
1_19,975.76,995.73,0.0012
1_19,967.04,970.09,0.0012
1_19,616.87,619.27,0.0011
1_19,702.35,707.61,0.0011
1_19,1016.42,1019.06,0.0011
1_19,751.61,754.33,0.0011
1_19,791.87,797.36,0.001
13_24,857.59,868.8,0.9989
13_24,893.07,902.67,0.9987
13_24,821.75,838.34,0.9984
13_24,904.89,914.64,0.9983
13_24,811.03,820.22,0.998
13_24,708.65,719.37,0.9962
13_24,644.7,656.9,0.994
13_24,725.65,794.95,0.9933
13_24,681.3,704.96,0.989
13_24,845.34,853.73,0.9873
13_24,863.87,869.04,0.6804
13_24,811.02,820.22,0.1355
13_24,904.89,914.64,0.1354
13_24,821.73,838.36,0.1352
13_24,708.65,719.37,0.1338
13_24,725.64,794.9,0.133
13_24,681.29,704.93,0.1317
13_24,857.59,868.8,0.0936
13_24,863.87,869.04,0.0628
13_24,836.26,845.61,0.0242
13_24,821.75,838.35,0.0181
13_24,840.73,857.88,0.0173
13_24,1042.43,1045.07,0.0143
13_24,1144.18,1149.74,0.0119
13_24,721.62,732.95,0.0107
13_24,841.11,844.18,0.0107
13_24,801.21,811.34,0.0102
13_24,858.86,864.71,0.01
13_24,1052.37,1055.25,0.0095
13_24,868.93,880.85,0.0091
13_24,1129.21,1131.95,0.0086
13_24,837.0,842.18,0.0084
13_24,1018.31,1061.16,0.0077
13_24,851.9,856.93,0.0066
13_24,936.81,948.75,0.0066
13_24,775.57,781.33,0.0065
13_24,616.99,628.07,0.006
13_24,706.47,725.35,0.0059
13_24,788.03,809.02,0.0054
13_24,857.6,868.81,0.005
13_24,902.26,921.96,0.0047
13_24,1129.01,1140.66,0.0047
13_24,704.76,707.39,0.0047
13_24,726.4,729.63,0.0046
13_24,699.73,706.05,0.004
13_24,739.22,742.13,0.0038
13_24,906.99,912.77,0.0037
13_24,728.67,772.91,0.0037
13_24,869.1,875.29,0.0036
13_24,1136.65,1159.07,0.0035
13_24,607.9,620.24,0.0033
13_24,683.07,694.66,0.0032
13_24,658.24,682.07,0.0032
13_24,829.21,837.53,0.0029
13_24,663.57,666.36,0.0029
13_24,987.18,992.72,0.0028
13_24,825.12,828.06,0.0028
13_24,1155.9,1158.98,0.0027
13_24,1115.21,1118.39,0.0026
13_24,1087.75,1090.57,0.0026
13_24,722.64,724.82,0.0026
13_24,1056.41,1077.28,0.0025
13_24,846.19,851.87,0.0025
13_24,724.41,727.24,0.0024
13_24,911.72,949.73,0.0023
13_24,624.42,629.4,0.0022
13_24,1119.38,1128.76,0.0021
13_24,712.58,715.68,0.0021
13_24,896.87,899.36,0.0019
13_24,766.54,787.38,0.0019
13_24,1137.63,1148.87,0.0017
13_24,742.34,745.46,0.0017
13_24,1108.26,1119.69,0.0017
13_24,1075.67,1081.51,0.0017
13_24,746.1,756.72,0.0017
13_24,926.55,938.47,0.0016
13_24,1069.43,1074.72,0.0016
13_24,1127.05,1132.43,0.0015
13_24,707.08,709.44,0.0014
13_24,613.36,651.08,0.0014
13_24,951.17,960.75,0.0014
13_24,813.87,819.34,0.0014
13_24,1082.22,1085.03,0.0013
13_24,1020.93,1027.06,0.0013
13_24,784.19,789.95,0.0012
13_24,690.15,701.37,0.0012
13_24,886.29,925.79,0.0012
13_24,1158.58,1170.41,0.0012
13_24,1072.77,1077.52,0.0012
13_24,644.0,724.34,0.0011
13_24,851.02,856.06,0.0011
13_24,804.56,806.92,0.0011
13_24,1097.73,1107.98,0.0011
13_24,620.93,626.63,0.001
13_24,976.2,979.17,0.001
4_5,688.12,703.25,0.9999
4_5,725.95,730.03,0.9982
4_5,898.04,901.53,0.998
4_5,731.58,737.79,0.9968
4_5,892.22,897.26,0.9965
4_5,620.62,633.8,0.9963
4_5,903.48,947.33,0.9958
4_5,959.33,970.6,0.9955
4_5,757.19,888.53,0.9947
4_5,642.72,650.48,0.9903
4_5,948.1,954.29,0.9885
4_5,741.28,745.94,0.9855
4_5,705.97,716.06,0.9809
4_5,664.48,683.47,0.9782
4_5,753.69,756.41,0.9652
4_5,898.04,901.53,0.1346
4_5,959.34,970.6,0.1334
4_5,903.51,947.32,0.133
4_5,731.58,737.8,0.1329
4_5,725.95,730.03,0.1323
4_5,898.04,901.53,0.0183
4_5,725.95,730.03,0.0177
4_5,717.49,720.34,0.0119
4_5,1126.59,1129.22,0.0112
4_5,814.1,816.95,0.0109
4_5,1026.51,1047.05,0.0105
4_5,852.72,857.89,0.0082
4_5,769.11,778.66,0.0082
4_5,773.2,816.51,0.0071
4_5,1001.46,1003.88,0.0061
4_5,1052.16,1057.72,0.0058
4_5,942.4,947.78,0.0056
4_5,810.65,813.74,0.0054
4_5,745.86,751.75,0.0053
4_5,925.65,928.41,0.0052
4_5,872.72,878.48,0.0052
4_5,702.06,707.95,0.0049
4_5,1004.54,1026.53,0.0045
4_5,871.12,902.63,0.0041
4_5,866.62,871.58,0.004
4_5,654.68,657.24,0.004
4_5,1119.0,1130.24,0.004
4_5,933.22,935.85,0.004
4_5,732.36,735.27,0.0038
4_5,753.2,759.16,0.0038
4_5,1137.16,1157.94,0.0038
4_5,1101.3,1106.59,0.0038
4_5,947.61,953.85,0.0036
4_5,660.5,666.52,0.0035
4_5,762.64,765.27,0.0034
4_5,831.89,873.33,0.003
4_5,784.68,787.5,0.0029
4_5,1082.72,1085.42,0.0029
4_5,1044.91,1054.64,0.0029
4_5,1037.02,1042.96,0.0029
4_5,1136.86,1142.05,0.0029
4_5,818.88,821.61,0.0027
4_5,716.86,723.09,0.0027
4_5,891.7,897.05,0.0026
4_5,1106.82,1109.48,0.0025
4_5,1046.74,1049.4,0.0024
4_5,895.56,964.7,0.0024
4_5,641.59,663.51,0.0024
4_5,738.07,750.38,0.0023
4_5,995.0,1006.46,0.0022
4_5,632.4,643.61,0.0021
4_5,1090.62,1096.27,0.0021
4_5,787.89,790.54,0.0021
4_5,906.28,911.39,0.002
4_5,663.0,666.03,0.0019
4_5,807.17,809.82,0.0019
4_5,925.14,931.17,0.0019
4_5,685.82,705.45,0.0019
4_5,890.2,893.2,0.0018
4_5,1000.97,1003.57,0.0018
4_5,706.95,716.88,0.0018
4_5,901.65,907.02,0.0018
4_5,1070.91,1077.25,0.0018
4_5,689.47,691.79,0.0017
4_5,721.31,726.45,0.0017
4_5,782.72,789.28,0.0016
4_5,979.42,985.57,0.0016
4_5,919.8,925.8,0.0016
4_5,677.47,688.02,0.0016
4_5,742.81,744.92,0.0015
4_5,649.13,654.45,0.0015
4_5,691.32,694.34,0.0015
4_5,798.99,805.26,0.0015
4_5,1097.58,1119.14,0.0015
4_5,822.06,824.76,0.0014
4_5,911.95,917.86,0.0013
4_5,1007.62,1018.81,0.0013
4_5,843.14,855.06,0.0013
4_5,761.09,766.47,0.0013
4_5,807.46,818.12,0.0013
4_5,852.14,871.51,0.0012
4_5,1002.97,1005.79,0.0012
4_5,674.54,680.17,0.0012
4_5,706.21,742.86,0.0012
4_5,788.69,793.99,0.0012
4_5,1151.72,1154.51,0.0012
4_5,962.02,968.33,0.0012
4_5,1028.19,1034.02,0.0012
4_5,751.42,756.75,0.0012
4_5,782.23,784.83,0.0011
4_5,865.28,867.91,0.0011
4_5,744.46,746.69,0.0011
4_5,962.62,1047.19,0.0011
4_5,873.02,875.5,0.0011
4_5,1152.79,1163.89,0.001
4_5,1076.41,1086.26,0.001
4_5,999.02,1001.82,0.001
2_46,732.43,771.35,0.9993
2_46,770.92,774.77,0.9981
2_46,834.02,839.15,0.9975
2_46,796.42,830.01,0.9973
2_46,853.98,889.92,0.9967
2_46,664.61,672.58,0.9965
2_46,683.98,722.22,0.9964
2_46,889.91,926.99,0.9954
2_46,965.87,970.67,0.9927
2_46,625.25,652.04,0.9901
2_46,652.27,662.4,0.9866
2_46,838.59,852.84,0.9828
2_46,745.04,757.57,0.8096
2_46,664.6,672.58,0.1354
2_46,770.92,774.77,0.1351
2_46,683.99,722.22,0.1349
2_46,889.92,927.0,0.1348
2_46,625.23,652.0,0.1341
2_46,838.58,852.84,0.1316
2_46,834.02,839.16,0.1287
2_46,641.22,647.4,0.0217
2_46,770.92,774.77,0.0183
2_46,664.61,672.58,0.0181
2_46,672.72,683.26,0.0136
2_46,774.29,796.85,0.0104
2_46,1051.87,1058.38,0.0098
2_46,946.78,959.77,0.0089
2_46,648.96,684.14,0.0088
2_46,728.58,792.58,0.0082
2_46,978.2,989.46,0.0077
2_46,624.5,626.95,0.007
2_46,864.71,885.01,0.0064
2_46,1059.6,1070.4,0.0059
2_46,726.9,729.49,0.0059
2_46,1100.87,1103.9,0.0058
2_46,1101.46,1112.99,0.0052
2_46,818.92,824.3,0.0052
2_46,785.84,797.62,0.0044
2_46,645.6,648.3,0.004
2_46,666.28,669.08,0.0039
2_46,658.84,664.31,0.0039
2_46,1140.68,1146.18,0.0038
2_46,995.25,1005.41,0.0038
2_46,742.12,767.48,0.0036
2_46,1090.07,1093.29,0.0034
2_46,867.54,941.7,0.0033
2_46,720.74,723.66,0.003
2_46,1072.14,1074.2,0.0027
2_46,1155.45,1157.99,0.0027
2_46,715.1,720.44,0.0025
2_46,795.31,798.51,0.0024
2_46,690.35,693.19,0.0023
2_46,619.34,622.29,0.0023
2_46,672.55,751.0,0.0021
2_46,1069.8,1150.57,0.0021
2_46,614.79,617.47,0.0021
2_46,928.73,966.06,0.002
2_46,1047.89,1050.45,0.002
2_46,834.62,854.82,0.0019
2_46,702.37,713.46,0.0019
2_46,672.15,674.94,0.0019
2_46,652.58,659.66,0.0018
2_46,637.2,639.7,0.0018
2_46,1050.28,1061.06,0.0018
2_46,1033.26,1036.05,0.0017
2_46,797.86,817.28,0.0017
2_46,698.51,701.8,0.0017
2_46,633.52,636.17,0.0016
2_46,970.08,980.74,0.0016
2_46,857.09,860.03,0.0016
2_46,1011.78,1053.6,0.0015
2_46,925.72,928.25,0.0015
2_46,841.84,847.74,0.0014
2_46,1016.74,1019.63,0.0014
2_46,711.84,717.47,0.0014
2_46,671.97,681.68,0.0013
2_46,1039.91,1050.49,0.0013
2_46,965.24,970.44,0.0012
2_46,835.06,837.65,0.0012
2_46,1115.97,1118.85,0.0012
2_46,655.7,658.47,0.0012
2_46,750.29,755.97,0.0011
2_46,1013.08,1022.71,0.0011
2_46,1147.93,1150.78,0.001
2_46,973.18,976.52,0.001
28_49,952.1,974.6,0.9987
28_49,707.92,782.92,0.998
28_49,916.62,938.47,0.9978
28_49,882.65,906.13,0.9977
28_49,620.89,693.0,0.9968
28_49,1111.19,1127.14,0.9963
28_49,1199.92,1218.82,0.9958
28_49,1145.49,1156.72,0.9945
28_49,1078.64,1105.86,0.9925
28_49,1008.25,1070.95,0.989
28_49,910.4,916.62,0.9858
28_49,1183.92,1198.71,0.9828
28_49,793.01,801.87,0.9813
28_49,1165.59,1183.35,0.9668
28_49,989.36,1005.33,0.9648
28_49,803.05,862.72,0.9583
28_49,1199.91,1218.82,0.1351
28_49,910.4,916.61,0.1343
28_49,707.89,782.86,0.1332
28_49,1145.49,1156.71,0.1324
28_49,882.65,906.13,0.1322
28_49,916.63,938.47,0.1317
28_49,620.96,692.94,0.1311
28_49,1111.19,1127.16,0.1299
28_49,701.98,714.0,0.0235
28_49,863.4,869.49,0.0197
28_49,1127.57,1148.76,0.0158
28_49,848.48,862.37,0.0109
28_49,1092.86,1105.08,0.0105
28_49,1186.07,1198.38,0.0069
28_49,1142.01,1161.31,0.0068
28_49,1079.12,1093.3,0.006
28_49,805.19,851.45,0.0055
28_49,1003.69,1076.8,0.0054
28_49,864.54,884.47,0.0043
28_49,1008.69,1021.26,0.0043
28_49,1156.49,1165.69,0.0041
28_49,960.26,1005.28,0.0041
28_49,1105.79,1108.93,0.004
28_49,1141.49,1215.41,0.0039
28_49,619.9,643.13,0.0039
28_49,611.16,617.15,0.0036
28_49,871.79,908.87,0.0033
28_49,704.3,709.38,0.0028
28_49,937.12,954.8,0.0027
28_49,1073.03,1103.46,0.0027
28_49,990.97,1004.82,0.0025
28_49,1169.71,1172.79,0.0025
28_49,705.9,748.83,0.0023
28_49,765.6,772.67,0.0021
28_49,1226.47,1228.8,0.002
28_49,794.5,799.61,0.0019
28_49,619.27,631.58,0.0018
28_49,1176.75,1183.03,0.0017
28_49,1179.33,1198.3,0.0015
28_49,1224.64,1228.8,0.0014
28_49,1135.81,1138.22,0.0013
28_49,911.4,914.58,0.0013
28_49,619.65,674.43,0.0013
28_49,1146.9,1153.44,0.0012
28_49,802.14,811.27,0.0012
28_49,1127.12,1137.71,0.0012
28_49,1107.96,1125.1,0.0011
28_49,1011.42,1058.74,0.0011
28_49,713.89,795.37,0.001
28_49,998.22,1004.18,0.001
5_28,644.7,693.16,0.9987
5_28,771.6,791.41,0.9965
5_28,750.8,764.14,0.9961
5_28,791.46,796.19,0.9936
5_28,693.54,707.76,0.9924
5_28,798.22,804.01,0.9924
5_28,616.68,628.59,0.9847
5_28,724.85,735.11,0.9829
5_28,707.78,712.72,0.9734
5_28,735.53,750.53,0.9712
5_28,628.71,643.6,0.971
5_28,764.19,771.35,0.9689
5_28,750.79,764.13,0.1327
5_28,644.71,693.18,0.1324
5_28,693.54,707.76,0.1315
5_28,863.15,865.96,0.0219
5_28,642.34,645.22,0.0191
5_28,750.8,764.13,0.0176
5_28,680.62,693.59,0.014
5_28,865.89,868.58,0.0069
5_28,819.27,832.03,0.0066
5_28,763.35,773.53,0.0063
5_28,708.69,726.36,0.0057
5_28,626.96,629.57,0.005
5_28,741.87,747.77,0.0043
5_28,670.19,682.1,0.0043
5_28,712.02,714.3,0.004
5_28,881.11,887.45,0.0037
5_28,842.24,864.03,0.0036
5_28,728.67,750.15,0.0031
5_28,871.02,876.22,0.0028
5_28,764.48,767.2,0.0027
5_28,643.15,653.95,0.0024
5_28,620.19,625.77,0.0022
5_28,868.06,905.35,0.0021
5_28,679.58,686.05,0.0019
5_28,808.69,814.92,0.0018
5_28,628.63,647.79,0.0018
5_28,720.29,726.37,0.0015
5_28,926.95,966.64,0.0013
5_28,645.22,668.44,0.0012
5_28,868.35,871.33,0.0012
5_28,629.06,631.92,0.0012
5_28,606.4,645.38,0.0012
5_28,789.74,813.72,0.0011
5_28,847.8,859.1,0.0011
5_28,953.02,958.73,0.0011
5_28,738.72,749.6,0.001
28_29,632.38,651.52,0.9988
28_29,729.34,762.55,0.9986
28_29,890.68,902.06,0.9985
28_29,768.26,773.04,0.9983
28_29,904.16,915.23,0.9963
28_29,655.11,679.95,0.9926
28_29,681.15,722.46,0.9907
28_29,858.65,871.22,0.9896
28_29,773.37,814.94,0.9895
28_29,834.44,853.25,0.9882
28_29,814.95,823.33,0.9854
28_29,762.27,767.65,0.9822
28_29,726.35,728.75,0.9786
28_29,871.23,886.49,0.9613
28_29,768.26,773.04,0.1353
28_29,904.15,915.22,0.1351
28_29,632.37,651.51,0.1347
28_29,729.33,762.59,0.1344
28_29,655.11,679.92,0.1341
28_29,858.66,871.22,0.134
28_29,1089.98,1096.62,0.0143
28_29,621.17,632.18,0.0136
28_29,703.9,706.29,0.008
28_29,767.34,776.67,0.0076
28_29,798.54,801.47,0.0064
28_29,711.62,714.56,0.0051
28_29,589.21,633.57,0.0046
28_29,733.14,738.49,0.0046
28_29,649.93,652.4,0.0044
28_29,728.77,731.43,0.0044
28_29,850.01,860.04,0.004
28_29,1047.23,1087.04,0.0037
28_29,855.76,875.31,0.0037
28_29,1069.07,1074.72,0.0035
28_29,818.89,821.59,0.0035
28_29,749.37,761.45,0.0035
28_29,791.21,793.93,0.0032
28_29,793.96,796.24,0.0032
28_29,893.55,896.13,0.003
28_29,843.35,846.42,0.0027
28_29,996.01,998.93,0.0026
28_29,1123.48,1129.54,0.0025
28_29,740.16,742.5,0.0025
28_29,773.33,775.68,0.0024
28_29,776.58,789.65,0.0022
28_29,832.96,851.36,0.0021
28_29,805.18,816.17,0.0021
28_29,1027.45,1030.08,0.002
28_29,935.44,938.34,0.002
28_29,756.3,758.72,0.0018
28_29,690.23,693.12,0.0018
28_29,881.58,886.5,0.0018
28_29,1053.82,1056.27,0.0015
28_29,698.38,718.42,0.0014
28_29,805.7,808.38,0.0014
28_29,717.77,729.12,0.0014
28_29,943.93,949.96,0.0014
28_29,658.55,664.11,0.0014
28_29,1088.58,1099.02,0.0014
28_29,742.12,748.81,0.0013
28_29,795.04,797.64,0.0012
28_29,607.18,621.79,0.0012
28_29,1102.53,1124.08,0.0012
28_29,634.39,645.71,0.0012
28_29,882.94,892.62,0.0012
28_29,682.23,687.13,0.0012
28_29,714.94,717.79,0.0012
28_29,982.63,985.62,0.0012
28_29,1044.56,1050.49,0.0011
28_29,783.19,804.23,0.001
28_29,701.18,703.71,0.001
28_29,914.65,917.15,0.001
28_29,742.28,744.66,0.001
4_24,1186.56,1193.51,0.9987
4_24,916.48,928.32,0.9977
4_24,1199.77,1207.55,0.9969
4_24,1105.21,1184.49,0.9957
4_24,795.38,812.16,0.9944
4_24,947.81,951.98,0.9943
4_24,729.95,750.83,0.9943
4_24,832.96,852.77,0.9934
4_24,632.47,685.37,0.9934
4_24,899.78,906.05,0.9921
4_24,890.03,899.27,0.9909
4_24,952.17,1086.45,0.9882
4_24,874.72,880.98,0.9808
4_24,1223.44,1228.8,0.9619
4_24,795.35,812.19,0.1355
4_24,947.81,951.99,0.1349
4_24,899.78,906.04,0.1344
4_24,832.98,852.73,0.1342
4_24,632.51,685.36,0.1332
4_24,916.48,928.31,0.1328
4_24,729.95,750.82,0.1326
4_24,1186.55,1193.51,0.1319
4_24,890.02,899.28,0.1317
4_24,822.79,833.16,0.037
4_24,923.05,928.54,0.0226
4_24,947.81,951.99,0.0181
4_24,1145.73,1168.5,0.0092
4_24,1067.15,1120.11,0.0091
4_24,1122.97,1143.53,0.0074
4_24,1208.82,1213.65,0.0067
4_24,1222.46,1228.8,0.006
4_24,953.49,956.05,0.0057
4_24,826.03,855.84,0.0054
4_24,916.72,922.67,0.0051
4_24,910.26,913.32,0.0045
4_24,795.23,802.22,0.0041
4_24,927.43,932.9,0.0036
4_24,956.2,1031.26,0.0032
4_24,856.19,877.77,0.0032
4_24,959.15,965.0,0.0031
4_24,1215.5,1228.8,0.003
4_24,975.29,977.78,0.003
4_24,817.5,820.82,0.0028
4_24,951.47,957.9,0.0028
4_24,1190.42,1199.94,0.0027
4_24,710.27,729.75,0.0024
4_24,780.1,794.43,0.0024
4_24,1182.2,1187.14,0.0024
4_24,889.78,907.45,0.0023
4_24,730.11,743.44,0.0022
4_24,792.52,824.83,0.0019
4_24,823.14,825.23,0.0018
4_24,662.6,685.34,0.0017
4_24,1222.85,1228.8,0.0016
4_24,1187.08,1190.39,0.0015
4_24,882.14,888.41,0.0015
4_24,1097.8,1174.94,0.0015
4_24,899.01,907.57,0.0013
4_24,1200.37,1203.87,0.0013
4_24,729.87,736.5,0.0012
4_24,873.79,880.48,0.0012
4_24,735.06,782.34,0.0012
4_24,812.91,815.86,0.0012
4_24,832.39,908.65,0.0011
4_24,794.16,809.45,0.001
4_24,689.22,730.14,0.001
17_28,767.58,780.9,0.9981
17_28,709.03,718.66,0.9967
17_28,784.87,806.79,0.9943
17_28,819.52,823.08,0.9915
17_28,824.13,828.03,0.9892
17_28,736.14,752.11,0.9882
17_28,756.41,764.35,0.9806
17_28,815.13,819.13,0.9457
17_28,709.04,718.67,0.1347
17_28,767.58,780.9,0.1343
17_28,784.87,806.78,0.1334
17_28,736.15,752.1,0.1332
17_28,824.13,828.03,0.1329
17_28,756.41,764.35,0.132
17_28,990.09,995.83,0.0266
17_28,767.58,780.92,0.018
17_28,736.14,752.11,0.0179
17_28,756.41,764.35,0.0177
17_28,824.13,828.03,0.0175
17_28,945.18,951.22,0.0095
17_28,987.99,999.6,0.0087
17_28,775.56,814.47,0.0085
17_28,814.13,820.09,0.0066
17_28,992.9,995.32,0.006
17_28,637.67,640.22,0.006
17_28,969.26,993.5,0.0059
17_28,932.61,935.24,0.0056
17_28,765.97,768.7,0.0053
17_28,643.19,653.91,0.0053
17_28,615.28,626.39,0.0039
17_28,995.93,998.78,0.0034
17_28,977.96,989.27,0.0033
17_28,807.0,818.79,0.0033
17_28,650.82,653.75,0.0033
17_28,943.14,945.7,0.0031
17_28,861.34,898.66,0.0031
17_28,818.42,824.64,0.0028
17_28,698.6,709.68,0.0027
17_28,719.74,737.13,0.0026
17_28,991.51,994.54,0.0025
17_28,975.37,1018.33,0.0024
17_28,655.31,666.64,0.0023
17_28,696.69,699.48,0.0022
17_28,960.18,972.62,0.0021
17_28,711.77,717.33,0.0021
17_28,738.16,744.63,0.002
17_28,828.58,831.25,0.0018
17_28,876.36,915.11,0.0017
17_28,662.51,704.89,0.0016
17_28,953.6,960.02,0.0015
17_28,607.65,621.22,0.0015
17_28,986.45,996.86,0.0014
17_28,1017.12,1020.14,0.0014
17_28,804.97,825.17,0.0013
17_28,625.76,637.27,0.0013
17_28,934.55,1012.46,0.0013
17_28,744.24,749.46,0.0012
17_28,842.43,848.83,0.0012
17_28,612.55,616.76,0.0012
17_28,734.65,737.6,0.0012
17_28,930.21,933.27,0.0011
17_28,683.23,686.28,0.001
17_28,1014.22,1017.13,0.001
29_129,742.39,772.25,0.9991
29_129,682.42,700.02,0.9989
29_129,701.58,708.69,0.9958
29_129,833.27,1091.21,0.9944
29_129,645.62,679.93,0.9931
29_129,614.4,643.77,0.9922
29_129,709.62,737.11,0.9917
29_129,817.18,829.58,0.9871
29_129,1091.4,1107.76,0.9861
29_129,778.66,808.55,0.9742
29_129,701.58,708.69,0.1352
29_129,645.62,679.94,0.1344
29_129,709.6,737.11,0.1343
29_129,614.42,643.76,0.1343
29_129,832.96,1091.12,0.1319
29_129,742.39,772.26,0.1298
29_129,671.74,674.4,0.0216
29_129,701.58,708.68,0.0181
29_129,614.39,643.77,0.0179
29_129,742.4,772.27,0.0174
29_129,839.53,842.4,0.0113
29_129,979.06,981.53,0.0111
29_129,884.36,891.11,0.0093
29_129,1056.12,1094.98,0.0089
29_129,927.15,929.97,0.0075
29_129,711.7,717.27,0.0055
29_129,1093.32,1164.58,0.0052
29_129,772.51,813.45,0.0047
29_129,1040.67,1043.39,0.0037
29_129,1026.17,1048.09,0.0033
29_129,1130.57,1143.32,0.0033
29_129,839.25,842.01,0.0032
29_129,1120.94,1125.81,0.0032
29_129,1059.25,1070.6,0.0029
29_129,1159.43,1165.67,0.0029
29_129,926.25,931.41,0.0028
29_129,807.5,831.42,0.0026
29_129,982.28,1006.4,0.0023
29_129,878.12,880.6,0.0023
29_129,862.99,869.14,0.0023
29_129,986.26,989.03,0.0022
29_129,923.48,944.97,0.0022
29_129,653.37,677.19,0.0022
29_129,1129.75,1132.69,0.0021
29_129,622.06,624.94,0.0021
29_129,958.84,986.75,0.0021
29_129,732.31,737.4,0.0019
29_129,1056.26,1061.98,0.0019
29_129,1105.91,1108.53,0.0019
29_129,1077.26,1083.68,0.0017
29_129,670.92,675.21,0.0017
29_129,941.3,953.42,0.0016
29_129,709.96,722.93,0.0016
29_129,1155.81,1158.85,0.0016
29_129,1107.87,1110.94,0.0016
29_129,1105.02,1124.38,0.0015
29_129,929.84,935.05,0.0015
29_129,1092.1,1094.58,0.0015
29_129,685.87,691.56,0.0015
29_129,901.6,907.6,0.0013
29_129,926.65,1002.22,0.0013
29_129,1158.66,1170.64,0.0013
29_129,614.63,617.25,0.0012
29_129,749.11,751.85,0.0012
29_129,1021.05,1023.42,0.0011
29_129,793.04,798.5,0.0011
29_129,709.09,712.61,0.0011
29_129,974.81,977.05,0.0011
29_129,837.62,843.61,0.001
29_129,1060.6,1066.59,0.001
29_15,917.78,934.97,0.9991
29_15,844.97,915.65,0.9977
29_15,937.32,1121.61,0.9977
29_15,661.95,706.98,0.9974
29_15,615.44,659.64,0.9965
29_15,708.56,754.48,0.995
29_15,1122.51,1140.6,0.993
29_15,758.51,771.35,0.9927
29_15,774.71,830.54,0.9835
29_15,833.53,843.88,0.9826
29_15,1101.34,1117.32,0.9433
29_15,845.0,915.61,0.1348
29_15,937.09,1120.98,0.1346
29_15,758.52,771.36,0.1325
29_15,666.33,677.19,0.0136
29_15,773.02,847.79,0.008
29_15,806.7,812.45,0.0063
29_15,798.45,801.42,0.006
29_15,764.34,769.74,0.0057
29_15,917.71,930.16,0.0054
29_15,790.66,796.85,0.0044
29_15,724.64,727.83,0.0044
29_15,941.94,961.04,0.0037
29_15,642.16,648.49,0.0037
29_15,660.72,680.12,0.0036
29_15,968.51,971.33,0.0034
29_15,702.79,709.04,0.0031
29_15,712.13,715.23,0.0028
29_15,778.27,780.9,0.0026
29_15,643.01,662.18,0.0026
29_15,834.4,844.87,0.0026
29_15,730.24,733.2,0.0026
29_15,740.86,752.36,0.0025
29_15,1043.04,1087.57,0.0024
29_15,688.28,691.15,0.0024
29_15,775.83,778.15,0.0022
29_15,870.54,876.72,0.002
29_15,981.56,984.38,0.0019
29_15,1076.46,1087.86,0.0019
29_15,886.04,888.67,0.0019
29_15,905.38,916.17,0.0018
29_15,826.34,828.98,0.0017
29_15,614.44,620.52,0.0014
29_15,939.1,942.18,0.0014
29_15,709.33,776.7,0.0013
29_15,621.64,632.69,0.0013
29_15,829.23,831.63,0.0013
29_15,960.05,963.27,0.0013
29_15,1115.53,1212.63,0.0012
29_15,854.25,856.85,0.0012
29_15,719.0,725.25,0.0011
29_15,979.36,981.92,0.0011
29_15,652.36,655.35,0.001
29_15,885.1,892.0,0.001
29_15,1028.3,1034.55,0.001
29_15,713.92,719.82,0.001
22_21,704.76,716.81,0.9996
22_21,921.89,934.61,0.9995
22_21,735.13,745.24,0.9994
22_21,747.21,762.14,0.9994
22_21,835.53,921.9,0.9988
22_21,764.91,783.81,0.9968
22_21,945.89,975.55,0.995
22_21,976.33,981.44,0.9947
22_21,616.9,633.44,0.9932
22_21,786.7,835.21,0.9906
22_21,983.36,993.6,0.9877
22_21,721.31,730.43,0.9867
22_21,634.49,699.18,0.9764
22_21,941.06,945.4,0.9576
22_21,764.92,783.79,0.1357
22_21,921.89,934.61,0.1353
22_21,835.56,921.93,0.1351
22_21,616.92,633.44,0.1342
22_21,976.33,981.43,0.1339
22_21,945.88,975.55,0.1336
22_21,983.35,993.6,0.1332
22_21,634.56,655.34,0.0277
22_21,997.68,1003.55,0.0188
22_21,616.9,633.44,0.0182
22_21,945.88,975.54,0.0179
22_21,838.6,843.85,0.0122
22_21,710.86,716.3,0.0115
22_21,750.95,756.91,0.01
22_21,984.25,1062.83,0.01
22_21,850.78,853.77,0.0082
22_21,974.73,983.61,0.0072
22_21,903.76,922.0,0.0063
22_21,649.66,652.47,0.006
22_21,929.78,932.5,0.0055
22_21,987.08,989.61,0.0054
22_21,995.99,998.66,0.0053
22_21,746.56,788.62,0.0051
22_21,634.56,637.16,0.0047
22_21,683.43,758.75,0.0045
22_21,790.64,813.62,0.0043
22_21,685.28,688.49,0.0039
22_21,715.5,720.74,0.0038
22_21,1157.75,1160.38,0.0038
22_21,1058.86,1061.5,0.0034
22_21,766.79,778.14,0.0033
22_21,691.75,697.09,0.0032
22_21,791.85,797.28,0.0027
22_21,1102.8,1105.07,0.0026
22_21,1117.24,1122.52,0.0025
22_21,847.96,858.31,0.0025
22_21,713.93,753.85,0.0025
22_21,1072.71,1075.75,0.0024
22_21,626.13,707.38,0.0024
22_21,799.17,801.88,0.0023
22_21,1144.22,1156.35,0.0022
22_21,638.15,650.5,0.0022
22_21,780.95,783.81,0.0022
22_21,1024.45,1036.12,0.0022
22_21,807.18,811.98,0.0021
22_21,812.11,833.84,0.0021
22_21,920.31,936.92,0.0021
22_21,654.44,660.23,0.0018
22_21,707.34,710.58,0.0018
22_21,738.64,743.88,0.0018
22_21,1041.46,1047.28,0.0017
22_21,839.61,850.51,0.0017
22_21,1115.66,1128.2,0.0017
22_21,947.81,954.55,0.0016
22_21,1010.88,1013.68,0.0016
22_21,963.21,973.71,0.0015
22_21,848.59,893.54,0.0014
22_21,853.23,855.72,0.0014
22_21,972.27,977.08,0.0014
22_21,872.84,875.38,0.0014
22_21,634.14,639.38,0.0014
22_21,602.41,624.78,0.0014
22_21,748.28,766.46,0.0013
22_21,721.49,723.99,0.0012
22_21,959.1,962.12,0.0012
22_21,769.29,838.82,0.0012
22_21,1084.21,1089.36,0.0012
22_21,834.41,836.87,0.0011
22_21,1000.68,1007.05,0.0011
22_21,964.74,967.04,0.0011
22_21,935.93,941.26,0.001
13_44,661.36,680.81,0.9996
13_44,834.24,839.02,0.9984
13_44,682.11,727.79,0.9981
13_44,869.58,877.12,0.9965
13_44,738.4,745.47,0.9961
13_44,944.0,1012.3,0.9958
13_44,922.86,935.23,0.9905
13_44,751.21,822.21,0.9875
13_44,909.82,913.65,0.9802
13_44,887.6,898.97,0.9691
13_44,943.93,1012.35,0.1354
13_44,682.12,727.75,0.1349
13_44,834.24,839.02,0.1347
13_44,869.59,877.12,0.1339
13_44,922.86,935.23,0.1329
13_44,738.39,745.47,0.1282
13_44,897.14,907.35,0.0349
13_44,682.1,727.75,0.018
13_44,869.59,877.11,0.018
13_44,864.34,870.12,0.014
13_44,774.77,780.6,0.0096
13_44,1032.9,1038.09,0.0092
13_44,732.87,738.81,0.009
13_44,1137.95,1144.62,0.0076
13_44,941.1,961.46,0.0067
13_44,745.07,756.3,0.0063
13_44,759.8,762.42,0.0063
13_44,981.39,993.92,0.005
13_44,617.59,623.61,0.0049
13_44,1004.43,1009.72,0.0045
13_44,1132.99,1138.72,0.0043
13_44,636.71,660.99,0.004
13_44,868.23,888.11,0.004
13_44,863.45,869.32,0.0038
13_44,977.42,979.85,0.0037
13_44,768.11,779.91,0.0036
13_44,824.27,834.77,0.0036
13_44,910.4,913.36,0.0032
13_44,943.97,946.46,0.0031
13_44,893.24,896.29,0.003
13_44,979.67,982.07,0.0029
13_44,613.69,633.44,0.0028
13_44,952.75,975.71,0.0027
13_44,964.81,968.03,0.0025
13_44,975.2,977.76,0.0021
13_44,1097.66,1108.17,0.002
13_44,1018.1,1021.23,0.0019
13_44,892.69,934.55,0.0018
13_44,1073.18,1079.03,0.0017
13_44,630.3,641.62,0.0017
13_44,1118.71,1121.44,0.0016
13_44,811.15,813.43,0.0016
13_44,724.79,727.94,0.0016
13_44,734.8,737.4,0.0015
13_44,1032.14,1037.71,0.0014
13_44,876.28,886.39,0.0014
13_44,870.41,872.83,0.0012
13_44,821.77,827.24,0.0012
13_44,1155.49,1161.25,0.0012
13_44,808.47,811.65,0.0011
13_44,932.39,1002.71,0.0011
13_44,769.26,775.39,0.0011
13_44,1086.48,1089.52,0.001
23_18,1081.09,1136.15,1.0
23_18,1205.0,1228.8,0.9994
23_18,1188.58,1203.64,0.9984
23_18,647.42,676.49,0.9973
23_18,680.44,775.72,0.9947
23_18,1137.46,1147.94,0.9943
23_18,914.67,1023.74,0.9907
23_18,782.87,822.2,0.9894
23_18,1027.39,1071.9,0.9829
23_18,876.6,910.63,0.9782
23_18,616.67,644.18,0.9775
23_18,1181.34,1182.93,0.9747
23_18,828.79,875.88,0.9747
23_18,1155.16,1180.7,0.9433
23_18,647.45,676.46,0.1355
23_18,1188.59,1203.64,0.1352
23_18,680.44,775.65,0.1348
23_18,1204.98,1228.8,0.1336
23_18,1137.46,1147.94,0.1321
23_18,1181.33,1182.93,0.1304
23_18,1188.6,1203.65,0.0184
23_18,647.45,676.49,0.0182
23_18,918.49,978.35,0.0149
23_18,1148.84,1183.78,0.0135
23_18,1107.88,1131.95,0.0091
23_18,982.7,1019.67,0.0086
23_18,1137.83,1140.75,0.0084
23_18,856.95,876.58,0.0071
23_18,738.45,779.51,0.007
23_18,786.93,824.15,0.0067
23_18,1051.34,1071.58,0.0058
23_18,1071.31,1073.74,0.0053
23_18,615.12,645.83,0.0053
23_18,1081.65,1093.68,0.0043
23_18,723.66,729.23,0.004
23_18,1076.1,1078.73,0.0039
23_18,876.83,883.67,0.0031
23_18,828.11,867.05,0.0029
23_18,726.85,750.58,0.0026
23_18,841.4,844.23,0.0026
23_18,989.45,1014.79,0.0025
23_18,1196.15,1199.29,0.0024
23_18,751.42,776.68,0.0022
23_18,680.59,702.67,0.0021
23_18,674.15,676.08,0.0021
23_18,790.42,793.4,0.0019
23_18,1080.56,1083.58,0.0017
23_18,1075.96,1080.9,0.0017
23_18,1221.98,1228.8,0.0016
23_18,1131.7,1134.86,0.0014
23_18,981.38,993.56,0.0012
23_18,876.68,899.04,0.0012
23_18,817.19,823.66,0.0012
23_18,659.25,665.96,0.0011
23_18,775.43,778.88,0.001
23_18,916.13,998.72,0.001
23_18,1015.2,1022.01,0.001
3_18,842.45,870.45,0.9992
3_18,750.52,789.38,0.9992
3_18,972.7,995.79,0.9991
3_18,707.29,729.42,0.9977
3_18,891.6,927.49,0.9976
3_18,729.92,747.6,0.9973
3_18,872.44,890.11,0.9969
3_18,1036.1,1059.2,0.9968
3_18,618.31,683.22,0.9957
3_18,792.32,801.65,0.995
3_18,948.63,970.7,0.99
3_18,1059.19,1116.67,0.9877
3_18,811.49,826.73,0.9807
3_18,1003.18,1031.69,0.9759
3_18,842.45,870.46,0.1351
3_18,891.58,927.5,0.135
3_18,792.32,801.66,0.135
3_18,707.29,729.43,0.1347
3_18,872.45,890.11,0.1344
3_18,1036.11,1059.2,0.1341
3_18,972.71,995.79,0.1333
3_18,1059.17,1116.67,0.1326
3_18,1003.17,1031.67,0.1322
3_18,825.6,830.88,0.0225
3_18,842.45,870.46,0.0182
3_18,972.72,995.8,0.018
3_18,688.0,731.91,0.0108
3_18,786.92,791.86,0.0098
3_18,860.88,867.3,0.0088
3_18,881.76,884.84,0.0073
3_18,1124.14,1130.93,0.0069
3_18,665.82,668.68,0.0064
3_18,708.66,721.01,0.0057
3_18,626.65,670.22,0.0057
3_18,969.77,974.35,0.0041
3_18,1103.14,1109.01,0.0041
3_18,1140.51,1146.33,0.0039
3_18,757.5,769.88,0.0038
3_18,860.35,863.54,0.0033
3_18,996.08,1034.98,0.0032
3_18,1050.29,1131.62,0.0031
3_18,750.1,756.19,0.003
3_18,1053.55,1056.1,0.0029
3_18,743.3,827.87,0.0029
3_18,677.29,679.26,0.0024
3_18,927.94,937.93,0.0024
3_18,652.25,657.45,0.0024
3_18,1148.86,1192.11,0.0023
3_18,657.24,660.06,0.0023
3_18,631.37,638.03,0.0022
3_18,871.4,873.56,0.0021
3_18,1059.53,1083.69,0.0021
3_18,951.2,999.44,0.002
3_18,911.04,917.2,0.0018
3_18,996.39,1002.69,0.0017
3_18,759.09,766.23,0.0016
3_18,1158.2,1160.39,0.0016
3_18,971.27,974.26,0.0016
3_18,879.24,890.35,0.0016
3_18,778.42,781.06,0.0015
3_18,1152.87,1159.4,0.0015
3_18,704.53,709.34,0.0015
3_18,1112.26,1123.94,0.0015
3_18,632.04,634.87,0.0014
3_18,780.67,793.28,0.0013
3_18,838.13,840.73,0.0013
3_18,1096.86,1102.92,0.0013
3_18,810.81,835.3,0.0012
3_18,646.54,652.25,0.0012
3_18,943.23,948.53,0.0012
3_18,904.81,928.66,0.0011
3_18,680.47,753.62,0.0011
3_18,638.46,644.07,0.0011
3_18,754.31,760.04,0.0011
3_18,830.99,834.04,0.0011
3_18,1159.03,1170.44,0.0011
3_18,956.09,968.04,0.0011
3_18,807.44,813.65,0.0011
3_18,619.15,631.2,0.001
16_23,1169.21,1174.11,0.9992
16_23,867.97,917.98,0.9987
16_23,1211.75,1225.88,0.9985
16_23,713.19,725.4,0.9985
16_23,972.03,1054.29,0.9985
16_23,814.51,858.14,0.9983
16_23,614.73,636.21,0.9973
16_23,688.03,711.87,0.9972
16_23,1162.63,1168.88,0.9967
16_23,919.96,961.72,0.9966
16_23,1174.77,1202.52,0.9959
16_23,1204.74,1209.52,0.9954
16_23,1078.83,1086.64,0.994
16_23,1122.42,1159.89,0.9918
16_23,636.59,661.74,0.9893
16_23,664.49,687.57,0.9864
16_23,1089.34,1096.63,0.9858
16_23,1226.46,1228.8,0.9782
16_23,726.42,757.84,0.972
16_23,761.14,813.76,0.9405
16_23,1211.74,1225.9,0.1356
16_23,971.97,1054.29,0.1353
16_23,713.19,725.4,0.1352
16_23,1169.22,1174.11,0.1338
16_23,868.07,917.98,0.1336
16_23,614.75,636.19,0.1331
16_23,1078.83,1086.64,0.133
16_23,1089.34,1096.63,0.1329
16_23,664.5,687.57,0.1328
16_23,1162.63,1168.88,0.1306
16_23,1174.79,1202.52,0.1298
16_23,1204.74,1209.53,0.1256
16_23,868.05,918.04,0.0182
16_23,838.04,860.18,0.0182
16_23,1211.75,1225.89,0.0179
16_23,1089.34,1096.63,0.0178
16_23,1078.83,1086.64,0.0176
16_23,827.88,834.03,0.0155
16_23,1109.91,1112.18,0.0132
16_23,920.15,942.98,0.0081
16_23,1202.96,1211.5,0.0078
16_23,1118.56,1158.11,0.0072
16_23,1121.42,1127.0,0.0068
16_23,740.74,743.83,0.0055
16_23,1055.72,1077.36,0.0053
16_23,982.14,984.69,0.0045
16_23,713.25,733.9,0.0045
16_23,785.48,810.85,0.0041
16_23,694.01,696.8,0.004
16_23,640.19,653.03,0.0039
16_23,657.68,660.56,0.0037
16_23,1030.02,1032.95,0.0037
16_23,1076.36,1110.69,0.0031
16_23,827.4,840.3,0.003
16_23,1173.53,1179.37,0.0029
16_23,1177.58,1190.71,0.0026
16_23,1170.16,1173.23,0.0025
16_23,864.05,870.19,0.0025
16_23,1067.77,1079.51,0.0023
16_23,837.45,843.9,0.0022
16_23,923.35,936.74,0.002
16_23,713.84,719.89,0.0019
16_23,1054.2,1056.58,0.0019
16_23,1096.34,1105.8,0.0019
16_23,726.96,740.49,0.0019
16_23,1122.36,1125.08,0.0018
16_23,916.14,920.82,0.0018
16_23,1133.69,1140.66,0.0018
16_23,678.07,683.2,0.0017
16_23,940.52,961.63,0.0016
16_23,1212.4,1221.96,0.0016
16_23,751.39,820.94,0.0015
16_23,700.82,706.69,0.0015
16_23,1051.84,1086.56,0.0013
16_23,1099.99,1102.76,0.0013
16_23,801.47,811.94,0.0012
16_23,859.33,864.34,0.0012
16_23,1202.54,1210.22,0.0012
16_23,907.77,913.91,0.0011
16_23,1129.14,1132.02,0.0011
16_23,1227.04,1228.8,0.0011
16_23,1090.12,1092.51,0.001
16_23,673.22,713.59,0.001
5_11,779.87,806.14,0.9991
5_11,820.44,909.99,0.9988
5_11,719.1,743.75,0.9983
5_11,751.5,771.31,0.9983
5_11,808.78,818.74,0.9976
5_11,954.35,983.09,0.9965
5_11,949.98,954.1,0.9964
5_11,1021.88,1063.18,0.9964
5_11,773.49,779.46,0.9942
5_11,983.52,1021.66,0.994
5_11,678.29,689.45,0.9937
5_11,700.07,716.73,0.9857
5_11,911.03,949.77,0.9782
5_11,616.81,676.17,0.9775
5_11,1063.88,1072.47,0.9684
5_11,716.85,718.0,0.9632
5_11,954.36,983.11,0.1351
5_11,949.98,954.1,0.1348
5_11,820.42,909.9,0.1347
5_11,678.3,689.45,0.1347
5_11,983.5,1021.67,0.1345
5_11,751.5,771.31,0.1344
5_11,808.78,818.74,0.1334
5_11,719.08,743.75,0.133
5_11,911.31,920.59,0.0272
5_11,620.91,626.71,0.0206
5_11,944.36,950.36,0.0194
5_11,954.37,983.11,0.0181
5_11,949.98,954.1,0.0179
5_11,953.8,959.63,0.0131
5_11,770.04,780.09,0.011
5_11,919.95,932.15,0.0099
5_11,1029.06,1040.49,0.0087
5_11,818.19,829.03,0.0083
5_11,779.02,820.21,0.0077
5_11,724.8,727.13,0.0066
5_11,1081.06,1122.58,0.0053
5_11,1041.7,1053.56,0.0051
5_11,618.16,661.97,0.0042
5_11,750.68,753.2,0.004
5_11,986.58,1010.39,0.0036
5_11,672.45,678.13,0.0035
5_11,966.9,979.43,0.003
5_11,696.42,719.8,0.003
5_11,928.93,931.4,0.0029
5_11,1023.97,1027.25,0.0028
5_11,921.55,924.78,0.0023
5_11,677.08,695.85,0.0023
5_11,707.11,713.74,0.0022
5_11,752.12,763.83,0.0022
5_11,1000.99,1013.13,0.0021
5_11,1116.55,1119.84,0.0021
5_11,953.8,956.49,0.002
5_11,775.35,812.4,0.0019
5_11,932.38,938.45,0.0018
5_11,867.59,889.44,0.0018
5_11,780.81,787.14,0.0018
5_11,1091.59,1097.0,0.0017
5_11,858.76,860.96,0.0017
5_11,714.4,716.76,0.0017
5_11,626.03,629.44,0.0016
5_11,658.06,664.2,0.0016
5_11,1067.47,1070.01,0.0015
5_11,849.82,860.55,0.0014
5_11,636.26,661.1,0.0014
5_11,745.15,750.56,0.0014
5_11,1100.61,1107.18,0.0013
5_11,819.18,825.45,0.0013
5_11,903.32,905.91,0.0013
5_11,734.02,736.75,0.0013
5_11,742.57,745.65,0.0012
5_11,1024.92,1031.42,0.0011
5_11,901.54,912.08,0.0011
5_11,818.56,821.15,0.0011
5_11,766.25,772.18,0.001
5_11,665.88,668.61,0.001
5_11,1049.65,1052.98,0.001
21_103,1004.54,1021.79,0.9995
21_103,719.24,738.92,0.9993
21_103,868.14,884.72,0.9988
21_103,982.45,1001.33,0.9988
21_103,694.02,709.73,0.9982
21_103,621.47,647.48,0.9969
21_103,755.5,801.91,0.9965
21_103,1055.73,1063.6,0.996
21_103,941.42,978.5,0.9955
21_103,1041.54,1053.35,0.9954
21_103,807.49,864.27,0.9953
21_103,1064.15,1076.56,0.9816
21_103,656.97,674.29,0.971
21_103,887.04,924.93,0.9656
21_103,693.99,709.76,0.137
21_103,982.46,1001.33,0.1357
21_103,868.16,884.7,0.1353
21_103,1004.52,1021.81,0.1347
21_103,941.43,978.51,0.1344
21_103,621.47,647.51,0.1341
21_103,923.59,942.28,0.0199
21_103,694.02,709.74,0.0185
21_103,1014.11,1016.74,0.0124
21_103,630.4,633.14,0.0102
21_103,949.1,970.04,0.0063
21_103,848.64,866.72,0.0063
21_103,1052.78,1055.77,0.006
21_103,672.46,694.38,0.0059
21_103,1012.57,1018.64,0.0058
21_103,1128.04,1138.35,0.0052
21_103,1063.39,1074.87,0.0045
21_103,940.91,946.96,0.0044
21_103,707.36,742.95,0.0043
21_103,792.55,798.79,0.0043
21_103,756.72,766.77,0.0036
21_103,976.85,1007.43,0.0033
21_103,796.48,799.35,0.0032
21_103,1083.93,1086.65,0.003
21_103,967.68,970.49,0.003
21_103,865.31,871.52,0.0028
21_103,851.24,856.83,0.0027
21_103,1057.18,1078.1,0.0025
21_103,1021.77,1059.89,0.0024
21_103,666.04,671.7,0.0024
21_103,1085.42,1088.2,0.0024
21_103,1141.08,1143.77,0.0023
21_103,1149.9,1156.26,0.0023
21_103,802.58,805.22,0.0022
21_103,740.58,752.29,0.0022
21_103,886.3,889.61,0.0021
21_103,729.5,735.92,0.002
21_103,1009.28,1020.79,0.002
21_103,968.75,981.0,0.0019
21_103,815.56,818.5,0.0017
21_103,639.25,641.4,0.0016
21_103,1087.5,1130.35,0.0016
21_103,768.67,792.9,0.0016
21_103,746.96,752.73,0.0013
21_103,838.53,844.24,0.0013
21_103,1091.8,1094.83,0.0013
21_103,888.54,911.14,0.0013
21_103,1143.54,1146.44,0.0013
21_103,928.96,939.81,0.0012
21_103,679.53,685.91,0.0012
21_103,944.91,947.52,0.0012
21_103,1019.06,1021.63,0.0012
21_103,1075.42,1087.32,0.0012
21_103,912.98,919.54,0.0011
21_103,694.95,700.29,0.0011
21_103,1135.27,1147.18,0.0011
21_103,767.13,769.82,0.0011
21_103,1021.83,1042.32,0.0011
21_103,897.21,903.22,0.001
21_103,639.16,726.43,0.001
21_29,892.15,898.49,0.9991
21_29,883.36,890.2,0.9991
21_29,766.19,797.45,0.9991
21_29,839.94,882.41,0.9987
21_29,677.86,700.31,0.9984
21_29,654.92,671.01,0.9961
21_29,904.85,914.59,0.9943
21_29,625.61,651.02,0.9919
21_29,914.6,920.94,0.9812
21_29,897.52,905.81,0.9749
21_29,737.91,766.19,0.973
21_29,701.77,733.0,0.9427
21_29,797.41,882.3,0.6017
21_29,766.18,797.48,0.135
21_29,883.36,890.19,0.1348
21_29,892.14,898.49,0.1343
21_29,904.85,914.59,0.134
21_29,654.92,671.01,0.1338
21_29,625.61,650.99,0.1335
21_29,677.85,700.31,0.1331
21_29,914.6,920.94,0.129
21_29,897.52,905.8,0.1251
21_29,1043.46,1064.53,0.0187
21_29,766.22,797.45,0.0184
21_29,892.15,898.49,0.0178
21_29,883.36,890.19,0.0178
21_29,842.29,844.91,0.0104
21_29,795.47,805.24,0.0099
21_29,626.49,632.33,0.0096
21_29,727.46,764.38,0.0087
21_29,1090.18,1093.21,0.0067
21_29,760.78,766.27,0.0058
21_29,865.5,884.57,0.0055
21_29,756.73,759.97,0.0052
21_29,614.24,619.26,0.0049
21_29,1082.11,1120.44,0.0046
21_29,659.92,671.05,0.0046
21_29,948.46,954.42,0.0039
21_29,1027.39,1030.04,0.0039
21_29,1061.97,1064.78,0.0037
21_29,764.84,775.87,0.0036
21_29,799.77,820.66,0.0035
21_29,1112.49,1123.51,0.0031
21_29,798.36,804.04,0.0029
21_29,614.84,626.11,0.0028
21_29,702.63,722.67,0.0027
21_29,1023.66,1026.56,0.0027
21_29,965.26,975.71,0.0022
21_29,1136.3,1146.18,0.0022
21_29,654.56,656.86,0.0022
21_29,996.25,999.29,0.0021
21_29,1046.96,1056.92,0.0021
21_29,779.62,795.59,0.0021
21_29,626.59,636.84,0.002
21_29,922.68,925.79,0.0019
21_29,806.88,812.55,0.0018
21_29,726.61,732.43,0.0018
21_29,1012.94,1015.86,0.0018
21_29,913.59,924.06,0.0017
21_29,701.48,706.88,0.0017
21_29,1070.11,1081.01,0.0017
21_29,801.95,804.58,0.0016
21_29,688.89,701.13,0.0016
21_29,898.36,981.9,0.0016
21_29,864.43,866.94,0.0016
21_29,619.84,658.54,0.0015
21_29,1143.8,1223.46,0.0015
21_29,807.06,892.97,0.0015
21_29,1029.22,1033.99,0.0015
21_29,1007.55,1018.35,0.0015
21_29,732.47,735.41,0.0014
21_29,664.35,666.81,0.0014
21_29,816.85,819.45,0.0014
21_29,958.31,970.37,0.0013
21_29,719.48,730.36,0.0013
21_29,629.16,631.65,0.0012
21_29,765.76,768.25,0.0012
21_29,882.67,891.6,0.0012
21_29,814.34,817.71,0.0012
21_29,938.46,944.94,0.0012
21_29,1095.63,1115.28,0.0012
21_29,984.1,989.77,0.0011
21_29,680.05,690.35,0.0011
21_29,890.58,899.0,0.0011
21_29,1008.74,1011.5,0.0011
21_29,751.8,762.29,0.001
21_29,735.66,738.19,0.001
21_29,619.51,622.15,0.001
21_29,849.2,855.08,0.001
21_17,854.88,942.56,0.9995
21_17,746.12,783.01,0.9994
21_17,1105.11,1117.63,0.9994
21_17,965.73,1029.45,0.9981
21_17,1057.3,1074.77,0.9981
21_17,947.3,960.41,0.9979
21_17,633.09,644.47,0.9972
21_17,716.01,733.88,0.9971
21_17,698.12,707.87,0.9966
21_17,1098.17,1102.85,0.9947
21_17,1030.75,1055.47,0.9934
21_17,821.84,851.56,0.9896
21_17,671.3,681.05,0.9862
21_17,1091.05,1098.56,0.9705
21_17,854.8,942.67,0.1358
21_17,746.11,783.0,0.1352
21_17,698.12,707.88,0.135
21_17,1030.77,1055.45,0.1349
21_17,633.1,644.47,0.1344
21_17,965.77,1029.47,0.134
21_17,947.28,960.42,0.1335
21_17,965.74,1029.5,0.0182
21_17,783.7,858.84,0.0177
21_17,707.61,713.32,0.0126
21_17,970.42,993.27,0.0114
21_17,785.76,788.67,0.0095
21_17,1125.51,1136.7,0.009
21_17,900.09,902.51,0.0077
21_17,674.15,680.51,0.0071
21_17,902.94,940.85,0.007
21_17,1010.79,1016.04,0.0065
21_17,631.23,634.03,0.0052
21_17,677.08,697.96,0.0047
21_17,655.3,660.96,0.004
21_17,893.08,898.74,0.0037
21_17,856.53,891.02,0.0037
21_17,718.36,728.97,0.0035
21_17,825.78,837.64,0.0032
21_17,1011.34,1014.37,0.0031
21_17,849.71,852.73,0.003
21_17,1142.81,1161.06,0.0029
21_17,757.66,763.55,0.0027
21_17,911.36,916.82,0.0027
21_17,742.23,747.08,0.0025
21_17,750.2,752.95,0.0025
21_17,600.82,624.43,0.0024
21_17,1054.93,1073.48,0.0024
21_17,1026.29,1060.92,0.0023
21_17,728.78,740.06,0.0021
21_17,838.18,844.8,0.002
21_17,713.03,718.85,0.002
21_17,1002.08,1011.91,0.002
21_17,886.98,892.6,0.0018
21_17,1080.1,1082.92,0.0018
21_17,826.67,832.75,0.0018
21_17,614.7,617.4,0.0017
21_17,1127.7,1133.59,0.0017
21_17,902.82,908.37,0.0015
21_17,783.79,822.91,0.0015
21_17,620.03,663.1,0.0014
21_17,748.99,770.93,0.0014
21_17,954.8,957.95,0.0014
21_17,959.44,962.47,0.0014
21_17,1106.34,1146.03,0.0014
21_17,669.93,679.85,0.0013
21_17,737.07,743.49,0.0013
21_17,1108.4,1114.79,0.0012
21_17,872.16,877.59,0.0011
21_17,713.7,716.63,0.0011
21_17,854.25,856.86,0.0011
21_17,858.91,861.7,0.0011
21_17,728.14,731.16,0.001
21_17,1071.49,1076.74,0.001
21_17,734.84,804.89,0.001
12_2,767.96,780.85,0.9998
12_2,714.97,732.78,0.9991
12_2,787.78,803.88,0.9985
12_2,745.92,754.56,0.9951
12_2,813.31,830.62,0.994
12_2,690.94,700.35,0.9932
12_2,642.14,654.76,0.9889
12_2,660.72,687.93,0.9882
12_2,629.26,634.22,0.9806
12_2,767.95,780.84,0.1357
12_2,787.78,803.89,0.1356
12_2,714.97,732.79,0.1348
12_2,745.92,754.55,0.1348
12_2,813.3,830.62,0.1338
12_2,968.54,1041.06,0.0235
12_2,787.8,803.9,0.0184
12_2,767.98,780.83,0.018
12_2,834.41,840.01,0.0134
12_2,619.84,641.92,0.013
12_2,851.65,863.31,0.0103
12_2,877.47,889.26,0.0089
12_2,895.19,932.51,0.007
12_2,773.98,776.65,0.0063
12_2,693.25,699.7,0.0049
12_2,841.59,848.07,0.0045
12_2,803.39,814.24,0.0041
12_2,926.66,937.22,0.004
12_2,734.53,746.4,0.0039
12_2,816.15,826.87,0.0037
12_2,711.12,788.05,0.0036
12_2,897.59,902.56,0.0035
12_2,666.68,673.2,0.0035
12_2,619.07,630.71,0.0034
12_2,831.25,841.58,0.0033
12_2,966.93,978.25,0.0028
12_2,704.14,715.56,0.0026
12_2,802.52,805.04,0.0024
12_2,654.34,659.58,0.0023
12_2,983.84,989.59,0.0021
12_2,721.93,732.54,0.0021
12_2,637.23,643.02,0.002
12_2,924.17,944.98,0.0019
12_2,858.46,899.54,0.0019
12_2,651.73,654.0,0.0019
12_2,755.97,758.78,0.0019
12_2,861.35,864.44,0.0018
12_2,871.48,874.54,0.0018
12_2,685.23,690.78,0.0017
12_2,699.79,705.99,0.0016
12_2,612.67,616.1,0.0016
12_2,785.94,788.69,0.0016
12_2,671.4,681.75,0.0015
12_2,1033.01,1043.5,0.0015
12_2,885.35,906.45,0.0014
12_2,822.82,825.05,0.0014
12_2,858.8,861.54,0.0013
12_2,1020.76,1027.26,0.0013
12_2,723.24,726.16,0.0013
12_2,807.19,813.9,0.0013
12_2,660.21,666.54,0.0012
12_2,633.75,636.9,0.0011
12_2,881.1,887.84,0.0011
12_2,650.35,655.02,0.0011
12_2,614.4,616.66,0.001
12_2,734.32,740.11,0.001
12_2,976.08,978.93,0.001
8_44,679.08,700.07,0.9997
8_44,714.03,797.41,0.9995
8_44,618.23,647.04,0.9946
8_44,703.66,713.89,0.9921
8_44,650.2,676.74,0.9868
8_44,679.09,700.05,0.136
8_44,650.13,676.75,0.1326
8_44,778.25,801.16,0.0061
8_44,642.79,648.05,0.0059
8_44,949.44,955.88,0.0052
8_44,704.68,710.34,0.005
8_44,744.0,746.94,0.0042
8_44,701.32,722.26,0.0039
8_44,822.7,833.24,0.0032
8_44,956.27,961.43,0.0024
8_44,614.67,650.34,0.0021
8_44,834.39,840.11,0.0021
8_44,768.51,773.94,0.0016
8_44,801.86,807.01,0.0014
8_44,780.74,783.99,0.0011
8_44,657.25,663.23,0.0011
8_44,699.77,718.41,0.0011
8_44,616.58,622.71,0.001
7_3,970.28,999.59,0.9992
7_3,927.85,937.84,0.9987
7_3,877.97,900.07,0.9979
7_3,864.53,876.7,0.9961
7_3,683.03,710.77,0.996
7_3,940.95,951.55,0.9949
7_3,711.52,861.37,0.9936
7_3,651.51,677.27,0.9935
7_3,903.52,921.94,0.9925
7_3,957.48,969.33,0.9912
7_3,1003.32,1025.14,0.9831
7_3,970.28,999.59,0.1349
7_3,877.98,900.06,0.1348
7_3,683.0,710.78,0.1346
7_3,957.48,969.33,0.1339
7_3,940.95,951.54,0.1314
7_3,970.29,999.55,0.0183
7_3,683.0,710.81,0.0182
7_3,899.1,901.6,0.01
7_3,925.21,942.69,0.0099
7_3,1008.73,1011.79,0.0086
7_3,903.99,906.32,0.0077
7_3,679.81,685.67,0.0076
7_3,942.06,969.42,0.0072
7_3,1066.55,1073.0,0.006
7_3,709.79,713.05,0.0058
7_3,1001.49,1023.8,0.0047
7_3,1068.65,1090.23,0.0042
7_3,1124.22,1130.69,0.0041
7_3,1041.88,1044.53,0.0037
7_3,982.16,985.06,0.0037
7_3,669.65,678.57,0.0036
7_3,918.07,929.29,0.0035
7_3,1051.5,1064.08,0.0033
7_3,686.53,693.37,0.0033
7_3,753.84,845.98,0.0029
7_3,1140.13,1151.19,0.0027
7_3,810.64,813.65,0.0027
7_3,759.04,761.86,0.0026
7_3,881.29,893.9,0.0025
7_3,770.12,773.18,0.0023
7_3,1024.65,1036.53,0.002
7_3,866.75,877.18,0.0019
7_3,651.37,673.27,0.0018
7_3,996.33,1002.25,0.0017
7_3,896.35,901.85,0.0016
7_3,968.79,974.65,0.0016
7_3,1154.28,1156.95,0.0016
7_3,616.82,628.49,0.0015
7_3,928.13,940.14,0.0014
7_3,819.43,825.52,0.0013
7_3,1146.24,1157.85,0.0013
7_3,1124.14,1126.64,0.0012
7_3,793.91,818.04,0.0012
7_3,685.06,697.6,0.0012
7_3,1128.16,1149.47,0.0012
7_3,855.06,878.5,0.0011
7_3,1060.45,1103.34,0.0011
7_3,745.11,750.48,0.0011
7_3,1020.78,1023.99,0.0011
7_3,900.39,903.41,0.0011
7_3,717.77,729.52,0.0011
7_3,700.11,711.19,0.0011
7_3,1065.38,1067.86,0.001
7_3,979.53,985.65,0.001
7_3,677.72,687.13,0.001
2_30,691.23,719.36,0.9977
2_30,662.61,671.15,0.9962
2_30,838.86,876.03,0.9956
2_30,720.36,729.89,0.9944
2_30,622.92,643.54,0.9942
2_30,645.03,661.58,0.993
2_30,777.59,794.19,0.9926
2_30,800.01,839.45,0.9919
2_30,767.57,776.6,0.9897
2_30,737.96,761.52,0.9894
2_30,729.4,736.93,0.9886
2_30,794.18,800.71,0.9788
2_30,672.65,680.68,0.9737
2_30,875.05,912.27,0.9718
2_30,691.22,719.33,0.1357
2_30,838.87,876.07,0.1347
2_30,622.93,643.53,0.1346
2_30,662.61,671.14,0.134
2_30,729.4,736.93,0.1337
2_30,794.18,800.71,0.1323
2_30,691.23,719.35,0.0182
2_30,729.4,736.93,0.0178
2_30,635.95,642.07,0.014
2_30,671.73,691.84,0.0139
2_30,651.32,662.87,0.0105
2_30,777.77,780.54,0.0094
2_30,617.57,657.37,0.0081
2_30,980.55,998.87,0.0078
2_30,907.12,912.58,0.0072
2_30,1018.9,1029.27,0.006
2_30,736.87,745.51,0.0059
2_30,845.83,868.94,0.0053
2_30,883.83,895.15,0.005
2_30,629.48,632.22,0.0043
2_30,981.65,987.13,0.0042
2_30,722.27,728.73,0.0039
2_30,1119.94,1126.3,0.0038
2_30,778.83,798.01,0.0036
2_30,1055.1,1061.3,0.0034
2_30,707.37,718.0,0.0033
2_30,863.45,868.71,0.0033
2_30,656.69,661.92,0.0031
2_30,1061.08,1082.24,0.0031
2_30,844.82,847.97,0.0028
2_30,1154.84,1160.3,0.0028
2_30,719.7,722.62,0.0023
2_30,1084.08,1120.2,0.0022
2_30,632.93,643.24,0.0022
2_30,780.55,785.6,0.0022
2_30,1076.26,1078.6,0.0021
2_30,875.96,886.05,0.0019
2_30,641.41,660.67,0.0017
2_30,984.62,1065.05,0.0017
2_30,1085.6,1090.93,0.0017
2_30,755.72,758.59,0.0017
2_30,807.4,817.56,0.0017
2_30,694.64,700.62,0.0015
2_30,980.29,990.59,0.0015
2_30,700.0,702.37,0.0015
2_30,962.69,982.49,0.0014
2_30,831.16,840.94,0.0014
2_30,817.73,829.05,0.0013
2_30,644.46,647.13,0.0012
2_30,937.76,941.06,0.0012
2_30,625.34,637.47,0.0012
2_30,956.06,958.85,0.0011
2_30,988.39,999.2,0.0011
2_30,840.34,853.01,0.0011
2_30,865.31,868.18,0.0011
2_30,807.88,810.37,0.0011
2_30,857.68,863.53,0.0011
2_30,608.33,619.2,0.0011
2_30,1020.43,1026.15,0.0011
2_30,815.76,898.73,0.0011
2_30,904.13,906.94,0.001
5_44,1141.97,1153.36,0.9997
5_44,1003.99,1019.79,0.999
5_44,1115.06,1131.44,0.9989
5_44,821.4,849.95,0.9987
5_44,1133.5,1138.39,0.9983
5_44,673.37,696.86,0.9972
5_44,995.23,1002.82,0.9969
5_44,1048.15,1114.03,0.9965
5_44,862.21,921.71,0.9953
5_44,729.72,788.54,0.9946
5_44,617.19,670.67,0.994
5_44,716.99,725.27,0.9932
5_44,926.25,967.06,0.9897
5_44,1020.7,1030.82,0.9824
5_44,790.51,812.42,0.9813
5_44,1030.9,1071.32,0.8417
5_44,995.22,1002.82,0.1352
5_44,862.19,921.74,0.1349
5_44,673.35,696.86,0.1349
5_44,617.16,670.69,0.1347
5_44,729.73,788.52,0.1331
5_44,1048.16,1113.97,0.1157
5_44,729.7,788.53,0.018
5_44,789.16,798.73,0.0133
5_44,981.82,988.81,0.0124
5_44,804.23,810.81,0.011
5_44,865.32,898.73,0.0076
5_44,823.46,826.63,0.0068
5_44,733.32,739.45,0.0063
5_44,789.38,791.49,0.0061
5_44,727.91,731.06,0.006
5_44,987.76,1027.84,0.006
5_44,690.52,727.59,0.0056
5_44,1031.55,1034.25,0.0053
5_44,793.92,806.14,0.0053
5_44,924.75,961.81,0.0039
5_44,781.79,791.83,0.0038
5_44,1134.72,1137.32,0.0036
5_44,670.44,673.3,0.0035
5_44,796.93,799.85,0.0035
5_44,689.54,695.16,0.0032
5_44,1090.37,1112.66,0.003
5_44,827.26,832.48,0.0029
5_44,1116.38,1155.47,0.0029
5_44,764.63,787.25,0.0027
5_44,813.46,857.29,0.0027
5_44,694.05,696.96,0.0026
5_44,1007.27,1019.56,0.0026
5_44,787.1,789.49,0.0026
5_44,675.58,723.0,0.0024
5_44,981.47,994.52,0.0023
5_44,645.97,667.79,0.0022
5_44,971.0,976.9,0.0022
5_44,654.46,657.68,0.0021
5_44,711.63,717.31,0.0021
5_44,795.93,801.75,0.002
5_44,773.62,776.26,0.0018
5_44,850.08,861.29,0.0018
5_44,1115.16,1134.53,0.0018
5_44,1136.88,1158.29,0.0017
5_44,1054.79,1098.15,0.0015
5_44,894.92,915.81,0.0015
5_44,724.42,730.79,0.0014
5_44,1037.91,1040.94,0.0013
5_44,904.71,907.54,0.0013
5_44,1136.98,1141.92,0.0013
5_44,1125.32,1131.6,0.0012
5_44,738.95,762.07,0.0012
5_44,1015.7,1018.38,0.0012
5_44,1031.47,1037.5,0.0011
5_44,1117.34,1206.85,0.0011
5_44,638.52,641.52,0.0011
5_44,791.08,858.52,0.0011
5_44,676.6,688.93,0.0011
5_44,728.81,734.57,0.0011
5_44,792.89,795.46,0.0011
16_1,652.51,690.57,0.9987
16_1,1177.29,1190.6,0.9985
16_1,1027.85,1032.64,0.9984
16_1,1103.19,1136.82,0.9972
16_1,710.13,722.04,0.9972
16_1,614.86,652.21,0.9971
16_1,931.73,955.86,0.9969
16_1,874.76,893.3,0.9967
16_1,690.85,709.82,0.9963
16_1,841.06,873.21,0.9958
16_1,723.33,794.04,0.9947
16_1,915.43,931.64,0.9946
16_1,956.49,970.39,0.993
16_1,1069.55,1093.67,0.9929
16_1,893.4,915.2,0.992
16_1,987.85,1027.67,0.9914
16_1,1137.28,1144.52,0.9893
16_1,1094.66,1102.78,0.9881
16_1,794.38,839.18,0.9865
16_1,1036.82,1069.01,0.9834
16_1,970.69,983.37,0.9796
16_1,1033.24,1036.07,0.972
16_1,1145.17,1176.28,0.9668
16_1,931.73,955.88,0.1351
16_1,710.13,722.04,0.1344
16_1,915.41,931.63,0.1342
16_1,1177.3,1190.62,0.1342
16_1,841.08,873.22,0.1337
16_1,956.5,970.39,0.1335
16_1,1069.54,1093.69,0.1334
16_1,1137.29,1144.52,0.1322
16_1,652.51,690.56,0.1321
16_1,1036.81,1069.01,0.1314
16_1,723.25,794.02,0.1307
16_1,1162.53,1176.56,0.0253
16_1,1014.6,1027.67,0.0216
16_1,1032.52,1036.93,0.0199
16_1,935.63,937.7,0.0193
16_1,915.43,931.63,0.0182
16_1,1177.3,1190.6,0.0182
16_1,841.04,873.25,0.0181
16_1,907.52,913.53,0.0179
16_1,1036.8,1069.0,0.0178
16_1,1028.25,1030.87,0.0167
16_1,1072.54,1148.8,0.0141
16_1,1039.24,1051.49,0.0109
16_1,616.03,653.47,0.0083
16_1,972.3,1040.86,0.0081
16_1,793.49,838.26,0.0062
16_1,621.38,624.45,0.0057
16_1,721.88,726.73,0.0054
16_1,688.71,707.97,0.0047
16_1,615.37,617.83,0.0044
16_1,1098.56,1101.14,0.0042
16_1,986.58,998.77,0.0042
16_1,768.32,792.88,0.0039
16_1,1140.27,1171.43,0.0035
16_1,881.63,888.63,0.0033
16_1,1106.82,1109.6,0.0032
16_1,942.57,949.82,0.0031
16_1,615.99,628.77,0.0031
16_1,1070.65,1073.56,0.0029
16_1,980.49,983.09,0.0021
16_1,667.0,689.34,0.0021
16_1,869.58,872.63,0.0019
16_1,987.48,989.74,0.0018
16_1,875.73,882.16,0.0018
16_1,1093.01,1101.98,0.0018
16_1,843.05,865.04,0.0017
16_1,1106.03,1112.62,0.0016
16_1,724.35,745.67,0.0016
16_1,1124.15,1130.47,0.0016
16_1,956.29,979.55,0.0015
16_1,1168.7,1176.08,0.0015
16_1,987.84,1009.11,0.0014
16_1,707.28,722.1,0.0014
16_1,861.73,874.16,0.0014
16_1,1068.58,1100.46,0.0013
16_1,722.94,725.58,0.0013
16_1,875.96,893.71,0.0013
16_1,1007.79,1025.94,0.0012
16_1,1033.52,1036.25,0.0012
16_1,1012.09,1014.51,0.0011
16_1,614.64,640.58,0.0011
16_1,1100.59,1111.06,0.0011
16_1,742.44,792.65,0.0011
16_1,856.34,862.61,0.0011
16_1,794.55,818.91,0.001
16_1,1180.46,1189.98,0.001
21_19,1141.16,1160.81,0.9997
21_19,804.06,831.58,0.9979
21_19,1199.15,1223.72,0.997
21_19,1121.5,1142.17,0.9955
21_19,698.88,771.66,0.9955
21_19,1033.08,1051.75,0.9951
21_19,1183.43,1197.19,0.9951
21_19,920.1,963.24,0.9919
21_19,1051.7,1118.6,0.9911
21_19,615.33,653.76,0.9875
21_19,1170.65,1183.43,0.9865
21_19,772.63,801.1,0.9774
21_19,655.68,683.19,0.9749
21_19,966.29,1024.19,0.9734
21_19,1051.73,1118.51,0.1348
21_19,655.72,683.21,0.1329
21_19,920.1,963.27,0.1327
21_19,772.63,801.14,0.1323
21_19,966.21,1024.2,0.1322
21_19,1033.07,1051.74,0.1319
21_19,804.07,831.61,0.1312
21_19,615.35,653.78,0.1308
21_19,833.51,923.53,0.0252
21_19,966.28,1024.16,0.0179
21_19,655.73,683.18,0.0178
21_19,969.1,971.46,0.0175
21_19,616.13,629.16,0.0138
21_19,1182.59,1184.31,0.0115
21_19,1140.76,1158.84,0.0086
21_19,1197.84,1221.09,0.0076
21_19,833.66,857.16,0.007
21_19,587.47,642.36,0.0066
21_19,1227.99,1228.8,0.004
21_19,966.63,972.2,0.0035
21_19,806.25,840.18,0.0033
21_19,708.65,731.11,0.0029
21_19,681.5,686.08,0.0029
21_19,1183.4,1194.64,0.0026
21_19,1051.79,1063.8,0.0025
21_19,1167.42,1184.43,0.0024
21_19,835.86,842.43,0.0023
21_19,961.51,963.8,0.0022
21_19,1061.33,1105.48,0.002
21_19,965.1,977.09,0.002
21_19,939.09,962.96,0.002
21_19,1187.41,1189.97,0.002
21_19,1025.44,1030.99,0.0019
21_19,1119.52,1197.63,0.0019
21_19,685.93,706.1,0.0018
21_19,627.76,650.82,0.0018
21_19,967.01,969.74,0.0016
21_19,921.3,947.4,0.0014
21_19,1036.08,1039.64,0.0014
21_19,1212.27,1223.77,0.0013
21_19,942.03,1026.03,0.0012
21_19,670.0,682.58,0.0012
21_19,1049.39,1051.43,0.0012
21_19,1073.13,1084.8,0.0012
21_19,981.9,987.21,0.0011
21_19,646.09,648.86,0.0011
21_19,1147.7,1150.02,0.001
10_42,821.39,834.8,0.9991
10_42,908.76,915.99,0.998
10_42,916.28,928.78,0.9979
10_42,614.27,714.66,0.9969
10_42,930.67,933.34,0.9968
10_42,929.07,930.67,0.9968
10_42,781.3,819.11,0.9958
10_42,717.41,733.08,0.9947
10_42,733.24,773.4,0.9921
10_42,941.07,942.93,0.9908
10_42,841.84,845.48,0.9902
10_42,774.0,778.68,0.9811
10_42,961.58,975.06,0.9761
10_42,895.55,905.5,0.9659
10_42,944.0,945.07,0.961
10_42,978.67,979.73,0.9454
10_42,942.94,944.0,0.9305
10_42,936.54,937.6,0.9292
10_42,803.74,818.66,0.7182
10_42,930.67,933.34,0.1344
10_42,908.76,915.99,0.1337
10_42,929.07,930.67,0.1336
10_42,916.29,928.78,0.1329
10_42,908.76,915.99,0.0178
10_42,949.25,951.53,0.0153
10_42,943.51,949.09,0.0114
10_42,757.21,763.27,0.0104
10_42,1086.63,1089.4,0.0093
10_42,1147.53,1150.04,0.0072
10_42,1004.41,1081.27,0.0067
10_42,941.02,943.49,0.0062
10_42,789.34,792.44,0.0056
10_42,820.01,841.15,0.0052
10_42,877.92,895.57,0.0045
10_42,929.24,934.81,0.0045
10_42,647.74,653.77,0.0045
10_42,1031.62,1037.3,0.0044
10_42,845.86,856.8,0.004
10_42,621.02,632.78,0.0039
10_42,947.05,949.37,0.0035
10_42,666.2,677.63,0.0034
10_42,978.14,1018.9,0.0032
10_42,617.59,663.13,0.003
10_42,610.87,617.7,0.0029
10_42,735.15,776.73,0.0026
10_42,992.67,1004.29,0.0026
10_42,940.28,950.45,0.0026
10_42,690.14,692.57,0.0024
10_42,1156.82,1162.1,0.0023
10_42,1137.22,1139.8,0.0023
10_42,1041.31,1047.73,0.0022
10_42,668.92,711.09,0.0021
10_42,1076.5,1087.23,0.0021
10_42,651.42,653.94,0.0021
10_42,1105.93,1110.99,0.002
10_42,829.82,833.03,0.0019
10_42,905.44,907.96,0.0019
10_42,879.9,891.09,0.0019
10_42,948.1,950.65,0.0018
10_42,975.55,978.7,0.0018
10_42,724.87,730.65,0.0017
10_42,814.89,857.69,0.0017
10_42,1101.61,1104.18,0.0017
10_42,896.15,902.31,0.0016
10_42,734.55,740.11,0.0014
10_42,1124.27,1127.48,0.0012
10_42,815.2,820.86,0.0012
10_42,1150.71,1153.16,0.0012
10_42,754.44,757.27,0.0012
10_42,1096.15,1137.46,0.0012
10_42,691.76,703.57,0.0012
10_42,1021.28,1060.93,0.0012
10_42,869.67,872.59,0.0012
10_42,979.72,998.92,0.0011
10_42,1134.92,1141.39,0.0011
10_42,928.45,939.97,0.0011
23_38,693.38,732.95,0.9989
23_38,890.36,903.55,0.9978
23_38,879.47,883.51,0.9964
23_38,1000.51,1176.55,0.9953
23_38,857.62,874.95,0.9942
23_38,823.74,836.91,0.9939
23_38,921.24,943.83,0.9932
23_38,682.13,690.14,0.9919
23_38,957.04,979.97,0.9915
23_38,652.06,672.74,0.9914
23_38,944.22,949.48,0.991
23_38,949.54,952.68,0.9887
23_38,620.44,648.29,0.9852
23_38,771.74,823.45,0.9832
23_38,757.47,761.24,0.982
23_38,749.19,752.2,0.9808
23_38,840.68,848.2,0.9783
23_38,738.65,745.05,0.974
23_38,1167.37,1174.46,0.9566
23_38,1145.26,1165.21,0.9521
23_38,878.44,879.0,0.9516
23_38,693.35,732.98,0.1357
23_38,682.13,690.14,0.1347
23_38,823.72,836.9,0.1342
23_38,879.47,883.51,0.1341
23_38,949.54,952.68,0.134
23_38,890.37,903.55,0.1338
23_38,944.22,949.48,0.1337
23_38,771.78,823.43,0.1331
23_38,620.42,648.29,0.1329
23_38,921.25,943.84,0.1327
23_38,749.19,752.2,0.1307
23_38,738.65,745.05,0.13
23_38,879.47,883.5,0.0182
23_38,949.54,952.68,0.0181
23_38,682.13,690.14,0.0181
23_38,620.41,648.28,0.0176
23_38,987.33,994.44,0.0101
23_38,955.01,977.92,0.0098
23_38,676.15,682.26,0.0088
23_38,1039.76,1079.82,0.0087
23_38,824.23,831.18,0.0072
23_38,841.32,847.26,0.0069
23_38,1165.33,1176.62,0.006
23_38,921.62,934.95,0.0059
23_38,919.76,922.22,0.005
23_38,1041.09,1043.07,0.005
23_38,652.85,673.45,0.0047
23_38,887.26,905.68,0.0046
23_38,770.81,799.15,0.0045
23_38,735.83,738.23,0.0045
23_38,730.12,732.95,0.0043
23_38,859.28,873.65,0.0041
23_38,674.45,692.0,0.0029
23_38,740.79,773.68,0.0024
23_38,646.68,649.31,0.0024
23_38,840.53,848.86,0.0023
23_38,811.15,823.57,0.0022
23_38,974.15,979.82,0.0021
23_38,985.81,1032.28,0.002
23_38,903.19,905.79,0.002
23_38,737.56,751.4,0.0018
23_38,726.98,732.81,0.0017
23_38,734.07,739.44,0.0017
23_38,937.44,943.93,0.0016
23_38,757.71,762.4,0.0016
23_38,611.71,615.92,0.0015
23_38,1167.24,1173.88,0.0015
23_38,926.3,937.75,0.0015
23_38,845.41,848.36,0.0015
23_38,1124.43,1146.68,0.0014
23_38,651.75,693.89,0.0014
23_38,979.93,982.69,0.0014
23_38,689.07,691.35,0.0014
23_38,1174.25,1176.43,0.0014
23_38,858.34,861.0,0.0013
23_38,936.59,939.82,0.0012
23_38,1024.38,1036.97,0.0012
23_38,756.33,758.27,0.0012
23_38,1048.51,1063.04,0.0012
23_38,816.87,823.28,0.0012
23_38,1142.82,1145.09,0.0011
23_38,948.83,953.01,0.001
20_32,1138.27,1174.33,0.9983
20_32,1174.68,1223.45,0.9981
20_32,1122.93,1126.81,0.9973
20_32,1102.51,1119.8,0.9972
20_32,646.18,657.7,0.9936
20_32,763.81,785.09,0.9924
20_32,1009.36,1050.44,0.99
20_32,667.44,697.38,0.9889
20_32,787.17,902.47,0.9882
20_32,705.99,759.59,0.9873
20_32,1222.77,1228.8,0.9844
20_32,938.5,987.7,0.9825
20_32,616.53,644.78,0.9811
20_32,988.0,1006.65,0.9703
20_32,902.46,937.53,0.9614
20_32,1212.58,1222.16,0.922
20_32,987.74,1174.36,0.8089
20_32,1122.93,1126.81,0.1354
20_32,787.01,902.32,0.1347
20_32,763.8,785.1,0.1343
20_32,646.18,657.69,0.1327
20_32,938.59,987.62,0.1325
20_32,1102.52,1119.79,0.1307
20_32,1138.34,1174.31,0.1244
20_32,1174.68,1223.47,0.1235
20_32,1009.41,1050.45,0.1215
20_32,1212.58,1222.16,0.1137
20_32,987.85,1174.21,0.0888
20_32,788.74,812.95,0.0194
20_32,614.63,620.72,0.0182
20_32,1122.94,1126.81,0.0178
20_32,916.37,921.47,0.0082
20_32,1042.99,1104.66,0.0081
20_32,659.17,695.14,0.0073
20_32,738.69,761.14,0.0067
20_32,1004.93,1010.44,0.0065
20_32,696.68,705.7,0.0061
20_32,948.15,951.32,0.0057
20_32,1085.64,1089.12,0.005
20_32,896.94,903.51,0.0049
20_32,1146.2,1149.2,0.0046
20_32,1227.76,1228.8,0.0046
20_32,909.3,921.37,0.0046
20_32,701.83,704.92,0.0043
20_32,630.82,644.7,0.0039
20_32,925.39,931.46,0.0039
20_32,1128.23,1138.43,0.0038
20_32,1038.88,1051.49,0.0038
20_32,810.41,817.16,0.0036
20_32,963.1,975.0,0.0034
20_32,618.58,625.07,0.0029
20_32,996.3,1008.58,0.0028
20_32,1062.51,1075.37,0.0028
20_32,987.7,990.69,0.0028
20_32,788.33,794.46,0.0027
20_32,630.95,706.67,0.0027
20_32,928.79,931.63,0.0026
20_32,709.32,773.17,0.0026
20_32,905.52,911.68,0.0025
20_32,1005.06,1007.76,0.0024
20_32,989.36,1002.82,0.0022
20_32,1116.76,1123.09,0.0022
20_32,873.5,901.93,0.0021
20_32,935.95,958.96,0.0021
20_32,1023.53,1051.74,0.0021
20_32,615.47,640.86,0.0021
20_32,1195.77,1206.89,0.002
20_32,640.01,645.76,0.0019
20_32,1095.23,1137.87,0.0019
20_32,1213.64,1216.5,0.0019
20_32,688.98,702.15,0.0018
20_32,652.83,655.93,0.0017
20_32,713.4,720.36,0.0017
20_32,1009.55,1031.79,0.0016
20_32,758.05,764.76,0.0016
20_32,1221.79,1224.91,0.0015
20_32,646.32,648.54,0.0014
20_32,1159.94,1170.35,0.0014
20_32,1078.5,1084.66,0.0013
20_32,1000.81,1012.02,0.0013
20_32,671.93,678.25,0.0013
20_32,697.7,703.69,0.0013
20_32,1090.07,1103.05,0.0013
20_32,803.19,851.06,0.0012
20_32,662.85,668.24,0.0012
20_32,735.5,759.41,0.0012
20_32,1009.13,1013.83,0.0011
20_32,705.33,727.75,0.0011
20_32,844.97,898.27,0.001
20_32,700.77,706.8,0.001
20_32,586.67,638.69,0.001
18_8,1051.96,1063.41,0.9987
18_8,974.69,986.48,0.9987
18_8,1079.08,1170.11,0.9958
18_8,1170.63,1172.41,0.9953
18_8,855.36,895.83,0.9944
18_8,1175.38,1201.66,0.9941
18_8,897.07,974.08,0.9906
18_8,1005.07,1039.07,0.9905
18_8,1063.68,1077.34,0.988
18_8,792.31,798.12,0.9827
18_8,798.86,853.51,0.9821
18_8,614.84,736.31,0.9808
18_8,744.5,789.84,0.9649
18_8,1170.63,1172.41,0.1352
18_8,855.34,895.86,0.135
18_8,1175.35,1201.66,0.1349
18_8,974.69,986.48,0.1338
18_8,614.92,736.47,0.1327
18_8,798.75,853.5,0.1314
18_8,792.3,798.12,0.1309
18_8,889.23,902.93,0.0316
18_8,829.28,851.78,0.0238
18_8,1172.52,1175.23,0.0143
18_8,798.8,853.54,0.0127
18_8,616.19,638.21,0.0114
18_8,1043.66,1077.41,0.0093
18_8,907.79,917.07,0.0086
18_8,792.48,794.87,0.0065
18_8,896.93,903.33,0.0062
18_8,1081.75,1119.88,0.006
18_8,882.64,896.01,0.0049
18_8,904.52,929.93,0.0046
18_8,1103.74,1106.5,0.0046
18_8,733.27,735.72,0.0042
18_8,740.98,745.65,0.0038
18_8,856.28,868.03,0.0036
18_8,617.29,643.04,0.0032
18_8,1039.61,1051.05,0.0031
18_8,792.5,802.07,0.0031
18_8,721.74,733.78,0.0026
18_8,928.4,954.69,0.0025
18_8,795.15,797.36,0.0025
18_8,988.3,1004.57,0.0025
18_8,1003.76,1037.31,0.0025
18_8,1144.59,1169.15,0.0025
18_8,851.39,856.39,0.0023
18_8,656.38,710.38,0.0021
18_8,1078.05,1080.72,0.002
18_8,1205.03,1227.25,0.0017
18_8,856.36,863.03,0.0016
18_8,980.96,983.8,0.0015
18_8,765.59,787.95,0.0015
18_8,1119.11,1170.67,0.0013
18_8,694.01,736.3,0.0013
18_8,615.73,629.76,0.0013
18_8,740.84,743.01,0.0012
18_8,964.19,976.1,0.0012
18_8,799.96,806.2,0.0012
18_8,861.23,886.65,0.0012
18_8,1057.03,1063.14,0.0011
18_8,1121.91,1135.63,0.0011
18_8,926.85,941.18,0.0011
18_8,1066.37,1073.15,0.001
18_8,986.72,1063.55,0.001
12_43,642.96,646.99,0.9814
12_43,712.36,716.03,0.9793
12_43,656.27,666.46,0.9664
12_43,691.02,693.76,0.9657
12_43,630.16,637.56,0.9611
12_43,642.96,647.0,0.1331
12_43,712.36,716.03,0.133
12_43,712.36,716.03,0.0179
12_43,656.04,675.03,0.0066
12_43,636.9,643.2,0.0048
12_43,776.61,779.68,0.0036
12_43,722.93,728.11,0.0034
12_43,614.56,616.92,0.003
12_43,733.01,752.68,0.003
12_43,647.76,658.1,0.0029
12_43,675.31,697.85,0.0026
12_43,761.56,838.61,0.0022
12_43,640.58,649.48,0.002
12_43,806.38,809.52,0.0019
12_43,752.78,755.28,0.0017
12_43,723.11,735.74,0.0014
12_43,664.76,675.29,0.0012
12_43,691.11,694.04,0.0011
12_43,809.94,812.54,0.001
13_38,732.2,833.91,0.9984
13_38,1008.64,1018.72,0.9979
13_38,877.47,977.74,0.9977
13_38,630.2,635.4,0.9975
13_38,661.25,664.86,0.9952
13_38,984.93,991.79,0.9892
13_38,1036.02,1046.07,0.9794
13_38,868.64,871.25,0.9707
13_38,684.94,688.6,0.9604
13_38,661.25,664.85,0.1352
13_38,877.53,977.6,0.1349
13_38,984.93,991.79,0.134
13_38,1082.99,1088.89,0.0176
13_38,661.25,664.86,0.0175
13_38,927.69,930.34,0.0163
13_38,724.6,730.29,0.0121
13_38,645.83,651.47,0.0114
13_38,614.37,619.35,0.0107
13_38,799.0,801.26,0.01
13_38,941.2,943.45,0.0089
13_38,756.59,767.11,0.0088
13_38,1021.81,1061.2,0.0083
13_38,625.78,631.02,0.0081
13_38,875.4,878.14,0.0077
13_38,1133.42,1136.34,0.0072
13_38,741.26,762.06,0.0069
13_38,664.47,702.17,0.0063
13_38,620.76,642.14,0.0059
13_38,1011.46,1017.55,0.0058
13_38,1076.23,1079.46,0.0057
13_38,1063.23,1065.89,0.0054
13_38,790.05,801.48,0.0053
13_38,1080.67,1121.96,0.0051
13_38,997.93,1008.72,0.0035
13_38,781.04,824.87,0.003
13_38,1098.31,1120.36,0.0027
13_38,980.68,986.15,0.0027
13_38,668.26,673.23,0.0025
13_38,797.04,799.49,0.0025
13_38,1149.48,1155.14,0.0023
13_38,886.22,888.86,0.0023
13_38,690.32,696.3,0.0022
13_38,916.24,959.83,0.0022
13_38,697.59,700.73,0.0021
13_38,1159.1,1170.28,0.002
13_38,1125.87,1129.24,0.0019
13_38,802.88,805.54,0.0018
13_38,911.99,914.98,0.0018
13_38,1048.0,1067.37,0.0018
13_38,665.31,667.97,0.0017
13_38,817.59,819.6,0.0017
13_38,987.32,1009.99,0.0016
13_38,739.41,781.12,0.0015
13_38,1025.55,1031.0,0.0015
13_38,705.5,707.9,0.0015
13_38,901.96,924.09,0.0014
13_38,843.22,880.8,0.0014
13_38,995.54,1001.27,0.0012
13_38,1095.06,1106.17,0.0012
13_38,970.87,973.39,0.0012
13_38,724.66,728.05,0.0011
13_38,728.78,734.83,0.0011
13_38,884.78,905.86,0.0011
13_38,964.83,967.94,0.001
13_38,769.86,775.12,0.001
7_24,720.36,869.02,0.9995
7_24,961.5,967.16,0.9994
7_24,907.23,930.89,0.999
7_24,933.19,961.77,0.999
7_24,871.44,883.54,0.9989
7_24,615.92,653.78,0.9986
7_24,1013.73,1024.81,0.9977
7_24,691.31,719.41,0.9971
7_24,966.9,1011.4,0.9958
7_24,654.81,680.79,0.9927
7_24,883.03,907.47,0.9865
7_24,691.34,719.39,0.1357
7_24,871.45,883.53,0.1352
7_24,615.93,653.78,0.1347
7_24,907.22,930.87,0.1345
7_24,720.32,869.02,0.1337
7_24,654.8,680.78,0.1296
7_24,827.19,830.28,0.0257
7_24,858.3,868.94,0.0242
7_24,748.47,801.57,0.0219
7_24,871.43,883.54,0.0183
7_24,691.32,719.39,0.0181
7_24,1129.77,1140.12,0.01
7_24,842.99,845.46,0.0051
7_24,853.74,870.75,0.0045
7_24,1012.54,1051.96,0.0044
7_24,841.75,852.47,0.0038
7_24,1133.9,1136.4,0.0038
7_24,1046.46,1088.43,0.0038
7_24,920.04,931.06,0.0036
7_24,1090.94,1097.96,0.0034
7_24,988.36,991.07,0.0031
7_24,1005.29,1007.59,0.0031
7_24,702.51,714.56,0.0031
7_24,649.61,655.82,0.0026
7_24,617.73,643.43,0.0026
7_24,859.09,861.52,0.0023
7_24,1062.74,1065.34,0.0021
7_24,981.96,985.21,0.0021
7_24,654.29,690.65,0.002
7_24,627.37,633.17,0.002
7_24,649.86,652.42,0.0018
7_24,956.72,959.1,0.0018
7_24,1131.28,1155.29,0.0017
7_24,1011.94,1014.74,0.0016
7_24,935.94,969.49,0.0016
7_24,664.03,675.37,0.0016
7_24,1014.53,1020.62,0.0014
7_24,1085.74,1106.95,0.0014
7_24,1039.1,1041.89,0.0014
7_24,719.83,730.92,0.0013
7_24,677.43,687.82,0.0013
7_24,992.31,1012.28,0.0013
7_24,889.48,891.89,0.0013
7_24,876.89,882.73,0.0013
7_24,1124.56,1127.07,0.0012
7_24,934.7,940.57,0.0012
7_24,611.27,617.08,0.0011
7_24,917.29,929.5,0.0011
7_24,1141.56,1147.69,0.0011
7_24,875.86,913.13,0.001
18_31,825.85,835.91,0.9995
18_31,836.38,846.65,0.9987
18_31,615.48,627.08,0.9978
18_31,629.14,710.37,0.9978
18_31,712.48,726.43,0.9978
18_31,728.65,745.67,0.9973
18_31,748.29,769.24,0.9973
18_31,769.87,781.26,0.9969
18_31,781.33,824.6,0.9763
18_31,836.37,846.66,0.1348
18_31,825.84,835.91,0.1348
18_31,769.86,781.26,0.1327
18_31,712.5,726.42,0.1322
18_31,712.49,726.41,0.0178
18_31,908.55,910.99,0.0131
18_31,781.13,793.26,0.0109
18_31,898.27,901.18,0.0086
18_31,877.21,882.96,0.0062
18_31,623.57,626.37,0.0055
18_31,689.97,711.37,0.0048
18_31,928.16,940.81,0.0047
18_31,662.5,665.39,0.0045
18_31,726.8,744.44,0.0045
18_31,792.12,795.1,0.0039
18_31,863.09,949.0,0.0038
18_31,1020.75,1027.42,0.0036
18_31,803.85,825.33,0.0032
18_31,892.35,903.81,0.003
18_31,591.82,624.78,0.0028
18_31,659.91,662.54,0.0027
18_31,960.51,972.12,0.0027
18_31,667.02,669.51,0.0026
18_31,981.95,993.82,0.0025
18_31,654.18,659.75,0.0021
18_31,637.23,647.61,0.002
18_31,850.56,872.06,0.0018
18_31,793.98,800.02,0.0017
18_31,903.6,914.59,0.0017
18_31,1007.62,1019.65,0.0016
18_31,834.9,854.18,0.0016
18_31,766.88,784.83,0.0015
18_31,694.54,712.67,0.0014
18_31,664.89,667.38,0.0012
18_31,632.73,655.16,0.0012
18_31,834.47,837.25,0.0012
18_31,1014.5,1034.94,0.0011
18_31,827.08,829.4,0.0011
18_31,745.89,766.67,0.0011
18_31,614.68,617.58,0.0011
18_31,659.5,680.76,0.001
18_31,879.38,882.43,0.001
13_9,683.36,693.15,0.9978
13_9,657.4,681.65,0.9975
13_9,805.54,811.93,0.9964
13_9,939.69,977.08,0.9948
13_9,790.64,798.73,0.9936
13_9,814.06,827.68,0.9908
13_9,633.56,643.77,0.9889
13_9,696.66,766.39,0.9867
13_9,830.66,933.23,0.9845
13_9,998.39,1006.05,0.9737
13_9,989.87,995.84,0.9406
13_9,969.87,975.93,0.9387
13_9,790.65,798.73,0.1339
13_9,633.56,643.77,0.1337
13_9,683.37,693.16,0.1334
13_9,814.06,827.69,0.1307
13_9,830.69,933.27,0.1306
13_9,939.71,977.1,0.1281
13_9,854.75,857.14,0.0189
13_9,790.65,798.73,0.0178
13_9,701.24,703.59,0.0164
13_9,1004.89,1014.66,0.0119
13_9,803.11,813.55,0.0109
13_9,868.32,874.47,0.0105
13_9,1023.33,1043.74,0.0104
13_9,679.66,696.48,0.007
13_9,821.77,826.8,0.0069
13_9,642.81,654.11,0.0067
13_9,619.22,626.15,0.0053
13_9,835.09,837.49,0.0053
13_9,975.82,978.37,0.0051
13_9,1049.29,1054.59,0.0047
13_9,946.92,954.01,0.0044
13_9,863.26,868.79,0.0041
13_9,1006.21,1012.19,0.0041
13_9,848.7,858.39,0.004
13_9,1106.14,1116.48,0.0038
13_9,835.23,845.91,0.0035
13_9,1145.71,1148.75,0.003
13_9,1016.6,1026.75,0.003
13_9,775.61,793.02,0.0028
13_9,795.12,797.55,0.0027
13_9,816.21,818.97,0.0025
13_9,976.48,995.36,0.0024
13_9,702.31,746.76,0.0024
13_9,905.18,907.95,0.0023
13_9,661.52,673.97,0.0022
13_9,601.05,625.56,0.0021
13_9,899.57,905.3,0.002
13_9,844.86,847.84,0.002
13_9,960.51,965.66,0.002
13_9,711.35,722.21,0.0019
13_9,890.43,892.99,0.0019
13_9,754.62,759.9,0.0019
13_9,814.2,816.86,0.0018
13_9,885.29,891.71,0.0017
13_9,792.99,795.16,0.0016
13_9,614.48,691.41,0.0016
13_9,1063.93,1087.02,0.0016
13_9,1091.39,1102.35,0.0016
13_9,1049.85,1052.54,0.0015
13_9,986.65,989.05,0.0015
13_9,849.31,851.93,0.0015
13_9,684.51,687.09,0.0015
13_9,1139.76,1144.93,0.0015
13_9,694.55,697.18,0.0015
13_9,766.48,769.61,0.0014
13_9,746.27,751.46,0.0012
13_9,1000.92,1005.9,0.0012
13_9,777.28,782.67,0.0012
13_9,1089.26,1130.59,0.0012
13_9,860.71,863.08,0.0011
13_9,1137.31,1140.16,0.0011
13_9,875.05,877.46,0.0011
13_9,696.98,706.77,0.0011
13_9,893.07,903.73,0.0011
4_7,751.33,760.09,0.9996
4_7,833.08,979.24,0.9992
4_7,1035.02,1038.04,0.9988
4_7,629.35,661.27,0.9968
4_7,1075.67,1085.29,0.9956
4_7,981.47,1049.92,0.9946
4_7,1050.96,1058.17,0.9939
4_7,821.36,824.44,0.9935
4_7,1064.35,1068.91,0.9925
4_7,701.92,713.25,0.9919
4_7,777.6,792.52,0.9897
4_7,718.4,736.91,0.9881
4_7,667.44,688.3,0.985
4_7,796.86,802.82,0.9849
4_7,782.56,793.04,0.4267
4_7,629.3,661.25,0.1354
4_7,981.48,1049.97,0.1346
4_7,1075.68,1085.29,0.1344
4_7,718.41,736.9,0.1335
4_7,1050.97,1058.17,0.1329
4_7,701.92,713.24,0.1326
4_7,1035.03,1038.04,0.131
4_7,629.33,661.28,0.0184
4_7,1050.96,1058.17,0.0179
4_7,671.07,673.79,0.0104
4_7,915.07,917.7,0.008
4_7,798.32,810.06,0.0071
4_7,885.77,898.16,0.0071
4_7,701.47,719.3,0.007
4_7,917.65,959.56,0.0069
4_7,1041.29,1044.27,0.0066
4_7,673.76,676.71,0.0064
4_7,719.36,762.49,0.006
4_7,786.15,791.87,0.0057
4_7,662.62,668.38,0.0056
4_7,866.45,872.6,0.0055
4_7,826.54,837.76,0.0053
4_7,1159.75,1170.18,0.0047
4_7,798.81,841.2,0.0044
4_7,959.17,969.54,0.0039
4_7,1046.25,1051.46,0.0036
4_7,752.62,759.57,0.0035
4_7,794.34,805.94,0.0035
4_7,842.3,884.33,0.0035
4_7,1026.82,1029.82,0.0034
4_7,723.02,734.99,0.0032
4_7,836.35,838.63,0.0031
4_7,603.49,619.64,0.0031
4_7,833.39,836.67,0.0031
4_7,972.78,974.68,0.0031
4_7,776.86,795.11,0.003
4_7,1057.85,1067.69,0.0026
4_7,934.54,940.95,0.0024
4_7,1068.95,1074.73,0.0024
4_7,847.31,852.99,0.0023
4_7,1083.96,1096.38,0.0022
4_7,966.99,979.12,0.0022
4_7,991.49,1037.14,0.0021
4_7,693.75,699.64,0.0021
4_7,916.56,936.66,0.002
4_7,1034.19,1039.33,0.002
4_7,1099.29,1119.83,0.002
4_7,1140.47,1150.29,0.0019
4_7,618.52,624.62,0.0019
4_7,630.77,641.34,0.0018
4_7,826.86,829.54,0.0018
4_7,1128.16,1133.2,0.0017
4_7,882.2,888.4,0.0017
4_7,1131.56,1138.01,0.0016
4_7,768.75,779.73,0.0016
4_7,850.03,861.02,0.0015
4_7,686.67,692.03,0.0014
4_7,668.21,679.78,0.0014
4_7,960.31,962.99,0.0013
4_7,821.11,827.86,0.0013
4_7,614.47,619.2,0.0012
4_7,741.59,825.35,0.0012
4_7,1105.71,1111.08,0.0012
4_7,779.88,782.81,0.0012
4_7,1114.15,1116.87,0.0012
4_7,890.26,893.03,0.0012
4_7,1063.38,1068.78,0.0012
4_7,887.99,890.17,0.0011
4_7,1159.36,1179.47,0.0011
4_7,1119.69,1122.53,0.0011
4_7,1087.24,1130.81,0.0011
4_7,644.65,657.52,0.0011
4_7,1047.48,1050.56,0.001
4_7,1154.26,1160.04,0.001
2_38,906.16,941.03,0.9994
2_38,948.91,1002.99,0.9971
2_38,729.15,838.43,0.9964
2_38,840.79,867.82,0.9941
2_38,647.05,687.59,0.9913
2_38,694.37,705.64,0.9883
2_38,1007.04,1196.71,0.9855
2_38,626.79,649.32,0.9834
2_38,867.8,902.71,0.9801
2_38,703.36,725.9,0.9774
2_38,1196.61,1228.8,0.9559
2_38,1007.6,1196.68,0.1339
2_38,626.79,649.31,0.1332
2_38,948.92,1002.96,0.1326
2_38,703.3,725.89,0.1319
2_38,985.2,999.75,0.0107
2_38,619.76,708.53,0.0066
2_38,712.25,725.54,0.0054
2_38,868.5,871.41,0.005
2_38,842.3,852.84,0.0049
2_38,776.01,779.24,0.0047
2_38,728.64,730.75,0.0047
2_38,874.26,877.31,0.0044
2_38,765.42,779.19,0.0041
2_38,1195.86,1228.8,0.0036
2_38,1011.53,1037.29,0.0035
2_38,1221.31,1224.22,0.0034
2_38,910.67,932.21,0.0031
2_38,738.57,744.65,0.0029
2_38,959.24,986.93,0.0028
2_38,815.5,835.13,0.0028
2_38,837.23,843.49,0.0026
2_38,617.65,628.37,0.0022
2_38,1216.07,1218.12,0.0022
2_38,1001.1,1012.34,0.0021
2_38,783.88,835.72,0.0019
2_38,728.54,755.21,0.0018
2_38,1178.74,1185.31,0.0017
2_38,1008.17,1055.18,0.0015
2_38,861.88,865.17,0.0014
2_38,868.41,891.96,0.0014
2_38,728.86,739.16,0.0013
2_38,694.32,697.63,0.0013
2_38,697.63,700.83,0.0012
2_38,629.21,723.27,0.0012
2_38,1078.68,1141.96,0.0011
2_38,629.35,642.33,0.0011
2_38,719.01,725.2,0.001
2_38,739.49,742.16,0.001
2_38,688.12,691.19,0.001
9_12,737.48,760.06,0.9995
9_12,677.08,694.57,0.998
9_12,697.44,731.24,0.9979
9_12,946.36,953.69,0.9979
9_12,832.31,860.01,0.9962
9_12,618.32,677.62,0.9958
9_12,858.85,876.91,0.9943
9_12,878.0,946.37,0.9916
9_12,761.17,775.3,0.9879
9_12,781.49,808.04,0.9877
9_12,952.58,965.56,0.9823
9_12,832.31,859.97,0.1352
9_12,737.48,760.05,0.1352
9_12,878.09,946.35,0.1349
9_12,858.85,876.9,0.1344
9_12,946.36,953.7,0.1337
9_12,952.57,965.55,0.1326
9_12,946.36,953.69,0.0173
9_12,713.4,725.14,0.0116
9_12,1111.31,1116.19,0.011
9_12,1080.75,1103.97,0.0081
9_12,684.0,690.13,0.008
9_12,620.13,625.62,0.0078
9_12,973.53,979.21,0.0069
9_12,761.43,780.77,0.0064
9_12,862.06,874.4,0.0056
9_12,612.65,684.49,0.0051
9_12,923.09,929.45,0.0047
9_12,730.01,733.45,0.0047
9_12,675.74,693.22,0.0043
9_12,949.52,970.1,0.004
9_12,642.57,665.45,0.004
9_12,664.3,675.5,0.0036
9_12,938.12,947.05,0.0035
9_12,794.71,797.79,0.0033
9_12,825.92,865.25,0.0032
9_12,630.62,636.58,0.0032
9_12,1055.97,1062.29,0.0031
9_12,796.92,801.77,0.003
9_12,740.28,753.12,0.0029
9_12,1009.07,1021.51,0.0028
9_12,923.93,944.97,0.0027
9_12,955.12,958.49,0.0025
9_12,1147.88,1150.67,0.0025
9_12,785.07,791.38,0.0024
9_12,1016.17,1039.0,0.0022
9_12,880.25,930.34,0.0022
9_12,1133.12,1135.82,0.0022
9_12,894.59,897.0,0.002
9_12,1094.03,1099.31,0.0019
9_12,958.23,964.11,0.0019
9_12,827.72,834.3,0.0018
9_12,805.9,825.78,0.0018
9_12,630.81,656.14,0.0017
9_12,759.2,778.42,0.0017
9_12,701.42,704.17,0.0016
9_12,1141.35,1147.33,0.0016
9_12,1040.35,1046.14,0.0015
9_12,1072.82,1075.47,0.0015
9_12,792.82,798.28,0.0014
9_12,964.9,975.48,0.0014
9_12,662.77,668.17,0.0014
9_12,836.36,848.4,0.0014
9_12,1022.08,1028.11,0.0013
9_12,1128.13,1131.09,0.0013
9_12,1105.73,1111.12,0.0012
9_12,637.16,642.84,0.0012
9_12,1125.29,1128.44,0.0012
9_12,919.76,922.36,0.0011
9_12,937.66,944.08,0.0011
9_12,820.45,830.53,0.0011
9_12,669.4,737.13,0.0011
9_12,762.91,810.96,0.0011
22_4,777.19,797.25,0.9984
22_4,900.59,924.05,0.9972
22_4,1028.72,1169.04,0.9966
22_4,869.49,890.1,0.9957
22_4,1203.72,1212.31,0.9955
22_4,1212.86,1227.41,0.9851
22_4,983.3,1005.54,0.985
22_4,1169.04,1187.88,0.9836
22_4,797.26,801.21,0.981
22_4,801.23,864.49,0.9779
22_4,650.73,776.72,0.9681
22_4,616.26,645.96,0.956
22_4,777.18,797.26,0.1354
22_4,1028.72,1169.1,0.1322
22_4,868.4,898.58,0.0078
22_4,842.55,865.26,0.0071
22_4,811.17,816.52,0.0066
22_4,1063.04,1088.39,0.0066
22_4,1119.47,1126.28,0.0065
22_4,662.18,686.02,0.0059
22_4,1204.24,1211.03,0.0055
22_4,637.53,644.67,0.0051
22_4,1135.85,1138.33,0.0041
22_4,1143.69,1149.73,0.0041
22_4,616.26,626.06,0.0038
22_4,866.98,878.19,0.0036
22_4,774.91,804.24,0.0035
22_4,1102.06,1104.79,0.0034
22_4,927.57,966.45,0.0034
22_4,903.34,925.68,0.0031
22_4,1118.16,1131.77,0.003
22_4,972.93,984.47,0.0029
22_4,797.19,801.5,0.0027
22_4,887.97,897.02,0.0026
22_4,614.47,617.46,0.0025
22_4,895.36,897.78,0.0023
22_4,1108.51,1111.04,0.0022
22_4,957.77,960.3,0.0021
22_4,1077.96,1085.36,0.002
22_4,1103.84,1145.02,0.0019
22_4,859.22,864.7,0.0019
22_4,1167.26,1202.39,0.0017
22_4,1149.63,1170.22,0.0017
22_4,818.21,865.97,0.0016
22_4,925.73,944.99,0.0015
22_4,1219.11,1225.64,0.0015
22_4,901.86,909.04,0.0015
22_4,972.96,975.89,0.0015
22_4,612.62,644.88,0.0014
22_4,1007.02,1010.23,0.0014
22_4,1190.96,1202.96,0.0014
22_4,1093.09,1099.78,0.0012
22_4,1124.28,1131.15,0.0012
22_4,685.98,774.2,0.0011
22_4,997.21,1035.88,0.001
22_4,770.81,776.49,0.001
26_19,701.08,755.17,0.9978
26_19,815.7,836.04,0.9959
26_19,889.45,936.59,0.9959
26_19,659.38,676.11,0.9959
26_19,1122.67,1211.73,0.9954
26_19,1214.42,1228.8,0.9953
26_19,1093.28,1105.33,0.9917
26_19,760.52,773.45,0.9895
26_19,945.15,997.52,0.9883
26_19,1011.9,1065.65,0.9878
26_19,1105.68,1116.68,0.9875
26_19,619.63,656.62,0.9864
26_19,781.22,811.77,0.9843
26_19,937.51,939.5,0.9829
26_19,839.38,871.76,0.981
26_19,680.01,700.75,0.9757
26_19,1066.99,1085.54,0.97
26_19,1193.61,1206.33,0.953
26_19,872.15,884.66,0.9514
26_19,659.37,676.09,0.1351
26_19,815.71,836.06,0.135
26_19,1093.27,1105.34,0.1343
26_19,760.51,773.45,0.1342
26_19,937.51,939.5,0.133
26_19,701.09,755.13,0.1326
26_19,781.22,811.79,0.1306
26_19,1193.62,1206.33,0.1292
26_19,1122.64,1211.83,0.1225
26_19,620.3,623.28,0.0185
26_19,1093.26,1105.31,0.0181
26_19,659.36,676.1,0.0177
26_19,701.12,755.14,0.0176
26_19,781.23,811.78,0.0176
26_19,1105.6,1111.03,0.0153
26_19,1043.59,1063.06,0.0144
26_19,846.48,861.09,0.009
26_19,1130.21,1140.52,0.0087
26_19,1014.81,1033.67,0.0085
26_19,659.4,662.12,0.0084
26_19,997.43,1014.09,0.0075
26_19,781.75,794.07,0.0072
26_19,680.21,685.1,0.0069
26_19,759.36,782.27,0.0063
26_19,631.86,655.92,0.0048
26_19,919.11,932.42,0.0037
26_19,608.96,616.77,0.0032
26_19,942.41,1004.21,0.0032
26_19,993.26,995.95,0.0032
26_19,701.2,712.95,0.0029
26_19,771.73,781.96,0.0028
26_19,1143.17,1195.25,0.0026
26_19,870.12,872.65,0.0023
26_19,983.28,996.71,0.0023
26_19,1080.68,1091.19,0.0021
26_19,695.77,698.6,0.0019
26_19,909.86,932.76,0.0018
26_19,1212.82,1228.8,0.0018
26_19,800.2,811.37,0.0015
26_19,1115.35,1124.12,0.0015
26_19,871.69,877.97,0.0014
26_19,1176.13,1179.31,0.0012
26_19,934.62,937.34,0.0012
26_19,732.15,753.57,0.0012
26_19,715.21,722.4,0.0012
26_19,767.18,772.6,0.0011
26_19,679.01,684.73,0.0011
26_19,690.35,693.17,0.0011
26_19,829.64,836.13,0.0011
26_19,885.57,888.32,0.001
8_45,635.27,647.46,0.998
8_45,647.48,666.19,0.9969
8_45,616.82,635.13,0.9861
8_45,678.88,750.13,0.9845
8_45,753.18,813.57,0.9785
8_45,666.2,675.25,0.978
8_45,635.27,647.46,0.1348
8_45,666.2,675.25,0.1315
8_45,674.72,679.84,0.0212
8_45,635.28,647.46,0.0183
8_45,741.54,752.32,0.0154
8_45,785.0,798.43,0.0091
8_45,802.33,805.11,0.0068
8_45,757.8,797.72,0.0067
8_45,819.96,822.84,0.0044
8_45,759.24,761.66,0.0041
8_45,849.41,861.31,0.0038
8_45,703.03,706.03,0.0034
8_45,621.28,633.25,0.0034
8_45,710.04,712.77,0.0033
8_45,799.94,820.96,0.0032
8_45,647.83,658.41,0.0029
8_45,701.23,723.31,0.0029
8_45,674.2,686.49,0.0027
8_45,845.31,851.1,0.0023
8_45,940.55,961.83,0.0023
8_45,808.25,810.82,0.0022
8_45,877.24,889.32,0.0021
8_45,638.99,642.06,0.002
8_45,850.73,853.02,0.0018
8_45,973.65,976.18,0.0018
8_45,810.55,813.12,0.0018
8_45,655.83,666.64,0.0017
8_45,937.13,948.43,0.0017
8_45,864.17,886.0,0.0017
8_45,922.21,933.69,0.0016
8_45,830.28,832.79,0.0015
8_45,720.18,730.04,0.0013
8_45,752.88,755.35,0.0013
8_45,692.78,702.56,0.0013
8_45,986.77,989.71,0.0012
8_45,621.12,623.73,0.0011
8_45,614.21,616.81,0.0011
8_45,932.5,938.35,0.0011
8_45,784.33,787.08,0.0011
8_45,824.88,827.52,0.0011
8_45,966.49,972.55,0.0011
8_45,749.26,827.08,0.001
8_45,831.25,836.82,0.001
8_45,761.71,764.48,0.001
20_9,918.25,944.89,0.9949
20_9,655.2,778.37,0.9935
20_9,893.24,918.35,0.9926
20_9,945.23,1118.16,0.9918
20_9,1214.17,1228.8,0.9911
20_9,858.95,892.56,0.991
20_9,1127.32,1202.97,0.9787
20_9,614.52,726.45,0.6487
20_9,945.04,1117.9,0.135
20_9,858.97,892.56,0.1338
20_9,918.24,944.93,0.1335
20_9,916.91,919.88,0.0196
20_9,772.03,862.28,0.0195
20_9,845.15,856.92,0.0147
20_9,911.76,914.54,0.0142
20_9,1137.29,1185.12,0.0084
20_9,894.4,919.23,0.0076
20_9,853.39,856.26,0.0076
20_9,616.69,636.6,0.007
20_9,913.49,918.79,0.0063
20_9,1176.15,1183.08,0.0059
20_9,769.53,779.58,0.0052
20_9,624.1,668.99,0.005
20_9,909.65,916.25,0.0049
20_9,881.0,892.87,0.0048
20_9,892.31,904.7,0.0039
20_9,1102.03,1117.46,0.0034
20_9,1004.7,1079.18,0.0034
20_9,889.27,934.1,0.0032
20_9,916.66,919.13,0.0031
20_9,1122.13,1137.17,0.0031
20_9,635.24,642.41,0.0031
20_9,945.52,964.18,0.003
20_9,778.17,788.54,0.0028
20_9,1178.92,1181.68,0.0027
20_9,1071.32,1117.37,0.0026
20_9,1205.54,1212.12,0.0025
20_9,912.08,915.04,0.0023
20_9,913.51,1001.34,0.0019
20_9,1223.07,1228.8,0.0019
20_9,910.21,913.56,0.0018
20_9,786.79,866.37,0.0016
20_9,1131.87,1176.72,0.0014
20_9,769.86,791.02,0.0014
20_9,1172.19,1187.16,0.0013
20_9,671.56,725.38,0.0013
20_9,858.82,865.09,0.0012
20_9,1118.11,1120.43,0.0011
20_9,914.54,917.64,0.0011
20_9,1179.97,1183.51,0.0011
17_21,632.73,672.69,0.9993
17_21,754.81,774.3,0.9986
17_21,850.32,919.87,0.9982
17_21,931.97,949.8,0.9976
17_21,801.58,819.49,0.9975
17_21,827.2,844.76,0.9971
17_21,672.7,704.27,0.9963
17_21,712.9,748.65,0.9933
17_21,780.22,785.24,0.992
17_21,614.39,631.03,0.9909
17_21,785.56,801.56,0.9486
17_21,712.83,748.63,0.1358
17_21,931.96,949.81,0.135
17_21,632.71,672.67,0.1337
17_21,672.71,704.29,0.1331
17_21,614.39,631.03,0.1329
17_21,976.53,979.91,0.0109
17_21,802.8,814.73,0.0097
17_21,1041.04,1047.38,0.0088
17_21,997.29,999.63,0.0087
17_21,675.78,764.14,0.0087
17_21,984.02,995.27,0.0076
17_21,653.74,664.75,0.0061
17_21,1076.89,1079.9,0.0041
17_21,991.02,1001.72,0.0039
17_21,774.43,813.16,0.0037
17_21,773.48,779.43,0.0034
17_21,1006.32,1077.7,0.0029
17_21,828.85,839.65,0.0028
17_21,616.42,685.24,0.0027
17_21,761.27,766.19,0.0026
17_21,952.9,958.58,0.0025
17_21,615.53,626.48,0.0025
17_21,982.54,992.88,0.0025
17_21,998.89,1010.8,0.0023
17_21,1102.34,1107.7,0.0022
17_21,1022.67,1025.28,0.002
17_21,642.77,648.27,0.002
17_21,928.45,1016.04,0.0019
17_21,903.24,922.65,0.0019
17_21,750.23,787.43,0.0019
17_21,1108.18,1128.48,0.0018
17_21,1059.22,1065.91,0.0018
17_21,992.55,998.1,0.0017
17_21,968.52,975.23,0.0015
17_21,798.38,869.07,0.0015
17_21,690.31,696.22,0.0014
17_21,790.34,801.06,0.0012
17_21,999.52,1005.48,0.0012
17_21,659.51,662.03,0.0012
17_21,723.97,734.79,0.0012
17_21,761.42,764.04,0.0012
17_21,1038.0,1048.38,0.0012
17_21,983.96,989.56,0.0011
17_21,884.41,887.36,0.0011
17_21,861.88,865.08,0.0011
17_21,717.62,720.36,0.0011
17_21,958.5,960.83,0.001
9_25,931.16,956.54,0.9996
9_25,796.36,835.49,0.9986
9_25,1048.58,1068.18,0.9977
9_25,712.96,734.72,0.9975
9_25,958.06,1034.7,0.9973
9_25,627.48,710.81,0.9969
9_25,860.84,885.5,0.9946
9_25,913.76,930.44,0.9926
9_25,1038.44,1047.87,0.9888
9_25,892.01,907.25,0.9849
9_25,836.19,855.04,0.9602
9_25,931.18,956.51,0.1358
9_25,796.35,835.43,0.1358
9_25,860.83,885.51,0.135
9_25,958.03,1034.78,0.1347
9_25,712.98,734.72,0.1303
9_25,860.85,885.47,0.018
9_25,886.21,924.45,0.0085
9_25,1144.38,1150.94,0.0054
9_25,1049.64,1062.34,0.0047
9_25,756.75,796.19,0.0034
9_25,736.21,755.55,0.0032
9_25,868.84,874.42,0.0021
9_25,889.58,911.88,0.0021
9_25,1078.65,1081.46,0.002
9_25,627.79,639.36,0.0019
9_25,706.34,743.83,0.0017
9_25,929.01,959.35,0.0017
9_25,957.54,980.11,0.0016
9_25,659.6,665.23,0.0015
9_25,774.62,786.96,0.0015
9_25,1087.67,1090.4,0.0015
9_25,1055.62,1058.23,0.0015
9_25,1089.68,1102.68,0.0015
9_25,992.6,997.7,0.0013
9_25,718.87,725.18,0.0013
9_25,881.27,886.85,0.0013
9_25,680.0,685.49,0.0013
9_25,972.56,984.84,0.0012
9_25,851.45,863.26,0.0012
9_25,897.18,900.15,0.0012
9_25,632.29,718.53,0.0012
9_25,729.79,732.63,0.0011
9_25,833.34,835.79,0.0011
9_25,1044.82,1086.59,0.0011
9_25,1127.31,1129.76,0.0011
9_25,802.28,826.61,0.001
7_30,656.06,752.88,0.9997
7_30,615.96,642.77,0.9981
7_30,643.94,655.26,0.9963
7_30,764.85,773.57,0.9959
7_30,788.93,808.56,0.9954
7_30,754.84,764.33,0.9924
7_30,773.96,788.93,0.9818
7_30,809.1,820.02,0.9654
7_30,764.85,773.57,0.1353
7_30,615.97,642.78,0.1348
7_30,643.95,655.26,0.1323
7_30,856.31,867.45,0.0197
7_30,662.7,684.57,0.0124
7_30,833.21,874.23,0.0099
7_30,821.49,823.45,0.0043
7_30,654.12,664.65,0.0042
7_30,848.41,857.99,0.0039
7_30,897.2,903.17,0.0036
7_30,844.56,847.23,0.0035
7_30,829.03,834.7,0.0033
7_30,939.79,961.89,0.0033
7_30,762.48,781.34,0.0032
7_30,925.97,932.45,0.0031
7_30,789.08,794.37,0.0031
7_30,756.16,765.14,0.0029
7_30,819.64,825.36,0.0027
7_30,723.35,735.79,0.0024
7_30,703.55,705.61,0.0023
7_30,885.31,888.4,0.0023
7_30,783.63,821.22,0.0022
7_30,922.06,925.26,0.0022
7_30,776.52,788.55,0.002
7_30,920.87,939.4,0.0019
7_30,859.07,861.66,0.0019
7_30,669.67,756.23,0.0018
7_30,806.94,809.38,0.0018
7_30,987.87,994.2,0.0018
7_30,808.58,829.44,0.0017
7_30,680.82,692.95,0.0016
7_30,738.3,744.74,0.0016
7_30,810.81,817.07,0.0013
7_30,788.91,790.81,0.0013
7_30,787.02,789.34,0.0012
7_30,970.28,973.32,0.0012
7_30,978.36,984.5,0.0011
7_30,793.78,796.68,0.0011
7_30,701.5,706.67,0.0011
7_30,916.71,921.8,0.0011
7_30,867.99,878.08,0.001
8_31,640.03,666.53,0.9995
8_31,667.61,692.5,0.9989
8_31,695.91,705.46,0.9981
8_31,616.79,638.6,0.9959
8_31,708.27,738.76,0.979
8_31,695.91,705.47,0.1356
8_31,667.62,692.48,0.1349
8_31,640.03,666.54,0.1322
8_31,847.07,849.88,0.0187
8_31,667.61,692.51,0.0182
8_31,803.38,814.1,0.0117
8_31,614.42,617.33,0.0097
8_31,739.37,779.75,0.0094
8_31,879.88,882.33,0.0081
8_31,787.8,790.79,0.0064
8_31,727.87,730.5,0.0056
8_31,704.91,714.8,0.0054
8_31,817.0,837.86,0.0046
8_31,732.75,735.82,0.0036
8_31,878.91,883.71,0.0031
8_31,656.11,667.11,0.003
8_31,640.23,642.86,0.0028
8_31,705.61,711.31,0.0024
8_31,762.09,783.9,0.0021
8_31,801.57,821.42,0.0021
8_31,614.4,616.95,0.002
8_31,714.09,736.04,0.0019
8_31,850.19,861.11,0.0017
8_31,874.3,876.96,0.0017
8_31,743.34,766.44,0.0016
8_31,703.67,706.36,0.0015
8_31,784.37,804.5,0.0015
8_31,840.87,846.73,0.0015
8_31,694.86,712.84,0.0014
8_31,638.55,650.1,0.0013
8_31,721.44,723.78,0.0013
8_16,705.32,730.99,0.9963
8_16,651.92,686.13,0.9958
8_16,733.78,772.21,0.9957
8_16,614.42,648.1,0.9946
8_16,815.72,855.43,0.9824
8_16,685.84,705.31,0.98
8_16,772.46,815.47,0.9763
8_16,651.92,686.18,0.1348
8_16,705.31,730.99,0.1326
8_16,711.87,715.19,0.008
8_16,615.61,618.49,0.0064
8_16,721.15,727.56,0.0059
8_16,744.74,765.76,0.0059
8_16,769.16,775.27,0.0043
8_16,708.61,720.54,0.004
8_16,872.74,878.59,0.0036
8_16,708.94,711.77,0.0035
8_16,671.54,674.23,0.003
8_16,720.67,723.51,0.0026
8_16,905.81,927.27,0.0026
8_16,1028.93,1040.71,0.0025
8_16,880.69,883.68,0.0024
8_16,643.89,646.72,0.0024
8_16,786.19,789.19,0.0022
8_16,1022.04,1024.92,0.0022
8_16,849.25,855.1,0.0022
8_16,629.64,641.98,0.0021
8_16,589.98,630.83,0.002
8_16,924.7,927.13,0.0019
8_16,703.42,738.3,0.0018
8_16,913.7,916.6,0.0016
8_16,868.86,880.42,0.0015
8_16,741.4,747.67,0.0015
8_16,994.23,1000.27,0.0015
8_16,1002.85,1008.12,0.0014
8_16,615.99,653.79,0.0014
8_16,685.74,696.8,0.0014
8_16,1010.51,1029.86,0.0013
8_16,618.73,621.75,0.0013
8_16,805.33,808.36,0.0013
8_16,766.87,776.35,0.0013
8_16,1047.87,1059.69,0.0012
8_16,747.63,750.19,0.0011
8_16,848.35,859.0,0.0011
8_16,878.78,916.41,0.001
8_16,703.09,705.77,0.001
10_48,771.53,777.85,1.0
10_48,941.68,945.05,0.9998
10_48,753.43,765.64,0.999
10_48,728.71,737.61,0.9988
10_48,738.63,748.94,0.9985
10_48,923.48,940.74,0.998
10_48,707.32,719.71,0.9978
10_48,806.54,814.83,0.9973
10_48,649.76,702.7,0.997
10_48,863.67,920.47,0.997
10_48,786.25,798.48,0.9941
10_48,834.68,840.21,0.9914
10_48,948.18,953.32,0.9913
10_48,818.33,834.2,0.9884
10_48,856.21,862.96,0.9862
10_48,615.71,645.04,0.978
10_48,649.87,702.62,0.1364
10_48,941.68,945.05,0.1359
10_48,728.7,737.61,0.1346
10_48,738.63,748.94,0.1344
10_48,923.46,940.74,0.1343
10_48,948.18,953.33,0.1342
10_48,786.24,798.49,0.1331
10_48,863.56,920.44,0.1327
10_48,818.34,834.21,0.1327
10_48,707.31,719.71,0.1324
10_48,718.35,728.69,0.0112
10_48,989.58,1025.88,0.011
10_48,862.77,864.99,0.0109
10_48,802.3,807.81,0.0102
10_48,695.5,701.6,0.0096
10_48,1128.2,1133.25,0.0095
10_48,647.56,658.67,0.0092
10_48,642.28,648.79,0.0083
10_48,770.9,780.69,0.0077
10_48,843.25,846.57,0.0076
10_48,954.37,965.54,0.0065
10_48,966.85,1043.28,0.0064
10_48,616.15,639.68,0.0055
10_48,1022.01,1061.51,0.0051
10_48,828.43,833.56,0.0043
10_48,783.45,803.47,0.0043
10_48,1062.39,1064.81,0.004
10_48,1119.3,1125.02,0.0038
10_48,1158.92,1170.56,0.0037
10_48,1136.68,1142.11,0.0037
10_48,1076.2,1098.11,0.0036
10_48,807.1,810.12,0.0034
10_48,1126.0,1128.65,0.0033
10_48,939.63,950.25,0.0032
10_48,587.01,636.43,0.0031
10_48,953.0,958.56,0.003
10_48,867.43,877.45,0.003
10_48,779.07,789.81,0.003
10_48,835.17,840.52,0.0028
10_48,883.62,908.38,0.0026
10_48,748.8,753.74,0.0025
10_48,801.68,807.31,0.0025
10_48,710.66,730.5,0.0023
10_48,1076.43,1082.4,0.0022
10_48,754.77,757.57,0.0022
10_48,874.86,886.52,0.0021
10_48,1101.29,1106.47,0.002
10_48,1158.01,1180.06,0.002
10_48,945.87,956.76,0.002
10_48,921.47,923.98,0.0019
10_48,1069.9,1075.95,0.0018
10_48,973.75,997.32,0.0017
10_48,938.23,941.11,0.0016
10_48,933.7,939.0,0.0015
10_48,809.32,844.69,0.0015
10_48,736.81,755.45,0.0014
10_48,666.71,677.25,0.0014
10_48,1151.21,1228.8,0.0014
10_48,723.62,728.75,0.0014
10_48,1036.23,1039.32,0.0013
10_48,777.02,779.29,0.0013
10_48,1018.43,1029.91,0.0012
10_48,1146.77,1149.57,0.0012
10_48,712.59,718.47,0.0012
10_48,764.43,767.21,0.0012
10_48,1028.9,1034.25,0.0011
10_48,805.38,816.0,0.0011
10_48,864.13,869.85,0.0011
10_48,958.22,979.51,0.0011
10_48,858.03,935.7,0.0011
10_48,1159.5,1165.6,0.001
9_19,1025.47,1039.63,1.0
9_19,734.18,747.65,0.9996
9_19,918.5,951.72,0.9987
9_19,958.34,1024.19,0.9982
9_19,824.88,851.81,0.9968
9_19,897.17,914.2,0.9955
9_19,1038.21,1056.66,0.9944
9_19,621.8,717.81,0.9894
9_19,857.57,896.43,0.9876
9_19,747.64,763.93,0.987
9_19,787.33,816.41,0.9703
9_19,734.16,747.64,0.1361
9_19,1038.2,1056.69,0.1354
9_19,918.48,951.73,0.1351
9_19,824.9,851.83,0.1337
9_19,877.69,897.43,0.0268
9_19,766.47,777.4,0.0222
9_19,734.17,747.64,0.0183
9_19,972.93,975.93,0.0114
9_19,629.69,649.93,0.01
9_19,1009.33,1029.06,0.0072
9_19,946.19,956.3,0.0058
9_19,709.51,733.54,0.0046
9_19,1025.57,1036.9,0.0046
9_19,747.75,790.8,0.0044
9_19,828.82,839.44,0.0044
9_19,859.48,881.03,0.0041
9_19,788.54,799.78,0.0037
9_19,1014.18,1025.58,0.0036
9_19,956.73,967.24,0.0036
9_19,879.76,891.69,0.0035
9_19,838.28,844.8,0.003
9_19,919.39,941.98,0.0028
9_19,748.49,758.67,0.0028
9_19,645.55,648.34,0.0026
9_19,898.62,911.06,0.0026
9_19,1056.76,1067.36,0.0025
9_19,1119.45,1139.84,0.0025
9_19,930.27,954.09,0.0022
9_19,876.05,882.07,0.002
9_19,652.44,655.37,0.0019
9_19,918.77,924.67,0.0018
9_19,976.1,978.68,0.0018
9_19,632.96,643.29,0.0018
9_19,675.29,699.87,0.0017
9_19,1145.71,1148.93,0.0016
9_19,843.66,850.24,0.0016
9_19,966.96,978.05,0.0016
9_19,1039.04,1052.18,0.0016
9_19,723.81,792.22,0.0015
9_19,822.42,825.64,0.0015
9_19,617.92,663.23,0.0013
9_19,820.1,822.56,0.0013
9_19,831.79,834.43,0.0013
9_19,1088.92,1099.8,0.0013
9_19,654.21,734.29,0.0012
9_19,903.59,909.85,0.0012
9_19,948.2,1018.69,0.0012
9_19,848.61,859.44,0.0011
9_19,1069.93,1089.46,0.001
9_19,959.09,965.61,0.001
13_36,959.31,962.67,0.9997
13_36,944.94,948.62,0.9938
13_36,914.82,924.06,0.9898
13_36,687.25,702.97,0.9891
13_36,755.28,881.37,0.985
13_36,974.14,989.36,0.9773
13_36,714.99,734.85,0.9757
13_36,748.84,751.73,0.9694
13_36,928.18,933.78,0.9651
13_36,944.94,948.62,0.1342
13_36,981.7,987.36,0.0203
13_36,640.08,642.99,0.0181
13_36,944.94,948.62,0.0177
13_36,1000.07,1003.1,0.0125
13_36,952.86,955.31,0.0088
13_36,829.37,851.24,0.0084
13_36,871.97,941.0,0.0065
13_36,859.39,862.02,0.006
13_36,867.0,869.49,0.005
13_36,631.72,637.25,0.0049
13_36,842.01,844.49,0.0048
13_36,890.92,893.6,0.0042
13_36,883.49,889.2,0.0039
13_36,716.34,719.16,0.0038
13_36,636.92,642.89,0.0037
13_36,1114.65,1125.65,0.0037
13_36,903.32,915.0,0.0037
13_36,675.16,686.35,0.0036
13_36,695.03,698.02,0.0035
13_36,898.1,900.41,0.0031
13_36,1088.23,1099.72,0.003
13_36,1002.56,1005.07,0.0029
13_36,1048.28,1059.08,0.0029
13_36,1026.86,1047.31,0.0028
13_36,927.34,933.51,0.0027
13_36,765.45,806.08,0.0026
13_36,702.02,714.04,0.0026
13_36,869.22,875.77,0.0024
13_36,939.09,944.81,0.0023
13_36,741.72,752.12,0.0023
13_36,1129.64,1141.02,0.0021
13_36,1109.75,1112.19,0.002
13_36,1063.28,1065.89,0.0019
13_36,752.93,755.37,0.0018
13_36,622.53,627.39,0.0018
13_36,840.28,843.2,0.0017
13_36,689.36,694.77,0.0017
13_36,660.03,679.84,0.0016
13_36,965.34,968.47,0.0016
13_36,917.57,920.33,0.0015
13_36,864.92,884.79,0.0015
13_36,633.83,636.45,0.0013
13_36,651.86,654.53,0.0013
13_36,1014.76,1017.16,0.0012
13_36,967.3,1042.31,0.0012
13_36,1049.18,1051.94,0.0012
13_36,617.88,620.71,0.0011
13_36,734.88,745.18,0.0011
13_36,1051.88,1054.54,0.0011
13_36,1029.05,1040.47,0.0011
13_36,765.89,768.79,0.0011
13_36,778.87,791.25,0.001
13_36,1081.75,1101.61,0.001
25_3,648.37,653.54,0.9998
25_3,763.73,774.41,0.9994
25_3,1006.07,1116.9,0.996
25_3,780.15,955.21,0.9957
25_3,663.04,675.98,0.9948
25_3,725.56,733.28,0.9944
25_3,1128.52,1132.85,0.991
25_3,1157.7,1213.42,0.9908
25_3,685.42,687.69,0.9908
25_3,965.62,992.66,0.9896
25_3,955.73,960.75,0.9884
25_3,741.0,747.18,0.9814
25_3,1118.08,1119.75,0.9813
25_3,1153.42,1156.61,0.9778
25_3,1215.04,1228.8,0.9761
25_3,996.52,999.44,0.97
25_3,1143.18,1153.22,0.9643
25_3,965.65,992.64,0.1347
25_3,763.75,774.41,0.1344
25_3,1157.64,1213.47,0.1332
25_3,1153.42,1156.61,0.1312
25_3,741.0,747.18,0.131
25_3,955.73,960.75,0.1283
25_3,1157.67,1213.49,0.018
25_3,1177.43,1179.97,0.0125
25_3,722.76,733.64,0.0121
25_3,749.08,758.24,0.0091
25_3,734.0,747.17,0.0083
25_3,821.25,823.57,0.0072
25_3,830.69,833.3,0.0068
25_3,995.84,1001.19,0.0065
25_3,1118.37,1154.66,0.0063
25_3,826.91,829.5,0.0063
25_3,1017.15,1064.15,0.0062
25_3,1000.66,1020.23,0.0051
25_3,1203.56,1214.55,0.0047
25_3,682.27,685.31,0.0044
25_3,630.25,652.63,0.0039
25_3,989.09,994.61,0.0039
25_3,954.67,964.8,0.0036
25_3,831.75,834.51,0.0033
25_3,1144.14,1151.05,0.0032
25_3,1177.82,1180.44,0.0032
25_3,1169.38,1175.41,0.0029
25_3,1122.45,1134.12,0.0027
25_3,647.47,656.61,0.0026
25_3,1151.09,1153.58,0.0026
25_3,695.59,707.39,0.0025
25_3,1003.38,1010.44,0.0024
25_3,971.94,985.7,0.0024
25_3,685.46,687.91,0.0023
25_3,1152.84,1157.52,0.0023
25_3,1019.12,1118.5,0.0023
25_3,827.16,853.57,0.0022
25_3,1129.04,1132.12,0.0021
25_3,1017.19,1030.21,0.002
25_3,701.52,739.86,0.0019
25_3,768.0,774.16,0.0019
25_3,693.74,696.1,0.0019
25_3,823.12,825.84,0.0017
25_3,942.23,953.0,0.0017
25_3,816.18,819.09,0.0017
25_3,864.45,867.01,0.0016
25_3,853.64,856.32,0.0016
25_3,616.9,635.52,0.0016
25_3,1117.49,1119.82,0.0014
25_3,661.78,674.83,0.0014
25_3,683.2,706.9,0.0013
25_3,1212.98,1228.8,0.0013
25_3,922.61,944.79,0.0012
25_3,648.54,653.8,0.0012
25_3,944.07,946.69,0.0012
25_3,1133.98,1136.88,0.0012
25_3,654.34,664.05,0.0012
25_3,825.86,830.0,0.0011
25_3,817.63,822.87,0.0011
25_3,1222.9,1226.17,0.0011
25_3,788.25,888.23,0.001
17_29,867.28,887.31,0.9988
17_29,656.07,724.46,0.9983
17_29,975.32,984.4,0.9979
17_29,951.43,971.89,0.997
17_29,618.58,653.06,0.9969
17_29,786.89,842.23,0.9968
17_29,890.77,907.45,0.9966
17_29,917.31,947.23,0.9866
17_29,987.42,1001.86,0.982
17_29,750.9,786.12,0.9807
17_29,867.27,887.34,0.1359
17_29,618.56,653.03,0.1356
17_29,656.06,724.35,0.1353
17_29,975.31,984.39,0.1348
17_29,786.87,842.24,0.1337
17_29,951.42,971.87,0.1329
17_29,649.97,655.66,0.0078
17_29,1032.73,1044.38,0.0076
17_29,1025.28,1031.52,0.0065
17_29,980.45,1002.17,0.0055
17_29,846.32,852.12,0.0048
17_29,850.81,892.57,0.0047
17_29,982.65,1069.03,0.0042
17_29,623.85,647.67,0.0042
17_29,1082.69,1093.13,0.004
17_29,709.5,712.24,0.0038
17_29,782.56,785.41,0.0037
17_29,1018.36,1029.36,0.0028
17_29,977.05,983.3,0.0027
17_29,1091.66,1097.45,0.0027
17_29,917.96,921.01,0.0026
17_29,846.95,868.22,0.0026
17_29,710.05,719.24,0.0026
17_29,961.79,964.58,0.0025
17_29,645.88,649.04,0.0025
17_29,894.22,900.16,0.0024
17_29,668.47,713.82,0.0024
17_29,870.96,882.36,0.0021
17_29,744.22,749.09,0.0019
17_29,754.47,760.02,0.0018
17_29,964.35,969.94,0.0017
17_29,959.27,961.65,0.0017
17_29,753.82,790.36,0.0017
17_29,618.37,628.14,0.0016
17_29,650.58,653.1,0.0016
17_29,631.29,637.63,0.0015
17_29,774.09,776.79,0.0015
17_29,813.18,824.96,0.0014
17_29,1042.39,1045.04,0.0014
17_29,890.91,962.69,0.0013
17_29,793.54,818.43,0.0013
17_29,635.2,640.86,0.0011
17_29,970.16,986.48,0.0011
17_29,699.27,702.47,0.0011
17_29,1025.99,1028.25,0.0011
17_29,968.04,973.44,0.001
17_29,1045.38,1057.95,0.001
17_29,991.13,993.96,0.001
10_18,682.52,687.0,0.9997
10_18,853.32,864.0,0.9988
10_18,771.58,780.05,0.9986
10_18,841.07,850.12,0.9981
10_18,831.16,839.33,0.998
10_18,735.51,754.27,0.9976
10_18,866.33,876.47,0.9976
10_18,641.21,659.99,0.9968
10_18,616.81,635.44,0.9966
10_18,884.03,890.82,0.9961
10_18,783.25,785.34,0.9959
10_18,700.76,713.76,0.9954
10_18,660.93,682.06,0.9946
10_18,689.95,700.39,0.9915
10_18,829.24,831.45,0.9898
10_18,720.79,729.14,0.9886
10_18,827.33,829.32,0.9879
10_18,793.63,827.66,0.9852
10_18,714.04,717.31,0.9782
10_18,853.34,864.01,0.1362
10_18,735.54,754.28,0.1358
10_18,831.16,839.32,0.1355
10_18,841.07,850.13,0.1354
10_18,641.21,659.98,0.1354
10_18,783.25,785.33,0.1351
10_18,771.57,780.05,0.135
10_18,660.95,682.08,0.1346
10_18,866.34,876.46,0.134
10_18,700.76,713.76,0.1324
10_18,831.16,839.32,0.0182
10_18,1008.61,1018.74,0.018
10_18,711.79,714.39,0.0123
10_18,706.66,712.21,0.0109
10_18,883.6,894.27,0.0104
10_18,979.83,1000.84,0.0096
10_18,811.54,822.95,0.0089
10_18,781.81,786.41,0.0087
10_18,725.32,727.66,0.0085
10_18,793.49,796.14,0.0085
10_18,1060.47,1066.37,0.007
10_18,678.26,687.51,0.0066
10_18,836.94,853.54,0.0064
10_18,992.34,1004.69,0.006
10_18,788.03,792.99,0.0051
10_18,624.13,627.13,0.005
10_18,1037.74,1042.6,0.0047
10_18,618.91,624.6,0.0046
10_18,722.18,725.12,0.0046
10_18,1072.67,1075.33,0.0044
10_18,1088.76,1095.51,0.0043
10_18,742.23,744.68,0.0041
10_18,680.02,683.14,0.0041
10_18,651.13,653.82,0.0037
10_18,688.18,699.41,0.0036
10_18,1105.77,1117.6,0.0035
10_18,756.64,765.96,0.0033
10_18,1019.13,1024.16,0.0032
10_18,982.79,985.25,0.0032
10_18,922.09,924.68,0.0032
10_18,719.27,729.03,0.0031
10_18,717.71,720.28,0.0031
10_18,1125.04,1136.46,0.0031
10_18,996.39,999.21,0.0031
10_18,658.86,664.05,0.0028
10_18,1095.26,1105.94,0.0027
10_18,839.9,843.2,0.0027
10_18,1029.1,1031.71,0.0025
10_18,919.1,959.95,0.0024
10_18,663.54,675.8,0.0023
10_18,954.07,966.11,0.0023
10_18,826.91,862.23,0.0023
10_18,799.95,812.45,0.0022
10_18,770.97,790.9,0.0021
10_18,842.3,847.62,0.0021
10_18,895.28,914.83,0.0021
10_18,1047.06,1068.3,0.0019
10_18,1069.34,1071.66,0.0019
10_18,789.73,792.17,0.0018
10_18,1069.86,1080.42,0.0018
10_18,658.38,700.99,0.0018
10_18,702.24,707.98,0.0017
10_18,856.51,862.45,0.0017
10_18,1142.69,1145.21,0.0016
10_18,1043.31,1046.33,0.0016
10_18,934.55,937.24,0.0016
10_18,1155.97,1158.68,0.0016
10_18,1089.23,1091.92,0.0015
10_18,683.51,687.06,0.0015
10_18,1133.05,1135.89,0.0015
10_18,837.52,840.31,0.0015
10_18,1145.41,1147.97,0.0014
10_18,1049.57,1055.88,0.0014
10_18,1017.96,1020.58,0.0014
10_18,616.81,629.56,0.0014
10_18,776.76,779.11,0.0013
10_18,1006.04,1011.81,0.0013
10_18,730.95,733.79,0.0012
10_18,873.56,894.39,0.0012
10_18,847.01,849.98,0.0012
10_18,912.15,915.17,0.0012
10_18,1031.52,1041.23,0.0012
10_18,666.73,669.56,0.0012
10_18,1026.3,1032.2,0.0011
10_18,1066.19,1069.15,0.0011
10_18,762.84,772.7,0.0011
10_18,788.6,791.25,0.001
10_18,736.89,747.78,0.001
4_43,1028.5,1045.34,0.9997
4_43,691.17,694.79,0.9994
4_43,722.49,728.76,0.9988
4_43,654.1,676.53,0.9984
4_43,806.4,812.8,0.9981
4_43,637.92,649.08,0.9978
4_43,793.52,796.83,0.9969
4_43,829.45,961.97,0.992
4_43,625.89,630.52,0.9915
4_43,762.19,791.32,0.9905
4_43,679.67,686.97,0.9903
4_43,822.45,824.47,0.9873
4_43,706.97,714.2,0.9862
4_43,1018.59,1026.41,0.9852
4_43,972.1,1005.51,0.9836
4_43,977.86,982.54,0.9435
4_43,637.9,649.08,0.1356
4_43,806.39,812.8,0.1355
4_43,829.54,961.83,0.1347
4_43,691.16,694.8,0.1345
4_43,793.52,796.83,0.134
4_43,679.68,686.96,0.1335
4_43,793.52,796.83,0.0183
4_43,806.4,812.8,0.0181
4_43,691.17,694.8,0.0181
4_43,679.67,686.97,0.0179
4_43,617.89,628.37,0.0095
4_43,960.39,962.84,0.0081
4_43,1007.47,1019.33,0.008
4_43,668.13,670.46,0.0074
4_43,1015.36,1017.95,0.0069
4_43,954.87,957.52,0.0068
4_43,717.37,729.61,0.0067
4_43,775.01,787.74,0.0064
4_43,905.12,907.15,0.0063
4_43,713.58,719.94,0.0055
4_43,781.26,784.34,0.0054
4_43,753.73,756.75,0.0041
4_43,977.38,982.08,0.0035
4_43,723.11,728.77,0.0035
4_43,686.44,691.52,0.0035
4_43,732.42,743.22,0.0031
4_43,844.14,846.44,0.0031
4_43,897.34,944.1,0.003
4_43,794.95,806.48,0.0028
4_43,846.12,851.88,0.0025
4_43,1019.88,1025.53,0.0024
4_43,826.43,828.99,0.0024
4_43,961.44,966.84,0.0023
4_43,778.91,781.68,0.0023
4_43,1116.87,1135.61,0.0022
4_43,701.03,707.14,0.0022
4_43,1146.41,1148.86,0.0021
4_43,655.0,667.08,0.0021
4_43,855.13,858.04,0.0021
4_43,696.69,702.46,0.002
4_43,834.96,845.77,0.0018
4_43,788.2,798.25,0.0017
4_43,730.22,733.3,0.0017
4_43,935.28,938.04,0.0016
4_43,710.23,713.55,0.0016
4_43,897.68,900.77,0.0014
4_43,979.32,1000.31,0.0014
4_43,737.86,740.6,0.0014
4_43,1004.11,1077.04,0.0014
4_43,853.69,902.64,0.0013
4_43,813.05,818.94,0.0013
4_43,938.18,944.02,0.0012
4_43,987.54,990.16,0.0012
4_43,1012.07,1018.66,0.0012
4_43,871.63,882.23,0.0011
4_43,674.41,679.53,0.0011
2_17,677.53,785.81,0.9998
2_17,853.97,861.11,0.9997
2_17,1182.59,1228.8,0.9997
2_17,1103.45,1163.59,0.9992
2_17,617.72,677.18,0.9969
2_17,916.92,942.65,0.9968
2_17,786.36,827.75,0.9961
2_17,892.4,915.53,0.9934
2_17,861.99,889.82,0.9919
2_17,1163.76,1181.88,0.9903
2_17,828.28,850.36,0.9902
2_17,1087.05,1100.92,0.9891
2_17,1000.25,1086.63,0.9882
2_17,945.4,996.48,0.9711
2_17,1103.4,1163.58,0.1355
2_17,786.34,827.8,0.1349
2_17,861.96,889.83,0.1346
2_17,1087.05,1100.91,0.1343
2_17,916.98,923.38,0.0288
2_17,679.7,718.56,0.0204
2_17,1103.45,1163.57,0.0182
2_17,1087.04,1100.91,0.0181
2_17,735.55,783.48,0.0177
2_17,998.68,1001.49,0.0111
2_17,617.11,638.84,0.0108
2_17,1051.34,1073.05,0.0066
2_17,901.98,943.52,0.0063
2_17,759.25,783.48,0.005
2_17,1104.78,1114.42,0.005
2_17,828.23,835.59,0.0049
2_17,781.66,846.2,0.0045
2_17,1135.06,1160.99,0.0039
2_17,617.81,663.37,0.0037
2_17,1003.17,1045.75,0.0034
2_17,978.1,999.55,0.0034
2_17,1185.03,1228.8,0.0033
2_17,892.3,895.43,0.0033
2_17,1146.68,1152.94,0.0031
2_17,826.29,828.95,0.0031
2_17,673.58,742.48,0.0026
2_17,1107.46,1110.25,0.0026
2_17,919.55,951.52,0.0023
2_17,851.27,854.44,0.0021
2_17,1063.63,1069.16,0.002
2_17,786.22,803.76,0.002
2_17,961.87,984.87,0.0019
2_17,1050.75,1053.52,0.0018
2_17,827.57,847.14,0.0018
2_17,1021.98,1074.79,0.0018
2_17,630.36,656.07,0.0018
2_17,875.58,887.15,0.0016
2_17,892.43,932.3,0.0015
2_17,868.46,874.66,0.0014
2_17,1085.64,1091.16,0.0013
2_17,1067.75,1085.82,0.0013
2_17,998.63,1000.42,0.0012
2_17,838.52,850.33,0.0012
2_17,720.03,726.33,0.0012
2_17,1140.88,1163.09,0.0012
2_17,936.72,1000.23,0.0011
2_17,970.97,973.65,0.0011
2_17,1158.42,1161.45,0.0011
2_17,677.41,704.14,0.0011
2_17,862.79,905.51,0.0011
9_2,862.45,872.12,0.9991
9_2,631.15,676.87,0.9972
9_2,781.21,825.12,0.9939
9_2,834.11,860.5,0.9939
9_2,685.35,754.25,0.9937
9_2,912.67,971.32,0.9912
9_2,754.24,774.17,0.9899
9_2,979.07,989.38,0.9894
9_2,886.93,912.71,0.9877
9_2,971.34,978.43,0.9826
9_2,871.48,885.63,0.9754
9_2,631.12,676.9,0.1351
9_2,862.46,872.11,0.1347
9_2,979.07,989.38,0.1338
9_2,834.11,860.53,0.1321
9_2,886.95,912.72,0.1288
9_2,631.17,676.95,0.0179
9_2,602.06,623.8,0.0163
9_2,735.77,738.52,0.0072
9_2,879.48,885.04,0.0063
9_2,762.75,765.83,0.0054
9_2,812.64,815.86,0.0052
9_2,613.73,619.29,0.0045
9_2,1021.14,1043.57,0.004
9_2,731.8,754.66,0.0036
9_2,812.85,833.65,0.0033
9_2,742.64,745.4,0.0032
9_2,680.0,720.75,0.0032
9_2,951.57,958.14,0.0031
9_2,923.49,930.21,0.0027
9_2,683.57,685.85,0.0026
9_2,691.37,693.94,0.0026
9_2,833.65,843.83,0.0025
9_2,1003.24,1006.21,0.0025
9_2,787.27,790.41,0.0024
9_2,1035.68,1041.7,0.0024
9_2,782.51,788.01,0.0023
9_2,845.33,857.01,0.0022
9_2,980.87,987.82,0.0022
9_2,773.56,779.63,0.002
9_2,1073.85,1094.32,0.002
9_2,816.77,821.87,0.0019
9_2,971.3,1010.98,0.0019
9_2,1134.24,1222.89,0.0018
9_2,625.39,631.39,0.0017
9_2,1029.56,1032.09,0.0017
9_2,860.63,879.97,0.0016
9_2,722.19,728.16,0.0015
9_2,739.38,749.71,0.0015
9_2,1070.74,1073.3,0.0015
9_2,821.89,827.47,0.0014
9_2,862.2,864.67,0.0013
9_2,826.28,835.23,0.0013
9_2,770.34,773.0,0.0013
9_2,608.81,628.78,0.0013
9_2,729.67,736.02,0.0012
9_2,886.62,889.31,0.0012
9_2,694.9,699.97,0.0012
9_2,675.91,678.89,0.0012
9_2,717.29,722.76,0.0011
9_2,966.11,968.74,0.0011
9_2,858.28,861.2,0.0011
9_2,922.28,968.79,0.001
9_2,699.4,702.05,0.001
21_3,615.09,640.2,0.9995
21_3,760.89,829.14,0.998
21_3,1035.61,1052.32,0.9963
21_3,1022.36,1034.89,0.996
21_3,671.6,689.0,0.9949
21_3,972.14,994.42,0.994
21_3,689.7,715.5,0.9938
21_3,829.17,857.07,0.9934
21_3,918.48,958.21,0.9899
21_3,993.07,1020.24,0.9892
21_3,958.2,972.14,0.9824
21_3,857.1,910.04,0.9799
21_3,642.3,663.23,0.9796
21_3,718.29,748.98,0.9684
21_3,760.83,829.1,0.1355
21_3,829.19,857.07,0.1348
21_3,615.09,640.2,0.1347
21_3,671.58,689.01,0.1344
21_3,972.14,994.43,0.1343
21_3,689.71,715.52,0.1341
21_3,1035.59,1052.32,0.1331
21_3,958.19,972.13,0.133
21_3,857.08,910.06,0.1319
21_3,809.71,820.59,0.0203
21_3,689.7,715.52,0.0182
21_3,1112.87,1118.78,0.0127
21_3,660.0,662.75,0.0086
21_3,1064.83,1070.32,0.0073
21_3,1052.61,1064.0,0.0054
21_3,639.47,642.33,0.0051
21_3,749.87,752.73,0.0051
21_3,634.5,669.83,0.0047
21_3,774.13,776.87,0.0044
21_3,830.07,869.09,0.004
21_3,997.0,1002.35,0.0038
21_3,1034.12,1041.08,0.0033
21_3,936.71,956.93,0.0033
21_3,772.35,816.59,0.0033
21_3,1101.82,1112.46,0.0032
21_3,1112.95,1116.08,0.0032
21_3,816.99,823.18,0.003
21_3,860.22,865.85,0.0026
21_3,886.57,889.45,0.0026
21_3,840.71,853.84,0.0025
21_3,711.74,748.54,0.0024
21_3,1082.29,1122.23,0.0024
21_3,912.53,1000.31,0.0023
21_3,737.6,740.57,0.0021
21_3,762.06,782.51,0.002
21_3,1022.75,1025.28,0.002
21_3,975.81,987.35,0.0019
21_3,955.76,974.24,0.0017
21_3,763.81,766.77,0.0016
21_3,656.52,659.34,0.0016
21_3,732.56,744.71,0.0016
21_3,791.04,793.98,0.0015
21_3,815.83,818.37,0.0015
21_3,722.93,735.78,0.0015
21_3,748.14,753.53,0.0015
21_3,905.6,915.94,0.0014
21_3,941.14,952.41,0.0014
21_3,1094.11,1099.46,0.0013
21_3,1124.67,1136.83,0.0013
21_3,913.23,926.19,0.0012
21_3,1030.18,1032.96,0.0012
21_3,882.81,885.65,0.0012
21_3,643.19,649.65,0.0011
21_3,993.23,1037.55,0.001
21_3,761.82,764.49,0.001
18_24,1162.51,1169.78,1.0
18_24,1008.19,1050.59,0.9994
18_24,1172.89,1184.22,0.9992
18_24,840.34,962.42,0.9982
18_24,655.81,757.03,0.9981
18_24,760.95,780.18,0.9974
18_24,1084.25,1162.32,0.9972
18_24,1073.51,1082.2,0.9958
18_24,1061.97,1073.43,0.9943
18_24,963.16,996.15,0.9929
18_24,618.23,652.91,0.9927
18_24,996.45,1005.49,0.9872
18_24,781.11,830.95,0.9822
18_24,655.89,757.12,0.1354
18_24,781.02,831.02,0.1346
18_24,760.95,780.19,0.1346
18_24,618.24,652.89,0.1344
18_24,1008.19,1050.63,0.1342
18_24,1172.89,1184.23,0.134
18_24,1162.51,1169.79,0.1335
18_24,1061.98,1073.43,0.1335
18_24,730.76,755.84,0.023
18_24,1162.51,1169.79,0.0179
18_24,931.25,934.13,0.0108
18_24,657.02,681.52,0.0082
18_24,1060.7,1081.83,0.0079
18_24,711.48,755.78,0.0078
18_24,896.01,922.65,0.0068
18_24,956.9,965.78,0.0066
18_24,951.95,957.07,0.0058
18_24,840.37,884.57,0.0056
18_24,926.46,929.47,0.0053
18_24,997.07,1003.69,0.0045
18_24,1160.45,1162.72,0.0044
18_24,1078.69,1159.06,0.0038
18_24,771.57,773.98,0.0037
18_24,799.57,802.63,0.0032
18_24,1008.45,1033.18,0.0032
18_24,986.77,989.84,0.003
18_24,914.92,921.51,0.0028
18_24,683.22,690.55,0.0024
18_24,1140.1,1161.89,0.0024
18_24,983.89,995.32,0.0022
18_24,802.11,827.54,0.002
18_24,930.59,935.82,0.0019
18_24,793.74,796.6,0.0018
18_24,831.69,834.3,0.0018
18_24,1165.39,1168.4,0.0017
18_24,962.9,984.74,0.0015
18_24,1008.26,1014.01,0.0013
18_24,762.45,823.31,0.0013
18_24,1049.98,1052.47,0.0013
18_24,1083.7,1089.3,0.0013
18_24,1162.57,1164.77,0.0012
18_24,955.13,957.07,0.0012
18_24,821.56,827.54,0.0012
18_24,1149.65,1161.95,0.0012
18_24,758.62,761.46,0.0012
18_24,904.53,911.5,0.0011
18_24,956.14,965.03,0.0011
18_24,1084.21,1103.73,0.001
18_24,1050.54,1060.68,0.001
22_2,727.77,736.32,0.9994
22_2,654.07,688.86,0.9988
22_2,814.7,851.42,0.9981
22_2,1063.64,1071.12,0.9977
22_2,1133.45,1144.92,0.9968
22_2,755.93,772.48,0.9959
22_2,780.65,812.41,0.9925
22_2,614.44,652.4,0.99
22_2,853.73,1036.99,0.9884
22_2,1073.29,1130.38,0.9883
22_2,1144.94,1150.43,0.9869
22_2,701.46,721.52,0.9847
22_2,692.62,699.48,0.9817
22_2,1038.4,1041.65,0.9468
22_2,853.52,1036.77,0.1349
22_2,654.08,688.86,0.1345
22_2,814.68,851.45,0.1343
22_2,780.66,812.42,0.1335
22_2,1063.65,1071.12,0.1323
22_2,692.62,699.48,0.1316
22_2,1073.36,1130.48,0.1305
22_2,1063.64,1071.12,0.0179
22_2,1073.36,1130.34,0.0176
22_2,1132.2,1153.12,0.0143
22_2,658.73,661.7,0.0101
22_2,751.37,757.2,0.0078
22_2,897.95,919.58,0.0077
22_2,614.9,638.59,0.0064
22_2,838.6,850.39,0.0055
22_2,964.63,989.8,0.005
22_2,690.19,693.21,0.0048
22_2,1010.32,1020.98,0.0048
22_2,801.98,806.71,0.0045
22_2,985.93,991.75,0.0044
22_2,1093.91,1096.89,0.0043
22_2,658.44,681.99,0.004
22_2,651.99,654.62,0.0037
22_2,1013.2,1015.63,0.0037
22_2,638.01,643.75,0.0035
22_2,858.14,869.72,0.0035
22_2,893.93,947.92,0.0034
22_2,1137.49,1143.16,0.0033
22_2,922.27,927.27,0.0032
22_2,1057.41,1063.71,0.0031
22_2,1070.29,1076.02,0.0028
22_2,872.65,884.98,0.0027
22_2,799.96,803.03,0.0026
22_2,1120.1,1126.09,0.0025
22_2,811.78,822.08,0.0025
22_2,1049.65,1055.55,0.0024
22_2,713.07,718.09,0.0022
22_2,829.52,832.33,0.002
22_2,890.39,893.26,0.002
22_2,695.59,698.52,0.002
22_2,751.82,758.1,0.002
22_2,1037.27,1049.2,0.002
22_2,668.72,678.97,0.0019
22_2,769.52,775.09,0.0019
22_2,743.49,746.27,0.0018
22_2,747.17,782.91,0.0017
22_2,802.91,805.84,0.0017
22_2,818.84,859.59,0.0016
22_2,1144.15,1155.2,0.0015
22_2,720.23,725.83,0.0014
22_2,948.86,996.54,0.0014
22_2,925.9,932.29,0.0014
22_2,756.75,767.27,0.0014
22_2,1136.22,1224.02,0.0014
22_2,745.48,751.6,0.0013
22_2,642.69,653.21,0.0013
22_2,1017.95,1037.99,0.0013
22_2,635.5,638.21,0.0012
22_2,883.64,895.43,0.0012
22_2,693.68,696.09,0.0011
22_2,1120.25,1122.72,0.0011
22_2,1139.59,1142.2,0.0011
22_2,667.89,670.57,0.0011
22_2,1071.54,1082.31,0.001
22_2,694.28,777.3,0.001
23_5,1119.34,1154.76,0.9973
23_5,1154.72,1156.66,0.9972
23_5,845.9,881.23,0.9964
23_5,694.11,776.42,0.996
23_5,661.93,692.36,0.9957
23_5,1156.87,1176.67,0.9953
23_5,883.09,930.55,0.9952
23_5,961.05,996.4,0.9942
23_5,998.81,1063.98,0.9936
23_5,820.92,841.63,0.9911
23_5,787.44,817.85,0.9906
23_5,617.49,660.12,0.9896
23_5,931.19,958.6,0.9875
23_5,1082.27,1119.39,0.9796
23_5,1063.38,1079.81,0.9752
23_5,1178.56,1228.8,0.9538
23_5,661.9,692.38,0.1344
23_5,961.03,996.37,0.1343
23_5,998.8,1064.01,0.1343
23_5,1156.86,1176.67,0.1339
23_5,931.2,958.61,0.1316
23_5,1178.56,1228.8,0.1289
23_5,1064.89,1070.63,0.0196
23_5,661.91,692.39,0.0182
23_5,998.78,1063.96,0.018
23_5,1187.14,1193.73,0.0166
23_5,1084.11,1089.86,0.015
23_5,960.68,971.34,0.0095
23_5,698.35,746.62,0.0093
23_5,1119.64,1133.05,0.0089
23_5,776.74,779.5,0.0088
23_5,999.63,1002.19,0.0088
23_5,1096.39,1175.05,0.0083
23_5,1151.2,1157.3,0.0061
23_5,681.24,691.83,0.0041
23_5,1082.63,1104.24,0.0039
23_5,793.85,816.36,0.0035
23_5,930.59,932.98,0.0033
23_5,748.56,772.41,0.0031
23_5,900.98,926.25,0.0031
23_5,1084.96,1090.26,0.003
23_5,1064.5,1076.32,0.0029
23_5,999.96,1023.6,0.0027
23_5,1154.3,1156.62,0.0024
23_5,696.35,783.05,0.0023
23_5,862.14,875.09,0.0022
23_5,1000.92,1008.34,0.0022
23_5,788.82,801.7,0.0021
23_5,1120.84,1155.76,0.0021
23_5,821.67,834.07,0.002
23_5,695.1,698.02,0.0016
23_5,846.0,855.8,0.0014
23_5,918.31,921.72,0.0013
23_5,787.57,830.43,0.0013
23_5,886.43,931.48,0.0013
23_5,1186.53,1210.68,0.0012
23_5,964.5,970.38,0.0012
23_5,938.96,952.0,0.0011
23_5,769.68,787.11,0.0011
23_5,758.05,769.77,0.001
29_7,618.15,696.75,0.998
29_7,881.81,901.45,0.9978
29_7,806.93,880.34,0.9976
29_7,900.19,980.13,0.9959
29_7,731.46,769.88,0.9932
29_7,774.57,801.69,0.9834
29_7,701.97,730.06,0.9825
29_7,982.28,1228.8,0.9656
29_7,618.16,696.71,0.1354
29_7,806.93,880.34,0.1334
29_7,774.58,801.69,0.1304
29_7,1210.8,1228.8,0.0122
29_7,930.79,978.8,0.012
29_7,1059.38,1123.36,0.0091
29_7,846.29,870.03,0.0061
29_7,1200.77,1228.8,0.0053
29_7,887.77,899.68,0.0048
29_7,1083.57,1101.3,0.0041
29_7,693.98,697.02,0.0039
29_7,615.01,640.77,0.0034
29_7,720.53,723.91,0.0033
29_7,997.21,1050.98,0.0032
29_7,1053.44,1067.42,0.0026
29_7,883.29,889.79,0.0025
29_7,1181.1,1187.51,0.0024
29_7,866.78,877.92,0.0024
29_7,974.29,980.36,0.0023
29_7,1116.81,1189.55,0.0019
29_7,766.81,771.57,0.0019
29_7,987.88,1000.8,0.0019
29_7,1212.56,1228.8,0.0019
29_7,721.96,798.27,0.0018
29_7,1038.27,1053.05,0.0017
29_7,1146.11,1162.01,0.0016
29_7,796.73,808.05,0.0015
29_7,900.24,903.18,0.0014
29_7,881.38,884.08,0.0014
29_7,1019.67,1033.17,0.0014
29_7,907.48,982.81,0.0013
29_7,997.88,1000.9,0.0013
29_7,714.78,727.34,0.0013
29_7,963.88,976.83,0.0013
29_7,708.07,714.83,0.0012
29_7,1101.06,1103.31,0.0011
29_7,1191.65,1228.8,0.001
29_7,1013.2,1144.9,0.001
9_47,703.07,711.61,0.9998
9_47,620.8,641.25,0.9968
9_47,721.39,753.36,0.9963
9_47,755.51,778.09,0.9919
9_47,874.89,881.27,0.9875
9_47,642.56,703.94,0.9874
9_47,867.64,875.74,0.9789
9_47,808.38,866.77,0.9709
9_47,778.96,807.93,0.968
9_47,703.07,711.61,0.1349
9_47,721.43,753.36,0.134
9_47,642.59,703.85,0.1338
9_47,874.89,881.28,0.1332
9_47,867.64,875.74,0.1316
9_47,721.38,753.39,0.0183
9_47,642.56,703.91,0.0182
9_47,862.28,867.91,0.018
9_47,979.23,990.03,0.0175
9_47,761.89,774.1,0.0162
9_47,692.69,703.17,0.0158
9_47,868.4,870.59,0.0131
9_47,795.04,798.23,0.0113
9_47,751.73,757.13,0.0104
9_47,903.24,910.05,0.0087
9_47,780.11,782.64,0.0062
9_47,932.5,935.33,0.0057
9_47,621.3,633.47,0.0052
9_47,993.55,999.04,0.0051
9_47,806.54,809.64,0.0049
9_47,711.92,714.21,0.0044
9_47,917.71,920.89,0.0036
9_47,1101.54,1104.46,0.0034
9_47,964.17,967.26,0.0034
9_47,1081.46,1088.03,0.0034
9_47,779.24,867.7,0.0034
9_47,920.82,939.25,0.0033
9_47,1004.5,1007.12,0.0031
9_47,961.86,981.59,0.003
9_47,874.53,918.6,0.0029
9_47,643.46,664.76,0.0029
9_47,913.06,918.96,0.0028
9_47,977.06,980.36,0.0027
9_47,614.8,620.48,0.0027
9_47,1089.59,1094.92,0.0026
9_47,897.89,982.88,0.0025
9_47,887.6,890.35,0.0023
9_47,708.99,711.69,0.0022
9_47,834.17,840.19,0.0021
9_47,1090.34,1111.39,0.0021
9_47,949.31,952.34,0.002
9_47,940.62,961.77,0.0019
9_47,1111.82,1115.24,0.0018
9_47,803.36,806.23,0.0017
9_47,857.63,863.76,0.0015
9_47,865.48,883.6,0.0015
9_47,814.08,816.69,0.0014
9_47,1033.1,1045.14,0.0014
9_47,725.11,737.79,0.0014
9_47,820.76,842.26,0.0014
9_47,841.09,864.92,0.0013
9_47,863.22,868.37,0.0013
9_47,624.36,626.93,0.0012
9_47,713.23,724.52,0.0012
9_47,876.84,898.93,0.0011
9_47,746.83,752.26,0.0011
9_47,636.33,639.34,0.0011
9_47,599.02,630.34,0.0011
16_26,868.92,889.43,0.9999
16_26,805.49,817.09,0.9998
16_26,1063.49,1075.57,0.9994
16_26,970.19,980.28,0.9994
16_26,948.17,960.1,0.9992
16_26,1075.83,1078.68,0.9992
16_26,748.04,766.66,0.999
16_26,1042.17,1060.78,0.9988
16_26,1083.56,1134.63,0.9983
16_26,618.02,664.66,0.998
16_26,701.13,739.98,0.9973
16_26,898.48,938.1,0.9969
16_26,845.12,851.85,0.9959
16_26,771.33,803.93,0.9957
16_26,983.39,989.61,0.9952
16_26,669.56,695.71,0.995
16_26,825.69,839.42,0.9863
16_26,855.99,867.38,0.9822
16_26,989.63,1020.67,0.9663
16_26,939.87,969.91,0.7069
16_26,1021.16,1062.94,0.6654
16_26,748.02,766.65,0.1356
16_26,1063.49,1075.57,0.1354
16_26,701.14,739.97,0.1347
16_26,771.32,803.91,0.1341
16_26,983.39,989.61,0.134
16_26,898.46,938.07,0.1335
16_26,845.12,851.85,0.1305
16_26,948.17,960.11,0.0989
16_26,1042.17,1060.8,0.0897
16_26,1063.48,1075.59,0.0182
16_26,1022.65,1042.86,0.0131
16_26,774.25,776.71,0.0093
16_26,952.32,958.61,0.0077
16_26,739.41,769.63,0.0073
16_26,1033.27,1035.99,0.0068
16_26,897.26,903.31,0.0064
16_26,839.65,842.71,0.0063
16_26,816.31,893.06,0.0056
16_26,1128.06,1149.92,0.0055
16_26,873.98,879.61,0.0054
16_26,750.05,755.96,0.0054
16_26,681.01,692.88,0.0053
16_26,801.17,804.09,0.0049
16_26,614.23,620.72,0.0049
16_26,869.45,875.73,0.0044
16_26,995.51,1017.81,0.0041
16_26,961.38,967.28,0.0039
16_26,854.23,856.9,0.0032
16_26,1079.8,1158.02,0.0032
16_26,837.59,843.59,0.0029
16_26,804.92,824.09,0.0029
16_26,926.63,929.3,0.0028
16_26,827.51,830.39,0.0027
16_26,929.86,946.38,0.0026
16_26,705.96,712.58,0.0025
16_26,659.78,696.05,0.0024
16_26,851.0,855.8,0.0024
16_26,1062.76,1084.74,0.0024
16_26,1058.55,1063.71,0.0023
16_26,739.25,745.6,0.0023
16_26,951.08,1024.07,0.0022
16_26,690.23,760.17,0.0022
16_26,969.74,972.44,0.0021
16_26,808.87,814.92,0.0021
16_26,1109.01,1128.11,0.002
16_26,1089.66,1092.49,0.0019
16_26,1063.04,1064.98,0.0019
16_26,807.73,810.46,0.0018
16_26,1093.45,1103.99,0.0018
16_26,890.01,895.74,0.0018
16_26,846.18,868.54,0.0018
16_26,1135.94,1142.24,0.0017
16_26,633.45,655.32,0.0017
16_26,901.32,924.68,0.0016
16_26,958.52,970.05,0.0016
16_26,653.94,660.06,0.0016
16_26,1029.17,1031.87,0.0016
16_26,869.89,872.83,0.0015
16_26,815.72,818.67,0.0015
16_26,833.38,836.05,0.0015
16_26,1111.29,1113.73,0.0015
16_26,630.01,632.83,0.0015
16_26,867.19,885.77,0.0014
16_26,772.58,798.24,0.0014
16_26,760.6,766.66,0.0014
16_26,930.96,936.19,0.0014
16_26,707.25,733.46,0.0013
16_26,1151.64,1156.81,0.0013
16_26,1146.17,1151.54,0.0013
16_26,639.03,641.94,0.0012
16_26,783.67,786.49,0.0012
16_26,919.58,931.7,0.0012
16_26,623.19,629.2,0.0012
16_26,970.54,981.55,0.0011
16_26,1130.27,1133.02,0.0011
16_26,818.93,823.83,0.0011
16_26,675.19,681.37,0.0011
16_26,1121.47,1127.16,0.0011
16_26,860.34,863.33,0.0011
16_26,952.13,954.83,0.001
16_26,693.26,696.36,0.001
13_45,692.24,701.07,0.9991
13_45,775.97,790.7,0.9991
13_45,983.83,993.23,0.9988
13_45,664.91,691.37,0.9977
13_45,637.55,653.53,0.9974
13_45,810.89,817.21,0.9966
13_45,822.69,833.19,0.9939
13_45,704.39,758.74,0.9925
13_45,842.37,944.62,0.99
13_45,974.49,979.34,0.976
13_45,995.2,999.26,0.96
13_45,842.52,944.76,0.1352
13_45,983.83,993.23,0.135
13_45,692.24,701.07,0.135
13_45,775.98,790.7,0.1348
13_45,664.88,691.38,0.1345
13_45,810.9,817.21,0.1343
13_45,775.97,790.7,0.0183
13_45,664.91,691.38,0.0181
13_45,619.55,639.59,0.015
13_45,1081.28,1084.03,0.0147
13_45,1115.17,1120.76,0.0126
13_45,755.27,774.28,0.011
13_45,851.77,893.26,0.0095
13_45,730.49,753.59,0.0085
13_45,821.05,823.61,0.007
13_45,638.43,643.98,0.0062
13_45,952.58,991.74,0.0061
13_45,881.93,888.46,0.0049
13_45,956.51,961.97,0.0043
13_45,729.17,732.15,0.0042
13_45,982.4,985.44,0.0042
13_45,734.24,739.75,0.0041
13_45,851.3,853.53,0.0039
13_45,704.83,715.99,0.0035
13_45,1026.47,1029.22,0.0035
13_45,908.78,949.06,0.0034
13_45,600.29,627.11,0.0034
13_45,853.41,856.58,0.0033
13_45,862.59,865.51,0.0032
13_45,788.76,809.28,0.0028
13_45,840.15,845.31,0.0024
13_45,993.38,1002.65,0.0024
13_45,651.32,663.26,0.0023
13_45,777.82,780.42,0.0022
13_45,740.44,746.42,0.0022
13_45,937.1,948.24,0.0021
13_45,678.95,691.33,0.0021
13_45,1048.07,1051.02,0.002
13_45,1002.15,1080.77,0.0019
13_45,758.04,776.15,0.0019
13_45,713.76,724.91,0.0019
13_45,934.5,937.72,0.0018
13_45,826.19,831.4,0.0018
13_45,957.52,960.31,0.0017
13_45,1080.29,1124.36,0.0017
13_45,723.78,726.9,0.0016
13_45,913.57,919.31,0.0016
13_45,1105.38,1107.71,0.0016
13_45,1123.06,1125.78,0.0015
13_45,1038.58,1043.68,0.0015
13_45,1007.77,1010.51,0.0015
13_45,1124.63,1136.51,0.0015
13_45,639.33,649.75,0.0014
13_45,950.69,970.63,0.0013
13_45,1140.08,1146.39,0.0012
13_45,851.38,857.52,0.0012
13_45,831.67,834.22,0.0012
13_45,601.8,673.18,0.0011
13_45,853.94,900.12,0.001
13_45,762.06,768.09,0.001
13_45,747.51,750.2,0.001
8_11,707.73,732.25,0.9995
8_11,618.2,663.68,0.9993
8_11,781.77,799.89,0.9976
8_11,752.37,779.91,0.9927
8_11,667.63,707.13,0.9927
8_11,799.74,836.28,0.9922
8_11,733.25,749.66,0.9836
8_11,781.77,799.9,0.1348
8_11,667.67,707.13,0.1346
8_11,752.35,779.93,0.1336
8_11,707.74,732.28,0.1333
8_11,980.53,1018.89,0.0218
8_11,731.11,736.32,0.0207
8_11,708.14,710.59,0.0146
8_11,964.3,970.68,0.0118
8_11,649.61,725.67,0.0092
8_11,725.21,731.26,0.0082
8_11,660.67,663.12,0.0057
8_11,615.03,620.24,0.0055
8_11,915.54,921.52,0.0052
8_11,1018.42,1037.31,0.0051
8_11,699.86,706.44,0.0046
8_11,729.98,801.0,0.0044
8_11,812.55,834.01,0.0043
8_11,988.54,999.65,0.004
8_11,960.88,963.62,0.0037
8_11,879.55,902.44,0.0036
8_11,994.06,1013.14,0.0033
8_11,873.7,876.93,0.0031
8_11,655.03,660.77,0.0031
8_11,940.57,963.06,0.003
8_11,997.78,1003.37,0.0027
8_11,659.91,664.99,0.0026
8_11,838.62,859.81,0.0023
8_11,926.42,931.66,0.0021
8_11,732.05,748.8,0.0021
8_11,922.0,927.46,0.0019
8_11,799.76,820.73,0.0018
8_11,707.92,717.75,0.0018
8_11,634.14,655.63,0.0016
8_11,624.17,627.13,0.0015
8_11,689.23,692.14,0.0015
8_11,935.25,946.59,0.0014
8_11,1016.03,1019.19,0.0013
8_11,918.65,921.48,0.0013
8_11,693.89,705.73,0.0012
8_11,918.98,960.12,0.0012
8_11,669.04,671.9,0.0011
8_11,728.06,730.78,0.0011
8_11,799.64,810.05,0.0011
8_11,858.68,869.43,0.0011
8_11,994.43,1000.01,0.001
8_11,645.38,648.42,0.001
26_42,758.27,768.19,0.9993
26_42,791.41,798.54,0.9987
26_42,808.93,883.93,0.9983
26_42,947.96,957.82,0.998
26_42,1038.09,1056.88,0.9977
26_42,671.09,701.41,0.9971
26_42,708.94,734.62,0.9971
26_42,998.58,1017.73,0.9962
26_42,959.88,996.61,0.996
26_42,614.43,656.57,0.9957
26_42,735.35,757.84,0.9955
26_42,923.96,945.38,0.9806
26_42,1025.34,1032.03,0.9785
26_42,704.62,707.22,0.9763
26_42,884.95,921.58,0.9696
26_42,659.99,667.73,0.9647
26_42,947.97,957.82,0.1356
26_42,809.03,883.91,0.1355
26_42,708.93,734.61,0.1354
26_42,614.39,656.55,0.1352
26_42,671.09,701.44,0.1349
26_42,959.87,996.59,0.1347
26_42,1038.1,1056.88,0.1345
26_42,791.42,798.54,0.134
26_42,1025.35,1032.03,0.1329
26_42,704.62,707.22,0.1329
26_42,702.05,704.87,0.029
26_42,671.07,701.42,0.018
26_42,791.42,798.54,0.0169
26_42,774.77,777.4,0.0163
26_42,797.99,807.08,0.0159
26_42,988.9,998.91,0.0159
26_42,1093.53,1096.28,0.0147
26_42,658.33,660.8,0.0132
26_42,748.59,751.36,0.009
26_42,780.31,782.57,0.0083
26_42,1035.38,1037.91,0.0081
26_42,1099.18,1105.07,0.0075
26_42,841.1,846.9,0.0067
26_42,649.33,660.12,0.0065
26_42,760.94,806.68,0.0062
26_42,993.07,999.44,0.0059
26_42,931.74,937.42,0.0058
26_42,910.68,913.56,0.0058
26_42,785.43,791.47,0.005
26_42,734.75,782.52,0.0044
26_42,1029.91,1064.47,0.0042
26_42,878.77,942.78,0.0041
26_42,1018.13,1023.92,0.004
26_42,718.44,736.49,0.004
26_42,935.85,946.36,0.0037
26_42,999.31,1010.84,0.0037
26_42,1158.39,1170.68,0.0036
26_42,1120.65,1132.2,0.0036
26_42,747.78,758.73,0.0036
26_42,927.01,930.07,0.0036
26_42,881.26,883.83,0.0034
26_42,829.63,836.27,0.0034
26_42,733.57,736.39,0.0032
26_42,868.5,871.31,0.0031
26_42,1023.37,1033.37,0.003
26_42,1082.93,1089.32,0.0027
26_42,814.52,817.43,0.0026
26_42,636.17,642.03,0.0026
26_42,883.62,886.09,0.0025
26_42,830.28,877.34,0.0024
26_42,888.55,911.91,0.0024
26_42,1132.23,1137.63,0.0024
26_42,1098.96,1101.47,0.0023
26_42,623.02,648.51,0.0022
26_42,728.55,734.45,0.002
26_42,615.38,625.93,0.002
26_42,1057.64,1067.96,0.0019
26_42,985.48,988.01,0.0019
26_42,744.45,750.66,0.0019
26_42,960.21,971.84,0.0017
26_42,885.87,896.98,0.0017
26_42,1157.73,1180.33,0.0017
26_42,1140.48,1143.15,0.0016
26_42,633.15,636.19,0.0016
26_42,820.54,826.16,0.0016
26_42,831.15,833.95,0.0016
26_42,1066.81,1072.48,0.0015
26_42,967.21,978.56,0.0014
26_42,1147.74,1154.24,0.0014
26_42,713.48,716.74,0.0014
26_42,717.9,729.32,0.0014
26_42,848.55,853.88,0.0014
26_42,946.36,962.77,0.0013
26_42,1091.86,1097.34,0.0013
26_42,828.25,839.68,0.0013
26_42,707.91,757.89,0.0012
26_42,608.02,677.14,0.0012
26_42,959.41,965.12,0.0011
26_42,1057.19,1060.05,0.0011
26_42,864.03,870.05,0.0011
26_42,773.39,783.77,0.0011
28_14,1052.93,1073.79,0.9992
28_14,1100.69,1107.97,0.998
28_14,877.72,880.54,0.9961
28_14,767.91,774.6,0.996
28_14,1107.94,1192.44,0.9956
28_14,1006.89,1027.64,0.9955
28_14,680.51,711.58,0.9955
28_14,774.58,833.57,0.9953
28_14,1033.47,1052.91,0.9942
28_14,959.01,1006.85,0.993
28_14,880.66,948.45,0.9912
28_14,714.61,767.88,0.9896
28_14,615.36,652.63,0.989
28_14,1073.81,1100.68,0.9853
28_14,840.91,856.07,0.9818
28_14,856.06,870.66,0.9801
28_14,652.7,680.54,0.9664
28_14,1107.9,1192.58,0.1359
28_14,1033.45,1052.93,0.1357
28_14,714.6,767.92,0.1342
28_14,1006.87,1027.63,0.1339
28_14,767.92,774.61,0.1338
28_14,880.69,948.56,0.1335
28_14,1100.69,1107.97,0.1332
28_14,680.5,711.59,0.1331
28_14,856.06,870.67,0.1315
28_14,877.72,880.54,0.1304
28_14,1073.81,1100.7,0.13
28_14,871.33,881.92,0.0239
28_14,767.75,770.35,0.0194
28_14,825.51,832.26,0.0192
28_14,1100.69,1107.97,0.018
28_14,680.49,711.6,0.0178
28_14,856.07,870.65,0.0178
28_14,767.92,774.61,0.014
28_14,874.64,881.34,0.008
28_14,821.56,832.95,0.0069
28_14,640.91,651.93,0.0065
28_14,954.44,1027.23,0.0065
28_14,1107.52,1129.89,0.0063
28_14,840.61,856.67,0.006
28_14,1171.1,1193.24,0.006
28_14,1073.52,1085.72,0.0056
28_14,1030.11,1068.62,0.0052
28_14,651.99,682.78,0.0052
28_14,1100.91,1103.81,0.0048
28_14,1035.99,1037.96,0.0043
28_14,831.23,833.57,0.0041
28_14,771.13,840.55,0.0036
28_14,1144.99,1192.69,0.0036
28_14,616.21,654.1,0.0035
28_14,875.21,877.65,0.0034
28_14,873.38,894.2,0.0032
28_14,1040.68,1053.47,0.0031
28_14,973.86,997.67,0.003
28_14,708.38,711.19,0.0026
28_14,612.97,615.5,0.0026
28_14,1054.77,1073.89,0.0025
28_14,1192.47,1195.94,0.0023
28_14,958.75,985.3,0.0021
28_14,948.3,955.07,0.002
28_14,721.04,732.76,0.0018
28_14,831.78,834.15,0.0018
28_14,715.92,718.79,0.0018
28_14,1067.59,1069.91,0.0017
28_14,627.64,652.29,0.0015
28_14,710.04,720.06,0.0014
28_14,614.64,617.15,0.0014
28_14,880.96,893.36,0.0013
28_14,1100.43,1176.86,0.0012
28_14,647.31,650.69,0.001
23_24,861.6,952.63,0.9996
23_24,708.59,730.18,0.999
23_24,1195.07,1228.8,0.9986
23_24,733.77,745.77,0.9985
23_24,751.78,790.12,0.9981
23_24,1130.86,1151.85,0.9979
23_24,954.43,1035.45,0.9971
23_24,807.56,838.76,0.997
23_24,1061.88,1081.65,0.9957
23_24,1157.31,1191.48,0.9949
23_24,791.98,807.55,0.9945
23_24,614.6,708.01,0.9924
23_24,840.55,857.92,0.9915
23_24,1092.46,1125.45,0.9521
23_24,1040.31,1058.32,0.9386
23_24,1183.99,1194.67,0.8987
23_24,791.95,807.56,0.1358
23_24,807.53,838.71,0.1354
23_24,954.5,1035.45,0.135
23_24,1195.07,1228.8,0.135
23_24,1130.86,1151.85,0.1341
23_24,733.79,745.77,0.134
23_24,708.59,730.17,0.1336
23_24,751.78,790.15,0.1308
23_24,1157.28,1191.46,0.1243
23_24,1183.98,1194.68,0.1122
23_24,903.38,951.99,0.0272
23_24,807.53,838.76,0.0182
23_24,791.97,807.54,0.0179
23_24,1131.58,1134.96,0.0131
23_24,858.51,869.97,0.0122
23_24,852.35,855.25,0.0082
23_24,1189.17,1193.98,0.0074
23_24,678.07,704.98,0.0062
23_24,872.23,949.75,0.0061
23_24,1224.75,1228.8,0.0061
23_24,1130.61,1137.37,0.0059
23_24,1040.94,1050.79,0.0058
23_24,716.6,729.31,0.0049
23_24,613.7,614.88,0.0041
23_24,615.84,637.19,0.0039
23_24,1131.58,1196.09,0.0037
23_24,1154.75,1167.19,0.0034
23_24,954.53,983.29,0.0031
23_24,1063.57,1082.88,0.0029
23_24,1006.0,1031.54,0.0027
23_24,719.56,797.44,0.0027
23_24,838.69,855.82,0.0026
23_24,1093.95,1107.68,0.0023
23_24,1027.81,1030.99,0.0023
23_24,943.08,949.4,0.0022
23_24,1211.43,1213.32,0.0018
23_24,925.16,950.51,0.0017
23_24,615.25,617.89,0.0016
23_24,658.23,679.52,0.0015
23_24,868.58,871.35,0.0014
23_24,954.72,961.0,0.0013
23_24,1087.82,1123.33,0.0013
23_24,738.08,744.2,0.0013
23_24,752.42,754.97,0.0012
23_24,1195.72,1218.97,0.0012
23_24,1193.9,1196.27,0.0011
23_24,1079.83,1085.34,0.0011
12_10,641.24,646.23,0.9968
12_10,653.76,671.17,0.9953
12_10,702.18,715.14,0.9951
12_10,753.11,761.99,0.9905
12_10,626.22,629.41,0.9902
12_10,801.11,819.35,0.9884
12_10,691.72,699.68,0.9706
12_10,769.04,783.58,0.9634
12_10,678.99,686.94,0.9561
12_10,641.24,646.23,0.135
12_10,626.23,629.41,0.1298
12_10,919.72,925.1,0.024
12_10,782.7,787.87,0.0234
12_10,686.2,692.38,0.0152
12_10,950.36,956.24,0.0107
12_10,753.37,755.93,0.0093
12_10,690.69,700.82,0.0088
12_10,937.38,1008.88,0.0071
12_10,614.69,633.56,0.0054
12_10,932.39,944.42,0.005
12_10,692.71,776.92,0.0049
12_10,627.99,639.24,0.0048
12_10,841.08,852.61,0.0047
12_10,602.35,622.92,0.0033
12_10,796.89,799.63,0.0031
12_10,647.71,653.33,0.003
12_10,638.1,647.68,0.0026
12_10,960.18,963.12,0.0025
12_10,791.52,794.55,0.0024
12_10,924.45,927.24,0.0023
12_10,620.57,625.9,0.0022
12_10,888.79,894.43,0.0022
12_10,611.34,616.83,0.0021
12_10,828.3,831.25,0.0021
12_10,825.2,828.19,0.0021
12_10,801.42,807.0,0.002
12_10,708.33,714.64,0.0018
12_10,965.72,975.66,0.0018
12_10,935.53,938.58,0.0017
12_10,766.06,771.86,0.0016
12_10,655.17,667.27,0.0015
12_10,790.16,800.61,0.0015
12_10,910.96,917.06,0.0014
12_10,944.1,947.14,0.0014
12_10,958.44,963.89,0.0014
12_10,614.61,617.45,0.0013
12_10,797.65,838.6,0.0012
12_10,838.53,851.56,0.0012
12_10,717.43,728.82,0.0011
12_10,782.32,792.79,0.0011
12_10,776.18,781.62,0.0011
12_10,894.39,933.5,0.001
12_10,637.68,656.02,0.001
28_24,1108.2,1131.51,0.9972
28_24,1158.46,1179.48,0.997
28_24,670.78,722.57,0.9969
28_24,1056.53,1095.89,0.9965
28_24,1131.51,1153.34,0.9955
28_24,995.3,1020.75,0.9953
28_24,901.53,988.62,0.9949
28_24,803.55,842.11,0.9949
28_24,1095.88,1108.18,0.9934
28_24,1028.74,1033.54,0.9914
28_24,847.51,901.55,0.991
28_24,722.57,731.46,0.9904
28_24,619.16,670.73,0.9889
28_24,1020.78,1028.73,0.9874
28_24,1033.54,1056.41,0.9843
28_24,731.63,803.62,0.9714
28_24,1153.35,1179.45,0.2713
28_24,1095.86,1108.19,0.1344
28_24,803.58,842.17,0.1343
28_24,901.64,988.56,0.134
28_24,1028.74,1033.54,0.1336
28_24,847.46,901.54,0.1336
28_24,1020.78,1028.74,0.1329
28_24,619.17,670.72,0.1328
28_24,1108.2,1131.48,0.1326
28_24,670.74,722.55,0.1304
28_24,1153.3,1179.47,0.0367
28_24,974.93,981.41,0.0197
28_24,974.35,988.81,0.0071
28_24,905.74,926.81,0.0067
28_24,806.19,831.65,0.0067
28_24,642.89,645.72,0.0063
28_24,992.95,1028.62,0.0056
28_24,898.18,904.9,0.005
28_24,799.2,801.98,0.0041
28_24,1131.11,1151.71,0.004
28_24,673.51,692.49,0.0036
28_24,721.67,730.97,0.003
28_24,1146.85,1149.77,0.0027
28_24,786.94,800.11,0.0026
28_24,909.47,922.0,0.002
28_24,1006.96,1020.07,0.002
28_24,750.33,802.66,0.0019
28_24,989.08,999.77,0.0019
28_24,934.38,977.2,0.0018
28_24,1184.61,1187.6,0.0016
28_24,901.98,945.5,0.0013
28_24,1029.81,1032.92,0.0013
28_24,1097.07,1104.21,0.0013
28_24,1102.44,1151.05,0.0012
28_24,1091.92,1094.72,0.0012
28_24,734.1,782.96,0.0012
28_24,815.89,822.15,0.0012
28_24,1145.76,1151.62,0.0011
28_24,672.56,684.4,0.001
1_49,715.75,730.75,0.9999
1_49,764.94,782.67,0.9984
1_49,783.08,799.43,0.9974
1_49,803.71,811.33,0.9966
1_49,667.69,693.07,0.9965
1_49,700.01,712.3,0.9943
1_49,634.05,654.19,0.9942
1_49,740.62,764.02,0.9924
1_49,812.04,816.32,0.9879
1_49,654.45,668.68,0.9855
1_49,730.82,737.82,0.9848
1_49,615.52,631.02,0.9546
1_49,715.77,730.74,0.136
1_49,783.07,799.45,0.1357
1_49,667.68,693.09,0.1352
1_49,740.57,764.01,0.1347
1_49,730.81,737.83,0.1342
1_49,803.71,811.33,0.1334
1_49,764.96,782.68,0.1325
1_49,783.08,799.44,0.0183
1_49,803.72,811.33,0.0181
1_49,715.77,730.75,0.018
1_49,780.21,785.18,0.0149
1_49,858.42,897.11,0.0071
1_49,693.3,695.74,0.0056
1_49,718.21,721.57,0.0049
1_49,693.18,715.19,0.0048
1_49,889.09,892.15,0.0046
1_49,677.06,679.65,0.0038
1_49,757.88,763.5,0.0038
1_49,639.47,644.62,0.0036
1_49,966.59,972.52,0.0034
1_49,779.22,784.73,0.0033
1_49,882.43,963.77,0.0033
1_49,799.25,804.43,0.0032
1_49,924.85,927.84,0.003
1_49,809.27,846.95,0.003
1_49,854.64,860.55,0.0027
1_49,634.1,639.94,0.0026
1_49,939.17,950.4,0.0025
1_49,657.87,668.29,0.0023
1_49,668.72,679.51,0.002
1_49,703.3,708.92,0.0017
1_49,840.07,843.14,0.0017
1_49,892.55,904.13,0.0017
1_49,800.04,876.85,0.0016
1_49,985.99,991.46,0.0016
1_49,812.08,817.03,0.0016
1_49,767.85,770.47,0.0015
1_49,992.19,1014.22,0.0015
1_49,626.71,666.21,0.0013
1_49,931.01,941.93,0.0013
1_49,737.33,747.2,0.0013
1_49,822.33,841.79,0.0012
1_49,903.64,922.51,0.0011
1_49,922.36,933.93,0.0011
1_49,661.76,667.6,0.001
1_49,935.94,974.09,0.001
22_8,705.6,710.27,0.9989
22_8,687.54,700.35,0.9988
22_8,667.86,681.11,0.998
22_8,617.45,654.31,0.9979
22_8,712.68,724.84,0.997
22_8,858.63,867.93,0.995
22_8,868.63,912.49,0.9946
22_8,761.28,849.37,0.9944
22_8,701.33,704.68,0.9943
22_8,726.46,728.91,0.9939
22_8,919.47,925.11,0.9887
22_8,733.02,751.78,0.9861
22_8,853.94,856.64,0.9815
22_8,908.27,918.92,0.9796
22_8,617.41,654.31,0.1356
22_8,705.59,710.27,0.1354
22_8,687.54,700.34,0.1348
22_8,858.63,867.93,0.1341
22_8,726.46,728.91,0.1337
22_8,868.67,912.5,0.133
22_8,919.46,925.12,0.133
22_8,853.94,856.63,0.1306
22_8,1121.82,1127.23,0.0245
22_8,1021.06,1026.64,0.0221
22_8,1000.68,1006.37,0.0207
22_8,700.22,705.78,0.0178
22_8,1090.99,1093.48,0.0167
22_8,924.18,929.89,0.0118
22_8,723.85,729.55,0.0117
22_8,1057.62,1060.39,0.0098
22_8,1054.97,1077.04,0.0087
22_8,769.04,772.18,0.0082
22_8,978.89,989.1,0.0066
22_8,1090.42,1096.33,0.006
22_8,813.93,833.43,0.006
22_8,1063.05,1068.35,0.006
22_8,662.62,668.57,0.0056
22_8,775.66,785.9,0.0055
22_8,724.1,726.58,0.0054
22_8,617.73,638.57,0.0053
22_8,853.95,921.85,0.005
22_8,707.36,709.98,0.005
22_8,1068.4,1073.61,0.0049
22_8,939.97,942.72,0.0047
22_8,694.03,699.32,0.0045
22_8,797.61,807.54,0.0041
22_8,1124.02,1126.69,0.004
22_8,851.52,857.66,0.0037
22_8,940.96,947.09,0.0035
22_8,716.96,719.87,0.0033
22_8,641.31,651.07,0.0031
22_8,670.99,673.88,0.003
22_8,894.22,899.29,0.0029
22_8,1028.94,1040.1,0.0029
22_8,881.44,893.12,0.0028
22_8,614.46,616.8,0.0028
22_8,860.02,865.82,0.0027
22_8,757.05,759.74,0.0026
22_8,1079.81,1082.42,0.0024
22_8,897.08,907.72,0.0024
22_8,857.22,860.03,0.0022
22_8,959.67,962.68,0.0022
22_8,698.57,701.11,0.0022
22_8,825.18,828.34,0.0021
22_8,817.79,820.67,0.0019
22_8,754.82,757.61,0.0019
22_8,827.62,830.02,0.0018
22_8,822.58,825.2,0.0016
22_8,788.41,799.12,0.0016
22_8,991.54,994.46,0.0015
22_8,663.77,685.06,0.0014
22_8,929.79,932.47,0.0014
22_8,1063.9,1068.84,0.0014
22_8,997.85,1001.03,0.0013
22_8,962.09,964.6,0.0013
22_8,807.12,818.36,0.0013
22_8,1080.62,1090.63,0.0012
22_8,651.11,662.62,0.0012
22_8,724.1,734.56,0.0012
22_8,1042.47,1052.98,0.0012
22_8,701.15,705.94,0.0012
22_8,716.55,719.27,0.0011
22_8,695.26,698.05,0.0011
22_8,643.18,649.59,0.0011
22_8,841.43,852.44,0.0011
22_8,1005.0,1007.52,0.0011
22_8,888.16,892.97,0.001
22_8,1129.15,1148.75,0.001
22_8,796.18,798.5,0.001
22_8,1049.69,1052.51,0.001
22_8,1070.26,1080.6,0.001
8_3,791.51,832.68,0.9989
8_3,767.55,791.07,0.9981
8_3,695.76,705.79,0.9974
8_3,736.77,766.15,0.9969
8_3,706.2,736.38,0.9967
8_3,647.29,695.58,0.9959
8_3,615.26,646.69,0.9666
8_3,695.77,705.78,0.1356
8_3,647.26,695.63,0.1354
8_3,767.55,791.09,0.1353
8_3,706.26,736.39,0.1348
8_3,706.22,736.35,0.0183
8_3,647.29,695.58,0.0182
8_3,767.54,791.09,0.0182
8_3,616.19,638.47,0.0121
8_3,991.74,1014.8,0.0099
8_3,686.17,696.28,0.0077
8_3,782.68,785.62,0.0074
8_3,840.17,880.6,0.0051
8_3,751.09,756.66,0.005
8_3,1023.31,1025.81,0.0049
8_3,690.41,695.86,0.0036
8_3,802.09,826.45,0.0035
8_3,858.98,864.45,0.0028
8_3,613.75,648.2,0.0025
8_3,1024.91,1035.79,0.0025
8_3,877.08,883.17,0.0023
8_3,954.77,975.18,0.0023
8_3,613.83,616.15,0.002
8_3,736.28,748.72,0.0018
8_3,790.12,801.32,0.0018
8_3,968.94,974.84,0.0017
8_3,728.19,737.83,0.0017
8_3,655.06,657.89,0.0016
8_3,705.42,716.27,0.0016
8_3,701.03,703.9,0.0016
8_3,866.0,944.78,0.0015
8_3,834.76,873.93,0.0014
8_3,968.92,1010.81,0.0012
8_3,638.28,644.34,0.0012
8_3,1010.33,1013.15,0.0012
8_3,846.74,853.2,0.0012
8_3,961.47,964.84,0.0012
8_3,956.25,961.77,0.0012
8_3,690.76,707.9,0.001
8_3,1018.99,1029.04,0.001
8_3,1029.26,1035.37,0.001
23_1,874.89,1052.27,0.8851
23_1,615.32,641.92,0.7757
23_1,1057.73,1154.06,0.6654
23_1,1187.61,1228.8,0.5177
23_1,647.8,683.78,0.4601
23_1,773.46,808.99,0.4591
23_1,807.84,870.95,0.4412
23_1,689.97,716.56,0.4354
23_1,721.14,745.37,0.4168
23_1,748.07,770.53,0.3735
23_1,1172.82,1190.53,0.3475
23_1,1152.68,1174.13,0.3367
23_1,641.42,650.74,0.2512
23_1,714.6,737.19,0.164
23_1,622.73,646.08,0.163
23_1,1182.28,1194.2,0.1545
23_1,1168.69,1182.58,0.1412
23_1,741.18,761.69,0.1345
23_1,682.56,708.56,0.1204
23_1,768.72,805.36,0.1145
23_1,1164.09,1174.46,0.113
23_1,1150.75,1165.83,0.1113
23_1,651.75,687.0,0.1087
23_1,635.39,653.0,0.1051
23_1,1192.25,1228.8,0.0844
23_1,876.26,1052.47,0.0787
23_1,750.98,773.39,0.0779
23_1,1178.34,1189.21,0.0757
23_1,695.41,716.26,0.0694
23_1,812.55,871.69,0.0675
23_1,724.72,747.45,0.0644
23_1,1051.72,1147.51,0.0553
23_1,1157.19,1171.54,0.0522
23_1,644.26,657.04,0.0499
23_1,1188.03,1193.34,0.0438
23_1,760.53,770.32,0.0428
23_1,1176.99,1182.74,0.0367
23_1,1226.18,1228.8,0.0367
23_1,615.54,641.21,0.0354
23_1,1136.25,1157.8,0.0344
23_1,702.14,713.36,0.0332
23_1,975.13,1061.75,0.033
23_1,623.3,701.46,0.0324
23_1,1165.59,1170.77,0.0309
23_1,845.58,868.04,0.0299
23_1,1174.12,1177.02,0.029
23_1,1034.37,1056.06,0.0284
23_1,1185.05,1207.16,0.0283
23_1,638.33,643.7,0.0282
23_1,712.57,793.53,0.0279
23_1,869.52,906.67,0.0277
23_1,1222.39,1228.8,0.0267
23_1,674.81,691.2,0.0263
23_1,719.49,731.63,0.0261
23_1,650.18,659.87,0.025
23_1,1091.91,1181.78,0.025
23_1,1180.83,1183.13,0.0236
23_1,786.95,801.13,0.0232
23_1,1161.0,1164.31,0.0231
23_1,1175.62,1178.53,0.0226
23_1,744.5,765.84,0.0225
23_1,1186.8,1189.59,0.0211
23_1,788.02,790.68,0.02
23_1,1149.33,1155.02,0.0199
23_1,1049.85,1089.16,0.0195
23_1,768.28,787.55,0.0194
23_1,590.21,633.24,0.0191
23_1,1162.76,1168.88,0.0187
23_1,1153.58,1161.0,0.0181
23_1,795.89,862.41,0.0175
23_1,1173.82,1186.26,0.0171
23_1,643.35,652.35,0.0166
23_1,1166.97,1176.0,0.0162
23_1,1189.01,1228.8,0.0162
23_1,898.41,941.64,0.0161
23_1,726.9,739.91,0.016
23_1,756.61,762.79,0.0152
23_1,667.68,686.21,0.0145
23_1,789.3,792.56,0.0142
23_1,713.99,727.98,0.0142
23_1,1185.27,1191.49,0.0137
23_1,803.89,817.14,0.0135
23_1,704.26,715.16,0.0119
23_1,1054.26,1058.52,0.0117
23_1,887.73,899.58,0.0115
23_1,769.47,771.74,0.0113
23_1,942.03,1004.7,0.0112
23_1,1180.59,1185.94,0.0112
23_1,642.74,645.05,0.0111
23_1,681.46,749.7,0.0109
23_1,1156.58,1164.31,0.0106
23_1,627.2,650.34,0.0105
23_1,812.57,836.66,0.0101
23_1,638.0,640.98,0.0101
23_1,1189.38,1192.35,0.01
23_1,1165.84,1168.06,0.0098
23_1,648.76,653.03,0.0097
23_1,780.37,804.53,0.0095
23_1,1207.78,1228.8,0.0094
23_1,1118.59,1167.25,0.0091
23_1,995.04,1073.41,0.0084
23_1,1139.58,1145.52,0.0084
23_1,685.43,697.04,0.008
23_1,644.84,678.9,0.008
23_1,1161.44,1193.1,0.0077
23_1,1149.8,1153.15,0.0074
23_1,748.09,816.02,0.0071
23_1,1162.31,1165.12,0.007
23_1,1177.0,1179.26,0.0069
23_1,639.46,644.51,0.0066
23_1,728.52,734.43,0.0063
23_1,838.86,866.06,0.0063
23_1,622.76,625.26,0.0061
23_1,1170.8,1177.59,0.006
23_1,652.35,659.07,0.0059
23_1,713.09,721.26,0.0057
23_1,815.72,827.78,0.0056
23_1,757.96,764.65,0.0056
23_1,1055.05,1060.66,0.0056
23_1,1042.78,1053.47,0.0056
23_1,1190.99,1194.17,0.0055
23_1,1178.71,1228.8,0.0054
23_1,1181.27,1183.74,0.0054
23_1,687.29,713.88,0.0052
23_1,1052.7,1099.33,0.0052
23_1,1132.66,1151.44,0.0049
23_1,868.09,950.2,0.0048
23_1,1167.65,1170.54,0.0048
23_1,765.94,771.68,0.0048
23_1,787.44,790.34,0.0046
23_1,731.93,743.41,0.0046
23_1,680.27,690.29,0.0045
23_1,1224.78,1228.8,0.0043
23_1,1179.31,1182.11,0.0043
23_1,1025.23,1046.94,0.0042
23_1,709.46,712.48,0.0041
23_1,1205.28,1208.55,0.0041
23_1,1156.18,1159.61,0.004
23_1,1185.82,1188.87,0.004
23_1,603.07,670.92,0.0038
23_1,1159.14,1162.96,0.0037
23_1,878.72,902.07,0.0037
23_1,647.55,650.21,0.0037
23_1,662.62,682.75,0.0037
23_1,759.62,762.43,0.0035
23_1,851.18,864.45,0.0035
23_1,1225.88,1228.8,0.0031
23_1,698.36,774.95,0.0031
23_1,636.03,649.52,0.0031
23_1,989.35,1044.09,0.0031
23_1,1174.24,1180.95,0.003
23_1,763.16,768.58,0.003
23_1,707.19,717.47,0.003
23_1,1072.23,1167.86,0.0029
23_1,788.83,791.96,0.0028
23_1,1187.24,1199.33,0.0028
23_1,641.23,643.78,0.0028
23_1,803.71,826.4,0.0028
23_1,721.2,733.51,0.0027
23_1,1154.63,1157.77,0.0027
23_1,657.86,660.6,0.0027
23_1,694.3,708.88,0.0027
23_1,761.11,764.1,0.0027
23_1,1183.42,1186.69,0.0026
23_1,687.01,690.01,0.0026
23_1,1047.75,1059.46,0.0025
23_1,1001.39,1008.28,0.0025
23_1,1165.17,1167.76,0.0025
23_1,757.16,844.87,0.0024
23_1,1144.07,1220.45,0.0024
23_1,744.54,757.26,0.0023
23_1,1203.17,1206.54,0.0023
23_1,790.94,803.53,0.0022
23_1,1188.12,1190.78,0.0022
23_1,814.97,817.86,0.0022
23_1,718.89,725.41,0.0022
23_1,889.55,892.87,0.0021
23_1,641.88,721.86,0.0021
23_1,1173.58,1176.46,0.0021
23_1,921.9,991.67,0.002
23_1,1176.26,1178.91,0.002
23_1,1149.26,1163.94,0.002
23_1,823.97,831.69,0.0019
23_1,623.76,635.95,0.0019
23_1,833.48,836.98,0.0019
23_1,1058.42,1085.53,0.0019
23_1,1142.0,1152.87,0.0019
23_1,1117.64,1124.6,0.0019
23_1,937.74,944.13,0.0018
23_1,645.47,650.84,0.0018
23_1,764.23,766.44,0.0018
23_1,668.89,678.77,0.0018
23_1,1203.79,1211.26,0.0018
23_1,729.5,732.93,0.0018
23_1,984.39,1012.42,0.0017
23_1,641.87,647.05,0.0017
23_1,899.1,904.1,0.0017
23_1,768.85,793.48,0.0017
23_1,1166.33,1172.06,0.0016
23_1,1162.67,1165.92,0.0016
23_1,632.1,642.17,0.0016
23_1,656.66,659.62,0.0016
23_1,690.15,696.34,0.0016
23_1,827.51,871.25,0.0016
23_1,1052.63,1055.06,0.0016
23_1,851.2,854.33,0.0015
23_1,705.7,710.6,0.0015
23_1,1160.33,1163.77,0.0015
23_1,890.54,897.01,0.0015
23_1,613.52,615.41,0.0015
23_1,1178.32,1181.23,0.0014
23_1,659.42,669.11,0.0014
23_1,750.2,763.81,0.0014
23_1,1199.75,1203.41,0.0014
23_1,1057.2,1059.89,0.0014
23_1,1110.77,1154.06,0.0014
23_1,786.15,792.35,0.0014
23_1,1149.28,1151.63,0.0014
23_1,1046.58,1048.45,0.0014
23_1,825.66,828.9,0.0013
23_1,1226.76,1228.8,0.0013
23_1,857.41,864.04,0.0013
23_1,1040.18,1043.12,0.0013
23_1,1191.38,1194.75,0.0013
23_1,959.47,973.45,0.0013
23_1,1211.12,1228.8,0.0012
23_1,1175.11,1177.75,0.0012
23_1,701.55,706.98,0.0012
23_1,736.46,738.74,0.0012
23_1,686.24,691.57,0.0012
23_1,899.17,925.98,0.0011
23_1,1180.42,1203.32,0.0011
23_1,1156.8,1160.08,0.0011
23_1,853.33,889.66,0.0011
23_1,1048.23,1069.97,0.0011
23_1,649.04,658.31,0.0011
23_1,732.45,751.77,0.0011
23_1,1153.6,1156.59,0.0011
23_1,668.3,670.59,0.0011
23_1,1169.58,1175.12,0.001
23_1,756.3,778.31,0.001
23_1,740.14,742.64,0.001
23_1,790.28,793.8,0.001
7_19,656.95,685.77,0.9993
7_19,685.7,841.48,0.9985
7_19,863.84,890.75,0.9983
7_19,1023.8,1050.99,0.9983
7_19,949.74,961.28,0.9982
7_19,982.69,1023.75,0.9981
7_19,616.31,655.59,0.9961
7_19,895.7,907.19,0.9892
7_19,906.97,942.03,0.989
7_19,846.28,856.73,0.9806
7_19,960.71,976.64,0.9662
7_19,982.68,1023.81,0.1351
7_19,863.87,890.72,0.1349
7_19,656.96,685.76,0.1348
7_19,616.32,655.58,0.1345
7_19,895.7,907.18,0.134
7_19,1023.83,1050.99,0.1335
7_19,906.96,942.04,0.1335
7_19,706.3,798.69,0.0213
7_19,656.95,685.75,0.0182
7_19,1023.8,1050.98,0.0173
7_19,1086.86,1093.71,0.0132
7_19,1112.25,1123.38,0.0086
7_19,939.94,977.9,0.0085
7_19,856.47,859.03,0.0079
7_19,676.47,683.08,0.0072
7_19,836.81,842.0,0.0072
7_19,1056.14,1076.58,0.0066
7_19,756.85,799.89,0.0062
7_19,991.28,994.06,0.0054
7_19,780.88,783.69,0.0052
7_19,1005.99,1012.25,0.0049
7_19,799.71,802.48,0.0048
7_19,953.02,956.09,0.0045
7_19,1051.27,1054.35,0.004
7_19,1084.2,1095.58,0.0036
7_19,618.94,624.96,0.0036
7_19,791.81,797.73,0.0036
7_19,897.23,903.52,0.0034
7_19,1146.32,1149.06,0.0031
7_19,976.04,987.14,0.003
7_19,860.1,898.97,0.0028
7_19,1157.69,1160.24,0.0028
7_19,632.78,655.45,0.0027
7_19,749.05,755.56,0.0024
7_19,618.45,631.31,0.0021
7_19,958.11,960.77,0.0021
7_19,864.94,871.32,0.002
7_19,846.73,858.13,0.002
7_19,900.78,970.26,0.0018
7_19,835.34,846.11,0.0018
7_19,1080.85,1102.47,0.0017
7_19,1058.53,1071.11,0.0017
7_19,884.93,887.8,0.0016
7_19,614.97,618.05,0.0016
7_19,689.01,701.78,0.0015
7_19,978.89,981.62,0.0015
7_19,613.69,614.77,0.0014
7_19,763.34,769.94,0.0014
7_19,908.9,933.52,0.0013
7_19,644.95,647.79,0.0013
7_19,982.37,988.63,0.0013
7_19,787.1,790.28,0.0012
7_19,920.49,923.71,0.0012
7_19,1126.92,1138.35,0.0012
7_19,962.93,969.66,0.0011
7_19,877.23,880.38,0.0011
7_19,687.73,692.99,0.0011
7_19,1008.96,1021.36,0.0011
7_19,1096.2,1099.01,0.0011
7_19,858.5,865.16,0.0011
7_19,768.63,771.26,0.0011
7_19,812.54,834.23,0.001
7_19,685.73,727.01,0.001
22_38,815.81,827.42,0.9995
22_38,621.86,633.1,0.9993
22_38,930.82,954.08,0.9989
22_38,766.4,784.25,0.9988
22_38,890.93,926.66,0.9987
22_38,1023.85,1035.06,0.9984
22_38,867.7,890.99,0.9974
22_38,792.13,816.63,0.9961
22_38,642.22,667.98,0.9944
22_38,727.35,744.8,0.9937
22_38,993.12,1004.74,0.9907
22_38,961.56,993.55,0.9888
22_38,1017.61,1024.68,0.9882
22_38,1004.33,1018.44,0.9763
22_38,939.14,951.17,0.581
22_38,792.11,816.64,0.1349
22_38,642.24,667.96,0.1349
22_38,1023.86,1035.05,0.134
22_38,890.96,926.65,0.1338
22_38,727.35,744.79,0.1338
22_38,961.56,993.55,0.1335
22_38,1017.61,1024.68,0.1327
22_38,961.56,993.54,0.0181
22_38,1017.62,1024.67,0.0178
22_38,808.96,891.7,0.0151
22_38,1033.58,1045.03,0.0075
22_38,654.38,657.37,0.0074
22_38,1086.9,1097.69,0.006
22_38,675.46,678.08,0.0047
22_38,896.79,920.5,0.0045
22_38,796.59,879.39,0.0045
22_38,710.63,728.14,0.0041
22_38,813.37,816.49,0.0037
22_38,1142.1,1148.38,0.0033
22_38,928.28,961.13,0.0033
22_38,1131.84,1142.04,0.0033
22_38,764.64,783.38,0.0033
22_38,1028.35,1034.38,0.0031
22_38,756.33,762.34,0.0031
22_38,1012.51,1018.26,0.003
22_38,826.2,831.42,0.0028
22_38,964.35,970.45,0.0028
22_38,993.45,1026.55,0.0027
22_38,626.79,629.86,0.0027
22_38,663.97,666.41,0.0026
22_38,928.45,931.0,0.0025
22_38,816.43,828.35,0.0022
22_38,1033.47,1035.9,0.002
22_38,744.76,765.73,0.002
22_38,636.15,641.68,0.002
22_38,861.01,867.14,0.0019
22_38,618.11,623.67,0.0019
22_38,651.04,663.78,0.0017
22_38,1040.92,1053.24,0.0016
22_38,1145.1,1150.43,0.0016
22_38,632.35,634.88,0.0015
22_38,729.52,742.45,0.0015
22_38,601.3,625.38,0.0015
22_38,1050.25,1061.7,0.0014
22_38,719.44,725.13,0.0014
22_38,878.99,881.34,0.0014
22_38,621.17,642.79,0.0013
22_38,895.19,900.85,0.0013
22_38,742.6,754.67,0.0012
22_38,705.96,719.25,0.0012
22_38,651.95,654.51,0.0012
22_38,1137.81,1142.63,0.0012
22_38,955.12,960.72,0.0011
22_38,1024.74,1030.41,0.0011
22_38,1086.71,1089.33,0.0011
22_38,1154.47,1157.27,0.0011
22_38,971.45,991.37,0.0011
22_38,867.36,878.31,0.001
22_38,685.46,690.55,0.001
22_38,1123.75,1145.94,0.001
25_48,793.61,808.39,0.9985
25_48,642.61,658.69,0.9978
25_48,720.84,784.72,0.9977
25_48,886.37,931.22,0.9975
25_48,860.44,868.85,0.996
25_48,677.77,682.87,0.9954
25_48,821.83,827.84,0.995
25_48,871.82,874.8,0.9948
25_48,687.74,690.83,0.9926
25_48,694.64,707.88,0.992
25_48,935.68,951.19,0.9777
25_48,851.03,854.0,0.9758
25_48,829.81,850.61,0.9731
25_48,810.13,811.23,0.9427
25_48,642.62,658.68,0.1356
25_48,886.41,931.23,0.1354
25_48,860.44,868.86,0.1354
25_48,793.59,808.38,0.1348
25_48,871.82,874.8,0.1336
25_48,687.74,690.83,0.1321
25_48,821.83,827.84,0.1319
25_48,694.63,707.89,0.1309
25_48,851.03,854.0,0.1303
25_48,642.63,658.69,0.0184
25_48,1114.33,1206.35,0.0147
25_48,894.14,905.18,0.0085
25_48,1115.37,1127.91,0.0078
25_48,662.56,683.47,0.0076
25_48,807.6,809.86,0.007
25_48,866.43,869.0,0.0064
25_48,682.1,687.79,0.0051
25_48,849.54,861.31,0.0046
25_48,813.06,815.72,0.0044
25_48,1073.14,1113.27,0.0038
25_48,720.76,723.61,0.0037
25_48,936.23,957.12,0.0036
25_48,998.8,1004.53,0.0033
25_48,706.81,719.34,0.0032
25_48,815.05,820.72,0.003
25_48,871.41,876.93,0.0029
25_48,721.85,733.4,0.0028
25_48,982.19,993.26,0.0027
25_48,1022.4,1025.4,0.0027
25_48,651.87,654.84,0.0027
25_48,891.01,912.04,0.0026
25_48,686.28,708.06,0.0026
25_48,855.68,861.21,0.0024
25_48,992.28,998.51,0.0024
25_48,860.57,867.31,0.0023
25_48,693.66,696.43,0.002
25_48,850.51,855.9,0.0019
25_48,1029.84,1033.12,0.0019
25_48,907.66,910.82,0.0019
25_48,808.75,820.76,0.0019
25_48,831.35,833.85,0.0018
25_48,1003.72,1014.82,0.0018
25_48,880.57,883.71,0.0017
25_48,1134.95,1138.23,0.0017
25_48,1139.95,1145.49,0.0017
25_48,1111.41,1133.03,0.0017
25_48,746.39,751.43,0.0017
25_48,829.06,831.79,0.0016
25_48,805.16,807.8,0.0016
25_48,614.09,633.58,0.0016
25_48,916.79,919.24,0.0014
25_48,707.89,710.67,0.0014
25_48,770.18,773.31,0.0014
25_48,1138.28,1140.94,0.0013
25_48,826.01,864.17,0.0013
25_48,893.73,896.0,0.0012
25_48,811.27,813.18,0.0012
25_48,669.03,714.46,0.0012
25_48,949.5,952.24,0.0012
25_48,854.49,856.55,0.0011
25_48,691.22,694.43,0.0011
25_48,1035.48,1080.86,0.0011
25_48,725.27,728.51,0.0011
25_48,1018.47,1021.21,0.0011
25_48,816.07,819.06,0.001
25_48,617.97,620.5,0.001
25_48,1000.64,1003.37,0.001
25_48,663.2,665.81,0.001
25_48,823.85,826.29,0.001
9_24,788.3,811.87,0.9998
9_24,710.67,725.57,0.9996
9_24,818.09,839.21,0.9979
9_24,919.94,979.61,0.9975
9_24,983.92,993.25,0.9969
9_24,881.46,898.85,0.9948
9_24,641.88,711.81,0.9926
9_24,978.96,984.55,0.9923
9_24,845.41,872.16,0.9905
9_24,740.51,781.41,0.9833
9_24,899.45,918.1,0.965
9_24,710.66,725.56,0.1349
9_24,788.32,811.87,0.1346
9_24,845.45,872.13,0.1346
9_24,641.82,711.8,0.1346
9_24,983.92,993.25,0.1346
9_24,919.95,979.68,0.1345
9_24,881.46,898.84,0.1342
9_24,978.96,984.55,0.1336
9_24,710.66,725.56,0.0181
9_24,919.97,979.65,0.018
9_24,792.1,803.16,0.0129
9_24,820.46,823.26,0.0128
9_24,1156.6,1158.96,0.0101
9_24,1091.44,1097.41,0.0098
9_24,904.56,906.94,0.0078
9_24,664.88,670.85,0.0074
9_24,768.89,771.41,0.0065
9_24,614.44,617.39,0.0057
9_24,912.98,915.29,0.0057
9_24,644.93,687.94,0.0056
9_24,836.31,838.6,0.0054
9_24,847.46,858.31,0.0053
9_24,927.16,950.47,0.0052
9_24,974.51,979.62,0.005
9_24,986.35,989.28,0.005
9_24,739.29,745.78,0.005
9_24,1126.17,1128.84,0.0049
9_24,616.12,638.24,0.0049
9_24,688.7,710.43,0.0046
9_24,1142.24,1145.43,0.0039
9_24,712.09,714.92,0.0038
9_24,770.68,775.92,0.0031
9_24,726.43,732.48,0.0031
9_24,744.83,750.84,0.0028
9_24,736.61,741.97,0.0027
9_24,669.19,671.66,0.0027
9_24,1141.07,1148.19,0.0024
9_24,792.55,799.11,0.0024
9_24,1088.85,1091.17,0.0024
9_24,1111.04,1114.0,0.0024
9_24,729.68,735.75,0.0024
9_24,719.28,721.96,0.0023
9_24,1020.02,1022.79,0.0022
9_24,1158.66,1170.49,0.0021
9_24,1033.02,1035.28,0.0021
9_24,971.45,974.12,0.002
9_24,926.29,928.75,0.002
9_24,819.39,831.46,0.0019
9_24,896.64,899.67,0.0019
9_24,859.94,871.25,0.0019
9_24,1046.08,1057.28,0.0017
9_24,1014.91,1017.19,0.0017
9_24,928.33,940.84,0.0017
9_24,827.03,829.55,0.0016
9_24,916.96,927.31,0.0015
9_24,1092.22,1095.59,0.0015
9_24,1116.41,1121.32,0.0015
9_24,694.69,700.12,0.0014
9_24,1101.25,1103.69,0.0014
9_24,637.88,649.83,0.0014
9_24,908.0,913.78,0.0014
9_24,1144.06,1155.32,0.0014
9_24,745.11,757.18,0.0014
9_24,798.81,809.77,0.0013
9_24,891.92,894.79,0.0013
9_24,771.81,774.59,0.0013
9_24,1063.22,1065.87,0.0012
9_24,679.07,684.34,0.0012
9_24,1028.62,1034.38,0.0011
9_24,753.71,765.52,0.0011
9_24,870.23,875.2,0.0011
9_24,781.17,786.72,0.0011
9_24,856.19,859.09,0.0011
9_24,946.14,966.61,0.0011
9_24,1042.45,1045.21,0.0011
9_24,1129.38,1150.02,0.0011
9_24,1109.31,1111.42,0.001
9_24,807.05,812.48,0.001
9_24,894.56,897.13,0.001
27_31,896.4,948.8,0.9999
27_31,983.75,1005.54,0.9985
27_31,641.86,672.42,0.9979
27_31,676.17,695.49,0.9974
27_31,950.06,959.42,0.9959
27_31,769.13,803.45,0.9958
27_31,823.99,896.35,0.995
27_31,807.19,823.4,0.9923
27_31,704.1,768.46,0.9918
27_31,960.04,984.36,0.9902
27_31,950.05,959.41,0.1351
27_31,824.03,896.28,0.1347
27_31,1021.25,1062.1,0.014
27_31,1007.17,1009.97,0.0128
27_31,779.28,782.33,0.0114
27_31,674.25,693.04,0.008
27_31,1032.83,1035.18,0.0079
27_31,614.35,619.62,0.0078
27_31,808.33,813.48,0.006
27_31,727.13,729.82,0.0055
27_31,821.52,827.38,0.0052
27_31,902.97,914.51,0.0051
27_31,743.45,749.51,0.0049
27_31,939.9,950.44,0.0047
27_31,938.26,941.05,0.0039
27_31,1139.26,1145.25,0.0037
27_31,625.83,637.04,0.0035
27_31,822.67,833.36,0.0032
27_31,1115.6,1117.94,0.0032
27_31,792.66,802.7,0.0029
27_31,632.25,635.03,0.0028
27_31,771.24,782.29,0.0028
27_31,1082.68,1088.9,0.0027
27_31,986.21,998.19,0.0026
27_31,653.21,665.46,0.0023
27_31,1148.77,1155.27,0.0023
27_31,758.96,761.21,0.0022
27_31,683.14,694.04,0.0021
27_31,646.08,648.26,0.0021
27_31,909.7,912.95,0.0021
27_31,918.47,924.66,0.002
27_31,959.39,969.46,0.002
27_31,1039.13,1041.91,0.0019
27_31,747.72,759.0,0.0019
27_31,782.57,785.23,0.0019
27_31,644.2,686.04,0.0018
27_31,706.88,746.25,0.0017
27_31,1012.14,1022.67,0.0017
27_31,954.27,957.06,0.0016
27_31,988.0,994.12,0.0015
27_31,1160.38,1162.99,0.0015
27_31,761.52,764.79,0.0015
27_31,902.72,921.01,0.0015
27_31,688.95,691.31,0.0015
27_31,942.94,945.13,0.0014
27_31,792.86,798.8,0.0014
27_31,799.29,809.49,0.0014
27_31,951.8,992.8,0.0013
27_31,1069.79,1079.89,0.0013
27_31,1058.82,1070.71,0.0013
27_31,832.32,875.65,0.0013
27_31,914.5,916.8,0.0013
27_31,699.53,717.7,0.0012
27_31,1017.82,1038.36,0.0012
27_31,783.52,794.34,0.0012
27_31,1015.05,1018.02,0.0011
27_31,903.15,905.98,0.001
27_31,963.32,966.34,0.001
27_31,686.77,689.33,0.001
17_11,990.52,999.02,0.9993
17_11,812.49,843.46,0.9991
17_11,614.39,675.36,0.9977
17_11,880.35,891.62,0.9956
17_11,680.24,787.22,0.9952
17_11,965.73,990.5,0.9949
17_11,791.27,812.51,0.9919
17_11,1000.91,1020.85,0.9916
17_11,934.37,965.74,0.9915
17_11,849.09,874.71,0.9859
17_11,900.13,929.79,0.9701
17_11,614.42,675.36,0.135
17_11,880.36,891.61,0.135
17_11,965.7,990.5,0.135
17_11,934.4,965.69,0.1315
17_11,801.4,804.23,0.0174
17_11,623.62,628.77,0.0167
17_11,754.5,757.05,0.0152
17_11,675.32,686.46,0.0131
17_11,669.03,675.26,0.0131
17_11,618.67,650.92,0.0111
17_11,958.2,963.71,0.0103
17_11,828.73,839.4,0.01
17_11,841.91,880.17,0.0093
17_11,772.67,783.87,0.0092
17_11,994.22,1033.13,0.009
17_11,911.72,923.3,0.0088
17_11,816.67,819.55,0.0088
17_11,788.49,794.14,0.0067
17_11,865.99,872.52,0.0055
17_11,841.88,848.01,0.005
17_11,977.56,989.88,0.0049
17_11,849.66,861.34,0.0046
17_11,1044.68,1055.3,0.0046
17_11,798.32,804.16,0.0044
17_11,875.65,893.33,0.0042
17_11,1123.27,1126.39,0.004
17_11,802.83,841.57,0.0038
17_11,1075.4,1087.26,0.0036
17_11,642.46,655.16,0.0034
17_11,972.99,979.49,0.003
17_11,754.35,760.11,0.0026
17_11,616.81,622.83,0.0026
17_11,815.43,826.97,0.0025
17_11,1068.73,1071.81,0.0025
17_11,1045.03,1070.09,0.0024
17_11,1029.21,1051.53,0.0021
17_11,911.5,929.61,0.0021
17_11,897.15,902.8,0.0021
17_11,874.97,880.61,0.0021
17_11,965.37,967.44,0.0019
17_11,614.76,617.22,0.0019
17_11,881.95,888.49,0.0019
17_11,803.89,809.08,0.0018
17_11,839.02,844.22,0.0017
17_11,1018.52,1038.48,0.0016
17_11,783.21,789.38,0.0016
17_11,636.35,647.49,0.0016
17_11,890.99,901.58,0.0015
17_11,990.54,999.58,0.0014
17_11,985.08,990.49,0.0014
17_11,1071.97,1078.12,0.0012
17_11,934.59,937.41,0.0012
17_11,767.34,786.83,0.0011
17_11,794.7,805.45,0.0011
17_11,813.86,816.17,0.0011
17_11,615.16,626.33,0.0011
17_11,1088.96,1130.91,0.0011
17_11,642.57,664.22,0.0011
15_28,824.77,876.1,0.9987
15_28,768.08,810.62,0.9985
15_28,670.49,678.97,0.9973
15_28,942.9,1052.49,0.995
15_28,752.37,760.23,0.9945
15_28,622.92,643.7,0.9945
15_28,732.51,749.22,0.9937
15_28,912.68,922.45,0.9919
15_28,925.27,940.72,0.9915
15_28,679.28,693.14,0.9909
15_28,1052.85,1055.36,0.988
15_28,1074.26,1087.16,0.9878
15_28,699.45,701.34,0.9869
15_28,902.93,911.41,0.9783
15_28,878.99,896.29,0.9769
15_28,752.36,760.24,0.1354
15_28,622.92,643.68,0.1351
15_28,732.51,749.21,0.1349
15_28,925.27,940.71,0.1343
15_28,943.01,1052.4,0.1333
15_28,1052.85,1055.36,0.1333
15_28,768.09,810.63,0.133
15_28,679.3,693.15,0.1321
15_28,1074.28,1087.16,0.1311
15_28,824.79,876.13,0.1305
15_28,752.37,760.23,0.0183
15_28,925.26,940.71,0.0181
15_28,1113.9,1119.73,0.0108
15_28,777.61,779.87,0.0052
15_28,976.91,979.41,0.0045
15_28,1064.05,1066.8,0.0045
15_28,1051.33,1056.46,0.0042
15_28,676.6,679.23,0.0034
15_28,875.77,881.92,0.0031
15_28,707.01,709.53,0.003
15_28,713.99,719.53,0.003
15_28,916.6,922.15,0.0029
15_28,972.06,977.81,0.0028
15_28,1044.47,1050.37,0.0025
15_28,643.96,646.42,0.0025
15_28,679.76,699.99,0.0023
15_28,1013.24,1033.84,0.0023
15_28,608.18,618.62,0.0023
15_28,899.22,944.43,0.0022
15_28,1076.46,1082.45,0.0022
15_28,1107.36,1110.1,0.0021
15_28,699.31,701.69,0.0021
15_28,744.93,750.86,0.002
15_28,1006.96,1012.51,0.0019
15_28,922.01,927.55,0.0019
15_28,1133.02,1144.61,0.0019
15_28,620.58,623.4,0.0018
15_28,941.3,946.88,0.0018
15_28,622.72,632.68,0.0018
15_28,693.39,699.7,0.0017
15_28,1101.65,1106.7,0.0016
15_28,1066.79,1069.45,0.0016
15_28,940.74,961.9,0.0015
15_28,1044.12,1062.79,0.0015
15_28,712.26,757.28,0.0015
15_28,815.93,889.85,0.0015
15_28,768.35,774.06,0.0014
15_28,774.25,786.23,0.0014
15_28,1033.45,1035.92,0.0014
15_28,726.04,728.81,0.0013
15_28,1004.74,1017.69,0.0013
15_28,662.5,669.1,0.0013
15_28,1144.93,1147.54,0.0013
15_28,1086.68,1097.67,0.0012
15_28,658.46,661.04,0.0012
15_28,1133.08,1135.7,0.0012
15_28,616.77,619.51,0.0011
15_28,893.2,898.96,0.0011
15_28,640.31,642.98,0.0011
15_28,1152.54,1155.57,0.0011
15_28,626.71,639.29,0.001
7_32,792.27,801.9,0.9987
7_32,764.4,773.81,0.9985
7_32,648.85,703.91,0.9979
7_32,632.51,647.44,0.9958
7_32,729.39,763.59,0.9952
7_32,775.1,782.86,0.9951
7_32,714.33,728.08,0.9883
7_32,784.74,789.79,0.9854
7_32,616.51,631.1,0.961
7_32,648.9,703.79,0.1352
7_32,764.4,773.81,0.135
7_32,792.26,801.9,0.133
7_32,729.39,763.58,0.133
7_32,808.11,813.23,0.0164
7_32,729.39,732.05,0.0122
7_32,720.2,722.95,0.0104
7_32,772.79,784.49,0.009
7_32,897.08,900.02,0.0064
7_32,732.13,752.5,0.0062
7_32,879.46,891.31,0.0057
7_32,758.06,763.38,0.0051
7_32,640.49,646.16,0.0048
7_32,649.92,671.77,0.0047
7_32,951.13,953.91,0.0047
7_32,780.14,791.02,0.004
7_32,705.7,729.11,0.0038
7_32,690.55,701.36,0.0035
7_32,890.59,908.73,0.0035
7_32,879.25,885.24,0.0032
7_32,614.35,616.72,0.003
7_32,930.77,942.56,0.0029
7_32,754.04,760.1,0.0027
7_32,962.78,965.75,0.0027
7_32,911.24,932.21,0.0024
7_32,627.55,633.46,0.0022
7_32,946.77,963.99,0.0021
7_32,767.02,772.67,0.002
7_32,877.32,897.68,0.002
7_32,763.72,766.73,0.0018
7_32,815.34,817.8,0.0017
7_32,831.99,911.13,0.0016
7_32,783.69,793.3,0.0016
7_32,750.18,755.79,0.0015
7_32,813.15,815.72,0.0013
7_32,924.67,927.02,0.0012
7_32,644.08,653.95,0.0011
7_32,805.75,808.26,0.0011
7_32,906.05,908.46,0.0011
7_32,786.07,803.55,0.0011
7_32,945.71,948.78,0.001
7_32,811.63,814.08,0.001
1_20,673.19,700.79,0.9993
1_20,740.84,772.0,0.9991
1_20,811.13,838.66,0.999
1_20,865.33,902.08,0.998
1_20,902.29,962.88,0.9968
1_20,793.08,810.4,0.9904
1_20,965.35,969.01,0.9872
1_20,614.44,668.73,0.9806
1_20,969.09,972.61,0.9798
1_20,701.06,734.03,0.9755
1_20,824.29,864.36,0.8112
1_20,752.2,788.96,0.6941
1_20,673.17,700.8,0.1354
1_20,865.36,902.08,0.1351
1_20,902.27,962.9,0.1337
1_20,965.35,969.01,0.1335
1_20,614.3,668.71,0.1329
1_20,969.09,972.61,0.1273
1_20,740.9,775.31,0.1235
1_20,811.13,838.64,0.1172
1_20,752.28,788.86,0.0564
1_20,902.32,962.86,0.0182
1_20,614.38,668.75,0.0181
1_20,673.21,700.81,0.0177
1_20,703.95,716.19,0.0173
1_20,962.8,1027.11,0.0172
1_20,811.13,838.66,0.0154
1_20,740.81,772.04,0.0134
1_20,945.92,948.9,0.009
1_20,807.33,809.53,0.0076
1_20,849.85,861.28,0.0076
1_20,814.77,817.42,0.0075
1_20,743.29,754.33,0.0057
1_20,719.18,741.11,0.0054
1_20,987.91,993.86,0.0051
1_20,892.3,904.04,0.0044
1_20,863.28,865.95,0.0041
1_20,635.24,640.28,0.0036
1_20,1005.2,1026.75,0.0036
1_20,1033.1,1038.81,0.0036
1_20,998.1,1000.73,0.0034
1_20,770.88,773.54,0.0033
1_20,675.78,749.32,0.0033
1_20,1062.16,1064.89,0.0033
1_20,932.86,935.51,0.003
1_20,838.94,859.38,0.003
1_20,826.13,837.36,0.0027
1_20,717.25,719.65,0.0026
1_20,871.07,895.38,0.0026
1_20,614.27,616.76,0.0025
1_20,662.56,668.64,0.0024
1_20,1030.44,1033.41,0.0024
1_20,1038.63,1040.73,0.0024
1_20,742.2,744.81,0.0024
1_20,710.23,712.83,0.0021
1_20,1157.68,1160.02,0.0021
1_20,632.26,644.46,0.002
1_20,972.22,977.65,0.0019
1_20,902.45,911.89,0.0019
1_20,779.43,782.08,0.0017
1_20,723.42,729.34,0.0017
1_20,817.11,823.31,0.0017
1_20,901.41,904.61,0.0017
1_20,802.7,804.95,0.0016
1_20,1020.99,1026.74,0.0016
1_20,630.26,632.96,0.0016
1_20,957.15,959.76,0.0016
1_20,1094.98,1115.15,0.0016
1_20,704.72,707.5,0.0015
1_20,739.94,742.77,0.0015
1_20,674.05,687.33,0.0014
1_20,923.49,926.2,0.0014
1_20,968.22,1009.78,0.0014
1_20,847.04,853.05,0.0014
1_20,711.47,714.66,0.0014
1_20,787.75,793.38,0.0013
1_20,993.5,998.89,0.0013
1_20,979.65,985.29,0.0012
1_20,869.98,875.66,0.0012
1_20,695.76,730.95,0.0012
1_20,769.15,771.98,0.0012
1_20,746.22,810.45,0.0012
1_20,841.8,847.53,0.0011
1_20,1091.28,1096.86,0.0011
1_20,945.55,957.67,0.0011
1_20,999.84,1002.18,0.0011
1_20,784.52,789.89,0.001
16_20,1185.24,1228.8,0.9991
16_20,1173.08,1178.24,0.999
16_20,945.14,1020.23,0.9974
16_20,1115.7,1151.78,0.9968
16_20,837.46,880.33,0.995
16_20,1156.6,1170.23,0.9914
16_20,653.31,697.51,0.9908
16_20,924.73,940.4,0.9894
16_20,801.96,823.11,0.9875
16_20,727.63,785.54,0.9857
16_20,885.19,918.58,0.9851
16_20,703.76,723.52,0.9594
16_20,625.35,648.48,0.9517
16_20,945.21,1020.11,0.1358
16_20,837.42,880.33,0.135
16_20,801.97,823.11,0.1338
16_20,1156.6,1170.24,0.1334
16_20,924.73,940.39,0.133
16_20,727.63,785.54,0.1328
16_20,885.2,918.54,0.1328
16_20,820.01,837.52,0.036
16_20,645.21,651.19,0.0337
16_20,736.8,748.5,0.0226
16_20,1179.04,1184.65,0.0187
16_20,1156.59,1170.23,0.0181
16_20,924.72,940.4,0.0173
16_20,727.63,785.55,0.0164
16_20,721.07,727.29,0.0148
16_20,1023.01,1063.11,0.014
16_20,642.81,665.07,0.0139
16_20,822.21,824.57,0.0136
16_20,679.14,700.89,0.0129
16_20,1111.85,1117.37,0.0112
16_20,1000.14,1021.75,0.0109
16_20,704.44,724.55,0.0106
16_20,1179.02,1189.32,0.0094
16_20,617.58,650.1,0.0083
16_20,946.25,952.82,0.0081
16_20,645.24,717.99,0.0077
16_20,608.51,620.32,0.0074
16_20,792.93,827.63,0.0068
16_20,1116.45,1119.1,0.0065
16_20,1173.26,1178.64,0.0065
16_20,613.67,614.9,0.0064
16_20,1133.15,1152.67,0.0063
16_20,1120.07,1122.26,0.0062
16_20,1086.2,1101.47,0.0057
16_20,663.62,685.8,0.0055
16_20,1105.36,1108.12,0.0051
16_20,887.24,928.44,0.005
16_20,1191.41,1228.8,0.005
16_20,715.0,726.79,0.005
16_20,825.02,835.89,0.0048
16_20,921.53,923.75,0.0048
16_20,612.7,616.31,0.0047
16_20,738.92,746.07,0.0047
16_20,823.22,825.77,0.0046
16_20,917.16,919.43,0.0046
16_20,1173.73,1185.43,0.0046
16_20,1021.0,1091.98,0.0044
16_20,721.96,725.24,0.0042
16_20,726.73,731.09,0.0042
16_20,1183.7,1186.59,0.0041
16_20,638.53,645.6,0.0038
16_20,1107.72,1168.02,0.0037
16_20,611.59,627.96,0.0037
16_20,882.02,884.5,0.0036
16_20,1074.16,1110.59,0.0034
16_20,724.93,727.53,0.0032
16_20,1078.55,1083.96,0.0032
16_20,1178.16,1181.11,0.0032
16_20,734.53,741.74,0.003
16_20,651.11,660.45,0.0029
16_20,876.57,880.67,0.0029
16_20,1141.76,1152.22,0.0029
16_20,800.24,880.67,0.0028
16_20,1101.84,1112.37,0.0028
16_20,975.41,1019.14,0.0027
16_20,644.55,650.68,0.0026
16_20,1073.88,1076.58,0.0024
16_20,1123.29,1126.36,0.0024
16_20,1023.98,1026.34,0.0023
16_20,716.57,734.95,0.0023
16_20,820.78,830.96,0.0023
16_20,1183.18,1189.18,0.0022
16_20,741.77,747.29,0.0021
16_20,648.77,651.38,0.002
16_20,1175.62,1200.12,0.0019
16_20,868.87,879.72,0.0018
16_20,727.42,729.82,0.0018
16_20,921.79,924.55,0.0018
16_20,788.97,799.2,0.0017
16_20,613.05,618.02,0.0017
16_20,681.88,687.83,0.0017
16_20,638.13,657.18,0.0017
16_20,1150.41,1153.33,0.0016
16_20,825.67,828.4,0.0016
16_20,1072.07,1083.6,0.0016
16_20,827.61,833.99,0.0016
16_20,879.27,883.46,0.0015
16_20,1121.34,1124.24,0.0015
16_20,746.17,749.4,0.0014
16_20,1168.94,1173.08,0.0014
16_20,946.83,953.49,0.0014
16_20,883.22,888.35,0.0014
16_20,726.99,740.79,0.0013
16_20,1119.32,1142.84,0.0013
16_20,1023.93,1030.47,0.0013
16_20,1096.56,1115.0,0.0012
16_20,1177.41,1182.7,0.0012
16_20,700.65,721.11,0.0012
16_20,830.99,895.76,0.0011
16_20,675.54,699.1,0.0011
16_20,701.73,704.07,0.0011
16_20,740.86,743.89,0.0011
16_20,614.48,616.79,0.0011
16_20,1104.76,1109.28,0.001
16_20,1180.85,1183.87,0.001
16_20,941.23,946.81,0.001
16_20,1111.01,1120.36,0.001
21_24,828.96,853.29,0.9994
21_24,701.85,715.67,0.9993
21_24,743.78,764.35,0.9982
21_24,644.18,663.79,0.998
21_24,1003.62,1015.1,0.9975
21_24,952.17,982.6,0.9974
21_24,666.47,701.75,0.9972
21_24,727.38,743.25,0.9968
21_24,615.06,644.2,0.9959
21_24,983.31,1003.6,0.9958
21_24,1018.5,1025.27,0.9952
21_24,772.93,828.73,0.9931
21_24,852.22,952.87,0.9889
21_24,1025.94,1036.1,0.9657
21_24,828.97,853.32,0.1361
21_24,727.39,743.26,0.135
21_24,952.17,982.6,0.1347
21_24,615.06,644.19,0.1345
21_24,952.18,982.62,0.0182
21_24,939.76,950.94,0.018
21_24,1128.46,1140.7,0.0097
21_24,1015.08,1025.57,0.0079
21_24,998.42,1017.11,0.0072
21_24,664.59,675.66,0.0071
21_24,799.93,822.14,0.0071
21_24,700.49,725.13,0.0069
21_24,746.65,752.7,0.0063
21_24,985.47,997.66,0.0054
21_24,1069.22,1074.54,0.0054
21_24,953.8,959.33,0.0051
21_24,766.94,777.87,0.0046
21_24,899.87,945.52,0.0044
21_24,627.74,639.72,0.0038
21_24,928.55,940.69,0.0038
21_24,645.18,664.6,0.0033
21_24,911.59,916.83,0.0028
21_24,671.19,695.15,0.0026
21_24,1007.93,1014.13,0.0024
21_24,1080.62,1083.41,0.0023
21_24,739.03,741.35,0.002
21_24,849.43,854.52,0.002
21_24,781.25,804.72,0.002
21_24,620.62,632.97,0.0019
21_24,859.99,865.54,0.0018
21_24,982.09,984.75,0.0018
21_24,939.65,942.28,0.0017
21_24,1144.82,1150.62,0.0017
21_24,760.01,839.22,0.0016
21_24,728.46,739.4,0.0016
21_24,1024.66,1047.83,0.0015
21_24,807.47,813.95,0.0014
21_24,894.13,899.89,0.0014
21_24,829.18,831.7,0.0013
21_24,813.39,825.3,0.0013
21_24,1118.44,1129.62,0.0013
21_24,909.73,920.6,0.0013
21_24,992.07,998.44,0.0012
21_24,692.8,727.88,0.0012
21_24,737.13,742.91,0.0011
21_24,967.51,978.55,0.0011
21_24,664.13,684.48,0.0011
21_24,945.33,951.62,0.0011
26_39,707.03,713.37,0.9993
26_39,917.27,920.22,0.9991
26_39,672.71,688.48,0.9986
26_39,775.29,781.08,0.9983
26_39,890.32,916.73,0.9963
26_39,616.01,646.4,0.9963
26_39,878.14,889.85,0.9955
26_39,647.16,672.41,0.9955
26_39,726.22,730.05,0.9937
26_39,714.98,724.8,0.9924
26_39,956.88,963.33,0.9905
26_39,744.93,758.99,0.9898
26_39,731.75,744.4,0.9896
26_39,964.52,986.86,0.9894
26_39,688.88,704.9,0.9888
26_39,788.02,876.31,0.9859
26_39,920.79,956.44,0.982
26_39,761.42,775.58,0.979
26_39,878.16,889.84,0.1351
26_39,647.17,672.38,0.1347
26_39,917.27,920.22,0.1346
26_39,714.98,724.81,0.1345
26_39,672.72,688.47,0.134
26_39,726.22,730.05,0.134
26_39,964.52,986.88,0.1338
26_39,775.29,781.08,0.1337
26_39,744.93,758.99,0.1329
26_39,688.88,704.91,0.1318
26_39,627.97,630.49,0.0198
26_39,917.27,920.22,0.0183
26_39,672.71,688.47,0.0181
26_39,647.18,672.41,0.0181
26_39,726.23,730.05,0.0181
26_39,1086.63,1098.35,0.0171
26_39,1037.4,1042.84,0.0126
26_39,893.82,905.75,0.0125
26_39,781.54,792.74,0.0119
26_39,767.3,773.25,0.0108
26_39,1030.03,1035.14,0.009
26_39,1047.85,1059.35,0.0085
26_39,839.66,842.38,0.0084
26_39,954.65,965.01,0.0074
26_39,1021.52,1026.45,0.0069
26_39,730.02,735.4,0.0058
26_39,687.28,689.85,0.0057
26_39,979.82,985.28,0.0046
26_39,1002.46,1005.07,0.0045
26_39,705.48,715.33,0.0044
26_39,1098.09,1100.64,0.004
26_39,802.96,852.11,0.0039
26_39,888.4,923.53,0.0037
26_39,757.42,760.41,0.0037
26_39,1099.28,1110.74,0.0035
26_39,1122.35,1125.15,0.0033
26_39,1061.7,1071.5,0.0032
26_39,843.31,846.35,0.0031
26_39,613.11,643.09,0.003
26_39,837.87,859.67,0.0026
26_39,1107.58,1129.34,0.0024
26_39,705.93,728.25,0.0023
26_39,868.91,880.09,0.0022
26_39,970.74,982.93,0.0022
26_39,724.37,734.62,0.0021
26_39,927.07,937.56,0.002
26_39,1133.68,1136.12,0.0018
26_39,1021.59,1043.27,0.0018
26_39,740.85,743.55,0.0018
26_39,833.6,835.9,0.0017
26_39,1114.82,1121.07,0.0016
26_39,1123.45,1129.32,0.0016
26_39,798.4,804.24,0.0016
26_39,890.78,893.41,0.0016
26_39,856.67,867.32,0.0015
26_39,1039.56,1051.03,0.0015
26_39,986.83,992.83,0.0015
26_39,1085.02,1091.12,0.0014
26_39,723.42,726.44,0.0014
26_39,1073.47,1078.82,0.0013
26_39,677.33,720.59,0.0013
26_39,976.97,979.21,0.0013
26_39,789.6,792.43,0.0013
26_39,989.01,1026.51,0.0013
26_39,766.37,769.51,0.0013
26_39,793.66,799.89,0.0012
26_39,890.94,911.6,0.0012
26_39,999.57,1002.51,0.0012
26_39,1090.17,1110.78,0.0011
26_39,920.38,925.22,0.0011
26_39,718.12,720.62,0.0011
26_39,761.62,767.87,0.0011
26_39,700.43,707.98,0.0011
26_39,623.94,627.27,0.0011
26_39,780.91,866.14,0.0011
26_39,839.22,841.94,0.001
26_39,673.29,679.35,0.001
26_39,965.78,971.35,0.001
26_39,1028.65,1034.23,0.001
20_22,894.08,898.22,0.9999
20_22,696.46,708.71,0.9997
20_22,1011.86,1026.32,0.9992
20_22,794.7,893.67,0.9989
20_22,733.47,788.21,0.9974
20_22,919.45,921.91,0.9971
20_22,672.72,695.54,0.9951
20_22,1004.61,1010.09,0.9943
20_22,791.08,793.98,0.9942
20_22,711.82,732.62,0.9941
20_22,899.24,918.92,0.9938
20_22,987.42,1003.8,0.9915
20_22,632.52,671.57,0.9879
20_22,929.39,959.13,0.9842
20_22,960.36,986.97,0.9801
20_22,804.37,826.33,0.881
20_22,625.17,790.58,0.6546
20_22,830.54,882.21,0.5746
20_22,696.46,708.72,0.134
20_22,929.4,959.16,0.1333
20_22,1004.61,1010.09,0.1329
20_22,987.43,1003.81,0.1299
20_22,672.7,695.55,0.1298
20_22,632.5,671.56,0.1171
20_22,733.53,788.21,0.1077
20_22,830.63,882.18,0.0774
20_22,625.54,790.25,0.0593
20_22,794.46,893.7,0.0418
20_22,635.77,646.37,0.0293
20_22,793.45,803.0,0.0254
20_22,898.19,904.95,0.0211
20_22,616.58,628.84,0.0191
20_22,929.39,959.12,0.0181
20_22,696.47,708.72,0.0174
20_22,733.48,788.26,0.0117
20_22,960.3,972.89,0.0116
20_22,704.03,743.03,0.0074
20_22,691.02,695.95,0.0073
20_22,919.06,928.89,0.0063
20_22,1004.39,1044.14,0.0058
20_22,974.96,984.99,0.0055
20_22,991.97,993.98,0.0052
20_22,986.87,992.67,0.005
20_22,804.5,816.79,0.0048
20_22,1014.81,1022.24,0.0045
20_22,888.52,894.25,0.0039
20_22,894.12,897.01,0.0035
20_22,976.69,979.6,0.0034
20_22,1040.96,1079.29,0.0033
20_22,718.06,732.84,0.0032
20_22,794.21,801.57,0.0032
20_22,952.75,958.65,0.0028
20_22,819.28,825.4,0.0028
20_22,855.52,883.7,0.0027
20_22,1026.08,1038.21,0.0027
20_22,898.96,905.33,0.0022
20_22,884.44,887.17,0.0021
20_22,787.84,790.8,0.0021
20_22,1003.89,1013.15,0.0019
20_22,602.79,621.02,0.0019
20_22,978.77,1041.7,0.0018
20_22,1072.2,1118.03,0.0017
20_22,615.35,627.59,0.0017
20_22,714.38,721.14,0.0015
20_22,886.5,897.64,0.0015
20_22,797.81,834.5,0.0015
20_22,644.05,658.08,0.0015
20_22,917.45,922.43,0.0014
20_22,1049.66,1074.22,0.0011
20_22,959.33,979.22,0.001
20_22,837.52,859.81,0.001
10_31,748.26,770.26,0.9998
10_31,780.29,794.44,0.9997
10_31,684.4,695.71,0.9993
10_31,653.83,682.78,0.9986
10_31,614.43,637.36,0.9983
10_31,809.07,812.27,0.9965
10_31,817.06,826.94,0.9962
10_31,737.66,748.22,0.9948
10_31,728.13,737.56,0.9945
10_31,795.2,797.86,0.9906
10_31,697.1,714.27,0.9884
10_31,806.56,807.76,0.9861
10_31,643.34,652.71,0.9846
10_31,813.87,816.53,0.9845
10_31,807.96,808.84,0.9669
10_31,711.62,727.9,0.9559
10_31,684.39,695.71,0.1354
10_31,614.39,637.38,0.1354
10_31,728.14,737.58,0.1353
10_31,653.81,682.77,0.1352
10_31,780.29,794.44,0.1341
10_31,813.87,816.53,0.134
10_31,795.19,797.86,0.1334
10_31,806.56,807.76,0.1333
10_31,817.06,826.94,0.1318
10_31,711.62,727.93,0.1295
10_31,697.11,714.25,0.1274
10_31,664.64,667.55,0.0256
10_31,715.21,720.24,0.0215
10_31,896.58,908.82,0.0211
10_31,614.43,637.35,0.0184
10_31,780.29,794.43,0.018
10_31,706.49,708.81,0.0179
10_31,653.81,682.78,0.0178
10_31,816.21,818.07,0.0176
10_31,676.55,679.26,0.0125
10_31,737.63,740.79,0.0105
10_31,647.8,650.34,0.0088
10_31,868.81,889.67,0.0084
10_31,834.55,846.93,0.0072
10_31,674.71,684.95,0.0064
10_31,807.56,812.67,0.0054
10_31,769.7,779.98,0.0053
10_31,942.45,948.08,0.0051
10_31,970.28,1009.0,0.0047
10_31,818.42,824.33,0.0047
10_31,712.42,714.87,0.0042
10_31,658.53,661.12,0.0038
10_31,849.5,860.72,0.0036
10_31,717.28,727.9,0.0032
10_31,700.32,711.77,0.003
10_31,653.26,658.82,0.0029
10_31,890.05,895.66,0.0028
10_31,903.37,905.73,0.0027
10_31,820.43,826.31,0.0027
10_31,797.58,807.47,0.0026
10_31,746.27,783.99,0.0026
10_31,729.26,734.75,0.0025
10_31,811.55,816.53,0.0025
10_31,781.43,784.41,0.0024
10_31,696.14,701.08,0.0024
10_31,959.24,961.92,0.0023
10_31,645.31,648.24,0.0021
10_31,895.57,898.32,0.0021
10_31,693.16,695.76,0.0018
10_31,998.93,1010.57,0.0018
10_31,722.48,725.14,0.0017
10_31,725.03,729.46,0.0016
10_31,932.86,943.41,0.0016
10_31,600.14,631.91,0.0016
10_31,759.48,762.65,0.0016
10_31,913.83,925.19,0.0015
10_31,799.04,801.99,0.0014
10_31,651.34,654.37,0.0014
10_31,802.23,805.23,0.0013
10_31,812.51,891.8,0.0013
10_31,983.04,988.24,0.0013
10_31,826.15,828.52,0.0012
10_31,685.45,692.32,0.0012
10_31,665.28,670.44,0.0012
10_31,917.82,920.87,0.0011
10_31,794.0,811.09,0.0011
10_31,979.43,1000.38,0.0011
10_31,746.64,749.7,0.001
10_31,789.13,791.56,0.001
21_25,768.86,784.44,0.9998
21_25,714.86,737.15,0.9982
21_25,1048.67,1057.3,0.9967
21_25,1004.59,1021.79,0.9967
21_25,681.18,693.44,0.9955
21_25,650.3,666.44,0.9954
21_25,876.4,889.74,0.9949
21_25,1025.03,1038.08,0.9948
21_25,745.34,754.52,0.9947
21_25,1038.51,1043.56,0.9925
21_25,634.72,645.29,0.9918
21_25,896.8,974.68,0.9912
21_25,797.06,874.17,0.9887
21_25,976.87,1001.93,0.9718
21_25,1004.59,1021.8,0.1349
21_25,650.3,666.43,0.1342
21_25,1025.01,1038.09,0.1339
21_25,1048.67,1057.3,0.1337
21_25,745.34,754.53,0.1334
21_25,967.78,973.51,0.0199
21_25,1049.41,1086.58,0.0125
21_25,1038.7,1050.06,0.0088
21_25,671.64,694.62,0.0073
21_25,805.24,816.07,0.0073
21_25,848.25,859.33,0.0056
21_25,1141.85,1147.21,0.0041
21_25,1002.29,1005.1,0.0041
21_25,697.15,740.11,0.004
21_25,921.8,946.78,0.0037
21_25,702.96,713.64,0.0034
21_25,676.39,682.23,0.003
21_25,872.92,878.58,0.003
21_25,918.6,921.44,0.0025
21_25,792.26,803.69,0.0025
21_25,1157.31,1163.38,0.0023
21_25,1017.74,1023.86,0.0023
21_25,735.2,745.54,0.0022
21_25,965.29,968.4,0.0022
21_25,781.38,786.59,0.0022
21_25,685.08,691.29,0.0021
21_25,812.87,833.32,0.0021
21_25,757.45,760.39,0.0021
21_25,895.55,897.72,0.0019
21_25,857.33,876.64,0.0019
21_25,712.97,716.04,0.0018
21_25,1113.94,1116.46,0.0018
21_25,1037.73,1043.3,0.0018
21_25,754.17,765.31,0.0017
21_25,850.86,853.91,0.0017
21_25,1067.84,1089.84,0.0016
21_25,905.78,911.71,0.0016
21_25,956.39,967.66,0.0016
21_25,765.85,787.58,0.0014
21_25,691.42,697.44,0.0014
21_25,1056.47,1064.97,0.0014
21_25,793.81,830.16,0.0014
21_25,957.59,960.42,0.0014
21_25,665.76,672.0,0.0013
21_25,1128.82,1134.63,0.0012
21_25,878.4,881.57,0.0012
21_25,1021.81,1037.79,0.0012
21_25,625.59,646.36,0.0012
21_25,717.67,720.16,0.0012
21_25,660.33,666.51,0.0012
21_25,818.05,821.14,0.0011
21_25,763.1,768.96,0.0011
21_25,770.66,776.03,0.0011
21_25,900.73,904.08,0.001
4_44,689.08,698.66,0.9985
4_44,885.92,903.18,0.9974
4_44,915.34,920.19,0.9952
4_44,748.89,850.59,0.9952
4_44,926.72,929.29,0.995
4_44,933.0,936.64,0.9939
4_44,743.88,746.82,0.9934
4_44,672.07,684.63,0.9927
4_44,733.28,735.3,0.9884
4_44,857.67,859.82,0.9874
4_44,698.27,704.77,0.9864
4_44,625.38,630.4,0.9854
4_44,664.62,668.53,0.982
4_44,630.4,632.67,0.9739
4_44,710.54,718.76,0.9692
4_44,644.22,652.32,0.9639
4_44,915.34,920.19,0.1349
4_44,933.0,936.64,0.1338
4_44,698.27,704.76,0.1334
4_44,625.39,630.4,0.1318
4_44,885.91,903.18,0.1306
4_44,743.88,746.82,0.13
4_44,617.08,622.56,0.0189
4_44,933.0,936.64,0.018
4_44,807.13,809.79,0.0152
4_44,911.46,915.67,0.0147
4_44,683.81,689.84,0.0126
4_44,769.68,791.47,0.012
4_44,817.64,839.59,0.011
4_44,856.72,867.26,0.0073
4_44,824.01,829.67,0.0072
4_44,902.98,922.38,0.0065
4_44,693.7,699.18,0.0062
4_44,1119.02,1124.74,0.0058
4_44,1084.37,1089.86,0.0057
4_44,843.44,863.73,0.0056
4_44,673.56,676.66,0.0052
4_44,620.34,625.59,0.0048
4_44,668.5,688.01,0.0047
4_44,928.95,931.59,0.0047
4_44,1108.19,1113.36,0.0045
4_44,651.38,662.99,0.004
4_44,707.85,734.94,0.0038
4_44,959.07,1001.56,0.0034
4_44,1121.91,1131.39,0.0031
4_44,815.3,820.57,0.003
4_44,632.51,634.74,0.0028
4_44,1150.74,1157.11,0.0028
4_44,707.57,713.0,0.0027
4_44,713.8,716.66,0.0024
4_44,928.4,933.37,0.0024
4_44,763.41,766.25,0.0023
4_44,795.09,797.46,0.0023
4_44,652.24,655.37,0.0023
4_44,1022.48,1027.99,0.0022
4_44,750.96,753.99,0.0022
4_44,644.39,647.32,0.0022
4_44,678.25,683.32,0.0021
4_44,787.7,790.79,0.002
4_44,663.04,665.65,0.002
4_44,880.45,882.93,0.002
4_44,980.75,983.83,0.002
4_44,1114.61,1125.68,0.0018
4_44,689.65,694.72,0.0018
4_44,1043.02,1063.47,0.0018
4_44,618.44,621.07,0.0017
4_44,1109.93,1113.06,0.0016
4_44,1062.67,1068.18,0.0016
4_44,1070.89,1111.71,0.0016
4_44,639.22,721.76,0.0016
4_44,884.46,955.24,0.0016
4_44,761.41,763.89,0.0015
4_44,883.47,888.82,0.0015
4_44,800.5,811.97,0.0015
4_44,959.27,965.2,0.0015
4_44,951.73,957.29,0.0014
4_44,1082.25,1085.32,0.0014
4_44,635.27,645.13,0.0014
4_44,746.53,749.01,0.0014
4_44,967.58,970.3,0.0013
4_44,927.08,929.6,0.0013
4_44,859.53,862.26,0.0012
4_44,738.59,743.56,0.0012
4_44,749.54,760.4,0.0012
4_44,676.28,679.32,0.0012
4_44,869.71,875.61,0.0011
4_44,987.93,993.68,0.0011
4_44,627.26,630.18,0.0011
4_44,936.17,949.17,0.0011
4_44,804.48,807.04,0.0011
4_44,1053.79,1056.9,0.0011
4_44,1019.42,1022.25,0.001
4_44,1118.21,1123.92,0.001
4_44,851.5,857.17,0.001
4_44,1153.71,1159.2,0.001
15_18,942.61,1025.26,0.997
15_18,779.12,807.01,0.996
15_18,1027.09,1050.78,0.9958
15_18,1155.05,1171.42,0.9938
15_18,808.29,847.71,0.9936
15_18,1183.21,1228.8,0.9934
15_18,1052.54,1073.84,0.9919
15_18,1074.15,1090.32,0.9916
15_18,848.07,933.78,0.9907
15_18,1175.22,1179.64,0.9895
15_18,614.72,777.62,0.9877
15_18,1027.1,1050.77,0.1349
15_18,942.6,1025.32,0.1347
15_18,1074.15,1090.32,0.1339
15_18,1155.05,1171.42,0.1324
15_18,1093.29,1111.65,0.0168
15_18,847.67,859.31,0.0129
15_18,1136.66,1156.48,0.0096
15_18,752.28,777.44,0.0058
15_18,1165.24,1171.14,0.005
15_18,1096.25,1117.99,0.0036
15_18,847.23,870.49,0.0034
15_18,1116.3,1127.5,0.0031
15_18,1184.32,1195.31,0.003
15_18,809.15,836.8,0.0027
15_18,774.33,777.46,0.0024
15_18,1141.2,1155.19,0.0021
15_18,1004.96,1025.37,0.0021
15_18,1173.29,1182.07,0.0021
15_18,879.78,931.52,0.002
15_18,1179.08,1228.8,0.002
15_18,807.85,818.58,0.0019
15_18,952.79,976.07,0.0017
15_18,1156.03,1165.84,0.0016
15_18,608.42,730.58,0.0014
15_18,779.69,784.46,0.0013
15_18,758.18,777.66,0.0012
15_18,1140.58,1142.94,0.0012
15_18,780.23,810.23,0.0012
15_18,1073.37,1085.54,0.0011
15_18,1089.81,1092.48,0.0011
15_18,1175.82,1178.36,0.0011
15_18,660.93,687.14,0.0011
15_18,950.21,997.48,0.001
12_48,650.27,658.99,0.9996
12_48,621.77,624.04,0.9992
12_48,677.01,680.45,0.9984
12_48,632.43,638.67,0.9953
12_48,664.6,667.99,0.9938
12_48,619.27,620.7,0.9885
12_48,699.11,701.38,0.9834
12_48,687.38,688.69,0.9754
12_48,714.65,772.01,0.9673
12_48,677.01,680.45,0.135
12_48,664.6,667.99,0.1334
12_48,619.27,620.7,0.1327
12_48,714.6,771.96,0.1305
12_48,644.4,650.39,0.0361
12_48,677.01,680.45,0.0182
12_48,714.62,771.98,0.0176
12_48,664.6,668.0,0.0172
12_48,817.22,837.02,0.0105
12_48,657.85,668.67,0.0104
12_48,877.74,888.26,0.0073
12_48,701.43,703.6,0.0069
12_48,692.36,698.72,0.0066
12_48,708.88,719.75,0.0064
12_48,679.28,690.17,0.0052
12_48,651.89,658.15,0.0051
12_48,754.83,757.76,0.0044
12_48,647.18,717.94,0.0043
12_48,829.54,834.65,0.0041
12_48,843.08,854.4,0.0036
12_48,888.39,899.46,0.0036
12_48,820.42,823.1,0.0036
12_48,866.36,872.56,0.0035
12_48,620.7,626.99,0.0029
12_48,658.57,664.71,0.0024
12_48,772.63,813.53,0.0023
12_48,624.48,627.51,0.0022
12_48,914.16,917.13,0.0022
12_48,813.88,820.27,0.0021
12_48,771.86,782.21,0.0021
12_48,761.64,774.62,0.002
12_48,744.31,765.52,0.0018
12_48,904.32,910.88,0.0017
12_48,683.72,706.88,0.0016
12_48,709.33,715.92,0.0016
12_48,661.51,664.45,0.0015
12_48,616.04,619.22,0.0015
12_48,670.24,675.96,0.0014
12_48,896.58,899.66,0.0013
12_48,737.21,743.04,0.0013
12_48,638.17,650.84,0.0013
12_48,587.29,640.65,0.0013
12_48,799.6,802.56,0.0012
12_48,790.53,800.85,0.0011
12_48,774.83,777.31,0.0011
12_48,674.2,677.1,0.0011
12_48,827.28,830.26,0.001
1_43,646.92,674.11,0.9999
1_43,702.24,725.42,0.9995
1_43,745.81,783.6,0.9993
1_43,620.85,645.55,0.9972
1_43,793.45,820.93,0.99
1_43,727.31,742.26,0.9861
1_43,678.21,689.36,0.9848
1_43,689.62,701.53,0.9813
1_43,842.75,846.72,0.9737
1_43,827.83,842.71,0.9707
1_43,788.7,809.38,0.5921
1_43,620.83,645.56,0.1354
1_43,745.76,783.58,0.1351
1_43,702.23,725.42,0.1345
1_43,646.91,674.11,0.1341
1_43,678.22,689.36,0.132
1_43,793.45,820.95,0.0821
1_43,970.91,976.86,0.0299
1_43,646.96,674.18,0.0185
1_43,702.2,725.4,0.0183
1_43,793.44,820.92,0.011
1_43,720.25,795.24,0.0069
1_43,726.51,747.72,0.0056
1_43,659.59,672.09,0.0053
1_43,892.03,894.59,0.0041
1_43,992.05,995.21,0.0036
1_43,883.2,895.54,0.0031
1_43,862.78,885.43,0.0025
1_43,689.86,695.31,0.0023
1_43,636.15,641.63,0.0021
1_43,712.88,724.47,0.002
1_43,746.22,766.67,0.002
1_43,625.61,637.8,0.0019
1_43,872.67,875.49,0.0019
1_43,694.93,700.42,0.0018
1_43,849.86,852.42,0.0017
1_43,986.56,997.79,0.0017
1_43,780.28,785.81,0.0016
1_43,823.54,842.6,0.0016
1_43,931.47,937.69,0.0015
1_43,661.11,734.94,0.0015
1_43,831.9,835.08,0.0013
1_43,918.52,924.24,0.0013
1_43,786.49,791.72,0.0013
1_43,629.44,632.33,0.0013
1_43,614.82,620.16,0.0012
1_43,752.24,774.67,0.0012
1_43,743.61,749.69,0.0012
1_43,835.84,838.87,0.0011
1_43,841.78,847.43,0.0011
16_44,852.71,871.64,1.0
16_44,664.07,709.87,0.999
16_44,1097.78,1188.07,0.9988
16_44,764.92,788.84,0.9981
16_44,745.39,760.46,0.9971
16_44,902.62,949.36,0.9971
16_44,1188.3,1199.52,0.9967
16_44,1096.04,1099.59,0.9965
16_44,959.14,1008.23,0.9955
16_44,952.94,955.9,0.995
16_44,895.29,899.36,0.9942
16_44,872.27,892.9,0.994
16_44,790.94,811.33,0.9899
16_44,616.16,661.16,0.9889
16_44,1011.48,1025.96,0.9858
16_44,711.7,743.88,0.9842
16_44,1035.47,1094.83,0.974
16_44,818.13,851.23,0.9558
16_44,1026.55,1034.82,0.9455
16_44,902.66,949.36,0.1349
16_44,1188.31,1199.51,0.1349
16_44,745.38,760.45,0.1345
16_44,1096.04,1099.59,0.1339
16_44,952.94,955.89,0.1335
16_44,1035.45,1094.79,0.1322
16_44,664.07,709.87,0.1316
16_44,959.16,1008.16,0.1307
16_44,1011.48,1025.96,0.1285
16_44,950.72,958.68,0.0204
16_44,745.39,760.47,0.0181
16_44,1035.34,1094.82,0.0178
16_44,745.73,748.83,0.0157
16_44,761.07,763.53,0.0146
16_44,1012.16,1018.97,0.0097
16_44,1205.99,1211.07,0.0096
16_44,614.31,616.65,0.007
16_44,1116.02,1118.64,0.0069
16_44,829.69,842.71,0.0062
16_44,1018.54,1025.66,0.0062
16_44,1041.78,1047.1,0.006
16_44,843.98,851.71,0.006
16_44,902.49,908.34,0.0058
16_44,881.41,893.25,0.0056
16_44,704.62,709.78,0.0055
16_44,810.43,816.1,0.0052
16_44,763.29,804.91,0.0051
16_44,1007.0,1012.81,0.0047
16_44,663.33,673.96,0.0046
16_44,1099.39,1106.24,0.0046
16_44,871.54,877.44,0.0045
16_44,832.56,835.6,0.0041
16_44,952.31,959.04,0.0041
16_44,954.26,1019.09,0.004
16_44,1096.96,1177.24,0.0039
16_44,1026.44,1029.17,0.0039
16_44,622.24,624.47,0.0034
16_44,922.01,948.19,0.0032
16_44,721.52,743.34,0.0031
16_44,899.76,902.37,0.003
16_44,816.43,821.68,0.0029
16_44,1145.41,1191.05,0.0029
16_44,895.42,899.68,0.0029
16_44,1087.43,1100.7,0.0026
16_44,651.02,653.48,0.0025
16_44,823.72,847.78,0.0023
16_44,1076.0,1087.09,0.0022
16_44,792.13,795.05,0.0022
16_44,1004.71,1006.98,0.0021
16_44,961.4,974.29,0.002
16_44,818.28,828.57,0.0019
16_44,1099.5,1102.19,0.0019
16_44,852.2,858.4,0.0017
16_44,849.67,892.45,0.0015
16_44,837.58,843.87,0.0015
16_44,936.71,950.19,0.0015
16_44,632.32,653.49,0.0014
16_44,1188.2,1205.67,0.0014
16_44,1034.72,1056.6,0.0014
16_44,950.2,953.02,0.0014
16_44,1062.91,1086.58,0.0014
16_44,783.15,788.96,0.0014
16_44,709.62,734.42,0.0013
16_44,710.3,712.61,0.0012
16_44,845.86,851.62,0.0012
16_44,805.4,810.8,0.0011
16_44,1099.83,1150.41,0.0011
16_44,983.19,1006.37,0.0011
16_44,614.36,617.06,0.0011
16_44,955.37,959.9,0.0011
16_44,1095.74,1100.44,0.001
16_44,715.23,718.59,0.001
12_19,632.53,638.95,0.9997
12_19,627.34,632.38,0.9981
12_19,650.36,679.95,0.9975
12_19,799.86,811.73,0.9971
12_19,704.94,711.51,0.9964
12_19,717.65,731.45,0.9956
12_19,687.4,699.46,0.993
12_19,743.51,756.89,0.9877
12_19,765.89,786.27,0.9823
12_19,717.66,731.45,0.1346
12_19,627.33,632.38,0.1338
12_19,743.52,756.9,0.1319
12_19,668.05,671.49,0.0392
12_19,655.8,667.24,0.0212
12_19,657.85,660.47,0.0134
12_19,935.53,946.77,0.0108
12_19,769.99,772.64,0.0095
12_19,906.3,909.05,0.0095
12_19,983.27,988.27,0.0091
12_19,756.4,759.23,0.0084
12_19,663.19,666.11,0.0082
12_19,639.18,644.6,0.0067
12_19,833.18,839.32,0.0064
12_19,735.57,744.8,0.0054
12_19,677.37,688.34,0.0051
12_19,772.28,774.64,0.0051
12_19,799.45,810.16,0.005
12_19,700.46,703.34,0.0048
12_19,776.64,782.5,0.0047
12_19,940.49,943.22,0.0047
12_19,711.47,732.36,0.0043
12_19,665.16,674.76,0.0043
12_19,782.65,785.27,0.0041
12_19,632.43,642.57,0.0035
12_19,790.77,793.35,0.0033
12_19,949.43,955.62,0.0032
12_19,801.63,804.68,0.0032
12_19,897.35,903.05,0.0032
12_19,866.74,877.89,0.0031
12_19,883.51,889.13,0.0028
12_19,937.5,948.14,0.0026
12_19,707.39,710.31,0.0025
12_19,984.1,987.14,0.0024
12_19,679.94,718.39,0.0024
12_19,892.8,895.83,0.0022
12_19,676.88,679.87,0.0021
12_19,768.67,780.16,0.002
12_19,747.93,750.61,0.002
12_19,890.43,893.08,0.002
12_19,875.11,880.56,0.002
12_19,715.43,718.02,0.0019
12_19,617.7,637.72,0.0019
12_19,614.46,616.65,0.0018
12_19,879.2,884.62,0.0018
12_19,756.35,766.54,0.0016
12_19,688.85,691.51,0.0016
12_19,633.54,637.0,0.0015
12_19,697.81,703.78,0.0015
12_19,717.54,720.44,0.0015
12_19,667.8,680.34,0.0015
12_19,935.28,958.73,0.0015
12_19,864.31,866.73,0.0014
12_19,805.31,808.35,0.0014
12_19,912.11,926.3,0.0014
12_19,881.78,902.19,0.0013
12_19,838.69,859.57,0.0012
12_19,973.61,984.72,0.0011
12_19,765.36,770.61,0.0011
12_19,930.97,933.6,0.001
13_14,978.23,990.19,0.9997
13_14,1042.47,1054.51,0.9966
13_14,839.53,942.76,0.9963
13_14,718.28,789.58,0.9956
13_14,1019.01,1024.75,0.9945
13_14,657.73,684.32,0.9939
13_14,818.86,835.61,0.9893
13_14,1028.58,1034.32,0.9887
13_14,635.4,648.07,0.9837
13_14,797.79,801.67,0.9834
13_14,699.63,707.3,0.9644
13_14,804.5,811.67,0.955
13_14,1042.47,1054.49,0.1354
13_14,978.23,990.19,0.1351
13_14,635.41,648.07,0.1334
13_14,657.73,684.35,0.129
13_14,804.49,811.67,0.1283
13_14,734.88,738.13,0.0275
13_14,978.23,990.19,0.0183
13_14,954.18,976.26,0.0164
13_14,799.88,819.59,0.0155
13_14,720.6,725.93,0.0083
13_14,1045.53,1088.84,0.0079
13_14,1031.16,1033.74,0.0076
13_14,964.74,970.09,0.0075
13_14,777.98,783.88,0.0072
13_14,833.05,850.11,0.007
13_14,728.22,731.13,0.0065
13_14,1154.19,1157.12,0.0063
13_14,742.34,748.82,0.0055
13_14,704.86,707.36,0.0055
13_14,788.37,791.3,0.0048
13_14,907.75,914.11,0.0042
13_14,656.59,703.38,0.004
13_14,992.31,1004.85,0.004
13_14,973.2,978.92,0.0039
13_14,1006.58,1009.25,0.0038
13_14,1091.29,1097.68,0.0038
13_14,855.36,876.6,0.0036
13_14,932.2,953.45,0.0036
13_14,902.63,908.41,0.0035
13_14,1134.46,1140.09,0.0032
13_14,728.69,739.18,0.0032
13_14,791.04,793.86,0.0031
13_14,587.25,636.68,0.0029
13_14,1059.31,1062.12,0.0029
13_14,890.0,902.03,0.0029
13_14,705.98,715.25,0.0027
13_14,856.3,945.92,0.0025
13_14,821.91,827.22,0.0024
13_14,740.76,760.94,0.0023
13_14,841.93,863.01,0.0022
13_14,737.7,743.08,0.0022
13_14,694.25,699.09,0.0021
13_14,1030.9,1033.44,0.0019
13_14,1103.51,1125.21,0.0018
13_14,651.09,653.75,0.0018
13_14,622.8,625.45,0.0018
13_14,645.44,648.27,0.0018
13_14,1047.77,1053.28,0.0017
13_14,1056.26,1078.1,0.0016
13_14,990.19,996.09,0.0016
13_14,853.5,859.69,0.0015
13_14,1014.52,1019.97,0.0014
13_14,701.42,706.43,0.0013
13_14,857.98,860.42,0.0013
13_14,690.89,693.58,0.0012
13_14,1086.05,1091.59,0.0012
13_14,758.52,764.96,0.0012
13_14,815.64,818.56,0.0012
13_14,789.94,801.87,0.0012
13_14,866.66,877.88,0.0011
13_14,934.99,946.49,0.0011
13_14,927.13,933.16,0.0011
13_14,1061.43,1063.75,0.0011
13_14,1129.45,1135.78,0.0011
13_14,732.84,770.83,0.0011
13_14,1043.46,1049.77,0.001
13_14,740.55,743.16,0.001
16_35,1204.81,1223.5,0.9983
16_35,648.49,689.27,0.9982
16_35,733.49,813.81,0.9981
16_35,871.36,891.24,0.9972
16_35,1124.93,1163.72,0.9959
16_35,894.63,907.43,0.9932
16_35,921.45,995.22,0.99
16_35,1000.61,1124.48,0.9873
16_35,1168.77,1185.45,0.9871
16_35,619.14,647.8,0.9835
16_35,824.48,832.57,0.9808
16_35,996.86,1000.49,0.9791
16_35,913.84,920.91,0.979
16_35,1187.98,1202.28,0.9781
16_35,995.38,996.47,0.9749
16_35,692.99,722.29,0.9707
16_35,835.62,866.97,0.9693
16_35,1224.38,1228.8,0.9691
16_35,871.35,891.22,0.1359
16_35,648.5,689.24,0.1348
16_35,733.5,813.7,0.1347
16_35,1204.82,1223.51,0.1346
16_35,894.61,907.42,0.1341
16_35,824.49,832.57,0.1315
16_35,619.15,647.78,0.1311
16_35,995.38,996.47,0.131
16_35,996.86,1000.49,0.1283
16_35,841.34,844.06,0.0182
16_35,916.89,954.9,0.0097
16_35,849.74,869.93,0.009
16_35,748.01,771.11,0.0075
16_35,1012.52,1015.21,0.0073
16_35,834.83,846.98,0.0071
16_35,1155.48,1165.81,0.0058
16_35,807.64,813.42,0.0058
16_35,833.02,835.04,0.0052
16_35,1169.88,1176.21,0.005
16_35,1011.87,1017.01,0.0042
16_35,1184.94,1200.7,0.0035
16_35,838.98,844.51,0.0032
16_35,946.19,951.66,0.0032
16_35,1013.07,1127.38,0.0031
16_35,625.93,700.63,0.003
16_35,724.86,734.38,0.0028
16_35,844.44,869.21,0.0025
16_35,710.79,722.49,0.0024
16_35,826.74,832.23,0.0024
16_35,648.37,655.0,0.0023
16_35,814.46,824.26,0.0022
16_35,645.53,648.17,0.0022
16_35,690.93,693.47,0.0021
16_35,890.48,906.29,0.0019
16_35,885.5,891.5,0.0019
16_35,752.86,759.27,0.0019
16_35,833.19,835.72,0.0019
16_35,917.55,920.25,0.0019
16_35,1224.25,1228.8,0.0018
16_35,903.78,906.72,0.0018
16_35,871.43,883.15,0.0017
16_35,690.73,725.66,0.0017
16_35,760.04,812.38,0.0017
16_35,1118.18,1124.1,0.0015
16_35,977.17,995.48,0.0015
16_35,1013.49,1016.28,0.0014
16_35,648.56,672.3,0.0014
16_35,946.31,949.36,0.0014
16_35,823.83,826.46,0.0013
16_35,717.99,724.12,0.0013
16_35,1188.0,1204.78,0.0011
16_35,838.71,841.25,0.0011
16_35,1206.35,1220.56,0.0011
16_35,918.67,944.88,0.0011
16_35,760.1,785.4,0.001
21_47,640.58,658.42,0.9997
21_47,904.65,916.13,0.9996
21_47,916.78,938.45,0.9993
21_47,994.14,1008.53,0.9992
21_47,968.46,988.83,0.9984
21_47,937.82,953.14,0.9974
21_47,713.31,750.9,0.9963
21_47,810.89,851.71,0.9954
21_47,771.73,782.41,0.9928
21_47,671.85,694.1,0.9925
21_47,703.07,714.56,0.9919
21_47,790.39,826.72,0.8266
21_47,761.74,783.47,0.6107
21_47,914.63,939.73,0.2221
21_47,968.47,988.83,0.1354
21_47,994.13,1008.52,0.1349
21_47,937.82,953.14,0.1345
21_47,810.84,851.74,0.1178
21_47,659.78,662.78,0.0357
21_47,833.06,839.1,0.0307
21_47,916.78,938.45,0.0297
21_47,994.13,1008.53,0.0179
21_47,937.82,953.13,0.0174
21_47,620.78,641.38,0.0163
21_47,1007.95,1010.36,0.014
21_47,644.33,650.39,0.0129
21_47,783.02,789.29,0.0092
21_47,614.6,617.42,0.0078
21_47,812.96,815.76,0.0073
21_47,852.37,858.13,0.0065
21_47,865.24,911.06,0.006
21_47,827.56,830.15,0.0059
21_47,641.14,643.39,0.0058
21_47,1027.44,1029.97,0.0055
21_47,986.72,989.6,0.005
21_47,704.22,715.49,0.0047
21_47,1052.65,1133.9,0.0045
21_47,1003.05,1008.55,0.0043
21_47,1008.26,1010.66,0.0041
21_47,714.13,716.35,0.0033
21_47,792.37,794.91,0.0032
21_47,643.16,653.87,0.0031
21_47,1020.96,1045.06,0.003
21_47,956.16,992.5,0.0029
21_47,718.06,724.24,0.0028
21_47,1093.65,1096.0,0.0028
21_47,655.93,675.08,0.0027
21_47,811.67,822.79,0.0023
21_47,715.09,736.96,0.0022
21_47,1095.17,1116.05,0.0021
21_47,981.74,986.92,0.0019
21_47,1157.07,1169.33,0.0019
21_47,1125.96,1144.67,0.0018
21_47,994.13,1008.54,0.0018
21_47,953.71,970.96,0.0018
21_47,855.2,878.05,0.0018
21_47,993.29,996.02,0.0017
21_47,644.28,647.42,0.0016
21_47,896.22,902.36,0.0016
21_47,1141.93,1224.94,0.0015
21_47,876.31,886.59,0.0015
21_47,1011.52,1013.83,0.0015
21_47,764.31,767.45,0.0015
21_47,834.5,854.86,0.0014
21_47,664.2,667.02,0.0013
21_47,974.2,980.16,0.0013
21_47,911.51,914.41,0.0013
21_47,944.22,952.65,0.0013
21_47,771.88,783.54,0.0012
21_47,696.21,699.12,0.0012
21_47,1006.96,1044.09,0.0012
21_47,733.84,745.82,0.0012
21_47,803.85,899.81,0.0012
21_47,931.39,937.54,0.0012
21_47,834.31,836.78,0.001
15_41,717.64,761.17,0.9987
15_41,1074.13,1083.07,0.9985
15_41,1085.67,1105.06,0.9973
15_41,901.03,903.08,0.997
15_41,1006.12,1028.83,0.9963
15_41,872.82,881.24,0.9956
15_41,1176.1,1180.27,0.9955
15_41,788.01,832.19,0.9946
15_41,1107.65,1175.82,0.9921
15_41,765.4,781.88,0.9883
15_41,904.9,932.89,0.9833
15_41,985.04,1003.95,0.981
15_41,615.27,698.94,0.9727
15_41,885.07,900.08,0.9714
15_41,1029.4,1072.33,0.968
15_41,1183.29,1193.89,0.9624
15_41,935.69,979.85,0.9377
15_41,782.56,850.61,0.415
15_41,1074.13,1083.08,0.1352
15_41,1176.1,1180.27,0.1345
15_41,765.39,781.91,0.1341
15_41,1006.1,1028.84,0.1333
15_41,904.88,932.93,0.1332
15_41,717.67,761.16,0.1321
15_41,615.16,698.97,0.1321
15_41,901.03,903.08,0.1313
15_41,1179.66,1184.65,0.0286
15_41,937.13,964.6,0.0245
15_41,717.42,727.66,0.0236
15_41,1176.1,1180.26,0.0179
15_41,904.87,932.9,0.0179
15_41,841.61,850.96,0.0177
15_41,930.78,932.92,0.0177
15_41,1107.98,1126.9,0.0158
15_41,616.01,636.07,0.0132
15_41,784.0,790.17,0.0125
15_41,923.96,934.88,0.011
15_41,948.39,968.88,0.0097
15_41,1180.91,1183.74,0.0094
15_41,1029.83,1042.89,0.0082
15_41,697.47,713.81,0.0069
15_41,1107.9,1110.06,0.0064
15_41,673.97,699.65,0.0062
15_41,634.91,640.57,0.0061
15_41,1184.21,1194.28,0.0058
15_41,931.1,934.31,0.0058
15_41,936.19,948.47,0.0058
15_41,778.58,781.76,0.0057
15_41,758.71,761.27,0.0053
15_41,885.79,902.8,0.005
15_41,925.57,932.03,0.0047
15_41,880.42,882.96,0.0046
15_41,1046.29,1052.5,0.0044
15_41,782.73,792.58,0.004
15_41,1080.79,1083.31,0.004
15_41,856.35,900.3,0.0037
15_41,790.82,839.36,0.0037
15_41,970.37,982.14,0.0036
15_41,1125.63,1129.19,0.0035
15_41,1180.13,1185.58,0.0034
15_41,712.76,774.53,0.0034
15_41,839.18,850.61,0.0033
15_41,1146.82,1175.23,0.0032
15_41,852.46,855.41,0.0032
15_41,701.89,704.17,0.003
15_41,928.54,931.35,0.003
15_41,1031.7,1056.82,0.0029
15_41,762.04,780.13,0.0028
15_41,1060.44,1063.33,0.0027
15_41,946.22,952.54,0.0026
15_41,907.49,914.48,0.0025
15_41,985.29,1031.19,0.0024
15_41,887.57,893.94,0.0024
15_41,1103.57,1106.58,0.0022
15_41,1182.43,1184.76,0.0022
15_41,728.25,733.42,0.0021
15_41,701.73,706.8,0.002
15_41,907.17,941.89,0.002
15_41,850.93,853.4,0.0019
15_41,1180.06,1182.71,0.0019
15_41,725.25,751.04,0.0019
15_41,1014.41,1017.38,0.0018
15_41,936.32,959.86,0.0018
15_41,1146.17,1157.51,0.0018
15_41,1110.53,1147.78,0.0017
15_41,760.09,762.91,0.0017
15_41,668.68,708.29,0.0016
15_41,725.74,728.1,0.0016
15_41,873.08,882.66,0.0016
15_41,882.35,885.29,0.0015
15_41,713.49,719.77,0.0014
15_41,614.76,619.16,0.0014
15_41,634.17,637.02,0.0014
15_41,771.69,774.64,0.0014
15_41,929.52,935.11,0.0014
15_41,803.1,849.35,0.0014
15_41,1052.74,1064.0,0.0014
15_41,622.55,649.28,0.0013
15_41,1172.95,1192.19,0.0013
15_41,991.21,1004.03,0.0012
15_41,635.55,693.78,0.0011
15_41,1029.92,1040.2,0.0011
15_41,825.61,832.26,0.0011
15_41,716.38,726.77,0.0011
15_41,859.11,882.07,0.0011
15_41,949.61,952.27,0.0011
15_41,780.52,789.81,0.0011
15_41,1091.45,1105.0,0.0011
15_41,707.1,713.85,0.0011
15_41,932.88,1005.48,0.0011
15_41,891.89,898.1,0.0011
15_41,885.46,891.06,0.001
15_41,959.72,966.32,0.001
12_51,707.24,710.47,0.9992
12_51,637.57,653.7,0.9949
12_51,714.04,716.29,0.9925
12_51,627.73,630.16,0.9916
12_51,723.31,727.6,0.9907
12_51,623.51,626.9,0.9708
12_51,688.24,690.94,0.9654
12_51,733.66,737.8,0.9625
12_51,665.68,673.56,0.9532
12_51,637.57,653.69,0.1343
12_51,707.24,710.47,0.1343
12_51,680.44,755.6,0.0089
12_51,654.1,675.6,0.0086
12_51,679.09,684.22,0.0084
12_51,718.03,720.76,0.0075
12_51,683.03,688.35,0.005
12_51,826.24,848.46,0.0042
12_51,630.36,632.84,0.0037
12_51,616.61,629.44,0.0037
12_51,775.53,786.25,0.0031
12_51,829.88,835.83,0.0031
12_51,784.19,787.14,0.0028
12_51,625.78,637.04,0.0026
12_51,727.27,732.16,0.0024
12_51,839.56,850.54,0.0023
12_51,711.96,717.24,0.002
12_51,614.44,617.35,0.0019
12_51,849.97,861.11,0.0018
12_51,716.86,723.14,0.0016
12_51,687.44,692.61,0.0016
12_51,798.17,800.86,0.0015
12_51,811.67,833.92,0.0015
12_51,657.51,663.25,0.0014
12_51,722.35,762.66,0.0014
12_51,758.46,764.3,0.0012
12_51,696.02,698.43,0.0012
12_51,690.6,726.96,0.0012
12_51,737.02,742.0,0.0011
16_42,836.78,842.07,1.0
16_42,842.85,879.64,0.9998
16_42,755.67,793.58,0.999
16_42,980.99,1001.4,0.9979
16_42,1104.95,1115.92,0.9976
16_42,1038.41,1046.95,0.9975
16_42,1062.08,1069.02,0.997
16_42,646.68,677.2,0.9966
16_42,1016.77,1036.22,0.9965
16_42,805.52,821.64,0.9949
16_42,938.68,967.97,0.9927
16_42,684.7,728.3,0.9925
16_42,930.83,938.04,0.9924
16_42,728.37,746.79,0.9916
16_42,1048.09,1061.35,0.991
16_42,625.03,645.14,0.9908
16_42,1079.15,1103.2,0.9902
16_42,1073.36,1078.92,0.9783
16_42,971.2,972.8,0.972
16_42,884.27,921.62,0.9488
16_42,1006.42,1070.47,0.7163
16_42,646.71,677.19,0.1355
16_42,1104.95,1115.92,0.1353
16_42,980.99,1001.41,0.1349
16_42,805.53,821.65,0.1349
16_42,938.66,968.02,0.1341
16_42,1062.09,1069.01,0.1317
16_42,971.2,972.8,0.1292
16_42,1048.09,1061.34,0.1196
16_42,1016.78,1036.2,0.112
16_42,1069.44,1074.54,0.0264
16_42,706.78,718.67,0.0254
16_42,1116.0,1127.64,0.0195
16_42,646.71,677.16,0.0184
16_42,938.66,967.99,0.0182
16_42,1062.09,1069.01,0.0172
16_42,1018.97,1021.76,0.0117
16_42,974.94,1016.67,0.0112
16_42,822.95,825.33,0.0104
16_42,629.68,642.17,0.0096
16_42,760.74,784.18,0.0095
16_42,891.49,896.73,0.0094
16_42,821.31,841.96,0.0084
16_42,816.85,819.59,0.0079
16_42,702.35,708.02,0.0074
16_42,626.26,629.15,0.0065
16_42,843.48,864.3,0.0062
16_42,978.83,981.52,0.0057
16_42,1073.33,1147.72,0.0057
16_42,658.14,661.22,0.0054
16_42,860.55,880.49,0.0054
16_42,670.81,673.34,0.0047
16_42,718.58,723.81,0.0047
16_42,964.66,970.56,0.0044
16_42,727.85,739.58,0.004
16_42,705.6,727.85,0.0039
16_42,1126.09,1129.05,0.0039
16_42,940.92,943.09,0.0039
16_42,793.88,799.51,0.0036
16_42,908.64,911.13,0.0035
16_42,705.16,708.02,0.0035
16_42,651.78,654.52,0.0031
16_42,837.43,840.52,0.003
16_42,693.12,695.37,0.003
16_42,809.77,812.79,0.0029
16_42,643.9,646.65,0.0028
16_42,927.0,938.32,0.0027
16_42,889.91,892.55,0.0025
16_42,1044.4,1064.86,0.0025
16_42,865.6,870.8,0.0025
16_42,1001.84,1012.57,0.0024
16_42,1011.98,1052.71,0.0023
16_42,711.07,722.24,0.0023
16_42,1068.88,1078.24,0.0022
16_42,691.71,715.9,0.0021
16_42,998.36,1001.5,0.002
16_42,1058.83,1061.44,0.002
16_42,911.61,914.53,0.002
16_42,985.06,990.54,0.0019
16_42,835.2,845.74,0.0019
16_42,785.58,788.98,0.0019
16_42,1037.64,1046.63,0.0018
16_42,751.38,790.28,0.0018
16_42,946.95,949.71,0.0016
16_42,1024.22,1036.17,0.0015
16_42,620.83,627.17,0.0015
16_42,726.98,744.55,0.0014
16_42,684.5,687.34,0.0013
16_42,758.56,761.53,0.0013
16_42,720.71,723.47,0.0013
16_42,952.14,964.03,0.0013
16_42,709.27,712.42,0.0013
16_42,871.22,873.92,0.0013
16_42,1134.31,1136.62,0.0012
16_42,688.23,691.03,0.0012
16_42,786.06,797.03,0.0012
16_42,807.62,818.98,0.0012
16_42,1158.23,1170.68,0.001
16_42,911.76,932.88,0.001
16_42,880.37,882.52,0.001
16_42,663.58,669.68,0.001
16_42,719.17,721.91,0.001
3_11,622.22,660.05,0.999
3_11,755.06,767.0,0.9988
3_11,851.07,868.1,0.9981
3_11,771.09,806.25,0.9965
3_11,683.84,702.22,0.9965
3_11,810.53,830.51,0.9962
3_11,869.35,875.58,0.9951
3_11,831.78,845.12,0.9947
3_11,733.46,753.04,0.9935
3_11,662.51,679.67,0.9914
3_11,712.86,719.53,0.9912
3_11,616.87,620.31,0.9904
3_11,877.85,931.4,0.9716
3_11,704.8,709.21,0.9625
3_11,771.08,806.29,0.1355
3_11,851.05,868.09,0.1355
3_11,810.54,830.54,0.1352
3_11,683.82,702.22,0.1349
3_11,831.78,845.11,0.1348
3_11,755.06,766.99,0.1341
3_11,712.86,719.53,0.1325
3_11,831.77,845.11,0.0182
3_11,766.66,769.25,0.0143
3_11,705.87,727.3,0.0133
3_11,813.06,815.54,0.0126
3_11,1058.46,1064.35,0.0116
3_11,857.93,863.76,0.0087
3_11,1063.88,1068.87,0.008
3_11,758.51,822.68,0.0073
3_11,663.0,682.36,0.0069
3_11,804.14,806.74,0.0069
3_11,613.69,615.14,0.006
3_11,794.25,797.21,0.005
3_11,738.86,741.93,0.0042
3_11,637.51,659.96,0.0042
3_11,1033.08,1044.75,0.0041
3_11,864.4,870.01,0.0039
3_11,1074.6,1111.05,0.0039
3_11,1089.91,1096.13,0.0033
3_11,703.65,713.0,0.0033
3_11,802.29,808.1,0.0032
3_11,980.25,999.69,0.0031
3_11,721.62,724.66,0.0029
3_11,1146.45,1149.12,0.0028
3_11,1001.49,1007.8,0.0026
3_11,691.28,697.3,0.0026
3_11,905.03,916.32,0.0024
3_11,627.11,629.27,0.0023
3_11,869.12,888.15,0.0022
3_11,1084.99,1087.74,0.0021
3_11,616.59,622.56,0.002
3_11,1155.08,1157.38,0.002
3_11,774.94,796.65,0.0019
3_11,821.61,827.54,0.0018
3_11,768.58,780.18,0.0017
3_11,612.69,615.91,0.0017
3_11,1044.48,1055.13,0.0016
3_11,703.36,722.39,0.0015
3_11,737.42,743.25,0.0015
3_11,625.13,646.53,0.0015
3_11,814.81,819.85,0.0014
3_11,885.09,906.57,0.0014
3_11,952.0,1027.32,0.0014
3_11,717.75,729.03,0.0014
3_11,1107.19,1147.66,0.0014
3_11,695.27,697.9,0.0013
3_11,750.23,752.67,0.0013
3_11,845.18,853.84,0.0013
3_11,1009.58,1021.62,0.0012
3_11,1065.39,1076.77,0.0012
3_11,617.05,619.54,0.0011
3_11,908.0,910.65,0.0011
3_11,1064.54,1067.51,0.0011
3_11,803.94,838.89,0.001
3_11,745.52,767.84,0.001
16_2,1060.42,1065.94,0.9998
16_2,952.15,964.73,0.9994
16_2,1066.76,1106.65,0.9989
16_2,1143.78,1186.07,0.9958
16_2,754.6,786.56,0.9957
16_2,1138.51,1143.2,0.9949
16_2,873.19,889.42,0.9947
16_2,614.48,661.43,0.9941
16_2,1111.95,1137.05,0.993
16_2,966.75,977.22,0.9924
16_2,793.97,823.07,0.9897
16_2,1051.05,1060.11,0.9891
16_2,823.8,866.64,0.9879
16_2,720.43,749.29,0.9828
16_2,979.79,1050.23,0.9818
16_2,894.62,909.39,0.9797
16_2,663.71,700.24,0.9796
16_2,910.32,951.1,0.9734
16_2,1188.77,1196.5,0.9722
16_2,701.37,714.99,0.9718
16_2,1197.69,1228.8,0.9627
16_2,966.77,977.23,0.1355
16_2,873.21,889.42,0.1349
16_2,1143.81,1186.11,0.1348
16_2,1111.94,1137.04,0.1343
16_2,1066.79,1106.67,0.1338
16_2,794.0,823.06,0.1332
16_2,979.87,1050.24,0.1328
16_2,754.61,786.6,0.1327
16_2,1138.51,1143.21,0.1325
16_2,952.14,964.73,0.1324
16_2,894.65,909.37,0.1321
16_2,873.19,889.42,0.0182
16_2,894.64,909.39,0.0178
16_2,716.45,718.58,0.0101
16_2,888.82,891.5,0.0101
16_2,820.71,826.76,0.0096
16_2,1065.23,1067.89,0.0079
16_2,967.19,973.94,0.0073
16_2,697.4,715.46,0.0069
16_2,1060.42,1065.51,0.0065
16_2,944.52,951.71,0.0053
16_2,814.25,821.38,0.0045
16_2,1144.79,1150.72,0.0044
16_2,705.49,751.09,0.0041
16_2,882.94,888.76,0.0041
16_2,664.54,690.44,0.0041
16_2,919.79,925.81,0.0035
16_2,983.72,1032.09,0.0035
16_2,793.3,837.54,0.003
16_2,911.63,916.72,0.0029
16_2,985.26,997.69,0.0029
16_2,1051.13,1056.74,0.0028
16_2,1113.89,1116.39,0.0027
16_2,967.59,972.22,0.0027
16_2,840.25,866.2,0.0026
16_2,935.39,942.18,0.0026
16_2,665.32,672.13,0.0025
16_2,754.58,768.35,0.0023
16_2,691.29,702.04,0.0023
16_2,869.51,872.62,0.0021
16_2,1100.66,1107.19,0.0021
16_2,626.17,638.0,0.002
16_2,797.17,811.52,0.0019
16_2,1054.1,1059.81,0.0019
16_2,1067.86,1091.85,0.0018
16_2,700.98,717.86,0.0017
16_2,913.18,915.94,0.0016
16_2,727.29,733.89,0.0015
16_2,961.11,967.84,0.0015
16_2,954.03,961.38,0.0015
16_2,616.85,628.87,0.0014
16_2,1126.68,1137.44,0.0014
16_2,1173.2,1185.65,0.0014
16_2,971.05,976.43,0.0014
16_2,1143.98,1156.36,0.0014
16_2,1215.93,1228.8,0.0013
16_2,892.56,894.65,0.0013
16_2,865.37,870.32,0.0012
16_2,911.66,913.67,0.0012
16_2,640.82,663.18,0.001
7_38,785.75,797.97,0.9994
7_38,616.55,648.52,0.9984
7_38,649.76,668.44,0.998
7_38,830.54,840.86,0.9962
7_38,758.93,785.27,0.9951
7_38,821.11,826.04,0.9944
7_38,804.14,821.1,0.9943
7_38,673.26,758.41,0.9893
7_38,851.36,859.39,0.9888
7_38,842.1,850.9,0.9883
7_38,798.1,803.97,0.9767
7_38,649.76,668.44,0.135
7_38,785.74,797.95,0.1346
7_38,804.14,821.09,0.1345
7_38,758.94,785.27,0.1331
7_38,758.94,785.31,0.0175
7_38,756.72,762.49,0.011
7_38,839.96,879.46,0.0101
7_38,638.96,649.76,0.0089
7_38,744.86,757.26,0.006
7_38,784.37,787.1,0.0058
7_38,1030.84,1050.73,0.0053
7_38,679.92,702.2,0.0044
7_38,858.35,863.33,0.0036
7_38,1042.5,1045.16,0.0036
7_38,804.71,816.75,0.0036
7_38,753.65,755.93,0.0035
7_38,940.27,943.35,0.0035
7_38,785.92,794.61,0.0034
7_38,818.98,821.65,0.0034
7_38,821.57,826.89,0.0032
7_38,651.18,663.33,0.003
7_38,988.01,1008.92,0.0029
7_38,849.06,859.87,0.0025
7_38,714.34,755.72,0.0024
7_38,992.24,998.21,0.0024
7_38,1049.86,1061.48,0.0023
7_38,1044.3,1050.27,0.0022
7_38,652.19,654.7,0.0022
7_38,866.32,946.42,0.0019
7_38,966.09,987.95,0.0019
7_38,693.53,699.46,0.0018
7_38,1026.4,1037.99,0.0018
7_38,784.76,807.21,0.0018
7_38,1072.35,1075.03,0.0016
7_38,908.13,914.12,0.0016
7_38,862.03,864.91,0.0015
7_38,630.39,641.35,0.0015
7_38,924.42,927.32,0.0014
7_38,932.53,938.43,0.0013
7_38,666.06,745.84,0.0013
7_38,1015.6,1018.31,0.0012
7_38,793.25,796.31,0.0011
7_38,837.51,860.95,0.0011
7_38,809.18,820.61,0.0011
7_38,900.8,912.95,0.0011
7_38,977.25,980.11,0.001
7_38,1005.07,1026.09,0.001
4_35,725.64,731.88,0.9993
4_35,746.14,755.21,0.998
4_35,772.31,813.67,0.9977
4_35,757.37,760.05,0.996
4_35,881.8,886.08,0.9945
4_35,709.24,715.83,0.9933
4_35,838.66,841.87,0.9917
4_35,762.01,765.93,0.991
4_35,890.35,906.03,0.987
4_35,814.87,878.35,0.9846
4_35,624.38,651.84,0.9837
4_35,659.32,665.03,0.9657
4_35,686.05,705.1,0.9559
4_35,814.75,878.37,0.1343
4_35,890.37,906.02,0.1333
4_35,881.8,886.08,0.1325
4_35,838.66,841.87,0.1325
4_35,757.37,760.05,0.1313
4_35,725.64,731.88,0.1296
4_35,624.4,651.82,0.1268
4_35,614.62,617.29,0.0299
4_35,727.31,748.91,0.0208
4_35,814.78,878.36,0.0181
4_35,890.36,906.03,0.0178
4_35,954.34,989.73,0.0162
4_35,767.73,807.91,0.0088
4_35,1010.0,1029.82,0.0068
4_35,664.03,676.34,0.0045
4_35,806.11,808.65,0.0045
4_35,871.41,881.73,0.0044
4_35,626.42,632.43,0.004
4_35,747.7,817.6,0.0038
4_35,1050.52,1132.07,0.0038
4_35,879.5,887.96,0.0033
4_35,954.33,1032.45,0.0032
4_35,738.29,741.24,0.0031
4_35,847.23,869.05,0.0031
4_35,759.48,762.46,0.0029
4_35,666.43,688.74,0.0029
4_35,794.68,797.61,0.0029
4_35,990.44,995.8,0.0027
4_35,717.92,721.01,0.0026
4_35,704.9,716.45,0.0025
4_35,973.28,979.1,0.0025
4_35,906.86,919.64,0.0024
4_35,847.93,854.16,0.0024
4_35,1127.31,1137.95,0.0022
4_35,980.0,999.21,0.0022
4_35,1145.17,1150.38,0.002
4_35,837.11,842.42,0.002
4_35,1112.4,1117.56,0.002
4_35,751.17,753.8,0.002
4_35,796.93,802.81,0.0019
4_35,1048.62,1051.87,0.0018
4_35,856.05,859.15,0.0018
4_35,803.43,806.32,0.0017
4_35,1156.28,1159.21,0.0017
4_35,932.49,935.14,0.0015
4_35,775.95,781.6,0.0014
4_35,1090.08,1096.27,0.0014
4_35,1078.31,1089.0,0.0014
4_35,1008.56,1013.74,0.0013
4_35,625.59,665.23,0.0013
4_35,731.39,744.56,0.0013
4_35,981.32,983.73,0.0013
4_35,616.71,619.51,0.0012
4_35,643.39,649.27,0.0012
4_35,1045.76,1058.1,0.0012
4_35,774.73,777.29,0.0012
4_35,784.33,794.95,0.0012
4_35,629.42,635.74,0.0012
4_35,996.88,999.64,0.0011
4_35,704.48,707.9,0.0011
4_35,820.81,823.62,0.0011
4_35,715.55,718.04,0.0011
4_35,950.02,961.27,0.001
4_35,712.23,715.06,0.001
22_31,810.42,881.61,0.9986
22_31,919.98,930.85,0.9947
22_31,897.07,904.21,0.9941
22_31,727.77,739.78,0.9937
22_31,936.12,940.62,0.9937
22_31,881.6,886.4,0.9896
22_31,904.53,908.26,0.988
22_31,687.22,702.24,0.9873
22_31,701.85,713.89,0.9846
22_31,941.75,949.63,0.9822
22_31,621.15,683.02,0.9816
22_31,993.18,997.31,0.9613
22_31,951.86,993.92,0.9569
22_31,753.3,784.08,0.9496
22_31,810.36,881.77,0.1361
22_31,904.53,908.27,0.1315
22_31,897.07,904.2,0.1296
22_31,904.53,908.27,0.0178
22_31,956.97,963.17,0.0132
22_31,673.78,678.67,0.0097
22_31,923.98,929.64,0.0094
22_31,908.24,911.55,0.0093
22_31,1097.85,1100.72,0.0069
22_31,865.33,875.93,0.0058
22_31,908.6,949.8,0.0054
22_31,1099.15,1111.17,0.0052
22_31,983.9,989.33,0.0051
22_31,836.86,848.04,0.0049
22_31,642.45,645.0,0.0048
22_31,903.36,914.66,0.0043
22_31,1025.9,1028.65,0.0041
22_31,875.11,886.51,0.0037
22_31,711.9,722.66,0.0035
22_31,1100.78,1104.1,0.0035
22_31,1031.24,1042.74,0.0034
22_31,1113.63,1125.73,0.0034
22_31,1051.12,1057.12,0.0034
22_31,636.39,647.72,0.0032
22_31,860.55,863.29,0.0032
22_31,1158.36,1170.48,0.0028
22_31,966.83,987.19,0.0027
22_31,892.04,897.55,0.0026
22_31,1127.38,1129.77,0.0025
22_31,941.74,950.25,0.0024
22_31,880.77,883.37,0.0022
22_31,634.01,677.82,0.0022
22_31,919.17,930.13,0.0021
22_31,891.21,893.52,0.002
22_31,767.08,773.56,0.0018
22_31,758.86,764.42,0.0018
22_31,832.2,873.91,0.0018
22_31,1010.32,1016.02,0.0017
22_31,776.58,782.6,0.0016
22_31,1069.99,1072.7,0.0016
22_31,939.11,941.42,0.0016
22_31,863.28,865.76,0.0014
22_31,1032.88,1038.62,0.0014
22_31,719.34,725.0,0.0013
22_31,699.35,718.0,0.0013
22_31,982.97,985.28,0.0012
22_31,857.13,866.7,0.0012
22_31,614.71,620.84,0.0012
22_31,651.41,662.41,0.0012
22_31,1137.81,1148.85,0.0012
22_31,918.19,941.22,0.0011
22_31,986.6,997.96,0.0011
22_31,1090.88,1093.59,0.0011
22_31,727.22,737.43,0.0011
22_31,783.08,794.99,0.001
22_31,915.29,921.3,0.001
22_31,1056.89,1068.36,0.001
22_31,1075.78,1086.66,0.001
22_31,1013.0,1034.88,0.001
22_31,716.61,720.0,0.001
18_2,685.54,704.91,0.9995
18_2,706.37,707.96,0.9951
18_2,892.53,959.53,0.9946
18_2,838.0,848.47,0.9937
18_2,824.96,837.67,0.9931
18_2,818.42,824.83,0.9928
18_2,861.13,878.6,0.9924
18_2,879.45,884.65,0.9923
18_2,711.57,765.67,0.9915
18_2,614.35,682.96,0.9854
18_2,884.89,892.43,0.9792
18_2,959.93,962.82,0.9688
18_2,915.03,970.56,0.5144
18_2,824.95,837.66,0.1345
18_2,711.58,765.69,0.1342
18_2,884.89,892.43,0.1302
18_2,959.93,962.82,0.1298
18_2,914.97,970.53,0.0697
18_2,884.89,892.44,0.0177
18_2,795.86,801.87,0.0121
18_2,847.41,859.06,0.0102
18_2,1158.87,1170.59,0.0099
18_2,730.62,737.05,0.009
18_2,840.82,846.55,0.0085
18_2,1003.08,1008.99,0.0081
18_2,903.26,905.84,0.0073
18_2,1056.69,1096.19,0.0067
18_2,812.58,835.33,0.0064
18_2,705.6,708.07,0.0061
18_2,663.76,684.52,0.006
18_2,1028.62,1031.14,0.0054
18_2,803.62,814.38,0.0052
18_2,685.8,696.86,0.0048
18_2,707.18,717.52,0.0047
18_2,1138.89,1141.85,0.0046
18_2,901.33,912.39,0.0046
18_2,814.24,819.51,0.0045
18_2,762.95,769.07,0.0045
18_2,1019.39,1060.87,0.0043
18_2,1037.94,1044.52,0.0039
18_2,997.79,1003.48,0.0039
18_2,957.58,960.13,0.0039
18_2,931.47,934.01,0.0036
18_2,862.27,874.32,0.0036
18_2,1109.87,1115.48,0.0035
18_2,940.35,962.62,0.0034
18_2,1060.11,1081.33,0.0032
18_2,776.72,779.67,0.0032
18_2,892.33,903.25,0.0032
18_2,1156.97,1159.82,0.0031
18_2,1129.3,1132.1,0.0031
18_2,720.88,806.32,0.0029
18_2,675.53,685.24,0.0029
18_2,838.73,850.24,0.0027
18_2,795.89,798.78,0.0027
18_2,666.78,677.5,0.0026
18_2,851.44,857.04,0.0026
18_2,715.28,726.92,0.0026
18_2,1160.22,1163.04,0.0025
18_2,695.73,701.26,0.0023
18_2,1048.1,1059.72,0.0021
18_2,1059.5,1069.92,0.0019
18_2,997.47,1000.32,0.0019
18_2,1010.64,1013.8,0.0019
18_2,736.23,738.87,0.0018
18_2,704.45,709.59,0.0018
18_2,950.07,953.1,0.0018
18_2,772.49,775.16,0.0018
18_2,1157.58,1180.36,0.0017
18_2,962.09,964.66,0.0016
18_2,791.15,793.99,0.0015
18_2,1143.77,1146.16,0.0015
18_2,880.02,885.06,0.0014
18_2,674.82,710.6,0.0014
18_2,945.07,948.28,0.0013
18_2,986.7,993.04,0.0013
18_2,906.93,909.68,0.0013
18_2,1159.36,1165.66,0.0013
18_2,708.1,714.44,0.0011
18_2,618.43,661.26,0.0011
18_2,1068.79,1071.87,0.0011
18_2,1150.71,1153.34,0.0011
18_2,934.03,939.29,0.0011
18_2,1146.14,1228.8,0.001
18_2,705.02,776.51,0.001
18_2,1124.73,1136.46,0.001
18_2,1147.9,1150.71,0.001
13_41,748.89,755.66,0.9996
13_41,919.36,937.56,0.9979
13_41,664.53,686.97,0.9979
13_41,857.42,878.69,0.9974
13_41,761.87,831.23,0.9973
13_41,963.49,1063.15,0.9963
13_41,941.76,960.03,0.9931
13_41,1069.16,1082.75,0.991
13_41,846.96,851.21,0.9839
13_41,1085.09,1095.29,0.9788
13_41,671.43,733.22,0.8939
13_41,748.88,755.66,0.1352
13_41,963.67,1063.01,0.1346
13_41,761.88,831.14,0.1345
13_41,919.35,937.55,0.1337
13_41,857.43,878.7,0.1335
13_41,1069.16,1082.75,0.1331
13_41,664.54,686.96,0.1201
13_41,1119.7,1141.21,0.0098
13_41,730.42,735.48,0.009
13_41,614.59,617.34,0.0078
13_41,1152.15,1158.35,0.0074
13_41,645.76,666.13,0.0072
13_41,938.72,950.49,0.0069
13_41,739.22,741.63,0.0062
13_41,1070.35,1073.01,0.0061
13_41,767.26,777.42,0.006
13_41,1082.26,1084.97,0.0057
13_41,615.06,650.08,0.005
13_41,864.6,941.96,0.0049
13_41,684.71,706.54,0.0042
13_41,986.63,989.11,0.0041
13_41,829.84,832.24,0.0039
13_41,657.52,746.57,0.0036
13_41,838.65,841.17,0.0036
13_41,809.94,815.91,0.0036
13_41,1056.39,1058.94,0.0035
13_41,888.49,890.96,0.0032
13_41,636.53,647.98,0.0031
13_41,962.57,983.85,0.003
13_41,1129.67,1132.56,0.0028
13_41,954.23,966.38,0.0027
13_41,936.3,941.53,0.0027
13_41,1047.05,1068.75,0.0026
13_41,1112.47,1122.81,0.0024
13_41,720.6,723.6,0.0024
13_41,1125.11,1136.52,0.0024
13_41,763.35,766.14,0.0023
13_41,789.51,795.23,0.0021
13_41,1066.31,1084.96,0.0021
13_41,824.34,826.77,0.0021
13_41,763.33,782.71,0.002
13_41,802.37,808.35,0.002
13_41,741.49,747.35,0.0019
13_41,1024.58,1030.2,0.0018
13_41,979.66,1001.09,0.0018
13_41,1073.03,1076.05,0.0018
13_41,1119.87,1122.96,0.0018
13_41,1065.92,1068.62,0.0016
13_41,861.53,874.09,0.0016
13_41,808.46,810.73,0.0016
13_41,706.24,718.97,0.0016
13_41,614.39,619.31,0.0015
13_41,966.21,970.94,0.0015
13_41,839.67,858.35,0.0015
13_41,691.13,694.39,0.0015
13_41,924.11,936.06,0.0015
13_41,911.01,914.2,0.0014
13_41,748.18,761.12,0.0013
13_41,849.84,855.33,0.0013
13_41,822.23,831.87,0.0012
13_41,883.57,889.17,0.0012
13_41,728.83,747.44,0.0012
13_41,633.89,639.7,0.0012
13_41,723.41,729.06,0.0011
13_41,838.27,840.69,0.0011
13_41,670.03,682.5,0.0011
13_41,955.72,961.96,0.001
13_41,1079.3,1098.12,0.001
13_41,749.04,751.7,0.001
7_135,1007.47,1013.86,0.9998
7_135,653.21,676.48,0.9994
7_135,1014.52,1027.87,0.999
7_135,837.88,900.91,0.9979
7_135,618.45,650.72,0.9973
7_135,962.05,1004.93,0.997
7_135,707.22,732.99,0.994
7_135,1030.37,1052.38,0.9898
7_135,678.04,703.8,0.9889
7_135,1054.25,1081.27,0.9806
7_135,1014.52,1027.86,0.1356
7_135,1007.47,1013.86,0.135
7_135,707.21,732.99,0.1332
7_135,618.47,650.72,0.1329
7_135,1001.14,1003.97,0.0194
7_135,1014.52,1027.87,0.0181
7_135,733.19,767.78,0.0116
7_135,999.7,1005.51,0.01
7_135,1139.44,1142.18,0.007
7_135,644.86,732.42,0.0067
7_135,839.73,845.37,0.0058
7_135,1102.76,1105.35,0.0049
7_135,1089.64,1130.05,0.0045
7_135,904.73,930.14,0.0043
7_135,726.3,807.69,0.0041
7_135,828.41,840.71,0.004
7_135,1075.99,1078.71,0.0034
7_135,1131.99,1134.66,0.003
7_135,1011.37,1013.84,0.0028
7_135,1082.37,1092.83,0.0027
7_135,757.21,849.85,0.0025
7_135,1125.6,1128.47,0.0025
7_135,963.89,966.97,0.0024
7_135,773.32,776.29,0.0023
7_135,645.53,648.39,0.0022
7_135,1003.92,1014.8,0.0021
7_135,740.12,742.73,0.002
7_135,805.49,909.71,0.002
7_135,687.4,699.41,0.0019
7_135,796.71,799.13,0.0019
7_135,1113.99,1119.89,0.0017
7_135,976.32,982.28,0.0017
7_135,1134.93,1224.94,0.0016
7_135,641.04,644.08,0.0016
7_135,1018.61,1021.73,0.0015
7_135,1032.39,1055.96,0.0015
7_135,872.05,875.08,0.0014
7_135,624.03,647.73,0.0014
7_135,842.02,852.35,0.0013
7_135,973.97,998.02,0.0013
7_135,887.82,893.54,0.0013
7_135,614.85,620.41,0.0012
7_135,649.76,652.46,0.0012
7_135,838.03,840.87,0.0011
7_135,854.78,878.09,0.0011
7_135,1034.29,1111.62,0.0011
7_135,730.41,733.06,0.001
7_135,650.81,674.26,0.001
5_3,819.98,829.24,0.9986
5_3,672.24,688.2,0.9984
5_3,829.34,834.92,0.9981
5_3,616.29,628.15,0.9981
5_3,904.57,911.96,0.9973
5_3,846.09,883.71,0.997
5_3,798.56,820.02,0.996
5_3,691.93,769.03,0.9914
5_3,628.61,635.2,0.9901
5_3,635.24,642.33,0.9898
5_3,887.55,904.37,0.9892
5_3,835.07,845.85,0.9855
5_3,769.07,798.33,0.9819
5_3,648.01,657.18,0.9802
5_3,657.45,660.41,0.9792
5_3,672.25,688.21,0.1353
5_3,846.1,883.68,0.1345
5_3,616.29,628.16,0.1343
5_3,798.53,820.02,0.1341
5_3,628.61,635.19,0.1332
5_3,819.98,829.24,0.133
5_3,635.24,642.34,0.1323
5_3,904.58,911.96,0.1314
5_3,657.45,660.41,0.1306
5_3,687.82,699.09,0.0279
5_3,672.23,688.21,0.0183
5_3,635.24,642.34,0.0176
5_3,827.79,836.78,0.0082
5_3,641.08,649.46,0.006
5_3,874.21,879.71,0.0059
5_3,996.25,1006.0,0.0054
5_3,793.83,829.62,0.0053
5_3,1003.76,1044.11,0.0053
5_3,655.93,666.67,0.004
5_3,642.02,645.3,0.0039
5_3,769.74,772.74,0.0038
5_3,1011.46,1017.5,0.0037
5_3,966.64,978.23,0.0036
5_3,837.48,843.37,0.0036
5_3,868.4,874.55,0.0033
5_3,1053.77,1056.73,0.0032
5_3,1037.92,1043.99,0.0031
5_3,616.21,619.12,0.003
5_3,846.73,870.52,0.0029
5_3,627.11,635.56,0.0028
5_3,668.55,673.2,0.0026
5_3,809.79,820.06,0.0025
5_3,1023.49,1026.58,0.0025
5_3,1030.56,1033.46,0.0024
5_3,673.59,676.68,0.0024
5_3,706.95,718.26,0.0022
5_3,1017.5,1029.75,0.0021
5_3,895.67,901.05,0.0021
5_3,656.26,661.52,0.002
5_3,801.24,807.56,0.0019
5_3,785.86,796.64,0.0019
5_3,686.91,762.6,0.0017
5_3,911.47,916.72,0.0014
5_3,869.73,880.28,0.0013
5_3,931.89,952.91,0.0013
5_3,703.07,709.38,0.0012
5_3,619.11,625.12,0.0012
5_3,1137.67,1149.59,0.0012
5_3,769.58,838.39,0.0011
5_3,1106.34,1112.44,0.0011
5_3,943.47,948.95,0.0011
5_3,715.85,722.31,0.001
5_3,977.35,983.0,0.001
17_45,898.31,919.84,0.999
17_45,658.72,696.12,0.9987
17_45,618.77,639.91,0.9979
17_45,768.65,856.03,0.9977
17_45,939.38,952.15,0.9969
17_45,1009.57,1023.51,0.9966
17_45,961.75,1003.58,0.9957
17_45,924.64,935.79,0.9951
17_45,735.61,760.75,0.9925
17_45,861.27,893.84,0.992
17_45,709.3,726.84,0.9889
17_45,618.79,639.9,0.1357
17_45,768.64,856.06,0.1349
17_45,735.63,760.74,0.1347
17_45,939.38,952.14,0.1347
17_45,658.68,696.12,0.1346
17_45,1009.56,1023.52,0.1333
17_45,735.62,760.73,0.0183
17_45,939.37,952.15,0.0182
17_45,692.38,710.31,0.0142
17_45,675.41,681.49,0.0102
17_45,780.34,786.21,0.0075
17_45,850.61,856.07,0.0072
17_45,888.2,898.45,0.007
17_45,1051.48,1054.28,0.0066
17_45,641.65,662.08,0.0065
17_45,1075.98,1078.5,0.0063
17_45,611.32,617.31,0.0056
17_45,633.11,636.28,0.0051
17_45,707.64,713.3,0.0049
17_45,855.5,861.59,0.0049
17_45,830.7,841.43,0.0044
17_45,792.69,795.55,0.0042
17_45,962.38,983.99,0.0041
17_45,952.62,963.35,0.004
17_45,1058.58,1064.12,0.0038
17_45,890.71,924.9,0.0035
17_45,1008.51,1028.28,0.0034
17_45,1149.67,1228.8,0.0034
17_45,1095.81,1137.73,0.0032
17_45,740.54,746.21,0.0031
17_45,936.38,939.0,0.0027
17_45,1124.8,1136.09,0.0027
17_45,917.4,936.8,0.0027
17_45,590.91,630.83,0.0027
17_45,1154.56,1156.92,0.0023
17_45,1130.76,1133.68,0.0022
17_45,756.89,759.62,0.0022
17_45,1156.07,1180.34,0.0021
17_45,911.5,914.25,0.002
17_45,724.07,734.81,0.002
17_45,1047.81,1050.21,0.0019
17_45,1049.82,1061.61,0.0019
17_45,1014.18,1016.63,0.0019
17_45,658.44,661.21,0.0019
17_45,961.67,966.52,0.0016
17_45,983.34,1068.81,0.0016
17_45,641.38,704.63,0.0015
17_45,1148.42,1153.56,0.0015
17_45,903.51,909.37,0.0015
17_45,862.6,887.24,0.0014
17_45,699.43,735.49,0.0014
17_45,972.02,974.67,0.0014
17_45,644.19,646.5,0.0013
17_45,786.35,789.07,0.0013
17_45,832.39,834.75,0.0013
17_45,852.6,863.0,0.0013
17_45,1058.9,1061.48,0.0012
17_45,975.95,986.65,0.0012
17_45,793.61,799.82,0.0012
17_45,762.45,782.36,0.0012
17_45,1158.05,1170.61,0.0012
17_45,753.73,756.65,0.0011
17_45,737.5,743.22,0.0011
17_45,899.83,902.73,0.0011
17_45,685.0,696.44,0.0011
17_45,883.32,889.01,0.0011
17_45,639.11,658.21,0.0011
17_45,632.55,638.46,0.0011
17_45,884.28,954.88,0.001
17_45,983.58,989.46,0.001
17_45,1107.23,1128.16,0.001
17_45,992.38,1003.6,0.001
15_19,794.81,819.39,0.9991
15_19,1054.81,1099.67,0.997
15_19,993.06,1035.22,0.9966
15_19,966.93,981.33,0.9959
15_19,941.65,945.1,0.9957
15_19,841.27,936.51,0.9954
15_19,752.06,790.84,0.9916
15_19,1133.87,1202.21,0.9879
15_19,624.29,750.43,0.9863
15_19,820.0,839.59,0.9802
15_19,1203.65,1228.8,0.976
15_19,951.7,966.4,0.9699
15_19,794.79,819.4,0.1354
15_19,1133.92,1202.15,0.1341
15_19,752.06,790.9,0.134
15_19,941.65,945.1,0.1332
15_19,820.0,839.6,0.1328
15_19,966.93,981.34,0.1322
15_19,951.71,966.39,0.1284
15_19,966.93,981.33,0.0179
15_19,941.65,945.1,0.0177
15_19,688.87,746.02,0.0096
15_19,848.12,895.29,0.0076
15_19,1050.98,1118.0,0.0075
15_19,981.54,998.56,0.0061
15_19,1122.29,1134.73,0.0056
15_19,603.34,619.28,0.0049
15_19,1204.51,1228.8,0.0045
15_19,1139.17,1145.76,0.004
15_19,994.22,997.34,0.0031
15_19,623.19,626.11,0.0029
15_19,990.02,1033.07,0.0029
15_19,966.93,981.33,0.0024
15_19,992.11,994.3,0.0022
15_19,922.89,945.99,0.0021
15_19,1138.16,1183.05,0.0019
15_19,640.72,686.78,0.0019
15_19,614.45,625.97,0.0018
15_19,945.15,947.49,0.0017
15_19,1039.26,1051.56,0.0017
15_19,788.12,790.64,0.0016
15_19,1120.23,1122.92,0.0015
15_19,725.27,749.44,0.0015
15_19,1113.28,1133.22,0.0013
15_19,794.48,805.66,0.0013
15_19,962.26,965.36,0.0013
15_19,630.32,641.15,0.0011
15_19,647.45,747.13,0.0011
15_19,924.3,936.44,0.0011
15_19,946.29,952.26,0.0011
15_19,841.12,865.21,0.001
15_19,961.84,996.62,0.001
23_23,1097.84,1140.64,0.9995
23_23,943.53,962.45,0.9988
23_23,1071.07,1089.98,0.9976
23_23,769.36,841.63,0.9971
23_23,718.55,730.24,0.9968
23_23,614.42,640.0,0.996
23_23,1027.63,1049.85,0.9955
23_23,847.21,866.1,0.995
23_23,866.68,894.51,0.9934
23_23,665.67,715.75,0.9928
23_23,1144.67,1208.57,0.9912
23_23,1088.88,1095.56,0.989
23_23,1058.25,1069.94,0.9861
23_23,1223.63,1228.8,0.9847
23_23,733.06,760.89,0.9835
23_23,642.26,663.95,0.9751
23_23,1208.05,1224.73,0.9719
23_23,961.58,1024.18,0.965
23_23,899.6,941.4,0.9565
23_23,718.54,730.25,0.1351
23_23,1027.63,1049.86,0.1344
23_23,733.03,760.85,0.1339
23_23,943.54,962.46,0.133
23_23,614.43,640.02,0.1325
23_23,866.69,894.52,0.1282
23_23,1020.55,1022.87,0.0189
23_23,733.03,760.87,0.018
23_23,614.38,640.03,0.0174
23_23,769.46,816.69,0.0101
23_23,958.17,960.78,0.0074
23_23,731.98,743.71,0.0072
23_23,942.98,945.3,0.007
23_23,1031.45,1045.26,0.0057
23_23,1149.61,1164.36,0.0054
23_23,863.19,949.32,0.0051
23_23,966.08,1013.69,0.0045
23_23,1223.29,1228.8,0.0042
23_23,614.4,617.31,0.0041
23_23,1091.19,1094.23,0.004
23_23,1059.74,1071.28,0.0038
23_23,921.37,940.82,0.0035
23_23,719.99,726.7,0.0029
23_23,896.94,902.73,0.0029
23_23,1097.19,1120.73,0.0027
23_23,1179.13,1181.56,0.0024
23_23,815.07,838.84,0.0024
23_23,1214.1,1219.98,0.0023
23_23,994.24,997.31,0.0021
23_23,1089.33,1099.27,0.0019
23_23,1061.09,1064.47,0.0018
23_23,671.81,749.95,0.0017
23_23,760.64,770.13,0.0017
23_23,770.9,843.57,0.0017
23_23,1032.78,1038.58,0.0017
23_23,1204.98,1224.02,0.0016
23_23,1058.44,1093.59,0.0015
23_23,1049.0,1053.92,0.0015
23_23,641.28,661.09,0.0015
23_23,1065.28,1067.94,0.0015
23_23,957.57,962.26,0.0014
23_23,770.55,776.21,0.0014
23_23,864.24,867.03,0.0012
23_23,1071.73,1078.52,0.0011
23_23,1082.87,1089.04,0.0011
23_23,1046.41,1049.28,0.0011
23_23,1018.79,1023.19,0.0011
23_23,943.38,956.84,0.0011
23_23,852.36,855.35,0.001
12_17,626.68,634.11,0.9996
12_17,700.8,705.94,0.9979
12_17,655.53,661.92,0.9941
12_17,719.51,733.07,0.9936
12_17,638.39,647.53,0.9912
12_17,694.12,697.51,0.9886
12_17,678.66,690.23,0.9882
12_17,622.97,625.11,0.9862
12_17,739.22,743.5,0.9566
12_17,626.68,634.1,0.1354
12_17,700.8,705.94,0.1343
12_17,694.13,697.51,0.1343
12_17,638.39,647.53,0.1341
12_17,655.53,661.91,0.1338
12_17,719.51,733.07,0.1312
12_17,671.4,677.14,0.0295
12_17,626.69,634.11,0.0183
12_17,694.12,697.51,0.0181
12_17,646.7,655.32,0.0122
12_17,732.29,743.64,0.0105
12_17,615.08,626.66,0.0098
12_17,697.78,707.07,0.0087
12_17,661.99,741.87,0.0038
12_17,667.24,672.71,0.0034
12_17,660.69,662.95,0.0033
12_17,733.9,739.64,0.0029
12_17,676.07,678.54,0.0028
12_17,696.95,701.23,0.0027
12_17,622.54,624.85,0.0027
12_17,757.66,760.23,0.0025
12_17,854.5,860.9,0.0024
12_17,824.89,830.42,0.0024
12_17,691.66,694.07,0.0022
12_17,634.0,636.7,0.0022
12_17,740.01,742.8,0.002
12_17,861.06,863.8,0.0019
12_17,840.65,843.52,0.0019
12_17,589.26,633.44,0.0019
12_17,705.06,710.03,0.0018
12_17,697.34,699.19,0.0017
12_17,782.06,823.9,0.0017
12_17,743.24,765.99,0.0016
12_17,766.37,777.4,0.0015
12_17,779.03,784.4,0.0014
12_17,761.58,764.9,0.0014
12_17,634.28,639.36,0.0014
12_17,743.65,746.22,0.0013
12_17,841.65,847.66,0.0013
12_17,746.93,749.63,0.0011
12_17,695.16,697.4,0.0011
12_17,788.15,799.87,0.0011
12_17,784.92,787.4,0.0011
12_17,830.68,833.28,0.001
21_32,747.84,778.68,0.9996
21_32,881.79,905.43,0.9987
21_32,905.74,911.08,0.9986
21_32,707.86,730.02,0.9979
21_32,788.48,827.2,0.9973
21_32,618.28,640.8,0.9972
21_32,641.85,664.35,0.9962
21_32,867.8,881.46,0.9961
21_32,856.0,864.69,0.9952
21_32,911.59,921.21,0.9946
21_32,671.04,697.8,0.9945
21_32,731.89,746.38,0.9942
21_32,817.09,855.95,0.9397
21_32,747.83,778.71,0.1356
21_32,618.3,640.79,0.1349
21_32,905.75,911.08,0.1345
21_32,707.86,730.02,0.1341
21_32,671.1,697.81,0.1337
21_32,911.58,921.21,0.1332
21_32,881.81,905.41,0.1326
21_32,731.89,746.38,0.1323
21_32,788.48,827.23,0.1294
21_32,747.83,778.68,0.0183
21_32,883.5,894.88,0.0085
21_32,874.77,880.85,0.007
21_32,672.78,684.28,0.0046
21_32,1004.43,1007.12,0.0044
21_32,668.55,671.18,0.0041
21_32,795.91,818.51,0.0037
21_32,729.37,748.41,0.0035
21_32,709.32,712.3,0.0035
21_32,765.08,776.06,0.0033
21_32,634.72,640.64,0.003
21_32,931.26,941.71,0.003
21_32,856.42,865.87,0.0028
21_32,1051.14,1054.34,0.0028
21_32,1042.68,1047.93,0.0025
21_32,705.88,708.56,0.0025
21_32,914.17,917.17,0.0023
21_32,876.0,911.29,0.0023
21_32,1103.69,1114.75,0.0023
21_32,696.84,706.92,0.0021
21_32,1146.36,1149.24,0.0021
21_32,614.1,619.5,0.0021
21_32,749.08,765.07,0.0021
21_32,1006.2,1008.86,0.0021
21_32,864.85,883.2,0.0019
21_32,904.14,912.36,0.0019
21_32,949.82,961.49,0.0019
21_32,620.85,627.05,0.0019
21_32,1122.64,1134.3,0.0018
21_32,1015.24,1021.56,0.0018
21_32,1089.44,1111.66,0.0018
21_32,1035.7,1047.3,0.0018
21_32,668.57,707.27,0.0018
21_32,791.27,869.36,0.0017
21_32,811.76,821.32,0.0016
21_32,920.87,923.65,0.0015
21_32,634.16,637.26,0.0014
21_32,778.65,784.64,0.0014
21_32,1008.77,1031.42,0.0013
21_32,884.8,890.55,0.0013
21_32,1115.12,1120.69,0.0012
21_32,1047.51,1053.63,0.0012
21_32,785.64,787.92,0.0012
21_32,685.43,688.46,0.0012
21_32,995.71,1001.64,0.0012
21_32,764.02,766.68,0.0011
21_32,819.66,831.14,0.0011
21_32,967.5,986.65,0.0011
21_32,646.78,658.51,0.001
21_32,710.89,722.82,0.001
